count,awf,nwf
1,231,huise
1,aangewese,beskermingsmaatreël
1,aangewese,dag
1,aangewese,hof
1,aangewese,kilometer
1,aangewese,ondernemings
5,aangewese,persoon
3,aangewese,verteenwoordiger
1,aanlyn,doeleindes
1,aanlyn,tuisbladsy
1,aansienlike,styging
1,aanstaande,jaar
1,aanstaande,week
1,aanstootlike,materiaal
1,aanvullende,betaling
1,addisionele,ingenieurs
1,addisionele,interaksies
1,addisionele,kans
1,addisionele,leer
1,addisionele,opwekkingskapasiteit
16,addisionele,taal
1,addisionele,tale
1,afgelope,aansoekvorm
1,afgelope,dekade
1,afgelope,ingryp
16,afgelope,jaar
1,afgelope,maande
3,afgelope,tyd
1,afgelope,weke
1,afrikaanse,doeane-unie
1,afsonderlike,aansoek
1,afsonderlike,dele
1,afsonderlike,hand
1,afsonderlike,leerprogramme
1,agbare,gaste
1,agbare,indiensneming
1,agbare,kennis
11,agbare,lede
1,agbare,voorsitter
1,agtereenvolgende,oorwinnings
1,akademiese,instellings
1,algehele,besteding
1,algehele,gevolge
1,algehele,leerareaverklarings
1,algehele,misdaadkoers
1,algehele,ongelykheid
1,algehele,poging
1,algehele,prestasie
1,algehele,voorbereidings
1,algehele,wenner
1,algemene,assesseringstake
1,algemene,inligting
1,algemene,kennis
1,algemene,mandaat
1,algemene,stelsel
1,algemene,vereistes
2,algemene,verkiesing
1,algemene,vredesproses
1,allerbelangrike,doelwit
1,allerhande,statistieke
1,allerhande,waardasieverslag
1,alternatiewe,energiebronne
1,ambisieuse,doelwitte
1,amerikaanse,kitskosgroep
1,amptelike,briefhoofpapier
2,amptelike,dokumente
1,amptelike,mening
1,amptelike,mense
1,amptelike,president
1,amptelike,saadlotnommers
1,amptelike,saadtoetsstasie
1,amptelike,sportspanne
3,amptelike,taal
2,amptelike,tale
1,ander,aanbevelings
1,ander,aangeleenthede
1,ander,aantal
3,ander,afskrif
1,ander,agentskappe
1,ander,aksies
1,ander,aspek
1,ander,aspekte
1,ander,belangstellendes
1,ander,besluitnemingsmaatreëls
1,ander,datum
1,ander,diens
1,ander,diensleweringsinisiatiewe
1,ander,dienspunt
1,ander,entiteite
1,ander,gateway-inbelsentrum
1,ander,gebiede
1,ander,gebruikers
1,ander,geletterdheidsvorme
1,ander,gevangenes
1,ander,goedereregte
1,ander,grade
1,ander,heuwels
1,ander,identiteit
2,ander,inisiatiewe
1,ander,inkomste
1,ander,instansies
1,ander,interaksies
1,ander,intervensies
2,ander,kant
1,ander,kategorie
1,ander,kennis
1,ander,klas
1,ander,klerk
1,ander,kwalifikasies
1,ander,laboratorium
3,ander,land
11,ander,lande
1,ander,leer
1,ander,leerprogramme
1,ander,leeruitkomste
1,ander,logistiek
2,ander,maatreëls
2,ander,maatskappy
1,ander,meester
1,ander,meesterskantoor
1,ander,nasies
1,ander,oortreding
1,ander,oorwegings
1,ander,optredes
2,ander,opvoeders
1,ander,partye
4,ander,persoon
1,ander,perspektiewe
1,ander,planne
1,ander,plant
1,ander,prioriteite
1,ander,probleme
3,ander,produkte
1,ander,programme
1,ander,rede
1,ander,regering
1,ander,regerings
1,ander,regeringsagentskappe
1,ander,regspersoon
2,ander,regte
2,ander,sektore
1,ander,skadevergoeding
1,ander,skakel
1,ander,skool
1,ander,spesie
1,ander,stigters
1,ander,taal
2,ander,tale
1,ander,toekennings
1,ander,tyd
1,ander,vaartuig
2,ander,vennote
1,ander,vlagstaat
1,ander,voorbeelde
1,ander,voorstelle
1,ander,vorme
1,ander,vrou
1,ander,vroue
1,ander,webtuistes
1,ander,webwerwe
2,ander,werf
1,ander,werwe
1,ander,wetgewing
3,ander,woorde
1,ander,wyse
2,anders,aansoek
1,anorganiese,misstowwe
1,antarktiese,tandvis
1,anti-kompeterende,gedrag
1,antieke,manuskripte
1,antiretrovirale,behandeling
1,antiretrovirale,behandelingsprogramme
1,antiretrovirale,sertifikaat
2,aparte,bladsy
1,aparte,leeruitkomste
1,arbeids-absorberende,nywerhede
1,arbeidsintensiewe,projekte
1,arm,buurte
1,arm,families
1,arm,gebiede
1,arm,gemeenskappe
1,arm,gesinne
1,arm,huishouding
2,arm,huishoudings
2,arm,mense
1,arm,suid-afrikaners
1,arm,wet
2,basiese,bedrag
1,basiese,beginsels
1,basiese,behoeftes
1,basiese,beligting
4,basiese,dienste
1,basiese,elektrisiteit
1,basiese,geletterdheidsklasse
1,basiese,hoeveelheid
1,basiese,huweliksmaats
1,basiese,onderhoud
1,basiese,onderrig
2,basiese,onderwys
1,basiese,rol
2,basiese,sanitasie
1,basiese,strykwerk
1,basiese,volwassene-opleidingsprogram
1,basiese,vullisverwyderingsdiens
2,basiese,water
1,basiese,waterverhitting
1,basiese,watervoorsiening
1,bedoelde,gebruikers
1,bedreigde,ideale
1,bedreigde,landsgenote
3,bedreigde,spesies
1,beheerbare,perke
1,behoeftige,vakleerlinge
1,behoorlike,dienste
1,behoorlike,geld
1,behoorlike,onderrig
1,behoorlike,opvoeding
1,behoorlike,werk
1,behoorlike,wet
1,bekend,misstowwe
1,bekend,verklaring
1,bekende,variëteite
1,bekostigbare,elektrisiteit
1,belanghebbende,behulp
1,belanghebbende,hulpbronne
1,belanghebbende,party
1,belanghebbende,partye
2,belanghebbende,persoon
1,belanghebbende,werf
1,belangrike,bydrae
1,belangrike,doelwitte
1,belangrike,gaste
1,belangrike,gebeurtenis
1,belangrike,geletterdheidsvorme
1,belangrike,gemeenskapspolisiëringsforums
1,belangrike,instrument
1,belangrike,onderneming
1,belangrike,ondernemings
1,belangrike,rol
2,belangrike,stap
1,belangrike,wapen
1,belangrikste,intervensies
1,belangrikste,metode
1,belangrikste,prestasies
1,belangrikste,taak
7,belasbare,inkomste
1,benadeelde,persone
1,beoogde,handeling
1,bepaalde,bladsy
1,bepaalde,doel
1,bepaalde,koppelings
1,bepaalde,kriteria
1,bepaalde,onderwerp
1,bepaalde,skakels
1,bepaalde,uitkoms
1,bepaalde,vereniging
1,bepaalde,woord
1,beperkte,doeleindes
1,beperkte,jurisdiksie
1,beperkte,persone
1,beperkte,tyd
2,beperkte,tydperk
2,beraamde,inkomste
1,beskikbare,ambagslui
1,beskikbare,bronne
1,besliste,inligting
1,besliste,leierskap
1,besliste,nee
1,besliste,onderneming
1,besliste,teen-resessiebesteding
2,beslote,korporasie
1,beslote,korporasies
1,besoekte,dienste
1,besondere,belang
1,besondere,erkenning
1,besondere,nasie
1,besonge,heldinne
1,bestaande,applikant
1,bestaande,beleide
1,bestaande,invoerpermit
1,bestaande,misdadigers
1,bestaande,permit
3,bestaande,registrasie
1,bestaande,rekreasie-invoerpermit
1,bestaande,span
1,bestaande,voorsitter
1,beste,waarborg
1,beste,wêreldbeker-sokkertoernooi
1,bestendige,buitelander
1,bestendige,toename
1,bestendige,verbetering
1,bestendige,voorsiening
1,bestendige,vooruitgang
3,bestorwe,boedel
1,bestorwe,boedels
1,bestraffende,skadevergoeding
1,beter,inkopiesentrums
5,beter,lewe
1,beter,naam
1,beter,prestasie
1,beter,reserwegrens
1,beter,toegang
2,beter,toekoms
1,beter,wÃªreld
4,betrokke,belastingjaar
1,betrokke,departemente
1,betrokke,invoerpermit
1,betrokke,kantoor
1,betrokke,leerders
1,betrokke,ondersoekeenheid
1,betrokke,onderwerp
1,betrokke,outoriteit
1,betrokke,owerhede
1,betrokke,owerheid
2,betrokke,said-takkantoor
1,betrokke,staatsveearts
1,betrokke,statistiek
1,betrokke,vangsstatistiek-dokument
1,betrokke,variëteit
1,betrokke,wette
1,betroubare,databasis
1,betroubare,kragtoevoer
1,bevredigende,punt
1,bevrore,krap
3,beëdigde,verklaring
1,beëdigde,verklarings
1,bilaterale,interaksies
1,billike,onderhoudsbevel
1,billike,ongeldigheid
1,bindende,maatskappy
1,bindende,verdrag
2,binnelandse,bankkoste
1,binnelandse,justisie
2,binnelandse,produk
1,binnelandse,regulasies
5,binnelandse,sake
1,blanke,oorheersing
1,blou,saadmonstersertifikaat
2,blou,sertifikaat
1,blywende,boodskap
1,blywende,inligting
2,blywende,oplossing
1,blywende,oplossings
1,breÃ«,beleidsuitkyk
1,breÃ«,bemagtiging
1,breÃ«,geleenthede
1,breë,bemagtiging
1,breë,erkenning
1,breë,oorsig
1,breë,spektrum
1,britse,weermag
1,bruikbare,aansoek
1,bruikbare,inligting
1,bruto,besoldiging
1,bruto,inskrywing
1,bruto,justisie
2,bruto,produk
1,bruto,vastekapitaalformasie
1,bruto,waarde
1,buitelandse,burgers
1,buitelandse,jurisdiksie
1,buitelandse,outoriteit
4,buitelandse,sake
1,buitelandse,vaardighede
1,buitelandse,vaartuie
3,buitelandse,vaartuig
1,buitelandse,veiligheidskussing
2,buitelandse,visvaartuig
1,buitengewone,bestuur
2,buitengewone,omstandighede
1,buitengewone,wyse
11,buitengewoon,besigheid
1,buitensporige,afname
2,burgerlike,gemeenskap
2,burgerlike,huwelik
1,burgerlike,reg
1,bydraende,verdienste
2,bykomende,belasting
1,bykomende,betaling
1,bykomende,elektrisiteit
1,bykomende,hulpbronne
2,bykomende,inligting
1,bykomende,kapitaal
1,bykomende,maatreëls
1,bykomende,opleiding
1,bykomende,toekennings
1,daadwerklike,hulp
1,daadwerklike,pogings
2,daadwerklike,stappe
1,daaglikse,bestaan
1,daaglikse,lesplanne
1,daaglikse,uitdagings
1,daaglikse,vooruitgang
1,dapper,seun
2,demografiese,samestelling
1,demokratiese,bedeling
1,demokratiese,departement
1,demokratiese,grondwet
1,demokratiese,land
1,demokratiese,mandaat
3,demokratiese,parlement
1,demokratiese,proses
1,demokratiese,regte
3,demokratiese,republiek
3,demokratiese,samelewing
1,demokratiese,staatstuig
1,demokratiese,stelsel
1,demokratiese,stryd
1,demokratiese,toekoms
1,demokratiese,verkiesing
1,demokratiese,waardes
2,demokratiese,wyse
1,departementele,amptenaar
1,departementele,kontakbestuurders
2,deurlopende,assessering
2,deurlopende,basis
1,deurlopende,grondslag
1,deurlopende,proses
1,deurlopende,verslag
1,deurlopende,verslagdokumente
1,deurlugtige,geleentheid
1,deurslaggewende,belang
1,deurslaggewende,blokkasies
1,deurslaggewende,rol
1,diagnostiese,assessering
1,diepe,meegevoel
1,diepe,trots
1,diepgrondige,verhoudings
1,diepliggende,gevoel
2,dieselfde,asem
1,dieselfde,benadering
1,dieselfde,diens
1,dieselfde,koers
1,dieselfde,manier
1,dieselfde,mate
1,dieselfde,punt
1,dieselfde,regte
1,dieselfde,uitdagings
1,dieselfde,wyse
1,digitale,uitsending
1,dinamiese,aard
1,diplomatieke,betrekkinge
1,diplomatiese,omgewingsopvoeding
1,diplomatiese,verhouding
1,direkte,werkskepping
1,doeane-en-aksyns,vervaardiger
1,doelbewuste,aandelekapitaal
1,doelbewuste,fokus
1,doelbewuste,programme
1,doelgerigte,dryfvere
1,doelgerigte,pogings
1,doeltreffende,beligting
1,doeltreffende,gesondheidsorg
1,doeltreffende,leiding
2,doeltreffende,stelsel
1,doeltreffendste,wyse
1,dramatiese,uitbreiding
1,dreigende,reses
1,dringende,behoefte
1,dringende,implementering
1,dringende,redeneer
1,dringende,vestiging
1,drinkbare,water
1,duidelike,boodskap
1,duidelike,visie
1,durende,vennootskap
1,duursame,goedere
1,edel,visie
1,edel,werk
1,edele,strewe
1,eenderse,hulpmiddels
1,eenvoudige,aksie
1,eenvoudige,prioriteite
1,eerbare,lede
1,eerbare,pogings
1,eerste,belastingbetaling
1,eerste,veiligheidsmaatreÃ«ls
1,eerstehandse,ervaring
1,effektiewe,datum
1,effektiewe,webtuiste
1,effektiewe,werkverrigting
1,effense,afname
2,eie,ekonomie
1,eie,gebruik
1,eie,hande
1,eie,koste
1,eie,land
1,eie,leerprogramme
1,eie,leerstyl
1,eie,mense
1,eie,navorsing
1,eie,ontwikkeling
1,eie,ontwikkelingspad
1,eie,prestasie
1,eie,prestasievlak
1,eie,produksie
1,eie,reg
1,eie,sak
1,eie,sake
1,eie,tempo
1,eie,vlak
1,eie,werk
1,eiesoortige,identiteit
1,ekonomiese,aanwysers
2,ekonomiese,aktiwiteit
2,ekonomiese,bemagtiging
1,ekonomiese,bestuurswetenskappe
1,ekonomiese,dienste
1,ekonomiese,geleenthede
7,ekonomiese,groei
1,ekonomiese,heropbou
1,ekonomiese,herstel
1,ekonomiese,ineenstorting
1,ekonomiese,inhoud
2,ekonomiese,krisis
1,ekonomiese,maatskappy
1,ekonomiese,onstuimigheid
2,ekonomiese,ontwikkeling
1,ekonomiese,oorwegings
3,ekonomiese,programme
1,ekonomiese,reses
1,ekonomiese,resessie
1,ekonomiese,rolspelers
1,ekonomiese,sone
1,ekonomiese,stagnasie
2,ekonomiese,storms
1,ekonomiese,vennootskapooreenkomste
1,ekonomiese,vennootskapsooreenkomste
1,eksklusiewe,sone
1,eksklusiewe,vrede
1,eksterne,kwesbaarheid
1,eksterne,vaardigheidsprogramme
1,eksterne,webtuistes
1,ekstra,hoeveelheid
2,elektroniese,aansoekvorm
1,elektroniese,beelde
1,elektroniese,formaat
1,elektroniese,kommunikasie
2,elektroniese,kommunikasies
1,elke,dag
1,elke,werksdag
1,endemiese,geweld
1,energiedoeltreffende,toekoms
1,enigste,manier
1,enigste,produk
1,enigste,stem
1,enorme,bydrae
1,enorme,opofferings
1,enorme,tragedie
1,erge,gevolge
1,ergste,fase
1,ergste,impak
1,erkende,aanbreek
1,erkende,huwelik
1,ernstige,gevare
1,ernstige,geweldsmisdade
1,ernstige,kommer
1,ernstige,leed
1,ernstige,misdaadsake
1,ernstige,poging
1,ernstige,tekortkominge
1,estetiese,waardes
2,europese,unie
1,farmaseutiese,bedryf
1,feitelike,verbeeldingstekste
1,ferm,dele
1,ferm,hand
1,ferm,leierskap
1,fermer,optrede
1,fidusiêre,hoedanigheid
3,finale,inkomstebelasting
1,finale,stadiums
1,finansiÃ«le,bestuur
1,finansiÃ«le,instellings
1,finansiÃ«le,krisis
1,finansiÃ«le,stelsel
1,finansiÃ«le,stelsels
1,finansiÃ«le,verhouding
1,finansiële,bestuur
1,finansiële,bystand
1,finansiële,einddatum
1,finansiële,hulpskema
4,finansiële,jaar
1,finansiële,state
1,fiskale,aandelekapitaal
3,fiskale,beleid
1,fluktuerende,matriekslaagsyfer
1,forensiese,laboratoriums
1,formatiewe,assessering
1,formele,aansoekvorm
1,formele,onderrigtyd
1,formele,rapporte
1,formele,sektor
1,formele,skooldag
1,formele,vereistes
1,fundamentele,menseregte
1,fundamentele,reg
1,fundamentele,regte
1,fundamentele,verbruik
1,funksionele,sektorpolisiëringsoperasies
6,geakkrediteerde,laboratorium
1,geakkrediteerde,lidlaboratorium
2,gebruiklike,huwelike
1,gedeeltelike,bydraer
1,gedefinieerde,kriteria
1,gedelegeerde,gesag
1,gedelegeerde,gesagsowerheid
1,gedelegeerde,instansie
1,gedetailleerde,lesplanne
1,gedetailleerde,leweringsooreenkoms
1,gedetailleerde,lid
2,gedetailleerde,planne
1,gedetailleerde,proefprotokol
1,geen,goed
1,gefokusde,wyse
1,gegewe,tyd
1,gegewe,tydperk
1,gegewe,tydstip
1,gekoopte,aas
2,geld-metrieke,armoede
1,geld-metrieke,gewoontereg
1,geldige,assesseringsproses
3,geldige,testament
1,gelewerde,rekeninge
1,geleë,grond
1,geleë,nedersettings
1,geleë,said-kantoor
1,gelisensieerde,handelaars
1,gelyke,aandeel
2,gelyke,geleenthede
1,gelyke,menseregte
1,gemagtigde,beamptes
1,gemagtigde,ouditbeampte
1,gemagtigde,staatsveearts
2,gemagtigde,werknemer
1,gemagtigde,werknemers
1,gemeenskaplike,bewussyn
1,gemeenskaplike,doel
1,gemeenskaplike,droom
1,gemeenskaplike,ervaring
1,gemeenskaplike,gevoel
1,gemeenskaplike,solidariteit
1,gemeenskaplike,stelsel
1,gemeenskaplike,strewe
1,gemeenskaplike,uitdagings
1,gemeenskaplike,wil
1,gemeenskapsgebaseerde,sorg
1,gemiddelde,punt
1,genoeg,bewering
1,genoeg,datum
1,genoeg,krag
1,genoeg,tyd
1,genoeg,uitbreiding
1,genoemde,aspekte
1,genoemde,eienaarskap
2,genoemde,vaartuig
1,genomineerde,vaartuig
1,genomineerde,verteenwoordiger
1,geografiese,ligging
1,geografiese,name
1,geoogmerkte,groepe
3,georganiseerde,misdaad
1,gepaste,reëlings
2,gepaste,strategieë
1,gepaste,tussengangers
1,gepaste,vraagstelling
1,gepaste,wyse
1,gereelde,grondslag
1,geregistreerde,belastingbetalers
1,geregistreerde,bestuurders
1,geregistreerde,entstof
1,geregistreerde,inkopiesentrums
3,geregistreerde,maatskappy
3,geregistreerde,naam
1,geregistreerde,oproepsentrum
1,geregistreerde,pos
1,geregistreerde,voorbeelde
1,gereguleerde,opeenhopings
1,geruime,tyd
2,gesamentlike,onderneming
1,gesamentlike,optrede
1,gesamentlike,permit
2,gesamentlike,pogings
5,gesamentlike,sitting
1,gesamentlike,span
1,gesamentlike,stukrag
1,gesamentlike,verantwoordelikheid
1,gesamentlike,werkgroepe
1,gesiene,instelling
2,gesinchroniseerde,proses
1,geskakelde,webwerf
2,geskakelde,webwerwe
1,geskiedkundige,gebeurtenis
1,geskiedkundige,oomblik
1,geskikte,aantal
1,geskikte,landbougrond
1,geskrewe,aansoek
1,geskrewe,kontrak
1,geskrewe,motivering
3,geskrewe,onderneming
2,geskrewe,ooreenkoms
1,gesonde,groei
1,gesonde,interregeringsverhoudings
1,gesonde,omgewing
1,gesproke,taal
1,gesteelde,goedere
1,gesteelde,persoon
1,gestorwe,persoon
1,gesubsidieerde,huise
1,gevestigde,nedersettings
1,gevestigde,ondernemings
1,gewelddadig,aanval
1,gewelddadige,inbrake
1,geweldige,verantwoordelikheid
1,gewone,belasting
1,gewone,gang
1,geÃ¯ntegreerde,nywerheidsbeleid
1,geïmpliseerde,waarborge
1,geïnstalleerde,opwekkingskapasiteit
1,geïntegreerde,anti-armoedestrategie
1,geïntegreerde,hulpbronplan
1,geïntegreerde,infrastruktuurplan
1,geïntegreerde,krag
1,geïntegreerde,ontwikkelingsprogramme
1,geïntegreerde,wyse
1,gladde,oorgang
1,globale,sokkerwÃªreld
1,globale,stelsel
1,globale,verantwoordelikhede
1,globale,werklikheid
1,goedgekeurde,einddatum
1,goedgekeurde,fasiliteit
1,goedkoop,elektrisiteit
1,goeie,gees
1,goeie,reaksie
1,goeie,rekord
1,goeie,vordering
1,gratis,dienste
3,gratis,elektrisiteit
1,gratis,rol
2,gratis,sanitasie
1,gratis,voorraad
1,gratis,vullisverwyderingsdiens
1,gratis,vullisverwyderingstelsel
2,gratis,water
1,groeiende,ekonomie
2,groen,sertifikaat
1,groen,werksgeleenthede
3,grondwetlike,ontwikkeling
1,grondwetlike,orde
1,grondwetlike,regulasies
1,grondwetlike,stelsel
1,grondwetlike,wysigings
1,groot,basis
1,groot,beamptes
3,groot,bedrag
1,groot,dag
1,groot,dankbaarheid
2,groot,deel
1,groot,dinge
1,groot,erns
1,groot,gebruik
1,groot,geleentheid
2,groot,getalle
1,groot,heuwel
1,groot,infrastruktuurprojekte
2,groot,kommer
1,groot,korporasies
1,groot,maatskappye
1,groot,meerderheid
1,groot,mere-gebied
1,groot,moed
1,groot,opnames
1,groot,persoon
1,groot,plaasbewoners
1,groot,prestasie
1,groot,saldo
1,groot,skaal
1,groot,uitdagings
1,groot,uitsluiting
1,groot,verbetering
1,groot,vordering
1,groot,vryheidsvegter
1,grootskaalse,verbetering
1,grootste,deel
1,grootste,diensverskaffer
1,grootste,impak
1,grootste,les
1,groter,boedels
1,groter,deel
1,groter,kans
1,groter,klem
1,groter,mate
1,groter,poging
1,groter,selfvertroue
1,gunstige,wending
2,haagse,konvensie
1,halfgeskoolde,werkers
4,harde,werk
1,heel,krap
1,heersende,magtiging
1,heersende,party
1,heersende,veiligheidsituasie
1,hegte,verhoudings
1,hele,bevolking
1,hele,korting-blokkie
2,hele,land
1,hele,lewe
1,hele,mensdom
1,hele,nasie
1,hele,sake
1,hele,samelewing
1,hele,sokkergemeenskap
1,hele,suid-afrikaners
1,hele,verhouding
1,hernubare,energiebronne
1,hernude,pogings
1,hernude,regeringsdienste
2,hersiene,beraming
1,hersiene,gulsigheid
8,hersiene,kurrikulumverklaring
1,hersiene,maande
1,historiese,aankondigings
1,holistiese,benadering
1,holistiese,ontwikkeling
1,honger,kinders
1,hoog,kopie
1,hoogaangeskrewe,ordes
1,hooggeagte,patriotte
1,hooggeëerde,liggaam
1,hoogste,amp
1,hoogste,graad
1,hoogste,vlak
1,hoÃ«r,beleggingskoerse
1,hoÃ«r,geletterdheid
2,hoÃ«r,groei
1,hoÃ«r,trajek
1,hoë,dekbrief
1,hoë,koers
1,hoë,misdaadsyfer
1,hoë,mure
1,hoë,standaard
1,hoë,taalbevoegdheidsvlak
1,hoë,uitsettingsyfers
1,hoë,waardering
1,hoër,gehalte
1,hoër,graad
1,hoër,koers
1,hoër,rat
1,hoër,salarisse
1,hoër,vlakke
1,huidige,aantygings
1,huidige,bedrag
1,huidige,beleid
1,huidige,gemiddeld
1,huidige,impasse
1,huidige,kragonderbrekings
1,huidige,moeilikhede
1,huidige,parlement
1,huidige,sakeondernemings
1,huidige,samesprekings
1,huidige,situasie
1,huidige,teenspoed
1,huidige,uitdagings
1,huishoudelike,inligting
1,huishoudelike,skuld
1,huishoudelike,toegang
1,indiese,gemeenskap
1,indiese,jaar
1,indirekte,gevolgskade
1,individuele,gebruikers
2,individuele,huishoudings
2,individuele,vereistes
1,indringende,samesprekings
1,industriële,beleidsaksieplan
2,informele,nedersettings
1,ingelewerde,verslae
1,ingevoerde,diere
1,ingevoerde,infrastruktuur
1,ingevoerde,kabinet
1,ingevoerde,produkte
1,ingevoerde,vis
3,ingevulde,aansoekvorm
1,ingevulde,vorm
1,inheemse,mense
1,inhiberende,faktore
1,inklusiewe,benadering
1,inklusiewe,ekonomie
1,inklusiewe,land
1,inklusiewe,regering
1,innige,dankbaarheid
1,insluitend,afrika-instellings
1,insluitend,intervensies
1,insluitend,verantwoordelikhede
1,inspirerende,leierskap
1,intellektuele,eiendom
1,intellektuele,goedere
1,intellektuele,goedereregte
1,intensiewe,dienste
1,intensiewe,stappe
2,inter-ministeriële,komitee
1,interaktiewe,aanlynwêreld
1,interdepartementele,koördineringstrukture
1,interkulturele,begrip
1,intermediêre,dinge
2,intermediêre,fase
1,internasionale,agentskappe
1,internasionale,bandwydte
1,internasionale,bemarkingsraad
1,internasionale,eweknieë
1,internasionale,fonds
4,internasionale,gemeenskap
3,internasionale,handel
1,internasionale,handelsbalans
1,internasionale,konvensies
1,internasionale,norme
1,internasionale,ooreenkomste
1,internasionale,regering
1,internasionale,saadtoetssertifikate
1,internasionale,saadtoetsvereniging
1,internasionale,sertifikaat
1,internasionale,verdrae
1,internasionale,vrede
1,internasionale,water
1,jaarlikse,begroting
1,jaarlikse,debat
2,jaarlikse,ekwivalent
1,jaarlikse,gemiddeld
1,jaarlikse,koers
1,jaarlikse,lekgotla
1,jong,demokrasie
1,jong,entrepreneurs
1,jong,manne
1,jong,mense
1,jong,vroue
1,jonger,werkers
1,jongste,gesondheidsvereistes
1,kapitale,invloei
1,klein,deeltjie
1,klein,effektiwiteit
1,klein,mikro-ondernemings
1,klein,tekslêers
1,klein,televisie
1,klein,treetjies
1,kleinskaalse,boere
1,kollektiewe,data
1,kollektiewe,uitkomste
1,kollektiewe,verbintenis
1,koloniale,meesters
2,komende,tydperk
1,komende,verkiesings
2,kommersiële,doeleindes
1,kommersiële,geluk
1,kommersiële,grondslag
1,kommersiële,mense
1,kommersiële,tegnologiestandaarde
1,kommersiële,tuisbladsy
1,kommersiële,visvangs
1,kommerwekkende,ooreenstemming
1,kommunikatiewe,doeleindes
1,kompeterende,omgewing
1,konkrete,planne
1,konkrete,wyse
1,konsekwente,toepassing
1,konseptuele,progressie
1,konseptuele,vaardigheidsontwikkeling
1,konstitusionele,verpligting
1,konsulêre,beamptes
1,konsulêre,dienste
1,kontekstuele,faktore
1,kontinentale,eenheid
1,kontinentale,pogings
1,koordlose,internetgroothandelaar
1,korrekte,besonderhede
1,korrekte,kodenommer
1,korrekte,rekeningbesonderhede
1,korrekte,vaardighede
5,korrektiewe,dienste
1,korrektiewe,fasiliteite
1,korrupte,elemente
1,kort,frase
1,kort,tydjie
1,kort,tydperk
1,kortstondige,onweer
1,koste-effektiewe,oplossings
1,koue,feite
1,koue,winter
1,koöperatiewe,kleinsake-ondernemings
1,koöperatiewe,maatskappye
1,koördinerende,bestuurstruktuur
1,kragtige,gemeenskapsingrypings
1,kragtige,voorbeeld
1,kreatiewe,bladsy
1,kreatiewe,maniere
2,kriminele,bedrywighede
1,kriminele,brandstigting
1,kriminele,klag
1,kriminele,regstelsel
1,kriminele,rekords
1,kritieke,area
1,kritieke,aspek
1,kritieke,been
1,kritieke,belang
1,kritieke,bestanddeel
1,kritieke,ontwikkelingsuitkomste
1,kritieke,sektore
1,kritieke,uitkomste
1,kritieke,vraagstukke
1,kritiese,begrip
3,kritiese,belang
1,kritiese,bevoegdhede
1,kritiese,burger
1,kritiese,denke
1,kritiese,hoof
1,kritiese,hooggeregshof
1,kritiese,ingryp
1,kritiese,instrumente
1,kritiese,jaar
1,kritiese,leierskorps
1,kritiese,prioriteit
1,kritiese,sektor
1,kritiese,top-prioriteit
1,kroniese,siektes
1,kulturele,komponente
1,kwantitatiewe,verandering
1,kwartaallikse,verslae
1,kwesbaarste,sektore
1,kwesbare,groepe
2,kwesbare,kinders
1,kwesbare,sektore
1,laagste,kwintiele
1,laasgenoemde,tydperk
3,laat,betalings
2,laat,indiening
1,lae-inkomste,behuising
1,lae,tarief
1,laer,aanvraag
1,laer,menslikheid
1,laer,vlakke
1,landelike,aanspreeklikheid
2,landelike,gebiede
1,landelike,mense
2,landelike,ontwikkelingsprogram
1,landelike,produktiwiteit
1,lang,klere
1,lang,lewe
3,lang,pad
1,lang,tog
1,lang,tydperk
2,langdurige,vrede
1,lange,duur
1,langer,norme
1,langer,opleidingstye
1,langer,vakansies
1,langste,onderhoudsbeampte
1,langste,tydperk
1,lank-uitgestelde,ooreenkoms
1,leerdergerigte,benadering
1,leerdergerigte,wetgewing
1,lekkende,pype
1,lekkende,registrasie
1,lelike,dinge
2,lewende,hawe
1,lewende,hulpbronne
1,lewende,krap
1,lewende,plaasdiere
1,lewende,seewatervis
3,lewende,varswatervis
1,lewenslange,leerder
1,lewenslange,leerders
1,liggaamlike,beserings
1,liggaamlike,leed
1,linkerkantste,muisklik
1,logistieke,reëlings
1,lopende,betaalstelsel
1,lopende,rekening
1,lopende,water
1,maandelikse,inkomste
1,maatskaplike,besteding
1,maatskaplike,bestel
3,maatskaplike,binding
2,maatskaplike,bystand
4,maatskaplike,dienste
1,maatskaplike,gebiede
1,maatskaplike,huwelik
1,maatskaplike,ingrypings
1,maatskaplike,loon
1,maatskaplike,noodverligting-toelae
2,maatskaplike,ontwikkeling
3,maatskaplike,programme
4,maatskaplike,sekerheid
2,maatskaplike,sekerheidstelsel
1,maatskaplike,sekuriteitstelsel
1,maatskaplike,solidariteit
1,maatskaplike,toekenning
1,maatskaplike,toelae
6,maatskaplike,toelaes
5,maatskaplike,vennote
1,maatskaplike,werk
1,maatskaplike,werkers
1,makro-ekonomiese,aanduiders
1,makro-ekonomiese,stabiliteit
1,makro-ekonomiese,vlak
1,maksimum,vermoë
1,mariene,hulpbronne
2,mariene,kusbestuur
1,maritieme,veiligheid
1,massiewe,eskom-bouprogram
1,massiewe,immuniseringsprogram
1,massiewe,lewensverlies
1,massiewe,lewering
1,massiewe,toename
1,massiewe,vermindering
1,massiewe,webwerf
1,mediese,bepaling(s)
1,mediese,fonds
1,mediese,onkoste
1,mediese,praktisyns
1,mediese,sertifikate
1,mediese,sorg
1,mediese,verbetering
1,mediese,werkers
1,meegaande,dokumente
1,meeste,blaaiers
1,meeste,vorme
1,menslike,gebruik
1,menslike,gedrag
1,menslike,huisvesting
1,menslike,hulpbronontwikkelingstrategie
2,menslike,nedersettings
1,menslike,ontwikkeling
2,menslike,samelewing
1,menslike,solidariteit
2,menslike,verbruik
1,merkwaardigste,jare
1,mikro-ekonomiese,hervorming
1,mikro-ekonomiese,tabel
1,militêre,begroting
1,militêre,vaardigheidsontwikkelingsprogram
1,minder,rugby-wÃªreldkampioene
1,minder,tyd
1,minerale,hulpbronne
1,minimum,hoeveelheid
1,minimum,vereistes
1,ministeriële,applikant
1,ministeriële,span
1,misdadige,skemas
1,moedige,aansoekfooi
1,moedige,soldate
1,moedige,stap
1,moedige,uitvoerpermit
1,moedswillige,vernietiging
1,moeilike,omstandighede
1,moeilike,tye
1,mondelinge,aanbiedings
1,mondelinge,kommentaar
2,mondelinge,tekste
1,monitêre,fonds
1,moontlik,inbelsentrum
1,moontlike,aanbevelings
1,moontlike,basis
1,moontlike,beeld
1,moontlike,foute
1,moontlike,ooreenstemming
1,moontlike,uitwerking
1,moontlike,vrylating
1,moontlike,wyse
1,morele,regte
1,morele,verval
1,multilaterale,gateway-inbelsentrum
2,multilaterale,instansies
1,multilaterale,liggaam
1,multilaterale,onderhandelinge
2,munisipale,bestuurders
2,munisipale,dienste
1,munisipale,inligting
1,munisipale,kantore
1,munisipale,naam
1,naaste,departement
1,naaste,grond
1,naaste,hoeveelheid
1,naaste,kantoor
3,naaste,landdroshof
2,naaste,okd-kantoor
1,naaste,regering
2,naaste,said-doeane-en-aksynskantoor
1,naaste,said-kantoor
2,naaste,tak
1,naaste,werking
1,nasionaal,regering
1,nasionale,aanduiders
1,nasionale,agentskap
1,nasionale,anti-korrupsieprogram
1,nasionale,begeerte
1,nasionale,debat
1,nasionale,departement
1,nasionale,dialoog
1,nasionale,direkteur
2,nasionale,eenheid
1,nasionale,elektrifiseringsprogram
1,nasionale,energieverskaffer
1,nasionale,gebruik
1,nasionale,gesondheidsorgversekeringstelsel
1,nasionale,gulsigheid
1,nasionale,hof
1,nasionale,hulpbronontwikkelingstrategie
1,nasionale,hulpskema
1,nasionale,identiteit
1,nasionale,inkomstedinamiekstudie
1,nasionale,inligting
1,nasionale,jaar
1,nasionale,jeugdiens
1,nasionale,jeugdiensprogram
1,nasionale,jeugontwikkelingsagentskap
1,nasionale,kabinet
1,nasionale,kinders
1,nasionale,koderingstelsel
1,nasionale,kommissaris
1,nasionale,konvensie
8,nasionale,kurrikulumverklaring
1,nasionale,maande
3,nasionale,noodtoestand
1,nasionale,okd-kantoor
1,nasionale,onderwysbeleid
1,nasionale,oogmerke
1,nasionale,oorlogkamer
2,nasionale,ordes
1,nasionale,paneelondersoek
1,nasionale,party
1,nasionale,plan
1,nasionale,prioriteite
1,nasionale,raad
1,nasionale,regeringsvlak
1,nasionale,ruimtelikeontwikkelingsperspektief
1,nasionale,sfere
1,nasionale,sokkerspan
2,nasionale,span
1,nasionale,staatsdepartement
1,nasionale,strategie
1,nasionale,strukture
2,nasionale,uitdagings
1,nasionale,verdedigingsmag
2,nasionale,verkiesings
1,nasionale,vermoë
1,nasionale,versoek
1,nasionale,versoening
2,nasionale,vlak
1,nasionale,water
2,nasionale,weermag
1,nasionale,wetgewers
1,nat,huide
1,natuurlike,hulpbronne
1,natuurwetenskaplike,professies
1,nederige,dienaar
1,negatiewe,saldo
1,negatiewe,uitwerking
1,negatiewe,verwikkelings
1,netto,werksgeleenthede
1,nie-permanente,lid
1,nie-seksistiese,eenheid
1,nie-suid-afrikaanse,burger
1,niekommersiële,doeleindes
1,nodig,bevoegdhede
1,nodig,kwaliteit
1,nodige,bewyse
3,nodige,dokumente
1,nodige,infrastruktuur
1,nodige,medisyne
1,nodige,omstandighede
1,nodige,onderrig
1,nodige,opleiding
1,nodige,prosedures
2,nodige,stappe
1,nodige,take
1,nodige,toestemming
1,nodige,toewysings
1,nodige,vaardighede
1,nodige,vis
1,nodige,visvaartuig
1,nodige,vorms
1,nodige,wysigings
1,noodsaaklike,groei
1,noodsaaklike,prioriteit
1,noodsaaklike,streeksinstansie
1,noodsaaklike,toekoms
1,noodsaaklike,vakatures
1,noodsaaklike,voorvereiste
1,normale,bankverbandlening
2,normale,belasting
1,noue,bande
1,noue,praat
1,nougesette,grense
1,nougesette,stelsel
1,nuttige,inligtingsbron
1,nuutste,tegnologie
3,nuwe,aansoeke
1,nuwe,bedeling
1,nuwe,bestuurstruktuur
1,nuwe,betalingsadvies
2,nuwe,deurblaai-venster
2,nuwe,fokus
1,nuwe,gebruik
1,nuwe,huis
1,nuwe,huise
1,nuwe,id-kaart
1,nuwe,inisiatiewe
1,nuwe,invoerpermit
1,nuwe,jaar
1,nuwe,kapasiteit
1,nuwe,konsepgrondwet
1,nuwe,maatskappy
1,nuwe,manier
1,nuwe,mense
2,nuwe,miv-infeksies
1,nuwe,omgewingsbates
1,nuwe,pad
1,nuwe,parlement
1,nuwe,persele
1,nuwe,plante
1,nuwe,produkte
1,nuwe,rekreasie-invoerpermit
1,nuwe,sleutelinisiatief
1,nuwe,stelsels
1,nuwe,strafregstelsel
1,nuwe,subsidies
1,nuwe,tegnologie
1,nuwe,variëteit
2,nuwe,vennootskap
1,nuwe,venster
1,nuwe,werksgeleenthede
2,nuwe,wet
1,nuwe,wetgewing
1,omvattende,afdeling
1,omvattende,armoedebekampingstrategie
1,omvattende,benadering
1,omvattende,landelike-ontwikkelingsprogram
1,omvattende,ontwikkelingsfinansieringsinstansies
1,omvattende,passasiersvervoerstrategie
1,omvattende,stelsel
1,omvattende,strategie
1,omvattende,veranderinge
1,omvattende,verslag
1,onafhanklike,instansies
1,onafhanklike,klagtedirektoraat
1,onafhanklike,kragprodusente
1,onafhanklike,stelseloperateur
1,onafhanklike,webdiensverskaffer
1,onafhanklike,wet
1,onbeplande,kragonderbrekings
1,onblusbare,gees
1,onderbetaalde,belastingaanslag
1,onderhandelde,skikking
1,onderliggend,dinamika
1,onderliggende,beginsels
1,onderskeibare,prent
1,onderskeidende,eienskappe
1,onderskeidende,kenmerk
1,onderskeie,begrotingsredes
1,onderskeie,belanghebbendes
1,onderskeie,formasies
1,onderskeie,getuies
1,onderskeie,leierskap
1,onderskeie,oorsake
1,onderskeie,regeringsfere
1,onderskeie,terreine
1,onderskeie,tuberkulose
1,onderskeie,vorme
1,ondersoekende,gemeenskapsleiers
1,ondersoekende,onderhoudvoering
3,ondersteunende,dokumente
1,ondersteunende,toestemming
1,ondertekende,onderneming
1,ondubbelsinnige,boodskap
1,onervare,personeel
1,ongemaalde,hooi
1,ongemaalde,parlement
1,ongemagtigde,aksie
2,ongemagtigde,kode
2,ongemagtigde,toegang
3,ongeregistreerde,entstof
1,ongereguleerde,markte
1,onlangse,eskalasie
1,onlangse,sukses
1,onlangse,verkiesing
1,onlangse,verlede
1,onmiddellike,maatreÃ«ls
1,onmisbare,instansie
1,onnatuurlike,oorsake
1,onnodige,oponthoud
1,onnodige,sluiting
1,onredelike,vertraging
1,onregeerbaar,land
2,onregmatige,besetting
1,onregmatige,maatskapliketoelaagbetalings
1,onregmatige,variëteit
1,onregverdige,optrede
1,ontmenslikende,stelsel
2,ontwikkelde,lande
1,ontwikkelde,wêreld
2,ontwikkelende,lande
1,onverbonde,beweging
1,onverkorte,doodsertifikate
1,onvermoeide,opofferings
1,onvermoeide,stryd
1,onvermydelike,besef
1,onverwagte,onderbrekings
1,onvoldoende,infrastruktuur
1,onvoldoende,kapasiteit
1,onwerkbaar,apartheid
1,onwerkbaar,planttelersregte
2,onwettige,besetters
1,onwettige,invoere
1,onwettige,leiers
2,onwettige,uitsetting
1,onwrikbare,oortuiging
1,onwrikbare,steun
1,oorblywende,aangeleentheid
1,oorblywende,aspekte
2,oorblywende,bepalings
2,oorblywende,elemente
1,oorblywende,gebiede
1,oorblywende,jare
1,oorblywende,mense
1,oorblywende,president
1,oorblywende,sake
1,oorblywende,tale
1,oordraagbare,siektes
1,ooreenstemmende,permit
1,oorgrote,meerderheid
1,oorkoepelende,aksies
1,oorkoepelende,bestuur
1,oorkoepelende,sin
1,oorkoepelende,strategie
1,oorkoepelende,verantwoordelikheid
1,oorlede,man
1,oorlede,president
3,oorsese,maatskappy
1,oorsese,sleutelinisiatief
2,oorspronklike,aansoek
1,oorspronklike,adviesraad
1,oorspronklike,godsdiens
3,oorspronklike,handtekening
1,oorspronklike,jaar
1,oorspronklike,oproep
1,oorspronklike,permitte
1,oorspronklike,uitleg
1,oorspronklike,veeartsenygesondheidsertifikaat
1,oorweldigende,meerderheid
1,oorweldigende,wyse
2,opbouende,terugvoering
1,openbare,beleggingsprojekte
1,openbare,bron
1,openbare,deelname
1,openbare,diens
1,openbare,entiteite
1,openbare,goedere
1,openbare,grond
1,openbare,hospitale
3,openbare,infrastruktuur
1,openbare,instansies
1,openbare,kind
1,openbare,liggaam
1,openbare,liggame
1,openbare,maatskappy
3,openbare,ondernemings
1,openbare,orde
1,openbare,partye
1,openbare,privaatinstansies
1,openbare,privaatsektor
1,openbare,risiko
1,openbare,ruimtes
1,openbare,said-kantoor
1,openbare,sektor
1,openbare,skole
3,openbare,vakansiedae
4,openbare,vakansiedag
1,openbare,vervoerstelsel
1,openbare,vervolging
6,openbare,werke-program
4,openbare,werke
1,openbare,werksgeleenthede
1,operasionele,geletterdheidsprojekte
1,operasionele,prioriteite
1,operasionele,sekuriteit
1,opgeleide,personeel
1,opsienbarende,hofsake
1,optimale,krisis
1,optimale,verhouding
1,opvoedkundige,kwalifikasies
1,opvoedkundige,owerheid
1,oranje,saadtoetssertifikate
2,oranje,sertifikaat
1,oranje,sertifikate
1,ordentlike,nedersettings
1,organiese,misstowwe
1,organisatoriese,doeltreffendheid
1,organisatoriese,vereistes
1,ou,einde
1,ou,wysiging
1,oud,jaar
1,oud,lede
1,ouditeerbare,verslag
2,ouer,kinders
1,paralimpiese,atlete
1,pasgemaakte,sektormaatreëls
1,patagoniese,tandvis
1,permanente,las
1,permanente,werksgeleenthede
1,persiese,golf
1,persoonlike,besonderhede
2,persoonlike,gebruik
8,persoonlike,inligting
1,persoonlike,items
1,persoonlike,klagtes
2,persoonlike,ontwikkeling
1,persoonlike,organisasies
1,persoonlike,profiel
1,persoonlike,span
1,persoonlike,studente
1,persoonlike,trustakte
1,persoonlike,verklaring
1,plaaslike,aansoekgids
1,plaaslike,departement
1,plaaslike,diamantproduksie
1,plaaslike,gesondheidsprogramme
1,plaaslike,hof
1,plaaslike,landbouvoorligtingsbeampte
2,plaaslike,munisipaliteit
1,plaaslike,omstandighede
1,plaaslike,ontwikkeling
2,plaaslike,owerhede
9,plaaslike,regering
1,plaaslike,regeringskapasiteit
2,plaaslike,regeringsvlak
1,plaaslike,reëlingskomitee
1,plaaslike,rolspelers
1,plaaslike,skyfaandrywer
1,plaaslike,slypers
3,plaaslike,takkantoor
1,plaaslike,unie
2,plaaslike,verkiesings
1,plaaslike,visvaartuie
2,plaaslike,visvaartuig
1,plaaslike,water
1,plaaslike,wêreldgemeenskap
1,plattelandse,gebiede
1,plattelandse,leerders
1,plattelandse,vroue
1,politieke,ampsbekleÃ«rs
1,politieke,beroering
1,politieke,dialoog
1,politieke,doeleindes
4,politieke,gevangenes
1,politieke,integrasie
1,politieke,leierskap
1,politieke,onsekerhede
1,politieke,oorgang
1,politieke,partye
1,politieke,regering
1,politieke,situasie
1,politieke,uitdagings
1,politieke,verbintenis
1,positiewe,bydrae
1,positiewe,impak
1,praktiese,inwerkingstelling
1,praktiese,programme
1,presidensiële,klagtelyn
1,presidensiële,werkgroepe
2,presiese,vereistes
1,privaat,aangeleentheid
1,privaat,besit
1,privaat,eienaar
3,privaat,grond
1,privaat,inligting
1,privaat,maatskappy
1,privaat,veiligheidsindustrie
1,private,bank
1,professionele,advies
1,professionele,adviesraad
1,professionele,gegradueerdes
1,professionele,natuurwetenskaplikes
1,professionele,oordeel
1,professionele,praktyk
1,professionele,registrasie
1,professionele,regspraktisyn
1,professionele,suid-afrikaners
1,professionele,verhouding
1,professionele,vlak
1,professionele,vrywilligers
1,professionele,werkers
2,prosessuele,aangeleentheid
1,provinsiale,administrasies
1,provinsiale,beleid
1,provinsiale,departement
1,provinsiale,inisiatiewe
1,provinsiale,kantoor
1,provinsiale,kantore
1,provinsiale,komitees
2,provinsiale,premiers
3,provinsiale,regering
1,provinsiale,riglyne
1,provinsiale,speakers
1,prysenswaardige,prestasies
1,publiek-private,gebruik
1,publiek-private,kinders
1,publiek-private,vennootskapsprogramme
1,rassistiese,agenda
1,rassistiese,jaar
1,realistiese,planne
1,redelike,stappe
1,redelike,tegnologiestandaarde
1,redelike,tuimel-kieslys
1,redelike,tyd
3,regerende,party
1,regmatige,plek
1,regsgebaseerde,geregtigheid
1,regstellende,aksie
1,regte,belastingbetaler
1,regte,rigting
1,regterkantste,navigasiebalk
1,regulerende,omgewing
1,relevante,dokumente
1,reusagtige,omvang
1,roemryke,vista
1,ryk,diversiteit
1,ryk,erfenis
1,ryk,wÃªreldberaad
1,sekere,asterisk
1,sekere,dag
1,sekere,dele
1,sekere,doeleindes
1,sekere,gebiede
1,sekere,individue
1,sekere,omstandighede
1,sekere,stop-oproepsentrums
1,sekere,tekortkominge
1,sekere,verwikkelings
1,sekere,vis
1,sekere,vooruitgang
1,sekere,voorwaardes
1,sekere,vrae
1,sekondÃªre,vlak
1,sekondêre,doeleindes
1,sekondêre,opleiding
1,sektorale,departemente
1,selfde,deursettingsvermoÃ«
1,selfgeadresseerde,a4-koevert
1,selfsugtige,eiebelang
1,senior,bestuur
2,senior,bestuurders
1,senior,bestuursposte
1,senior,bestuursvlak
1,senior,fase
1,senior,leiers
1,senior,poste
1,sensitiewe,data
1,sensitiewe,hardeskyf
1,sentraal-afrikaanse,republiek
1,sentrale,aspek
1,sentrale,beginsel
1,sentrale,diepsee
1,sentrale,doel
1,sentrale,gehoor
1,sentrale,rol
1,sentrale,vraag
1,sesmaandelikse,basis
1,sinnelose,geweld
1,sistematiese,wyse
3,sistemiese,assessering
1,siviele,skadevergoeding
1,skaars,turbinetoerusting
1,skaars,vaardighede
1,skeppende,aktiwiteite
1,skeppende,nywerhede
1,skeppende,nywerheid
1,skeppende,samewerking
1,skoon,water
1,skriftelike,aansoek
4,skriftelike,kommentaar
1,skriftelike,rapporte
1,skriftelike,terugvoering
2,skriftelike,toestemming
1,skriftelike,verslag
1,sodanige,dade
2,sodanige,individue
1,sodanige,kern
1,sodanige,onderhoud
1,sodanige,vordering
1,soewereine,gebiede
1,soewereine,staat
1,sogenaamde,agenda
1,sogenaamde,jaar
2,sommerende,assessering
1,soortgelyke,informante
1,soortgelyke,programme
2,sorgsame,gemeenskap
1,sosiale,binding
1,sosiale,dinamiek
3,sosiale,geregtigheid
2,sosiale,kontekste
1,sosiale,misdaad
1,sosiale,ontwikkeling
1,sosiale,verdeeldheid
1,sosiale,wetenskappe
1,sosio-ekonomiese,insluiting
4,spesiale,aandag
1,spesiale,dag
1,spesiale,geleentheid
1,spesiale,gelukwensing
1,spesiale,gevalle
1,spesiale,gevolgskade
1,spesiale,manier
1,spesiale,medium
3,spesiale,omstandighede
1,spesiale,ondersteuning
1,spesiale,operasies
1,spesiale,projek
1,spesiale,registrasie-naweek
2,spesiale,tarief
1,spesiale,vermelding
1,spesiale,vervaardiger
2,spesiale,woord
1,spesifieke,belastingbetaler
1,spesifieke,dier
2,spesifieke,huishoudings
1,spesifieke,ingrypings
2,spesifieke,inligting
1,spesifieke,kategorie
2,spesifieke,klem
1,spesifieke,kwessies
1,spesifieke,leerders
1,spesifieke,leeruitkomste
1,spesifieke,misdaad
1,spesifieke,omstandighede
1,spesifieke,onderwerpareas
1,spesifieke,prioriteite
1,spesifieke,produk
1,spesifieke,punte
1,spesifieke,riglyne
1,spesifieke,soorte
1,spesifieke,standpunt
1,spesifieke,uitlaatgas-verlagingsteikens
1,spesifieke,visvangsektor
1,spesifieke,webwerf
1,spoedige,implementering
1,staatkundige,ontwikkeling
1,stabiele,regering
1,stadige,pas
1,stadiger,koers
1,standaard,inkomstebelasting
1,stelselmatige,monitering
1,stemgeregtigde,suid-afrikaners
1,sterk,basis
1,sterk,dwarswinde
1,sterk,kurrikulum
1,sterk,ondersteuning
1,sterk,ontwikkelingstaat
2,sterk,punte
1,sterk,span
1,sterker,gevoel
1,sterker,groei
1,sterker,toegang
1,strategiese,ingryping
1,strategiese,interaksie
2,strategiese,plan
1,strategiese,rolspeler
1,strategiese,streeksamehang
2,strategiese,vennootskap
1,strategiese,verhouding
1,strenger,toesig
1,stygende,elektrisiteitspryse
1,stygende,inkomste
1,suid-afrikaanse,bestuursontwikkelingsinstituut
4,suid-afrikaanse,burger
1,suid-afrikaanse,burgers
2,suid-afrikaanse,buro
1,suid-afrikaanse,gemeenskap
1,suid-afrikaanse,gesagsliggaam
1,suid-afrikaanse,identiteit
5,suid-afrikaanse,inkomstediens
1,suid-afrikaanse,inligting
1,suid-afrikaanse,jaar
1,suid-afrikaanse,kitskosonderneming
1,suid-afrikaanse,krygsmanne
1,suid-afrikaanse,maatreëls
1,suid-afrikaanse,maritiemeveiligheidsowerheid
1,suid-afrikaanse,mense
1,suid-afrikaanse,onderwys
1,suid-afrikaanse,pogings
6,suid-afrikaanse,polisiediens
1,suid-afrikaanse,publiek
2,suid-afrikaanse,raad
5,suid-afrikaanse,regering
1,suid-afrikaanse,regeringsdienste
1,suid-afrikaanse,sakelui
1,suid-afrikaanse,sakeondernemings
1,suid-afrikaanse,samelewing
1,suid-afrikaanse,sokkervereniging
1,suid-afrikaanse,span
1,suid-afrikaanse,studente-organisasie
1,suid-afrikaanse,studente
1,suid-afrikaanse,toerisme
1,suid-afrikaanse,veeartseny-transitopermit
1,suid-afrikaanse,verbetering
1,suid-afrikaanse,verdedigingsmag
1,suid-afrikaanse,vereniging
1,suid-afrikaanse,verteenwoordiger
3,suid-afrikaanse,verteenwoordigers
1,suid-afrikaanse,visvangslisensie
2,suid-afrikaanse,visvangsreg
1,suid-afrikaanse,vlagstaat
2,suid-afrikaanse,vroue
1,suid-afrikaanse,weermag
1,suid-afrikaanse,wetgewing
1,suidelike,blouvin-tuna
1,suidelike,gebruikers
1,suidelike,lande
1,suider-afrikaanse,doeane-unie
2,suider-afrikaanse,ontwikkelingsgemeenskap
1,suksesvolle,boere
1,suksesvolle,euwel
1,suksesvolle,jaar
1,suksesvolle,republiek
2,suksesvolle,toernooi
1,suksesvolste,programme
1,sulke,planne
1,swaar,las
1,swart-wit,televisie
2,swart,bemagtiging
1,swart,entrepreneurskap
3,swart,mense
1,swart,oorheersing
1,swart,persoon
2,swart,suid-afrikaners
1,teensikliese,begrotingsbeleide
1,teensikliese,beleid
1,tegniese,infrastruktuur
1,tegniese,landbou-ondersteuningsprogramme
3,tegniese,raadgewers
1,tegniese,spanne
1,tegniese,vaardighede
1,tegniese,vordering
1,tegniese,vraelys
1,territoriale,grootoog-tuna
1,territoriale,integriteit
2,tersiêre,onderrig
1,tersiêre,projekte
1,tipiese,gebeure
1,tipiese,gesanik
1,toekomstige,generasies
1,toepaslike,aansoekvorm
1,toepaslike,adviesraad
1,toepaslike,deel
1,toepaslike,dienste
1,toepaslike,gevalle
1,toepaslike,ingrypings
1,toepaslike,sertifikaat
1,toepaslike,toekennings
1,toepaslike,vorm
1,toepaslike,wetgewing
1,toepaslike,wetsvereistes
1,toevallige,gevolgskade
1,toevoegende,veeltaligheid
1,toonaangewende,aanmerking
1,toonaangewende,rol
1,totale,afskaffing
1,totale,bedrag
1,totale,belastingverpligting
1,tradisionele,leier
1,tragiese,dag
1,tragiese,dood
3,tropiese,vis
1,trots,ontwerpers
1,trots,suid-afrikaanse-veldtog
1,trotse,wete
1,tuisgebaseerde,inligting
1,tuisgebaseerde,versorging
1,tussenkomende,tyd
2,tussentydse,beskermingsbevel
1,tweede,span
1,uitdruklike,voorstelling
1,uiteenlopende,faktore
1,uiteindelike,prys
1,uiterse,belang
1,uiterste,bes
1,uitgebreide,program
1,uitgebreide,sekuriteitstelsel
2,uitgebreide,werke-program
1,uitgebreide,werke
4,uitkomsgebaseerde,onderwys
1,uitkomsgebaseerde,raamwerk
1,uitmuntende,stigters
1,uitmuntende,voorbeeld
1,uitmuntende,werk
1,uitnemende,diens
1,uitnemende,versameling
1,uitsonderlike,suid-afrikaners
1,uitstaande,aangeleenthede
1,uitstaande,begrotingsredes
1,uitstaande,leierskap
1,uitstaande,patriot
1,uitstaande,werk
1,uitstekende,hoofredes
1,uitstekende,poging
3,uitvoerende,beampte
1,uitvoerende,beamptes
2,uitvoerende,gesag
3,uitvoerende,raad
1,uitvoerende,seniorbestuur
1,uitvoerende,vlak
1,unieke,geleenthede
1,unieke,kodenommer
1,unieke,omstandighede
3,universele,toegang
1,universele,visvangs
1,vaardige,werksmag
1,vakante,poste
1,vasgestelde,doelwitte
1,vasgestelde,ontwikkelingsprogram
1,vaste,belegging
1,vaste,hand
3,veeartsenykundige,gesondheidsertifikaat
1,veeldoelige,gemeenskapsentra
1,veeldoelige,herstrukturering
1,veeltalige,land
1,veelvlakkige,betrekkinge
1,veilige,bewaring
1,veilige,omgewing
1,vele,geleenthede
1,ver,leerders
1,ver,pad
1,veranderde,werklikheid
2,verantwoordelike,burgers
1,verbeterde,ondersteuning
1,verbeterde,strategie
1,verdere,belastingaansporings
1,verdere,broodwinners
1,verdere,gebruiker
1,verdere,geval
1,verdere,ingrypings
1,verdere,kind
1,verdere,korrespondensie
2,verdere,leer
1,verdere,onderhandelinge
1,verdere,onderwys-en-opleidingsfasiliteite
1,verdere,onderwys
1,verdere,onkoste
1,verdere,ontwikkeling
1,verdere,opleiding
1,verdere,riglyne
2,verdere,uitbreiding
2,verdere,verbetering
1,verdere,verlaging
1,verdere,versoeke
7,verenigde,nasies
1,verenigde,samelewing
1,verenigde,staat
3,verenigde,state
1,vergange,buro
1,vergange,krygsmanne
1,vergelykbare,land
1,vergelykbare,lande
1,verhandelbare,goedere
1,verhoogde,inname
1,verhoogde,integrasie
1,verlangde,vereiste
1,verlede,1-misstowwe
1,verlede,afdeling
1,verlede,doel
1,verlede,elektrisiteit
1,verlede,handtekening
13,verlede,jaar
3,verlede,maand
1,verlede,toepassing
3,verlede,week
1,vernaamste,formaat
1,versagtende,aksies
1,versagtende,opvoeders
1,verskeie,doeleindes
1,verskeie,doelwitte
1,verskeie,gebiede
1,verskeie,gemeenskappe
1,verskeie,instellings
1,verskeie,kontakmisdaadkategorieÃ«
1,verskeie,kontekste
1,verskeie,maatreÃ«ls
1,verskeie,maniere
1,verskeie,medemenslikheid
1,verskeie,platforms
1,verskeie,program
1,verskeie,programme
1,verskeie,regeringsdepartemente
1,verskeie,rolle
1,verskeie,sektore
1,verskeie,stappe
1,verskeie,take
1,verskeie,vennote
1,verskeie,verwikkelinge
1,verskeie,vorme
1,verskerpte,grensbeheer
1,verskerpte,implementering
1,verskerpte,pogings
1,verskerpte,program
1,verskillende,fases
1,verskillende,klasse
1,verskillende,maniere
1,verskillende,sake
2,verskillende,soorte
1,verskillende,taalvaardighede
1,verskillende,vorme
1,verskuilde,woede
2,versnelde,groei
1,versnelde,implementering
1,verteenwoordigende,steekproef
1,vervloÃ«,dae
1,verwaarloosde,dele
1,verwagte,begindatum(s)
1,verwante,aktiwiteite
1,verwante,stelsels
1,verwante,stowwe
1,verwante,vooruitgang
1,verwante,wetgewing
1,verwoestende,gevolge
1,veterinêre,invoerpermit
2,vinnige,afname
1,vinnige,bates
1,vinnige,pas
1,vinniger,optrede
1,vinniger,tabel
1,visuele,gees
1,visuele,geletterdheid
1,visuele,groei
1,visuele,kopie
1,visuele,voorstelling
1,visverwante,aktiwiteit
1,voedselproduserende,diere
1,vol,vertroue
1,volgehoue,gedrewenheid
1,volgehoue,groei
1,volgehoue,oorlewing
1,volgende,dae
1,volgende,fase
1,volgende,graad
1,volgende,inligting
5,volgende,jaar
1,volgende,kopieregkennisgewing
1,volgende,maand
3,volgende,maande
1,volgende,maniere
1,volgende,persone
1,volgende,verkiesing
1,volgende,vraag
3,volgende,week
1,volhoubare,huisvesting
1,volhoubare,nedersettings
1,volkome,verbintenis
2,volle,bedrag
1,volle,belastingjaar
1,volle,belyning
1,volle,besef
2,volle,kapasiteit
2,volle,potensiaal
1,volle,raad
1,volle,regeringsdienste-webtuiste
1,volle,samewerking
1,volle,verantwoordelikheid
1,volle,vervoer
1,volledige,beeld
1,volledige,inkomste-en-uitgawestaat
1,volledige,jaar
1,volledige,lys
1,volledige,lysting
1,volledige,proefprotokol
1,volledige,prosedure
1,volledige,proses
1,volledige,regering
1,volledige,verslae
1,volledige,webtuiste
1,volslae,armoede
1,volslae,gewoontereg
1,voltooide,vorm
1,volwasse,onderrig
1,vooraanstaande,seun
1,vooraanstaande,suid-afrikaners
1,voorafbetaalde,elektrisiteitsmeters
1,voorafgaande,jare
1,voorafgaande,tienjaarperiode
1,voorgeskrewe,6-aanslag
2,voorgeskrewe,betaaldatums
1,voorgeskrewe,betalingsadvies
1,voorgeskrewe,comrades
1,voorgeskrewe,datums
1,voorgeskrewe,dinge
1,voorgeskrewe,uitkomste
1,voorgeskrewe,vooruitsigte
1,voorgestelde,proefprotokol
1,voorlaaste,sitting
20,voorlopige,belasting
2,voorlopige,belastingbetaler
1,voorlopige,belastingbetalers
3,voorlopige,belastingbetaling
2,voorlopige,belastingbetalings
1,voorlopige,belastingperiode
2,voorlopige,beskerming
1,voorlopige,besonder
2,voorlopige,betaling
1,voorlopige,dinge
7,voorlopige,vereniging
1,voorlopige,vroue
2,voormalige,gevangenes
1,voormalige,kaf
1,voormalige,mense
1,voormalige,minister
4,voormalige,president
1,voormalige,regering
1,voormalige,saog-fasiliteerder
1,voormalige,suksesstories
1,voormalige,tale
1,voormalige,veelparty-afvaardiging
1,voornemende,invoerder
1,voorspoedige,jaar
1,voortdurende,angs
1,voortdurende,basis
1,voortdurende,foute
1,voortdurende,groei
1,voortdurende,hergeboorte
1,voortdurende,verbeterings
1,voortgesette,gebruik
1,voortgesette,onbestendigheid
1,voortreflike,suid-afrikaner
1,voortsnellende,trein
1,vooruitbetaalde,rekening
3,vorige,aansoeke
1,vorige,gebruiker
1,vorige,verslagdokumente
1,vorige,vrystelling
1,vorige,werk
1,vreedsame,oplossing
1,vreemde,sportspanne
1,vreemde,taal
1,vreemde,wending
1,vroeÃ«,leiers
1,vroeë,kinderontwikkeling
1,vroeë,ontwikkeling
1,vroulike,verteenwoordiging
1,vry,man
1,vrye,handelsgebied
1,vrymoedige,tweetaliges
2,vrywillige,betaling
1,vrywillige,optredes
1,vrywillige,vereniging
1,vrywillige,werk
1,waardevolle,insig
1,ware,erfenis
1,ware,potensiaal
1,ware,sin
1,waterryke,land
1,wedersydse,verwyt
2,wedersydse,voordele
1,weerbaarste,lede
1,weinig,vordering
1,welbekende,woorde
1,welkome,vordering
1,werfverwante,take
3,werkende,mense
1,werklike,krisis
1,werklike,kurrikulum
1,werklike,produksie
1,werklike,situasie
1,werklike,uitdaging
1,werklike,vooruitgang
1,werklose,mense
1,werklose,president
1,werklose,tale
2,wesenlike,bydrae
1,wesenlike,minste
1,wetenskaplike,gemeenskap
1,wetlike,raamwerk
1,wetsgehoorsame,burgers
3,wilde,fauna
3,wye,verskeidenheid
1,wÃªreldwye,konsensus
1,wÃªreldwye,kredietnood
1,wÃªreldwye,skaal
1,wÃªreldwye,storms
1,wêreldwye,ineenstorting
1,wêreldwye,krisis
1,zimbabwiese,parlement
