count,awf,nwf
1,an-ta,uŠ
1,ba-ša-a,uz-na
1,da-ru-tú,u₄-me
1,da-ru-ú,numun
1,dam-qa-a-ta,ep-še-e-ti
1,dam-qa-a-ti],ep-še-e-ti
2,dan-nu,lugal
1,dan-nu,man
1,dan-nu,tuk-šu
1,dan-num,e-bi-iḫ
1,e-di-il,pi-i
1,e-li-i,šid-di
1,e-li-tim,tam-tim
1,el-le-ti,Šu-min
1,el-li,pi-i
1,ga-áš-ra-a-tim,e-mu-qí
1,gal-a,bÀd
1,gal-gal,dingir-dingir
1,gal-i,en
1,gal-meŠ,dingir-meŠ
1,gal-ú,en
1,gal-ú,lugal
4,gal,en
4,gal,lugal
1,gal,⸢lìb-bi
1,i-ša-ra,lìb-ba
1,i-šá-ru,ma-al-ki
1,ka-ab-tim,ni-ri
1,ka-bi-it-tim,bi-lat
1,ka-li-iš,kib-ra-a-ta
1,kam-ru-tu,e-pe-ri
3,ki-i-ni,É
1,ki-i-nu,áš-ri
1,kit-ti,qí-bi-ti
1,la-bi-ri,te-me-en-na
1,la-bi-ri,te-me-en
1,la-bi-ru,te-me-en
1,maḪ]-meŠ,giŠ-ig-meŠ
1,me-si,ta-[ak-li-im
1,na-as-qá-a-tim,a-ma-tu
1,na-du-ú,šu-bat
1,nak-la-a-ti,giŠ-Ḫur-meŠ
1,né-eḫ-ti,kur
1,né-eḫ-tim,šu-ub-ti
1,né-su-tim],⸢na⸣-[gi-i
1,pal-ka-a,ki-sal-lu
2,ra-ba-a,bÀd
1,ra-bi-i,te-me-en-na
1,ra-bi-tim,šar-rat
1,ra-bu-tú,ra-a-di
1,ra-bí-a-am,bÀd
1,ra-pa]-áš,uz-nam
1,rap-ša-a-tim,um-ma-ni
1,rap-ša-tim,um-ma-ni
1,re-e-qú-ú-tim],[u₄-um
1,re-eš-ti-im,ki-gal-lim
1,reš-ta-a,⸢bulug⸣
1,reš-ti-i,áš-ri
1,reš-tu-ú,i-lit-ti
1,reš-tu-ú,ibila
1,ri-it-pa-šu,lìb-bi
2,sag-kal,ibila
1,ul-lu-tim,u₄-um
1,zaq-ru,ki-in-na-a
1,šap-li-tim,tam-tim
1,šit-ku-nu,ta-na-da-a-ti
1,šit-nu-nu,šá-ma-mi
1,šu-pu-ú,ṣa-a-tim
1,šu-ziz-⸢zu⸣,ab-šá-a-ni
1,šu-úr-šu-du,ki-sur-ra-a
1,šum-du-lu,tÙr
1,šá-ap-li-i,šid-di
1,šá-ṭir],ka
1,ṣa-an-du-ma,giŠ-tukul-meŠ
1,ṣal-mat,sag-du
1,ṣi-i-ri,giŠ-da
1,ṣi-i-ri,ibila
1,ṣi-ir-ti,qí-bi-ti
1,ṣi-ir-tim,ru-ba-ti
1,ṣir-ti,nap-ḫar
1,⸢gal⸣-ú,en
1,⸢sÙ⸣-[meŠ,ud-meŠ
