count,awf,nwf
1,abstrakt,kuptim
1,anglez,poeti
1,aplikuar,psikologjisë
1,avancuara,vetive
1,caktuar,shoqëri
1,caktuara,elemente
1,dixhitale,ekonomie
1,drejtpërdrejtë,karakteri
1,dukshme,gjëja
1,emocionale,problemet
1,emocionalë,përbërës
1,fosile,karburanteve
1,gjermane,gjuhën
1,globale,ngrohjes
1,greke,gjuha
1,hapur,ekonomie
1,interesuar,personi
1,jashtëinstitucional,arsimimi
1,jetësore,përvojat
1,kelt,vend
1,kombëtare,shtete
1,komplekse,formave
1,komplekse,shoqëri
1,kosovare,kuzhinën
1,kryesor,burimin
1,kryesore,karakteristikë
1,kryesore,njësinë
1,kryesorë,shkaktarët
1,kulturore,fushën
1,liberale,lëvizjeve
1,madh,dramaturgu
1,metafizike,mendimeve
1,mjaftueshme,pikënisje
1,moderne,fshatra
1,morale,çështjen
1,morfologjike,ndryshimesh
1,ndryshme,shkallë
1,ndërsjella,lidhje
1,negative,mënyrë
1,ngjashëm,botëkuptim
1,njerëzore,mendjen
1,njerëzore,shoqërive
1,njohur,poeti
1,njohur,përkthyesit
1,nomade,jetë
1,origjinal,vendin
1,parë,radhë
1,parësor,instrumentin
1,pashkruar,shkrimi
1,pedagogjike,pikëpamjeve
1,plotë,mënyrë
1,politik,pushtetit
1,popullor,mjet
1,përgjithshme,shuma
1,reja,përvojave
1,rritura,frutat
1,rëndësishëm,numër
1,rëndësishëm,vend
1,shkencor,mjet
1,shoqëror,evolucioni
1,sociale,njësinë
1,sociale,shkencat
1,sotme,ditët
1,thellë,vlerësim
1,ushqimore,dyqanet
1,ushtarake,forcat
1,vogla,role
