count,awf,nwf
1,ሀብታም,አጎት
2,ሁሉ,ነገር
1,ሌላ,ሚስት
1,ሙሉ,ቀን
1,ሙሉ,ጧዋት
1,ምንም,ችግኝ
1,ምንም,ዐይነት
1,ምንም,ገንዘብ
1,ስንት,መፅሐፍ
1,ስንት,ጊዜ
1,ቀላል,ተቀዳጅ
1,ቀይ,ሹራብ
1,ቀጭን,ሸረሪት
1,ቆንጆ,ልጅ
2,በለጠ,ችሮታ
1,በሽተኛ,ልጅ
1,ብዙ,ሰዎች
1,ብዙ,ስሕተት
1,ብዙ,አምባጓሮ
1,ብዙ,ጓደኞች
1,ብዙ,ጥረት
1,ብዙ,ጨኸት
1,ተወዳጅ,ጠባይ
2,ትንሽ,ቤት
1,አሮጌ,መኪና
1,አባያ,በሬ
1,አንዳንድ,ዓሳዎች
2,አዲስ,ልብስ
1,አዳዲስ,ልብስ
1,እርኩስ,መንፈስ
1,ከባድ,ሳጥን
1,ከፍተኛ,ውጤት
2,ክፉ,ሴት
1,ክፍት,መሆን
1,ወፍራም,ሚስት
1,ወፍራም,ሴት
1,ውጭ,አገር
1,ዓይናፋር,ልጃገረድ
1,ዘንድሮ,ነገር
1,ያህል,ወንዝ
1,ያህል,ጊዜ
1,ደግ,ሰው
1,ጎበዝ,ገበሬ
1,ጥሩ,ሞት
1,ጥሩ,አናጢ
1,ጥቂት,ልምምድ
1,ጥፎ,ሁኔታ
