الاذاعة/NOUN,الاسرائيلية/ADJ,الرسمية/ADJ
الدولة/NOUN,الفلسطينية/ADJ,المستقبلية/ADJ
الاذاعة/NOUN,الاسرائيلية/ADJ,الرسمية/ADJ
النزاع/NOUN,الاسرائيلي/ADJ,الفلسطيني/ADJ
مجموعة/NOUN,اسلامية/ADJ,مسلحة/ADJ
مجموعة/NOUN,اسلامية/ADJ,مسلحة/ADJ
الاصلاح/NOUN,الزراعي/ADJ,السريع/ADJ
رقما/NOUN,قياسيا/ADJ,افريقيا/ADJ
العلاقات/NOUN,المهنية/ADJ,المعلقة/ADJ
القمة/NOUN,الاسرائيلية/ADJ,الفلسطينية/ADJ
الوضع/NOUN,الاقتصادي/ADJ,الراكد/ADJ
المواد/NOUN,الغذائية/ADJ,المكسيكية/ADJ
الرئيس/NOUN,الفيدجي/ADJ,الجديد/ADJ
المؤلف/NOUN,الموسيقي/ADJ,الالماني/ADJ
المنطقة/NOUN,الجبلية/ADJ,الصغيرة/ADJ
انتخابات/NOUN,بلدية/ADJ,فرعية/ADJ
حزب/NOUN,الاشتراكيين/ADJ,الديموقراطي/ADJ
الحزب/NOUN,الاشتراكي/ADJ,الشعبي/ADJ
الحزب/NOUN,الاشتراكي/ADJ,الشعبي/ADJ
ضائقة/NOUN,اقتصادية/ADJ,خانقة/ADJ
ثروات/NOUN,طبيعية/ADJ,هائلة/ADJ
سلاسل/NOUN,جبلية/ADJ,عالية/ADJ
المواقف/NOUN,الأخوية/ADJ,الأصيلة/ADJ
مصدر/NOUN,ياباني/ADJ,رسمي/ADJ
نشاطا/NOUN,زلزاليا/ADJ,كبيرا/ADJ
الدولة/NOUN,الفلسطينية/ADJ,المستقلة/ADJ
الولايات/NOUN,المتحدة/ADJ,الاميركية/ADJ
عبارات/NOUN,انتقادية/ADJ,مباشرة/ADJ
الجمهورية/NOUN,العربية/ADJ,السورية/ADJ
الشركة/NOUN,القابضة/ADJ,الجديدة/ADJ
الرئيس/NOUN,السوري/ADJ,الراحل/ADJ
الضفة/NOUN,الشمالية/ADJ,الشرقية/ADJ
القمة/NOUN,الاسرائيلية/ADJ,الفلسطينية/ADJ
وزارة/NOUN,الداخلية/ADJ,السعودية/ADJ
أوضاع/NOUN,قانونية/ADJ,سليمة/ADJ
أوراق/NOUN,ثبوتية/ADJ,قانونية/ADJ
اختبار/NOUN,جديد/ADJ,ناجح/ADJ
الصناعة/NOUN,الدفاعية/ADJ,الايرانية/ADJ
القوات/NOUN,المسلحة/ADJ,الايرانية/ADJ
محاميين/NOUN,اصلاحيين/ADJ,ايرانيين/ADJ
وزارة/NOUN,الداخلية/ADJ,الروسية/ADJ
وزير/NOUN,الداخلية/ADJ,السابق/ADJ
المفاوضات/NOUN,الفلسطينية/ADJ,الاسرائيلية/ADJ
الدولة/NOUN,الفلسطينية/ADJ,المستقلة/ADJ
المبعوث/NOUN,الخاص/ADJ,التونسي/ADJ
الإمارات/NOUN,العربية/ADJ,المتحدة/ADJ
حادث/NOUN,نووي/ADJ,مدني/ADJ
اللقاء/NOUN,الثلاثي/ADJ,الثاني/ADJ
اللقاء/NOUN,الثلاثي/ADJ,الاول/ADJ
اجتماعات/NOUN,يومية/ADJ,منفصلة/ADJ
البطل/NOUN,القومي/ADJ,الكوبي/ADJ
المدرب/NOUN,البرتغالي/ADJ,الشهير/ADJ
مستثمرا/NOUN,ايرانيا/ADJ,كبيرا/ADJ
الاتحاد/NOUN,الوطني/ADJ,الافريقي/ADJ
بطولة/NOUN,العرب/ADJ,الثانية/ADJ
الدول/NOUN,الصناعية/ADJ,الكبرى/ADJ
مسؤول/NOUN,عسكري/ADJ,اسرائيلي/ADJ
القدرة/NOUN,النووية/ADJ,الايرانية/ADJ
مسؤول/NOUN,عسكري/ADJ,اسرائيلي/ADJ
قدرات/NOUN,نووية/ADJ,عسكرية/ADJ
نشاطات/NOUN,ارهابية/ADJ,استراتيجية/ADJ
المصور/NOUN,الصحافي/ADJ,الفلسطيني/ADJ
مبلغا/NOUN,ماليا/ADJ,هاما/ADJ
حصيلة/NOUN,نهائية/ADJ,رسمية/ADJ
القوات/NOUN,المسلحة/ADJ,البريطانية/ADJ
الوضع/NOUN,الاستراتيجي/ADJ,الجديد/ADJ
البقاء/NOUN,العسكري/ADJ,السوري/ADJ
حكومة/NOUN,عراقية/ADJ,مركزية/ADJ
العقود/NOUN,الطبية/ADJ,المصرية/ADJ
البنك/NOUN,المركزي/ADJ,المصري/ADJ
البنك/NOUN,المركزي/ADJ,المصري/ADJ
اللائحة/NOUN,التنفيذية/ADJ,الخاصة/ADJ
الغرف/NOUN,التجارية/ADJ,المصرية/ADJ
البنك/NOUN,المركزي/ADJ,المصري/ADJ
القمة/NOUN,المصرية/ADJ,التركية/ADJ
الدين/NOUN,العام/ADJ,المحلي/ADJ
الجهات/NOUN,المانحة/ADJ,الدولية/ADJ
الاتحادات/NOUN,الطلابية/ADJ,المصرية/ADJ
التيارات/NOUN,المعارضة/ADJ,الأخرى/ADJ
الإسلام/NOUN,السمح/ADJ,المعتدل/ADJ
أجنحة/NOUN,وطنية/ADJ,جديدة/ADJ
نزلة/NOUN,شعبية/ADJ,حادة/ADJ
مصدر/NOUN,رسمي/ADJ,ايراني/ADJ
العدوان/NOUN,الإسرائيلي/ADJ,المستمر/ADJ
القرار/NOUN,السياسي/ADJ,السوري/ADJ
البنك/NOUN,التجاري/ADJ,الدولي/ADJ
المؤسسة/NOUN,العربية/ADJ,المصرفية/ADJ
البنوك/NOUN,العامة/ADJ,المصرية/ADJ
البنك/NOUN,المصري/ADJ,الخليجي/ADJ
عائد/NOUN,سنوي/ADJ,ثابت/ADJ
البنك/NOUN,المركزي/ADJ,المصري/ADJ
المقاومة/NOUN,العراقية/ADJ,المسلحة/ADJ
البعث/NOUN,العربي/ADJ,الاشتراكي/ADJ
الإمارات/NOUN,العربية/ADJ,المتحدة/ADJ
جمعية/NOUN,عامة/ADJ,عادية/ADJ
الدول/NOUN,العربية/ADJ,المجاورة/ADJ
طلب/NOUN,عاجل/ADJ,جديد/ADJ
ثروات/NOUN,مصرية/ADJ,تعدينية/ADJ
المجلس/NOUN,التشريعي/ADJ,الفلسطيني/ADJ
القطاع/NOUN,الخاص/ADJ,الفلسطيني/ADJ
الأجهزة/NOUN,الأمنية/ADJ,الإسرائيلية/ADJ
تهديد/NOUN,إسرائيلي/ADJ,سابق/ADJ
مصدر/NOUN,عسكري/ADJ,إسرائيلي/ADJ
شأن/NOUN,فلسطيني/ADJ,داخلي/ADJ
تكتلاً/NOUN,استيطانيا/ADJ,ضخماً/ADJ
الرد/NOUN,الإسرائيلي/ADJ,الفوري/ADJ
الوزير/NOUN,الفلسطيني/ADJ,السابق/ADJ
الوزير/NOUN,الإسرائيلي/ADJ,السابق/ADJ
مادة/NOUN,استراتيجية/ADJ,حيوية/ADJ
مؤتمر/NOUN,دولي/ADJ,إقليمي/ADJ
الرئيس/NOUN,العراقي/ADJ,المخلوع/ADJ
الرئيس/NOUN,العراقي/ADJ,السابق/ADJ
محكمة/NOUN,جنائية/ADJ,خاصة/ADJ
الظروف/NOUN,المعيشية/ADJ,القاسية/ADJ
الحكومة/NOUN,العراقية/ADJ,المقبلة/ADJ
زنزانة/NOUN,انفرادية/ADJ,ضيقة/ADJ
الحكومة/NOUN,العراقية/ADJ,المقبلة/ADJ
الاذاعة/NOUN,الاسرائيلية/ADJ,الرسمية/ADJ
القمة/NOUN,الاسرائيلية/ADJ,الفلسطينية/ADJ
المجال/NOUN,الجوي/ADJ,اللبناني/ADJ
المجال/NOUN,الجوي/ADJ,القبرصي/ADJ
طائرات/NOUN,حربية/ADJ,إسرائيلية/ADJ
مشروع/NOUN,حضاري/ADJ,عربي/ADJ
القوات/NOUN,المسلحة/ADJ,المصرية/ADJ
الغطرسة/NOUN,العدوانية/ADJ,الإسرائيلية/ADJ
الحزب/NOUN,الوطني/ADJ,الحاكم/ADJ
الحزب/NOUN,الوطني/ADJ,الحاكم/ADJ
الممارسات/NOUN,العنصرية/ADJ,الإسرائيلية/ADJ
المؤتمر/NOUN,الدولي/ADJ,الثالث/ADJ
المؤتمر/NOUN,الاقليمي/ADJ,العربي/ADJ
المنظمات/NOUN,العربية/ADJ,الفاعلة/ADJ
الفصل/NOUN,العنصري/ADJ,الإسرائيلي/ADJ
التجمعات/NOUN,الإقلـــيمية/ADJ,المخـــتلفة/ADJ
عقوبات/NOUN,اقتصادية/ADJ,امريكية/ADJ
القطاع/NOUN,الاقتصادي/ADJ,المصري/ADJ
الأراضي/NOUN,الفلسطينية/ADJ,المحتلة/ADJ
تعديل/NOUN,وزاري/ADJ,واسع/ADJ
القصف/NOUN,الصوتي/ADJ,المتبادل/ADJ
هز/NOUN,عنيف/ADJ,خطير/ADJ
اللون/NOUN,الطائفي/ADJ,الواحد/ADJ
الضفة/NOUN,الغربية/ADJ,المحتلة/ADJ
المفتش/NOUN,العام/ADJ,السعودي/ADJ
جدلا/NOUN,داخليا/ADJ,حادا/ADJ
الأوضاع/NOUN,السياسية/ADJ,الداخلية/ADJ
مشروع/NOUN,صناعي/ADJ,جديد/ADJ
المدن/NOUN,العمرانية/ADJ,الجديدة/ADJ
المنطقة/NOUN,الصناعية/ADJ,الرابعة/ADJ
مستوى/NOUN,تكنولوجي/ADJ,متطور/ADJ
المناطق/NOUN,الصناعية/ADJ,الحرفية/ADJ
البنك/NOUN,المركزي/ADJ,المصري/ADJ
أوعية/NOUN,ادخارية/ADJ,دولارية/ADJ
أوعية/NOUN,ادخارية/ADJ,دولارية/ADJ
الأوعية/NOUN,الادخارية/ADJ,الدولارية/ADJ
المدخرات/NOUN,الدولارية/ADJ,الصغيرة/ADJ
الوعاء/NOUN,الادخاري/ADJ,الدولاري/ADJ
التلفزيون/NOUN,الايراني/ADJ,الرسمي/ADJ
سياسات/NOUN,نقدية/ADJ,واضحة/ADJ
الاحتلال/NOUN,الأمريكي/ADJ,الفاشل/ADJ
المؤسسات/NOUN,الأمريكية/ADJ,المختلفة/ADJ
الحملات/NOUN,الأمريكية/ADJ,المتواصلة/ADJ
المؤسسات/NOUN,الدينية/ADJ,الكبرى/ADJ
قانون/NOUN,بحري/ADJ,جديد/ADJ
القيود/NOUN,الامنية/ADJ,الجديدة/ADJ
المنظمة/NOUN,البحرية/ADJ,الدولية/ADJ
دول/NOUN,أخرى/ADJ,رئيسية/ADJ
تعديلا/NOUN,حكومياً/ADJ,واسعا/ADJ
النظام/NOUN,السياسي/ADJ,المصري/ADJ
الحزب/NOUN,الوطني/ADJ,الحاكم/ADJ
الخطر/NOUN,النووي/ADJ,الإيراني/ADJ
التسلح/NOUN,النووي/ADJ,الإيراني/ADJ
التسلح/NOUN,النووي/ADJ,الإسرائيلي/ADJ
المخابرات/NOUN,الإسرائيلية/ADJ,الخارجية/ADJ
مسئول/NOUN,تجاري/ADJ,هندي/ADJ
الهيكل/NOUN,الجديد/ADJ,المنظم/ADJ
العلاقات/NOUN,الهندية/ADJ,المصرية/ADJ
العام/NOUN,المالي/ADJ,الحالي/ADJ
العام/NOUN,المالي/ADJ,السابق/ADJ
العام/NOUN,المالي/ADJ,الحالي/ADJ
الغاز/NOUN,الطبيعي/ADJ,المصري/ADJ
مصدر/NOUN,فلسطيني/ADJ,رفيع/ADJ
المسئولون/NOUN,المصريون/ADJ,المختصون/ADJ
البنوك/NOUN,المركزية/ADJ,الأجنبية/ADJ
النظام/NOUN,الاقتصادي/ADJ,المصري/ADJ
المشروع/NOUN,الأوكراني/ADJ,المقدم/ADJ
وضع/NOUN,تنافسي/ADJ,أفضل/ADJ
اللجنة/NOUN,التجارية/ADJ,المشتركة/ADJ
الجمعية/NOUN,المصرية/ADJ,الأوكرانية/ADJ
الدول/NOUN,الأخرى/ADJ,المجاورة/ADJ
شركة/NOUN,مصرية/ADJ,أوكرانية/ADJ
مدينة/NOUN,صهيونية/ADJ,جديدة/ADJ
الحزب/NOUN,الديني/ADJ,القومي/ADJ
الصندوق/NOUN,القومي/ADJ,اليهودي/ADJ
الصندوق/NOUN,القومي/ADJ,اليهودي/ADJ
الشبان/NOUN,البدو/ADJ,المجندين/ADJ
العلاقات/NOUN,السورية/ADJ,اللبنانية/ADJ
البنك/NOUN,المركزي/ADJ,المصري/ADJ
البنك/NOUN,المركزي/ADJ,المصري/ADJ
اللائحة/NOUN,التنفيذية/ADJ,الجديدة/ADJ
اللائحة/NOUN,التنفيذية/ADJ,الجديدة/ADJ
اللائحة/NOUN,التنفيذية/ADJ,الجديدة/ADJ
الاوساط/NOUN,السياسية/ADJ,اللبنانية/ADJ
السياسة/NOUN,النقدية/ADJ,الأجنبية/ADJ
اللائحة/NOUN,التنفيذية/ADJ,الجديدة/ADJ
اللائحة/NOUN,التنفيذية/ADJ,الجديدة/ADJ
الناتج/NOUN,المحلي/ADJ,الإجمالي/ADJ
منتجات/NOUN,سليمة/ADJ,مصرية/ADJ
الدول/NOUN,العربية/ADJ,الخليجية/ADJ
الناتج/NOUN,المحلي/ADJ,الإجمالي/ADJ
الناتج/NOUN,المحلي/ADJ,الإجمالي/ADJ
الناتج/NOUN,المحلي/ADJ,الإجمالي/ADJ
العلاقات/NOUN,الاقتصادية/ADJ,المصرية/ADJ
البيانات/NOUN,الرسمية/ADJ,الحكومية/ADJ
الاستثمارات/NOUN,الأجنبية/ADJ,الواردة/ADJ
الاستثمارات/NOUN,الأجنبية/ADJ,المباشرة/ADJ
الاستثمارات/NOUN,الأجنبية/ADJ,المباشرة/ADJ
الولايات/NOUN,المتحدة/ADJ,الأمريكية/ADJ
التراث/NOUN,الفرعوني/ADJ,القديم/ADJ
المحكمة/NOUN,الإدارية/ADJ,العليا/ADJ
تقنية/NOUN,إيطالية/ADJ,معقدة/ADJ
الملابس/NOUN,الداخلية/ADJ,الذهبية/ADJ
إصلاحات/NOUN,سياسية/ADJ,واسعة/ADJ
الأسابيع/NOUN,القليلة/ADJ,المقبلة/ADJ
مصادر/NOUN,ليبية/ADJ,مسؤولة/ADJ
مصادر/NOUN,دبلوماسية/ADJ,عربية/ADJ
الصحف/NOUN,الليبية/ADJ,الرسمية/ADJ
مسؤول/NOUN,ليبي/ADJ,بارز/ADJ
النظام/NOUN,الجماهيري/ADJ,الليبي/ADJ
الأجهزة/NOUN,الأمنية/ADJ,الليبية/ADJ
مساعدات/NOUN,فنية/ADJ,خاصة/ADJ
الأجهزة/NOUN,الأمنية/ADJ,الليبية/ADJ
وزارة/NOUN,الداخلية/ADJ,الليبية/ADJ
اللجنة/NOUN,الشعبية/ADJ,العامة/ADJ
وزارة/NOUN,الداخلية/ADJ,الليبية/ADJ
مصادر/NOUN,دبلوماسية/ADJ,عربية/ADJ
العجز/NOUN,الفيدرالى/ADJ,الامريكى/ADJ
الالتهاب/NOUN,الرئوى/ADJ,اللانمطى/ADJ
اشتباكات/NOUN,مسلحة/ADJ,عنيفة/ADJ
نفقاً/NOUN,مظلماً/ADJ,مجدداً/ADJ
لجنة/NOUN,قضائية/ADJ,جديدة/ADJ
النمو/NOUN,الاقتصادى/ADJ,المتسارع/ADJ
الطيران/NOUN,الوطنية/ADJ,الصينية/ADJ
الخطوط/NOUN,الجوية/ADJ,الصينية/ADJ
الحوار/NOUN,الفلسطيني/ADJ,الفلسطيني/ADJ
برنامج/NOUN,وطني/ADJ,موحد/ADJ
الالتزامات/NOUN,الأمنية/ADJ,الفلسطينية/ADJ
الاستثمارات/NOUN,الأجنبية/ADJ,المباشرة/ADJ
دولة/NOUN,عربية/ADJ,مجتمعة/ADJ
الناتج/NOUN,الإجمالي/ADJ,المحلي/ADJ
الدول/NOUN,العربية/ADJ,مجتمعة/ADJ
الاستثمارات/NOUN,الخارجية/ADJ,المباشرة/ADJ
الناتج/NOUN,المحلي/ADJ,الاجمالي/ADJ
البنك/NOUN,المركزى/ADJ,المصرى/ADJ
الاستثمارات/NOUN,الاجنبية/ADJ,المباشرة/ADJ
الرأي/NOUN,العام/ADJ,الدولى/ADJ
الالتهاب/NOUN,الرئوى/ADJ,الحاد/ADJ
بعثة/NOUN,دبلوماسية/ADJ,اجنبية/ADJ
دائرة/NOUN,قضائية/ADJ,أخرى/ADJ
الصحراء/NOUN,الغربية/ADJ,المصرية/ADJ
الكنيسة/NOUN,القبطية/ADJ,المصرية/ADJ
المجلس/NOUN,الملي/ADJ,العام/ADJ
المجالس/NOUN,الملية/ADJ,الفرعية/ADJ
خططاً/NOUN,أمنية/ADJ,مكثفة/ADJ
مصادر/NOUN,مصرية/ADJ,مطلعة/ADJ
الانتخابات/NOUN,البرلمانية/ADJ,الأخيرة/ADJ
وفد/NOUN,اقتصادي/ADJ,مصري/ADJ
الاجهزة/NOUN,الخاصة/ADJ,الشيشانية/ADJ
وزير/NOUN,الداخلية/ADJ,السعودي/ADJ
وزير/NOUN,الداخلية/ADJ,السعودي/ADJ
الموفد/NOUN,الاميركي/ADJ,الخاص/ADJ
الغواصة/NOUN,النووية/ADJ,الروسية/ADJ
الموفد/NOUN,الاميركي/ADJ,الخاص/ADJ
الخطوط/NOUN,الجوية/ADJ,البريطانية/ADJ
الدولة/NOUN,الفلسطينية/ADJ,المستقلة/ADJ
المؤتمر/NOUN,الوطني/ADJ,الشعبي/ADJ
الطيران/NOUN,العسكري/ADJ,الاوروبي/ADJ
منظمات/NOUN,دولية/ADJ,اخرى/ADJ
علاقات/NOUN,دبلوماسية/ADJ,طبيعية/ADJ
الولاية/NOUN,البرلمانية/ADJ,الحالية/ADJ
القائد/NOUN,العسكري/ADJ,الروسي/ADJ
الغواصة/NOUN,النووية/ADJ,الروسية/ADJ
معلومات/NOUN,ثقافية/ADJ,قيمة/ADJ
الفرقة/NOUN,الامنية/ADJ,المذكورة/ADJ
الحرس/NOUN,الوطني/ADJ,العراقي/ADJ
الحرس/NOUN,الوطني/ADJ,العراقي/ADJ
الرئيس/NOUN,العراقي/ADJ,السابق/ADJ
القصف/NOUN,الامريكي/ADJ,المتكرر/ADJ
ازمة/NOUN,سياسية/ADJ,جديدة/ADJ
المياه/NOUN,الاقليمية/ADJ,التونسية/ADJ
الوسائل/NOUN,الفنية/ADJ,اللازمة/ADJ
الحرس/NOUN,الوطني/ADJ,العراقي/ADJ
أزمة/NOUN,انسانية/ADJ,خطيرة/ADJ
أي/ADJ,معلومات/NOUN,محددة/ADJ
الاتحاد/NOUN,النسائي/ADJ,السوداني/ADJ
التجمع/NOUN,الدستوري/ADJ,الديموقراطي/ADJ
الرائد/NOUN,الرسمي/ADJ,مؤخرا/ADJ
لجان/NOUN,وطنية/ADJ,دائمة/ADJ
الميليشيا/NOUN,اللبنانية/ADJ,الوحيدة/ADJ
العملية/NOUN,الفدائية/ADJ,المزدوجة/ADJ
الإذاعة/NOUN,الاسرائيلية/ADJ,العامة/ADJ
الحزب/NOUN,الديموقراطي/ADJ,التقدمي/ADJ
الحزب/NOUN,الديموقراطي/ADJ,التقدمي/ADJ
الحزب/NOUN,الديموقراطي/ADJ,التقدمي/ADJ
البيان/NOUN,الانتخابي/ADJ,الاصلي/ADJ
تجمع/NOUN,فلاحي/ADJ,كبير/ADJ
التجمع/NOUN,الدستوري/ADJ,الديمقراطي/ADJ
المسيرة/NOUN,التنموية/ADJ,الموفقة/ADJ
التجمع/NOUN,الدستوري/ADJ,الديموقراطي/ADJ
القاعات/NOUN,السينمائية/ADJ,التجارية/ADJ
نجاحا/NOUN,جماهيريا/ADJ,كبيرا/ADJ
إقبالا/NOUN,جماهيريا/ADJ,متميزا/ADJ
قاعة/NOUN,تجارية/ADJ,تونسية/ADJ
الافلام/NOUN,العالمية/ADJ,الأخرى/ADJ
الولايات/NOUN,المتحدة/ADJ,الأمريكية/ADJ
قصف/NOUN,أمريكي/ADJ,يومي/ADJ
تطور/NOUN,ميداني/ADJ,سابق/ADJ
بيان/NOUN,عسكري/ADJ,أمريكي/ADJ
محاكم/NOUN,عسكرية/ADJ,استثنائية/ADJ
الإذاعة/NOUN,الاسرائيلية/ADJ,العامة/ADJ
علاقات/NOUN,عاطفية/ADJ,جديدة/ADJ
علاقات/NOUN,غرامية/ADJ,سرية/ADJ
الرعاية/NOUN,الرئاسية/ADJ,السامية/ADJ
المشروع/NOUN,الحضاري/ADJ,التونسي/ADJ
الدولة/NOUN,العربية/ADJ,الوحيدة/ADJ
الشؤون/NOUN,الداخلية/ADJ,اللبنانية/ADJ
التغطية/NOUN,الاجتماعية/ADJ,الفعليــــة/ADJ
تغطية/NOUN,اجتماعية/ADJ,شاملة/ADJ
المحلات/NOUN,التجارية/ADJ,الكبرى/ADJ
سلوك/NOUN,استهلاكي/ADJ,معتدل/ADJ
سلوك/NOUN,استهلاكي/ADJ,سليم/ADJ
الرقم/NOUN,الاخضر/ADJ,المجاني/ADJ
مصدر/NOUN,دبلوماسي/ADJ,فلسطيني/ADJ
المشاريع/NOUN,السكنية/ADJ,الجديدة/ADJ
القطاعات/NOUN,الاقتصادية/ADJ,المختلفة/ADJ
المدن/NOUN,السكنية/ADJ,الجديدة/ADJ
المشاريع/NOUN,السكنية/ADJ,الفاخرة/ADJ
الوحدات/NOUN,السكانية/ADJ,الترفيهية/ADJ
الفرن/NOUN,العالي/ADJ,الثالث/ADJ
الهيئات/NOUN,الصناعية/ADJ,الدولية/ADJ
الفرن/NOUN,العالي/ADJ,الثالث/ADJ
مسؤول/NOUN,امني/ADJ,فلسطيني/ADJ
المجلس/NOUN,التشريعي/ADJ,الفلسطيني/ADJ
تصعيد/NOUN,اسرائيلي/ADJ,واسع/ADJ
الرأي/NOUN,العام/ADJ,الغربي/ADJ
مباراة/NOUN,دولية/ADJ,ودية/ADJ
عائد/NOUN,سنوي/ADJ,متغير/ADJ
استثمارات/NOUN,خاصة/ADJ,جديدة/ADJ
الديون/NOUN,الدولارية/ADJ,الضخمة/ADJ
طرق/NOUN,دولية/ADJ,سريعة/ADJ
الرقم/NOUN,القياسي/ADJ,العالمي/ADJ
مجتمعات/NOUN,عمرانية/ADJ,جديدة/ADJ
المطارات/NOUN,المدنــية/ADJ,الجــديدة/ADJ
وعي/NOUN,فلسفي/ADJ,عميق/ADJ
علاقات/NOUN,تقليدية/ADJ,واسعة/ADJ
عملية/NOUN,عسكرية/ADJ,واسعة/ADJ
وجها/NOUN,جديدا/ADJ,آخر/ADJ
الامارات/NOUN,العربية/ADJ,المتحدة/ADJ
الوضع/NOUN,الأمني/ADJ,الاسرائيلي/ADJ
العملية/NOUN,الانتحارية/ADJ,الوحيدة/ADJ
عملية/NOUN,انتحارية/ADJ,أخرى/ADJ
حركة/NOUN,شعبية/ADJ,واسعة/ADJ
كسر/NOUN,عربي/ADJ,اجماعي/ADJ
الاطراف/NOUN,العربية/ADJ,الأخرى/ADJ
مصادر/NOUN,عسكرية/ADJ,عراقية/ADJ
المصادر/NOUN,الرسمية/ADJ,السورية/ADJ
وزير/NOUN,الداخلية/ADJ,التركي/ADJ
الاتفاق/NOUN,الأمني/ADJ,الجديد/ADJ
الصناعات/NOUN,الانشائية/ADJ,الفلسطينية/ADJ
مشادة/NOUN,كلامية/ADJ,حادة/ADJ
الجلسة/NOUN,البرلمانية/ADJ,الطارئة/ADJ
الامارات/NOUN,العربية/ADJ,المتحدة/ADJ
الرئيس/NOUN,السوري/ADJ,الاسبق/ADJ
التلفزيون/NOUN,الاسرائيلي/ADJ,الرسمي/ADJ
سفينة/NOUN,حربية/ADJ,اميركية/ADJ
الحرب/NOUN,العالمية/ADJ,الثانية/ADJ
الهجوم/NOUN,الياباني/ADJ,المفاجئ/ADJ
الرئيس/NOUN,الأميركي/ADJ,السابق/ADJ
المساعي/NOUN,المصرية/ADJ,الليبية/ADJ
المبادرة/NOUN,المصرية/ADJ,الليبية/ADJ
مبادرات/NOUN,شعبية/ADJ,عربية/ADJ
الاحتجاجات/NOUN,الشعبية/ADJ,العربية/ADJ
منظمات/NOUN,اقليمية/ADJ,عربية/ADJ
المشاركة/NOUN,العربية/ADJ,الفعلية/ADJ
المؤسسات/NOUN,المالية/ADJ,الدولية/ADJ
تحركات/NOUN,شعبية/ADJ,عربية/ADJ
العمل/NOUN,الوحدوي/ADJ,المشترك/ADJ
المغرب/NOUN,العربي/ADJ,الكبير/ADJ
اللجنة/NOUN,العسكرية/ADJ,المشتركة/ADJ
المسجد/NOUN,النبوي/ADJ,الشريف/ADJ
المستثمرين/NOUN,العقاريين/ADJ,الجدد/ADJ
المتر/NOUN,المربع/ADJ,الواحد/ADJ
المسجد/NOUN,النبوي/ADJ,الشريف/ADJ
المزايا/NOUN,الاقتصادية/ADJ,العالية/ADJ
الشركة/NOUN,الخليجية/ADJ,الدولية/ADJ
الشركات/NOUN,النفطية/ADJ,الوطنية/ADJ
المؤسسات/NOUN,المالية/ADJ,الاسلامية/ADJ
مؤسسة/NOUN,مالية/ADJ,اسلامية/ADJ
صاروخ/NOUN,فضائي/ADJ,واحد/ADJ
العميل/NOUN,الجاد/ADJ,المتعثر/ADJ
الاحداث/NOUN,الدولية/ADJ,الراهنة/ADJ
المخزون/NOUN,السلعي/ADJ,الاكبر/ADJ
ولاية/NOUN,تركية/ADJ,جديدة/ADJ
دعم/NOUN,سياسي/ADJ,أميركي/ADJ
أرضاً/NOUN,أوروبية/ADJ,خالصة/ADJ
مجتمع/NOUN,سليم/ADJ,متكامل/ADJ
الاجازات/NOUN,العلمية/ADJ,العليا/ADJ
الحزب/NOUN,الديموقراطي/ADJ,الكردستاني/ADJ
حشود/NOUN,ضخمة/ADJ,عراقية/ADJ
الحدود/NOUN,الشرعية/ADJ,الإسلامية/ADJ
اقتراحاً/NOUN,برلمانياً/ADJ,موازياً/ADJ
مناقشة/NOUN,برلمانية/ADJ,خاصة/ADJ
الاحداث/NOUN,الدولية/ADJ,الراهنة/ADJ
التدريب/NOUN,المهني/ADJ,المزدوج/ADJ
اللاعب/NOUN,الايراني/ADJ,الاول/ADJ
الدين/NOUN,العام/ADJ,المحلي/ADJ
الاتفاقات/NOUN,الدولية/ADJ,المختلفة/ADJ
المخابرات/NOUN,المركزية/ADJ,الاميركية/ADJ
مطلب/NOUN,تركي/ADJ,قديم/ADJ
الشركات/NOUN,الدولية/ADJ,المتقدمة/ADJ
الشركات/NOUN,الاجنبية/ADJ,المتقدمة/ADJ
المشاريع/NOUN,السكنية/ADJ,الجديدة/ADJ
المدن/NOUN,السكنية/ADJ,الجديدة/ADJ
المشاريع/NOUN,السكنية/ADJ,الفاخرة/ADJ
الوحدات/NOUN,السكنية/ADJ,الترفيهية/ADJ
ثروة/NOUN,عقارية/ADJ,ضخمة/ADJ
مدارس/NOUN,دينية/ADJ,عصرية/ADJ
مصادر/NOUN,باكستانية/ADJ,مطلعة/ADJ
الاستخبارات/NOUN,المركزية/ADJ,الأميركية/ADJ
الجماعات/NOUN,الإسلامية/ADJ,الباكستانية/ADJ
الجماعات/NOUN,الإسلامية/ADJ,المسلحة/ADJ
ضغوطاً/NOUN,أميركية/ADJ,متزايدة/ADJ
الجماعات/NOUN,الجهادية/ADJ,الباكستانية/ADJ
مدارس/NOUN,نموذجية/ADJ,دينية/ADJ
المدارس/NOUN,الدينية/ADJ,التقليدية/ADJ
الدعم/NOUN,المالي/ADJ,الكافي/ADJ
المدارس/NOUN,الدينية/ADJ,العصرية/ADJ
المدارس/NOUN,الدينية/ADJ,الباكستانية/ADJ
دول/NOUN,اخرى/ADJ,مجاورة/ADJ
مياه/NOUN,دافئة/ADJ,صافية/ADJ
يوماً/NOUN,اضافياً/ADJ,واحداً/ADJ
تسهيلات/NOUN,مادية/ADJ,كبيرة/ADJ
الحزب/NOUN,الوطني/ADJ,الحاكم/ADJ
الاعفاء/NOUN,الجمركي/ADJ,الشامل/ADJ
الاعفاء/NOUN,الجمركي/ADJ,الكامل/ADJ
الخامات/NOUN,الأولية/ADJ,العراقية/ADJ
تأثيرات/NOUN,سلبية/ADJ,محتملة/ADJ
استثمارات/NOUN,خاصة/ADJ,جديدة/ADJ
الطبقة/NOUN,الرأسمالية/ADJ,المصرية/ADJ
المساعدات/NOUN,الأميركية/ADJ,الاستثنائية/ADJ
مصدر/NOUN,ديبلوماسي/ADJ,غربي/ADJ
المساعدات/NOUN,الاقتصادية/ADJ,الأميركية/ADJ
الأزمة/NOUN,المالية/ADJ,الآسيوية/ADJ
مصادر/NOUN,اقتصادية/ADJ,غربية/ADJ
حوار/NOUN,تجاري/ADJ,ساخن/ADJ
الغرف/NOUN,التجارية/ADJ,المصرية/ADJ
دولة/NOUN,علمانية/ADJ,موحدة/ADJ
المبعوث/NOUN,الرئاسي/ADJ,الاميركي/ADJ
القصف/NOUN,الجوي/ADJ,الحكومي/ADJ
ردود/NOUN,ايجابية/ADJ,سريعة/ADJ
القصف/NOUN,الجوي/ADJ,الحكومي/ADJ
القطع/NOUN,الأجنبية/ADJ,الأخرى/ADJ
الوجود/NOUN,الفلسطيني/ADJ,المسلح/ADJ
التأثيرات/NOUN,المسيحية/ADJ,الداخلية/ADJ
المجموعات/NOUN,الاسلامية/ADJ,الاصولية/ADJ
التاريخ/NOUN,السوري/ADJ,الحديث/ADJ
المشروع/NOUN,الثوري/ADJ,الوحيد/ADJ
المنظومة/NOUN,الفكرية/ADJ,السياسية/ADJ
التجربة/NOUN,التاريخية/ADJ,الحديثة/ADJ
التحرر/NOUN,الوطني/ADJ,الفلسطيني/ADJ
نظاما/NOUN,عربيا/ADJ,آخر/ADJ
المنطق/NOUN,البديهي/ADJ,البسيط/ADJ
الحارس/NOUN,الاخر/ADJ,البرتغالي/ADJ
انجازا/NOUN,سياسيا/ADJ,عزيزا/ADJ
نظام/NOUN,اقليمي/ADJ,عربي/ADJ
جوانب/NOUN,علمية/ADJ,سياسية/ADJ
اليمين/NOUN,المتطرف/ADJ,المسيحي/ADJ
اليمين/NOUN,الديني/ADJ,المسيحي/ADJ
الوفد/NOUN,الرسمي/ADJ,اللبناني/ADJ
كانون/NOUN,الاول/ADJ,المقبل/ADJ
الوفد/NOUN,اللبناني/ADJ,الرسمي/ADJ
المكتب/NOUN,الصحي/ADJ,الاجتماعي/ADJ
الجمعية/NOUN,الصحية/ADJ,اللبنانية/ADJ
مستشفى/NOUN,جامعي/ADJ,جديد/ADJ
المركز/NOUN,الاقليمي/ADJ,العربي/ADJ
ممثلة/NOUN,اللبنانية/ADJ,الاولى/ADJ
الاتحاد/NOUN,النسائي/ADJ,الديموقراطي/ADJ
المركز/NOUN,الاقليمي/ADJ,العربي/ADJ
المجلس/NOUN,النسائي/ADJ,اللبناني/ADJ
المجلس/NOUN,النسائي/ADJ,اللبناني/ADJ
المعادن/NOUN,الثمينة/ADJ,الأخرى/ADJ
الرهينة/NOUN,اللبنانية/ADJ,الفرنسية/ADJ
مصدر/NOUN,مصري/ADJ,بارز/ADJ
عملية/NOUN,إصلاحية/ADJ,شاملة/ADJ
الحزب/NOUN,المصري/ADJ,الحاكم/ADJ
وفد/NOUN,رسمي/ADJ,لبناني/ADJ
أزمة/NOUN,مالية/ADJ,خانقة/ADJ
أزمة/NOUN,مالية/ADJ,خانقة/ADJ
الوظائف/NOUN,العليا/ADJ,الشاغرة/ADJ
مصادر/NOUN,مصرية/ADJ,مطلعة/ADJ
الحزب/NOUN,الوطني/ADJ,الحاكم/ADJ
إصلاح/NOUN,سياسي/ADJ,حقيقي/ADJ
مواقع/NOUN,أصولية/ADJ,أخرى/ADJ
الحزب/NOUN,الوطني/ADJ,الحاكم/ADJ
قوى/NOUN,سياسية/ADJ,مستقلة/ADJ
إصلاح/NOUN,سياسي/ADJ,حقيقي/ADJ
وزير/NOUN,الحربية/ADJ,السابق/ADJ
الولايات/NOUN,المتحدة/ADJ,الأمريكية/ADJ
المكتب/NOUN,التجاري/ADJ,المصري/ADJ
المملكة/NOUN,العربية/ADJ,السعودية/ADJ
المملكة/NOUN,العربية/ADJ,السعودية/ADJ
الغرف/NOUN,الصناعية/ADJ,التجارية/ADJ
المشروعات/NOUN,المشتركة/ADJ,المقترحة/ADJ
السياحة/NOUN,السعودية/ADJ,الوافدة/ADJ
برامج/NOUN,سياحية/ADJ,مشتركة/ADJ
الغرف/NOUN,التجارية/ADJ,المصرية/ADJ
التمثيل/NOUN,التجاري/ADJ,المصري/ADJ
المساعي/NOUN,المصرية/ADJ,السعودية/ADJ
المنتجات/NOUN,الغذائية/ADJ,المصرية/ADJ
القطاع/NOUN,الخاص/ADJ,المصري/ADJ
تسهيلات/NOUN,خاصة/ADJ,ممنوحة/ADJ
استثمارات/NOUN,مشتركة/ADJ,خاصة/ADJ
مناطق/NOUN,صناعية/ADJ,مؤهلة/ADJ
المناطق/NOUN,الصناعية/ADJ,المؤهلة/ADJ
الحكومة/NOUN,الصومالية/ADJ,المقبلة/ADJ
المناطق/NOUN,الصناعية/ADJ,المؤهلة/ADJ
المناطق/NOUN,الصناعية/ADJ,المؤهلة/ADJ
المناطق/NOUN,الصناعية/ADJ,المؤهلة/ADJ
الممثل/NOUN,التجاري/ADJ,الأمريكي/ADJ
وقود/NOUN,طبيعي/ADJ,حيوي/ADJ
المناطق/NOUN,الحرة/ADJ,الخاصة/ADJ
المنطقة/NOUN,الحرة/ADJ,العامة/ADJ
المنطقة/NOUN,الحرة/ADJ,العامة/ADJ
الغواصة/NOUN,النووية/ADJ,الروسية/ADJ
الناتج/NOUN,المحلي/ADJ,الإجمالي/ADJ
الناتج/NOUN,المحلي/ADJ,الإجمالي/ADJ
العام/NOUN,المالي/ADJ,الجديد/ADJ
الدين/NOUN,العام/ADJ,الداخلي/ADJ
الحدود/NOUN,العراقية/ADJ,الكويتية/ADJ
البنك/NOUN,المركزي/ADJ,المصري/ADJ
الغرف/NOUN,التجارية/ADJ,المصرية/ADJ
البنك/NOUN,المركزي/ADJ,المصري/ADJ
النص/NOUN,القانوني/ADJ,الخاص/ADJ
الكيان/NOUN,القانوني/ADJ,الوحيد/ADJ
البنك/NOUN,المركزي/ADJ,المصري/ADJ
دراسة/NOUN,قانونية/ADJ,حديثة/ADJ
الخطوط/NOUN,الجوية/ADJ,الإيطالية/ADJ
الخطوط/NOUN,الجوية/ADJ,الأردنية/ADJ
الطرق/NOUN,الأسفلتية/ADJ,الجديدة/ADJ
البنك/NOUN,المركزي/ADJ,المصري/ADJ
التعريفة/NOUN,الجمركية/ADJ,الجديدة/ADJ
أزمات/NOUN,دولارية/ADJ,جديدة/ADJ
تدخل/NOUN,مؤثرات/ADJ,خارجية/ADJ
الأيام/NOUN,القليلة/ADJ,الماضية/ADJ
القطاع/NOUN,الخاص/ADJ,المصري/ADJ
أوعية/NOUN,ادخارية/ADJ,جديدة/ADJ
بنوك/NOUN,مصرية/ADJ,مشتركة/ADJ
الجهاز/NOUN,المصرفي/ADJ,المصري/ADJ
أوعية/NOUN,ادخارية/ADJ,جديدة/ADJ
المنشآت/NOUN,الرياضية/ADJ,اللبنانية/ADJ
تسهيلات/NOUN,ائتمانية/ADJ,جديدة/ADJ
البنك/NOUN,التجاري/ADJ,الدولي/ADJ
البنك/NOUN,المصري/ADJ,التجاري/ADJ
أزمة/NOUN,اقتصادية/ADJ,مماثلة/ADJ
البنك/NOUN,المصري/ADJ,الخليجي/ADJ
العلاقة/NOUN,التجارية/ADJ,المستقبلية/ADJ
التعاون/NOUN,الثنائي/ADJ,المباشر/ADJ
معونة/NOUN,أمريكية/ADJ,مشروطة/ADJ
الجامعات/NOUN,الأمريكية/ADJ,الصغيرة/ADJ
الحزب/NOUN,الوطني/ADJ,الحاكم/ADJ
الحزب/NOUN,العربي/ADJ,الناصري/ADJ
المركز/NOUN,الاعلامي/ADJ,الرئيسي/ADJ
جمعية/NOUN,حقوقية/ADJ,مصرية/ADJ
الحزب/NOUN,الوطني/ADJ,الحاكم/ADJ
تأكيدات/NOUN,رسمية/ADJ,مصرية/ADJ
فئات/NOUN,اجتماعية/ADJ,جديدة/ADJ
عمارة/NOUN,سكنية/ADJ,ضخمة/ADJ
نشاط/NOUN,سياسي/ADJ,محظور/ADJ
الممارسات/NOUN,السياسية/ADJ,المحظورة/ADJ
الانتخابات/NOUN,النيابية/ADJ,الجزئية/ADJ
التدابير/NOUN,الامنية/ADJ,الضرورية/ADJ
اللجنة/NOUN,الانتخابية/ADJ,المركزية/ADJ
المصادر/NOUN,الحكومية/ADJ,المعنية/ADJ
المخابرات/NOUN,الإسرائيلية/ADJ,الخارجية/ADJ
التنظيمات/NOUN,الأصولية/ADJ,الإسلامية/ADJ
جهاز/NOUN,رقمي/ADJ,صغير/ADJ
محام/NOUN,قبطي/ADJ,شهير/ADJ
عائد/NOUN,مالي/ADJ,كبير/ADJ
المهن/NOUN,الخاصة/ADJ,المتميزة/ADJ
الشركة/NOUN,الأجنبية/ADJ,الجديدة/ADJ
الإفطار/NOUN,التقليدي/ADJ,السنوي/ADJ
إجراءات/NOUN,أمنية/ADJ,مشددة/ADJ
السفير/NOUN,الإسرائيلي/ADJ,الجديد/ADJ
العلاقات/NOUN,المصريةـ/ADJ,الإسرائيلية/ADJ
الأسابيع/NOUN,القليلة/ADJ,المقبلة/ADJ
اندماج/NOUN,اقتصادي/ADJ,إقليمي/ADJ
التبادل/NOUN,التجاري/ADJ,الحر/ADJ
السوق/NOUN,الاستثمارية/ADJ,العراقية/ADJ
التواجد/NOUN,العسكري/ADJ,الأمريكي/ADJ
الاندماج/NOUN,الاقتصادي/ADJ,الإقليمي/ADJ
المجموعة/NOUN,الأوروبية/ADJ,الكبرى/ADJ
المشروعات/NOUN,السياحية/ADJ,المشتركة/ADJ
الطرق/NOUN,البرية/ADJ,السريعة/ADJ
تداعيات/NOUN,مستقبلية/ADJ,جديدة/ADJ
صحيفة/NOUN,اقتصادية/ADJ,ايطالية/ADJ
تقرير/NOUN,اميركي/ADJ,جديد/ADJ
الولايات/NOUN,المتحدة/ADJ,الاميركية/ADJ
تطور/NOUN,تقني/ADJ,هائل/ADJ
الحرب/NOUN,العالمية/ADJ,الثانية/ADJ
المجموعة/NOUN,الحكومية/ADJ,الاسبانية/ADJ
العملات/NOUN,الرئيسية/ADJ,الاخرى/ADJ
الاتحاد/NOUN,السوفياتي/ADJ,السابق/ADJ
السياسة/NOUN,الخارجية/ADJ,الاميركية/ADJ
القوى/NOUN,اليمينية/ADJ,المتشددة/ADJ
الرئيس/NOUN,الاميركي/ADJ,الاسبق/ADJ
الأرقام/NOUN,الرسمية/ADJ,الاميركية/ADJ
عمل/NOUN,عربي/ADJ,مشترك/ADJ
وحدة/NOUN,عربية/ADJ,اقتصادية/ADJ
السنوات/NOUN,القليلة/ADJ,المقبلة/ADJ
الاحتياطات/NOUN,العالمية/ADJ,المؤكدة/ADJ
الاعوام/NOUN,القليلة/ADJ,المقبلة/ADJ
القوانين/NOUN,البيئية/ADJ,الاتحادية/ADJ
عواصم/NOUN,غربية/ADJ,عديدة/ADJ
غارات/NOUN,جوية/ADJ,واسعة/ADJ
تغيير/NOUN,استراتيجي/ADJ,عاجل/ADJ
الوضع/NOUN,العالمي/ADJ,الراهن/ADJ
الولايات/NOUN,المتحدة/ADJ,الأمريكية/ADJ
دول/NOUN,عربية/ADJ,معينة/ADJ
الفترة/NOUN,القريبة/ADJ,المقبلة/ADJ
قناة/NOUN,اخبارية/ADJ,متواصلة/ADJ
الوضع/NOUN,الأمني/ADJ,الراهن/ADJ
مشروع/NOUN,نووي/ADJ,مشترك/ADJ
البنية/NOUN,التحتية/ADJ,الإسرائيلي/ADJ
الحملات/NOUN,الانتخابية/ADJ,الأمريكية/ADJ
المخابرات/NOUN,الخارجية/ADJ,الإسرائيلية/ADJ
الحج/NOUN,السياحي/ADJ,الفاخر/ADJ
حملات/NOUN,أمنية/ADJ,حكومية/ADJ
القوى/NOUN,المعارضة/ADJ,الرئيسية/ADJ
جماعات/NOUN,إسلامية/ADJ,أخرى/ADJ
فجوة/NOUN,حضارية/ADJ,فكرية/ADJ
النظام/NOUN,الملكي/ADJ,الهاشمي/ADJ
اللجنة/NOUN,الانتخابية/ADJ,المركزية/ADJ
الانتخابات/NOUN,النيابية/ADJ,الجزئية/ADJ
المساعدات/NOUN,الأمريكية/ADJ,السنوية/ADJ
رسالة/NOUN,رمزية/ADJ,أمريكية/ADJ
اللجنة/NOUN,الانتخابية/ADJ,المركزية/ADJ
وقت/NOUN,زمني/ADJ,مجدد/ADJ
اللجنة/NOUN,الانتخابية/ADJ,المركزية/ADJ
الانتخابات/NOUN,النيابية/ADJ,الروسية/ADJ
اللجنة/NOUN,الانتخابية/ADJ,المركزية/ADJ
اللجنة/NOUN,الانتخابية/ADJ,الشيشانية/ADJ
الصناعات/NOUN,الجوية/ADJ,الإسرائيلية/ADJ
الدستور/NOUN,العراقي/ADJ,الجديد/ADJ
الدستور/NOUN,العراقي/ADJ,المقبل/ADJ
الحقوق/NOUN,القومية/ADJ,الكاملة/ADJ
التنظيمات/NOUN,السياسية/ADJ,الكردية/ADJ
اللجنة/NOUN,الانتخابية/ADJ,المركزية/ADJ
حكومة/NOUN,كردية/ADJ,قائمة/ADJ
الشخصيات/NOUN,السياسية/ADJ,الكردية/ADJ
الحزب/NOUN,الكردستاني/ADJ,العراقي/ADJ
محلل/NOUN,سياسي/ADJ,عراقي/ADJ
الدول/NOUN,العربية/ADJ,المجاورة/ADJ
المناطق/NOUN,الجبلية/ADJ,النائية/ADJ
التاريخ/NOUN,العراقي/ADJ,المعاصر/ADJ
الدولة/NOUN,العراقية/ADJ,الحديثة/ADJ
الشركات/NOUN,النفطية/ADJ,الأمريكية/ADJ
المياه/NOUN,الإقليمية/ADJ,السورية/ADJ
شركات/NOUN,عالمية/ADJ,أخرى/ADJ
المؤتمر/NOUN,الديموقراطي/ADJ,العام/ADJ
طلبة/NOUN,الثانوية/ADJ,العامة/ADJ
المملكة/NOUN,العربية/ADJ,السعودية/ADJ
رغبة/NOUN,قوية/ADJ,مشتركة/ADJ
قاعدة/NOUN,استهلاكية/ADJ,عريضة/ADJ
طاقة/NOUN,تصديرية/ADJ,كبيرة/ADJ
قاعدة/NOUN,صناعية/ADJ,متقدمة/ADJ
بنية/NOUN,تكنولوجية/ADJ,حديثة/ADJ
التحرك/NOUN,التجاري/ADJ,المصري/ADJ
العلاقات/NOUN,التجارية/ADJ,المصرية/ADJ
الوفد/NOUN,الوزاري/ADJ,اللبناني/ADJ
الدول/NOUN,العربية/ADJ,المتوسطية/ADJ
الدول/NOUN,العربية/ADJ,الأخرى/ADJ
آلية/NOUN,عصرية/ADJ,جديدة/ADJ
الموارد/NOUN,البشرية/ADJ,الأفريقية/ADJ
العقود/NOUN,المصرية/ADJ,البريطانية/ADJ
السنة/NOUN,المالية/ADJ,الحالية/ADJ
الخدمات/NOUN,القديمة/ADJ,الموجودة/ADJ
الغرفة/NOUN,المصرية/ADJ,البريطانية/ADJ
المشاركة/NOUN,المصرية/ADJ,الأوروبية/ADJ
الدول/NOUN,المصدرة/ADJ,الأخرى/ADJ
الشركة/NOUN,المصرية/ADJ,الصينية/ADJ
الشركة/NOUN,المصرية/ADJ,الصينية/ADJ
الشركة/NOUN,المصرية/ADJ,الصينية/ADJ
المنطقة/NOUN,الاقتصادية/ADJ,الحرة/ADJ
الصفقات/NOUN,التجارية/ADJ,المباشرة/ADJ
العلاقات/NOUN,القوية/ADJ,المتميزة/ADJ
الحزب/NOUN,الشيوعي/ADJ,العراقي/ADJ
الآلة/NOUN,العسكرية/ADJ,الأمريكية/ADJ
نجاح/NOUN,أمريكي/ADJ,ساحق/ADJ
التهديد/NOUN,النووي/ADJ,الإيراني/ADJ
الحلم/NOUN,النووي/ADJ,العراقي/ADJ
شخصيات/NOUN,دينية/ADJ,معروفة/ADJ
التدخل/NOUN,العسكري/ADJ,الإسرائيلي/ADJ
الدول/NOUN,النفطية/ADJ,الخليجية/ADJ
تقرير/NOUN,حكومي/ADJ,مصري/ADJ
البنك/NOUN,المركزي/ADJ,المصري/ADJ
الحاخام/NOUN,الإسرائيلي/ADJ,الأكبر/ADJ
ظاهرة/NOUN,مصرية/ADJ,خالصة/ADJ
الموقع/NOUN,الجغرافي/ADJ,الاستراتيجي/ADJ
مصادر/NOUN,رسمية/ADJ,أمريكية/ADJ
التدخل/NOUN,الأمريكي/ADJ,السافر/ADJ
قروض/NOUN,أمريكية/ADJ,ميسرة/ADJ
الموازنة/NOUN,العامة/ADJ,التقديرية/ADJ
الدين/NOUN,العام/ADJ,المحلي/ADJ
العلاقات/NOUN,المصرية/ADJ,الأوروبية/ADJ
منتج/NOUN,مصري/ADJ,زراعي/ADJ
مصادر/NOUN,اقتصادية/ADJ,مسئولة/ADJ
الأشهر/NOUN,القليلة/ADJ,الماضية/ADJ
الأشهر/NOUN,القليلة/ADJ,المقبلة/ADJ
تعاقدات/NOUN,خارجية/ADJ,جديدة/ADJ
البنوك/NOUN,الخليجية/ADJ,الكبيرة/ADJ
العقارات/NOUN,المصرية/ADJ,الفاخرة/ADJ
المبعوث/NOUN,البابوي/ADJ,الايطالي/ADJ
مشروعات/NOUN,استثمارية/ADJ,عقارية/ADJ
مشروعات/NOUN,تنموية/ADJ,ضخمة/ADJ
الولايات/NOUN,المتحدة/ADJ,الأمريكية/ADJ
اللجنة/NOUN,الاستشارية/ADJ,الدولية/ADJ
جهاز/NOUN,رقمي/ADJ,صغير/ADJ
الخطة/NOUN,الخمسية/ADJ,السادسة/ADJ
المناطق/NOUN,الصناعية/ADJ,المؤهلة/ADJ
الولايات/NOUN,المتحدة/ADJ,الأمريكية/ADJ
الرسوم/NOUN,الجمركية/ADJ,المرتفعة/ADJ
الولايات/NOUN,المتحدة/ADJ,الأمريكية/ADJ
المناطق/NOUN,الصناعية/ADJ,المؤهلة/ADJ
الصناعة/NOUN,المصرية/ADJ,الضخمة/ADJ
الخطوة/NOUN,الاولى/ADJ,الكبرى/ADJ
بنية/NOUN,أساسية/ADJ,متطورة/ADJ
بنية/NOUN,أساسية/ADJ,متطورة/ADJ
المناطق/NOUN,السياحية/ADJ,الجديدة/ADJ
منتجعات/NOUN,صحية/ADJ,متطورة/ADJ
مباحثات/NOUN,مصرية/ADJ,تشيكية/ADJ
الأسبوع/NOUN,المصري/ADJ,الأول/ADJ
العمل/NOUN,المالي/ADJ,الدولي/ADJ
البنك/NOUN,المركزي/ADJ,المصري/ADJ
المنظمات/NOUN,الدولية/ADJ,المالية/ADJ
تجمع/NOUN,مصري/ADJ,عراقي/ADJ
الصناعات/NOUN,الغذائية/ADJ,المختلفة/ADJ
الإغراق/NOUN,المؤقتة/ADJ,المفروضة/ADJ
الأسابيع/NOUN,القليلة/ADJ,الماضية/ADJ
اتفاق/NOUN,اقتصادي/ADJ,شامل/ADJ
رسوم/NOUN,متحركة/ADJ,تربوية/ADJ
الشركات/NOUN,العالمية/ADJ,المتخصصة/ADJ
القطاع/NOUN,الخاص/ADJ,المصري/ADJ
مشروع/NOUN,ياباني/ADJ,مشترك/ADJ
الشركات/NOUN,اليابانية/ADJ,العملاقة/ADJ
الزراعة/NOUN,العضوية/ADJ,النظيفة/ADJ
غذاء/NOUN,صحي/ADJ,آمن/ADJ
العائد/NOUN,الاقتصادي/ADJ,الكبير/ADJ
رؤية/NOUN,شرعية/ADJ,شاملة/ADJ
التجارة/NOUN,العربية/ADJ,البينية/ADJ
الاستثمار/NOUN,العربي/ADJ,المشترك/ADJ
التعاون/NOUN,الاقتصادي/ADJ,العربي/ADJ
التجارة/NOUN,العربية/ADJ,البينية/ADJ
سوق/NOUN,إقليمية/ADJ,واسعة/ADJ
المشروعات/NOUN,العربية/ADJ,المشتركة/ADJ
الأوضاع/NOUN,الاقتصادية/ADJ,الداخلية/ADJ
المخطط/NOUN,الاستيطاني/ADJ,الجديد/ADJ
البطولة/NOUN,الدولية/ADJ,الودية/ADJ
الشرق/NOUN,الأوسط/ADJ,الأوسع/ADJ
الشرق/NOUN,الأوسط/ADJ,الأوسع/ADJ
المعسكر/NOUN,السوفييتي/ADJ,السابق/ADJ
المستشارون/NOUN,الأوروبيون/ADJ,الآخرون/ADJ
المؤسسة/NOUN,المصرفية/ADJ,العربية/ADJ
المؤسسة/NOUN,المصرفية/ADJ,العربية/ADJ
أعمال/NOUN,مصرفية/ADJ,جديدة/ADJ
فترات/NOUN,زمنية/ADJ,محددة/ADJ
أصول/NOUN,ثابتة/ADJ,مهملة/ADJ
المخزون/NOUN,الحكومي/ADJ,المهمل/ADJ
أثاث/NOUN,مكتبي/ADJ,جديد/ADJ
تداعيات/NOUN,أخرى/ADJ,محتملة/ADJ
المديونية/NOUN,الخارجية/ADJ,المصرية/ADJ
الغرف/NOUN,التجارية/ADJ,المصرية/ADJ
العام/NOUN,المالي/ADJ,الحالي/ADJ
المعدات/NOUN,الرأسمالية/ADJ,الأوروبية/ADJ
مشروع/NOUN,قومي/ADJ,كوري/ADJ
المتحف/NOUN,القومي/ADJ,الكوري/ADJ
التصنيف/NOUN,الاسبوعي/ADJ,الجديد/ADJ
المتحف/NOUN,القومي/ADJ,الكوري/ADJ
المتحف/NOUN,القومي/ADJ,الكوري/ADJ
الأعمال/NOUN,المصرية/ADJ,الفرنسية/ADJ
المكتب/NOUN,التجاري/ADJ,الفرنسي/ADJ
الأعمال/NOUN,المصرية/ADJ,الفرنسية/ADJ
الشركات/NOUN,الفرنسية/ADJ,المصدرة/ADJ
الأعمال/NOUN,المصرية/ADJ,الفرنسية/ADJ
اليمين/NOUN,المسيحي/ADJ,المتشدد/ADJ
الجيش/NOUN,العراقي/ADJ,الجديد/ADJ
قيادات/NOUN,عراقية/ADJ,موثوقة/ADJ
العناصر/NOUN,البعثية/ADJ,الخطرة/ADJ
مصدر/NOUN,دبلوماسي/ADJ,غربي/ADJ
التحرك/NOUN,الأمريكي/ADJ,السريع/ADJ
الحركات/NOUN,الإسلامية/ADJ,التركية/ADJ
مجموعات/NOUN,اسلامية/ADJ,مسلحة/ADJ
الشرق/NOUN,الإسلامي/ADJ,العظيم/ADJ
الثورة/NOUN,الشعبية/ADJ,الإسلامية/ADJ
مجموعة/NOUN,مسلحة/ADJ,اخرى/ADJ
مجموعة/NOUN,اسلامية/ADJ,مسلحة/ADJ
مصادر/NOUN,سياسية/ADJ,إسرائيلية/ADJ
وزير/NOUN,الداخلية/ADJ,العراقي/ADJ
تقرير/NOUN,استخباري/ADJ,إسرائيلي/ADJ
الجهة/NOUN,السياسية/ADJ,الوحيدة/ADJ
المركز/NOUN,القومي/ADJ,المصري/ADJ
اجتياح/NOUN,جزئي/ADJ,متكرر/ADJ
التحركات/NOUN,الديبلوماسية/ADJ,المصرية/ADJ
التهديدات/NOUN,الإسرائيلية/ADJ,الأخيرة/ADJ
قنوات/NOUN,أخرى/ADJ,فعالة/ADJ
السيادة/NOUN,الوطنية/ADJ,السورية/ADJ
الولايات/NOUN,المتحدة/ADJ,الأمريكية/ADJ
الثالث/ADJ,غير/NOUN,المؤهل/ADJ
العدوان/NOUN,الإسرائيلي/ADJ,الأخير/ADJ
الموقف/NOUN,الأمريكي/ADJ,العدواني/ADJ
الأمن/NOUN,القومي/ADJ,المصري/ADJ
المصالح/NOUN,المصرية/ADJ,الاستراتيجية/ADJ
مساعدات/NOUN,عسكرية/ADJ,اقتصادية/ADJ
السياسات/NOUN,العنصرية/ADJ,الإسرائيلية/ADJ
هجوم/NOUN,مصري/ADJ,سوري/ADJ
التهديدات/NOUN,الإسرائيلية/ADJ,المتواترة/ADJ
المخازن/NOUN,الحكومية/ADJ,المتهالكة/ADJ
البنك/NOUN,المركزي/ADJ,المصري/ADJ
محافظ/NOUN,المركزي/ADJ,الجديد/ADJ
بنكاً/NOUN,واحداً/ADJ,متخصصاً/ADJ
المشروعات/NOUN,الصناعية/ADJ,الجديدة/ADJ
المشروع/NOUN,الصناعي/ADJ,المتوسط/ADJ
مؤسسات/NOUN,مالية/ADJ,مصرية/ADJ
الأعمال/NOUN,المصري/ADJ,الكندي/ADJ
المؤتمر/NOUN,العربي/ADJ,الثاني/ADJ
الوحدة/NOUN,الاقتصادية/ADJ,العربية/ADJ
القطاع/NOUN,الخاص/ADJ,العربي/ADJ
المؤتمر/NOUN,العربي/ADJ,الأول/ADJ
الغرف/NOUN,التجارية/ADJ,العربية/ADJ
الحزب/NOUN,الوطني/ADJ,الحاكم/ADJ
سياسة/NOUN,صناعية/ADJ,متكاملة/ADJ
الناتج/NOUN,المحلي/ADJ,الإجمالي/ADJ
سياسة/NOUN,صناعية/ADJ,متكاملة/ADJ
الناتج/NOUN,المحلي/ADJ,الإجمالي/ADJ
القطاعات/NOUN,الصناعية/ADJ,المختلفة/ADJ
الساعات/NOUN,القليلة/ADJ,الماضية/ADJ
السلطات/NOUN,النقدية/ADJ,الممثلة/ADJ
البنك/NOUN,المصري/ADJ,المتحد/ADJ
التجارة/NOUN,الخارجية/ADJ,المصرية/ADJ
المجالس/NOUN,القومية/ADJ,المتخصصة/ADJ
العملات/NOUN,الأوروبية/ADJ,الأخرى/ADJ
الاحتياطي/NOUN,النقدي/ADJ,الدولاري/ADJ
البنك/NOUN,المركزي/ADJ,المصري/ADJ
العملات/NOUN,الدولية/ADJ,الأخرى/ADJ
الولايات/NOUN,المتحدة/ADJ,الأمريكية/ADJ
الوجود/NOUN,العسكري/ADJ,الأمريكي/ADJ
الولايات/NOUN,المتحدة/ADJ,الأمريكية/ADJ
السوق/NOUN,الدولاري/ADJ,المصري/ADJ
السوق/NOUN,الدولاري/ADJ,المصري/ADJ
السنوات/NOUN,القليلة/ADJ,الماضية/ADJ
إنفاقاً/NOUN,عسكرياً/ADJ,كبيراً/ADJ
التمثيل/NOUN,التجاري/ADJ,المصري/ADJ
المشاريع/NOUN,الصناعية/ADJ,العملاقة/ADJ
المؤسسات/NOUN,المالية/ADJ,الدولية/ADJ
مصدر/NOUN,رسمي/ADJ,سوري/ADJ
الناطق/NOUN,الرئاسي/ADJ,السوري/ADJ
البنك/NOUN,التجاري/ADJ,الدولي/ADJ
البنك/NOUN,المركزي/ADJ,المصري/ADJ
العملات/NOUN,الأجنبية/ADJ,الرئيسية/ADJ
الميزان/NOUN,التجاري/ADJ,المصري/ADJ
البنك/NOUN,المركزي/ADJ,المصري/ADJ
العملات/NOUN,الأجنبية/ADJ,الرئيسية/ADJ
البنك/NOUN,المركزي/ADJ,المصري/ADJ
الهيئات/NOUN,التشريعية/ADJ,العربية/ADJ
الظروف/NOUN,الاقتصادية/ADJ,الراهنة/ADJ
الغرف/NOUN,التجارية/ADJ,الأجنبية/ADJ
التجارة/NOUN,البينية/ADJ,العربية/ADJ
العمل/NOUN,العربي/ADJ,المشترك/ADJ
رأي/NOUN,عام/ADJ,عربي/ADJ
التعاون/NOUN,الاقتصادي/ADJ,العربي/ADJ
عراق/NOUN,عربي/ADJ,قوي/ADJ
الإدارة/NOUN,الأمريكية/ADJ,المؤقتة/ADJ
النمو/NOUN,السكاني/ADJ,العربي/ADJ
النمو/NOUN,السكاني/ADJ,العربي/ADJ
إصلاح/NOUN,سياسي/ADJ,كبير/ADJ
سياسة/NOUN,مصرية/ADJ,معينة/ADJ
إصلاح/NOUN,سياسي/ADJ,حقيقي/ADJ
الحجة/NOUN,الشرعية/ADJ,الإسلامية/ADJ
وزير/NOUN,الداخلية/ADJ,الفرنسي/ADJ
الحوار/NOUN,الموضوعي/ADJ,العقلاني/ADJ
الاجتماع/NOUN,التأسيسي/ADJ,الرابع/ADJ
مدينة/NOUN,مقدسة/ADJ,اخرى/ADJ
الناحية/NOUN,الشرعية/ADJ,الإسلامية/ADJ
نواب/NOUN,يمينيون/ADJ,اخرون/ADJ
المرجعية/NOUN,الإسلامية/ADJ,الكبرى/ADJ
المؤسسة/NOUN,الدينية/ADJ,المصرية/ADJ
وزير/NOUN,الداخلية/ADJ,الفرنسي/ADJ
الشارات/NOUN,الدينية/ADJ,البارزة/ADJ
وزير/NOUN,الداخلية/ADJ,الفرنسي/ADJ
الاماكن/NOUN,المقدسة/ADJ,الرئيسية/ADJ
الجولان/NOUN,السوري/ADJ,المحتل/ADJ
التصريحات/NOUN,الإسرائيلية/ADJ,السابقة/ADJ
الرئيس/NOUN,السوري/ADJ,الراحل/ADJ
جهات/NOUN,استخباراتية/ADJ,إسرائيلية/ADJ
موقفاً/NOUN,سورياً/ADJ,شاملاً/ADJ
مصادر/NOUN,دبلوماسية/ADJ,عربية/ADJ
الأيام/NOUN,القليلة/ADJ,الماضية/ADJ
قائد/NOUN,عسكري/ADJ,إسرائيلي/ADJ
لجنة/NOUN,وزارية/ADJ,إسرائيلية/ADJ
أداء/NOUN,مالي/ADJ,قوي/ADJ
نتائج/NOUN,مالية/ADJ,قوية/ADJ
التدفقات/NOUN,التجارية/ADJ,التقليدية/ADJ
التدفقات/NOUN,التجارية/ADJ,التقليدية/ADJ
التدفقات/NOUN,التجارية/ADJ,التقليدية/ADJ
الاتحاد/NOUN,السوفييتي/ADJ,السابق/ADJ
الجهات/NOUN,المعنية/ADJ,المصرية/ADJ
الصادرات/NOUN,الصناعية/ADJ,المصرية/ADJ
المشاورات/NOUN,المصرية/ADJ,الأوروبية/ADJ
المشاركة/NOUN,المصرية/ADJ,الأوروبية/ADJ
الولايات/NOUN,المتحدة/ADJ,الأمريكية/ADJ
المعرض/NOUN,الدولي/ADJ,الأول/ADJ
الجهاز/NOUN,المركزي/ADJ,المصري/ADJ
الولايات/NOUN,المتحدة/ADJ,الأمريكية/ADJ
الأسابيع/NOUN,القليلة/ADJ,الماضية/ADJ
شركة/NOUN,هندية/ADJ,كبرى/ADJ
شركة/NOUN,عالمية/ADJ,أخرى/ADJ
وزارة/NOUN,الداخلية/ADJ,الاسرائيلية/ADJ
أصول/NOUN,مصرية/ADJ,عامة/ADJ
الغاز/NOUN,الطبيعي/ADJ,المصري/ADJ
السياسة/NOUN,السعرية/ADJ,الحالية/ADJ
الاستجوابات/NOUN,الأخرى/ADJ,المقدمة/ADJ
انتصار/NOUN,دبلوماسي/ADJ,كبير/ADJ
البحر/NOUN,الأبيض/ADJ,المتوسط/ADJ
أفكار/NOUN,سلمية/ADJ,حقيقية/ADJ
السنة/NOUN,الميلادية/ADJ,الجديدة/ADJ
العلاقات/NOUN,الاقتصادية/ADJ,الثنائية/ADJ
الجانب/NOUN,الاقتصادي/ADJ,المهم/ADJ
تعويض/NOUN,اليهود/ADJ,مالياً/ADJ
المؤتمر/NOUN,الوطني/ADJ,العراقي/ADJ
الرئيس/NOUN,العراقي/ADJ,السابق/ADJ
الرئيس/NOUN,العراقي/ADJ,السابق/ADJ
المؤتمر/NOUN,الوطني/ADJ,العراقي/ADJ
الرئيس/NOUN,العراقي/ADJ,السابق/ADJ
الرئيس/NOUN,العراقي/ADJ,السابق/ADJ
النظام/NOUN,العراقي/ADJ,السابق/ADJ
المؤتمر/NOUN,الوطني/ADJ,العراقي/ADJ
الرئيس/NOUN,العراقي/ADJ,السابق/ADJ
البنك/NOUN,المركزي/ADJ,المصري/ADJ
الدول/NOUN,الأوروبية/ADJ,الأخرى/ADJ
الولايات/NOUN,المتحدة/ADJ,الأمريكية/ADJ
التطورات/NOUN,العالمية/ADJ,الحديثة/ADJ
الهيئة/NOUN,المصرية/ADJ,العامة/ADJ
المنطقة/NOUN,الحرة/ADJ,العامة/ADJ
الصادرات/NOUN,الزراعية/ADJ,الطازجة/ADJ
علامة/NOUN,تجارية/ADJ,مسجلة/ADJ
الشعبة/NOUN,القومية/ADJ,المصرية/ADJ
الإمكانات/NOUN,المتكاملة/ADJ,إقليمياً/ADJ
المناطق/NOUN,الحرة/ADJ,المصرية/ADJ
فنون/NOUN,إنتاجية/ADJ,متقدمة/ADJ
المناطق/NOUN,الحرة/ADJ,المصرية/ADJ
دول/NOUN,أفريقية/ADJ,عديدة/ADJ
الضفة/NOUN,الشمالية/ADJ,الشرقية/ADJ
منطقة/NOUN,حرة/ADJ,مصرية/ADJ
منطقة/NOUN,حرة/ADJ,مخصصة/ADJ
الهيئة/NOUN,المصرية/ADJ,العامة/ADJ
مناطق/NOUN,حرة/ADJ,جديدة/ADJ
المناطق/NOUN,الحرة/ADJ,الجديدة/ADJ
المناطق/NOUN,الحرة/ADJ,الجديدة/ADJ
المنطقة/NOUN,الحرة/ADJ,الجديدة/ADJ
المنطقة/NOUN,الحرة/ADJ,الجديدة/ADJ
الجمعية/NOUN,المصرية/ADJ,البريطانية/ADJ
المشاركة/NOUN,المصرية/ADJ,الأوروبية/ADJ
الخطوات/NOUN,الإجرائية/ADJ,البسيطة/ADJ
رسوم/NOUN,جمركية/ADJ,جديدة/ADJ
فيلم/NOUN,تسجيلي/ADJ,تركي/ADJ
دراسة/NOUN,فنية/ADJ,اقتصادية/ADJ
تعاون/NOUN,صناعي/ADJ,إقليمي/ADJ
اتفاق/NOUN,صناعي/ADJ,إقليمي/ADJ
تعاون/NOUN,صناعي/ADJ,إقليمي/ADJ
الاجتماع/NOUN,الوزاري/ADJ,المقبل/ADJ
المشاكل/NOUN,التجارية/ADJ,المعلقة/ADJ
مؤتمر/NOUN,صحافي/ADJ,مشترك/ADJ
المملكة/NOUN,العربية/ADJ,السعودية/ADJ
خطة/NOUN,جديدة/ADJ,متكاملة/ADJ
خطة/NOUN,جديدة/ADJ,متكاملة/ADJ
المكتب/NOUN,التجاري/ADJ,المصري/ADJ
المكتب/NOUN,التجاري/ADJ,المصري/ADJ
الغرف/NOUN,التجارية/ADJ,العراقية/ADJ
الشركات/NOUN,المصرية/ADJ,المختلفة/ADJ
المكتب/NOUN,التجاري/ADJ,المصري/ADJ
دفاع/NOUN,أوربى/ADJ,مشترك/ADJ
دفاع/NOUN,أوربى/ADJ,مشترك/ADJ
سياسة/NOUN,خارجية/ADJ,مشتركة/ADJ
علامة/NOUN,تجارية/ADJ,صالحة/ADJ
علامات/NOUN,تجارية/ADJ,مشهورة/ADJ
التنوع/NOUN,الحيوى/ADJ,البحرى/ADJ
الدلفين/NOUN,الابيض/ADJ,الصينى/ADJ
الدلفين/NOUN,الابيض/ADJ,الصينى/ADJ
حكومة/NOUN,عراقية/ADJ,موقتة/ADJ
قناة/NOUN,العربية/ADJ,الفضائية/ADJ
الحزب/NOUN,الديمقراطى/ADJ,الكردستانى/ADJ
ادارة/NOUN,حكومية/ADJ,جديدة/ADJ
الولايات/NOUN,المتحدة/ADJ,الامريكية/ADJ
مؤتمر/NOUN,صحفى/ADJ,مشترك/ADJ
اتفاق/NOUN,ليبى/ADJ,جزائرى/ADJ
اللجنة/NOUN,الشعبية/ADJ,العامة/ADJ
الاستثمار/NOUN,الصناعى/ADJ,المشترك/ADJ
المصانع/NOUN,النووية/ADJ,الأمريكية/ADJ
المنظمات/NOUN,الدولية/ADJ,المختصة/ADJ
خط/NOUN,حديدى/ADJ,صينى/ADJ
الخط/NOUN,الحديدى/ADJ,الدائرى/ADJ
ملامح/NOUN,رقمية/ADJ,اصلية/ADJ
جثتين/NOUN,جافتين/ADJ,قديمتين/ADJ
جثتين/NOUN,جافتين/ADJ,قديمتين/ADJ
ملامح/NOUN,رقمية/ADJ,اصلية/ADJ
جثتين/NOUN,جافتين/ADJ,قديمتين/ADJ
ملامح/NOUN,رقمية/ADJ,اصلية/ADJ
جثتين/NOUN,جافتين/ADJ,قديمتين/ADJ
الأنسجة/NOUN,اللينة/ADJ,الجافة/ADJ
ملامح/NOUN,رقمية/ADJ,اصلية/ADJ
جثتين/NOUN,جافتين/ADJ,قديمتين/ADJ
ملامح/NOUN,رقمية/ADJ,اصلية/ADJ
جثتين/NOUN,جافتين/ADJ,قديمتين/ADJ
جثة/NOUN,جافة/ADJ,قديمة/ADJ
السلام/NOUN,الاسرائيلية/ADJ,الفلسطينية/ADJ
التشكيل/NOUN,الوزارى/ADJ,الجديد/ADJ
الفصائل/NOUN,السياسية/ADJ,الرئاسية/ADJ
قناة/NOUN,العربية/ADJ,الاخبارية/ADJ
المؤتمر/NOUN,الوطنى/ADJ,العراقى/ADJ
الحزب/NOUN,الديمقراطى/ADJ,الكردستانى/ADJ
مصادر/NOUN,عسكرية/ADJ,أمريكية/ADJ
القيادة/NOUN,المركزية/ADJ,الأمريكية/ADJ
المركز/NOUN,الوطنى/ADJ,الصينى/ADJ
المتحف/NOUN,الوطنى/ADJ,العراقى/ADJ
كتابا/NOUN,تاريخيا/ADJ,قديما/ADJ
التراث/NOUN,الشيعى/ADJ,القديم/ADJ
تعليمات/NOUN,رسمية/ADJ,صارمة/ADJ
المجموعة/NOUN,الاسيوية/ADJ,الثالثة/ADJ
المؤسسات/NOUN,الحكومية/ADJ,الصينية/ADJ
ناشط/NOUN,فلسطينى/ADJ,مطلوب/ADJ
الاسطول/NOUN,الحربي/ADJ,الروسي/ADJ
الصحراء/NOUN,الشمالية/ADJ,الكويتية/ADJ
التاريخ/NOUN,العسكري/ADJ,الحديث/ADJ
وزير/NOUN,الخارجية/ADJ,البريطانى/ADJ
مصور/NOUN,صحفي/ADJ,بريطاني/ADJ
المواقع/NOUN,العسكرية/ADJ,القريبة/ADJ
ناشط/NOUN,بريطاني/ADJ,آخر/ADJ
مصادر/NOUN,أمنية/ADJ,إسرائيلية/ADJ
الوزير/NOUN,الفرنسى/ADJ,السابق/ADJ
اليمين/NOUN,المسيحي/ADJ,الحر/ADJ
الوكالة/NOUN,الوطنية/ADJ,اللبنانية/ADJ
الوكالة/NOUN,الوطنية/ADJ,اللبنانية/ADJ
المنطقة/NOUN,الاقتصادية/ADJ,الخاصة/ADJ
مستشفى/NOUN,جديد/ADJ,خاص/ADJ
مستشفى/NOUN,ميدانيا/ADJ,عسكريا/ADJ
المكونات/NOUN,التكنولوجية/ADJ,العالية/ADJ
المناطق/NOUN,الداخلية/ADJ,الصينية/ADJ
الغواصة/NOUN,النووية/ADJ,الروسية/ADJ
التنمية/NOUN,التجارية/ADJ,المحلية/ADJ
اجراءات/NOUN,صحية/ADJ,صارمة/ADJ
الألواح/NOUN,الفولاذية/ADJ,الملونة/ADJ
ألواح/NOUN,الفولاذية/ADJ,الملونة/ADJ
الألواح/NOUN,الفولاذية/ADJ,الملونة/ADJ
مشروع/NOUN,بيئى/ADJ,شامل/ADJ
القضايا/NOUN,الافريقية/ADJ,الراهنة/ADJ
الحرب/NOUN,العالمية/ADJ,الثانية/ADJ
اللجنة/NOUN,الرباعية/ADJ,الدولية/ADJ
الولايات/NOUN,المتحدة/ADJ,الامريكية/ADJ
حركة/NOUN,دولية/ADJ,سياسية/ADJ
العمليات/NOUN,العسكرية/ADJ,الرئيسية/ADJ
مسؤولا/NOUN,كبيرا/ADJ,اخر/ADJ
العمليات/NOUN,العسكرية/ADJ,الرئيسية/ADJ
العمليات/NOUN,العسكرية/ADJ,الرئيسية/ADJ
مسؤولا/NOUN,كبيرا/ADJ,اخر/ADJ
الخدمات/NOUN,الطبية/ADJ,الأردنية/ADJ
القيادة/NOUN,المركزية/ADJ,الامريكية/ADJ
حزب/NOUN,بريطانى/ADJ,معارض/ADJ
الحزب/NOUN,الوطنى/ADJ,البريطانى/ADJ
المدير/NOUN,التنفيذى/ADJ,السابق/ADJ
الدول/NOUN,العربية/ADJ,المجاورة/ADJ
الخطوط/NOUN,الجوية/ADJ,التايلاندية/ADJ
خطوط/NOUN,جوية/ADJ,اجنبية/ADJ
الالتهاب/NOUN,الرئوى/ADJ,اللانمطى/ADJ
النشيد/NOUN,الوطني/ADJ,اللبناني/ADJ
الموظفين/NOUN,الصحيين/ADJ,المحليين/ADJ
الدول/NOUN,الصناعية/ADJ,الكبرى/ADJ
مركز/NOUN,اقتصادى/ADJ,صينى/ADJ
الالتهاب/NOUN,الرئوى/ADJ,اللانمطى/ADJ
الخيول/NOUN,العربية/ADJ,الاصيلة/ADJ
الخيول/NOUN,العربية/ADJ,الاصيلة/ADJ
النفط/NOUN,الخام/ADJ,الامريكى/ADJ
الوفد/NOUN,اللبناني/ADJ,الرسمي/ADJ
طائرة/NOUN,قتالية/ADJ,بيروفية/ADJ
الحدود/NOUN,الشمالية/ADJ,الشرقية/ADJ
مؤتمر/NOUN,صحفى/ADJ,مشترك/ADJ
مصادر/NOUN,أمنية/ADJ,إسرائيلية/ADJ
اجراءات/NOUN,امنية/ADJ,مشددة/ADJ
مؤتمر/NOUN,صحفى/ADJ,مشترك/ADJ
المؤتمر/NOUN,الصحفى/ADJ,المشترك/ADJ
الوكالة/NOUN,العربية/ADJ,السورية/ADJ
النزاع/NOUN,العربى/ADJ,الاسرائيلى/ADJ
مؤتمر/NOUN,صحفي/ADJ,مقتضب/ADJ
الحدود/NOUN,السورية/ADJ,العراقية/ADJ
الدولة/NOUN,الفلسطينية/ADJ,المستقلة/ADJ
المطالب/NOUN,الفلسطينية/ADJ,العادلة/ADJ
السلطة/NOUN,الوطنية/ADJ,الفلسطينية/ADJ
الامارات/NOUN,العربية/ADJ,المتحدة/ADJ
الحكم/NOUN,الذاتى/ADJ,الفلسطينى/ADJ
مجلسا/NOUN,امنيا/ADJ,قوميا/ADJ
الحزب/NOUN,الشيوعى/ADJ,الصينى/ADJ
التحرير/NOUN,الشعبى/ADJ,الصينى/ADJ
الإلتهاب/NOUN,الرئوى/ADJ,الحاد/ADJ
التصعيد/NOUN,العسكرى/ADJ,الإسرائيلى/ADJ
ردا/NOUN,إسرائيليا/ADJ,واضحا/ADJ
الحوار/NOUN,الوطنى/ADJ,الفلسطينى/ADJ
مصدر/NOUN,رسمى/ADJ,لبنانى/ADJ
الالتهاب/NOUN,الرئوى/ADJ,الحاد/ADJ
الغواصة/NOUN,النووية/ADJ,الروسية/ADJ
السلطات/NOUN,العسكرية/ADJ,الامريكية/ADJ
مؤتمر/NOUN,صحفى/ADJ,مشترك/ADJ
المنظمات/NOUN,الفلسطينية/ADJ,المتطرفة/ADJ
النزاع/NOUN,الفلسطينى/ADJ,الإسرائيلى/ADJ
مدينة/NOUN,مقدسة/ADJ,اخرى/ADJ
مؤتمر/NOUN,صحفى/ADJ,مشترك/ADJ
الإذاعة/NOUN,الاسرائيلية/ADJ,العامة/ADJ
الالتهاب/NOUN,الرئوى/ADJ,الحاد/ADJ
القوى/NOUN,السياسية/ADJ,العراقية/ADJ
مؤتمر/NOUN,وطني/ADJ,عراقي/ADJ
البنك/NOUN,المركزى/ADJ,المصرى/ADJ
الاستثمارات/NOUN,الاجنبية/ADJ,المباشرة/ADJ
الوفد/NOUN,اللبناني/ADJ,الرسمي/ADJ
الالتهاب/NOUN,الرئوى/ADJ,الحاد/ADJ
الحزب/NOUN,الشيوعى/ADJ,الصينى/ADJ
المشكلة/NOUN,المهمة/ADJ,الاخرى/ADJ
الاذاعة/NOUN,الاسرائيلية/ADJ,العامة/ADJ
مسؤولين/NOUN,فلسطينيين/ADJ,كبار/ADJ
السلطة/NOUN,الوطنية/ADJ,الفلسطينية/ADJ
اللجنة/NOUN,العسكرية/ADJ,المركزية/ADJ
الراديو/NOUN,النيجيرى/ADJ,المحلى/ADJ
الناطق/NOUN,الرئاسي/ADJ,السوري/ADJ
الممثل/NOUN,التجارى/ADJ,الامريكى/ADJ
التجارة/NOUN,الحرة/ADJ,الامريكية/ADJ
الغارات/NOUN,الاميركية/ADJ,البريطانية/ADJ
الالتهاب/NOUN,الرئوى/ADJ,الحاد/ADJ
مجموعات/NOUN,اسلامية/ADJ,مسلحة/ADJ
الرعاية/NOUN,الصحية/ADJ,الأساسية/ADJ
النظام/NOUN,القبرصى/ADJ,التركى/ADJ
النظام/NOUN,القبرصى/ADJ,التركى/ADJ
الشمال/NOUN,القبرصى/ADJ,التركى/ADJ
جنوب/NOUN,قبرصى/ADJ,يونانى/ADJ
شمال/NOUN,قبرصى/ADJ,تركى/ADJ
مسئول/NOUN,كردى/ADJ,عراقى/ADJ
الوحدة/NOUN,الوطنية/ADJ,العراقية/ADJ
اطراف/NOUN,خارجية/ADJ,خارجية/ADJ
المسئول/NOUN,الكردى/ADJ,العراقى/ADJ
المسئول/NOUN,الكردى/ADJ,العراقى/ADJ
ضابطا/NOUN,برتغاليا/ADJ,بارزا/ADJ
الدولة/NOUN,الفلسطينية/ADJ,المستقلة/ADJ
الحكومة/NOUN,الكردية/ADJ,الاقليمية/ADJ
حكومة/NOUN,وطنية/ADJ,عراقية/ADJ
رأسمال/NOUN,استثمارى/ADJ,مجمع/ADJ
قرار/NOUN,سياسى/ADJ,كبير/ADJ
المفوض/NOUN,الاعلى/ADJ,الهندى/ADJ
مؤتمر/NOUN,صحفى/ADJ,مشترك/ADJ
جهودا/NOUN,ديبلوماسية/ADJ,مكثفة/ADJ
الحدود/NOUN,السورية/ADJ,العراقية/ADJ
النزاع/NOUN,العربى/ADJ,الاسرائيلى/ADJ
الجولان/NOUN,السوري/ADJ,المحتل/ADJ
الاتحاد/NOUN,السوفييتي/ADJ,السابق/ADJ
موقف/NOUN,ايجابي/ADJ,سوري/ADJ
النظام/NOUN,العراقي/ADJ,المنهار/ADJ
اجراءات/NOUN,امنية/ADJ,مشددة/ADJ
الخطوط/NOUN,الجوية/ADJ,الكورية/ADJ
طائرة/NOUN,كورية/ADJ,شمالية/ADJ
التجارة/NOUN,العربية/ADJ,الحرة/ADJ
التجارة/NOUN,العربية/ADJ,الحرة/ADJ
التكامل/NOUN,التجارى/ADJ,العربى/ADJ
التجارة/NOUN,العربية/ADJ,الحرة/ADJ
المؤتمر/NOUN,الديموقراطي/ADJ,العام/ADJ
العمل/NOUN,العربى/ADJ,المشترك/ADJ
مصدرا/NOUN,دبلوماسيا/ADJ,كويتيا/ADJ
حالة/NOUN,صحية/ADJ,سيئة/ADJ
برنامج/NOUN,علاجي/ADJ,مكثف/ADJ
الخطوط/NOUN,الجوية/ADJ,البريطانية/ADJ
العلاقات/NOUN,الدبلوماسية/ADJ,الكاملة/ADJ
المفوض/NOUN,الاعلى/ADJ,الهندى/ADJ
العلاقات/NOUN,الهندية/ADJ,الباكستانية/ADJ
علاقات/NOUN,اقتصادية/ADJ,تكاملية/ADJ
القوات/NOUN,الامريكية/ADJ,المحتلة/ADJ
حكومة/NOUN,عراقية/ADJ,انتقالية/ADJ
القيادات/NOUN,العسكرية/ADJ,الامريكية/ADJ
المناطق/NOUN,الجنوبية/ADJ,الشرقية/ADJ
الشمال/NOUN,القبرصى/ADJ,التركى/ADJ
مسئول/NOUN,عسكرى/ADJ,كبير/ADJ
اللجنة/NOUN,العسكرية/ADJ,المركزية/ADJ
الالتهاب/NOUN,الرئوى/ADJ,الحاد/ADJ
الحزب/NOUN,الشيوعى/ADJ,الصينى/ADJ
اللجنة/NOUN,العسكرية/ADJ,المركزية/ADJ
اللجنة/NOUN,العسكرية/ADJ,المركزية/ADJ
الالتهاب/NOUN,الرئوى/ADJ,الحاد/ADJ
وفد/NOUN,لبناني/ADJ,رسمي/ADJ
الحرب/NOUN,العالمية/ADJ,الثانية/ADJ
الالتهاب/NOUN,الرئوى/ADJ,الحاد/ADJ
القيادة/NOUN,المركزية/ADJ,الأمريكية/ADJ
مسار/NOUN,ديمقراطى/ADJ,جديد/ADJ
مصدر/NOUN,رسمي/ADJ,ليبي/ADJ
الرأى/NOUN,العام/ADJ,العالمى/ADJ
الرئيس/NOUN,الايرانى/ADJ,السابق/ADJ
السلطة/NOUN,الامريكية/ADJ,البريطانية/ADJ
سلطة/NOUN,عراقية/ADJ,مؤقتة/ADJ
دورا/NOUN,استشاريا/ADJ,محدودا/ADJ
القوات/NOUN,المسلحة/ADJ,الوطنية/ADJ
القوات/NOUN,المسلحة/ADJ,الوطنية/ADJ
الاغراض/NOUN,المدنية/ADJ,الاخرى/ADJ
محاسب/NOUN,عام/ADJ,مستقل/ADJ
الممتلكات/NOUN,الثقافية/ADJ,العراقية/ADJ
الشعب/NOUN,العراقى/ADJ,البريء/ADJ
اتحادا/NOUN,اوربيا/ADJ,قويا/ADJ
المنتدى/NOUN,الاقتصادى/ADJ,العالمى/ADJ
الوجود/NOUN,العسكرى/ADJ,الامريكى/ADJ
القوات/NOUN,المسلحة/ADJ,السعودية/ADJ
رعاية/NOUN,طبية/ADJ,مكثفة/ADJ
المستشفى/NOUN,السعودى/ADJ,الميدانى/ADJ
المملكة/NOUN,العربية/ADJ,السعودية/ADJ
المملكة/NOUN,العربية/ADJ,السعودية/ADJ
المملكة/NOUN,الاردنية/ADJ,الهاشمية/ADJ
الخدمات/NOUN,الصحية/ADJ,الملائمة/ADJ
وزير/NOUN,الخارجية/ADJ,الامريكى/ADJ
وطن/NOUN,قومى/ADJ,مستقل/ADJ
حكم/NOUN,ذاتى/ADJ,اقليمى/ADJ
الالتهاب/NOUN,الرئوى/ADJ,الحاد/ADJ
الاسابيع/NOUN,القليلة/ADJ,الماضية/ADJ
المصالح/NOUN,التكنولوجية/ADJ,الاساسية/ADJ
الالتهاب/NOUN,الرئوى/ADJ,الحاد/ADJ
الحركات/NOUN,الانفصالية/ADJ,المسلحة/ADJ
المنشآت/NOUN,المدنية/ADJ,الاساسية/ADJ
الشركات/NOUN,الامريكية/ADJ,العالمية/ADJ
المياه/NOUN,الاقليمية/ADJ,الماليزية/ADJ
جماعات/NOUN,متمردة/ADJ,اسلامية/ADJ
دولة/NOUN,فلسطينية/ADJ,مستقلة/ADJ
الحكومة/NOUN,الفلسطينية/ADJ,الجديدة/ADJ
مؤتمر/NOUN,صحفى/ADJ,مشترك/ADJ
السلطة/NOUN,الوطنية/ADJ,الفلسطينية/ADJ
الغارات/NOUN,الاميركية/ADJ,البريطانية/ADJ
البعثات/NOUN,الدبلوماسية/ADJ,العربية/ADJ
بيانات/NOUN,رسمية/ADJ,عراقية/ADJ
وزير/NOUN,الداخلية/ADJ,الروسي/ADJ
مناطق/NOUN,روسية/ADJ,اخرى/ADJ
الغواصة/NOUN,النووية/ADJ,الروسية/ADJ
الحرب/NOUN,العالمية/ADJ,الثانية/ADJ
الحملة/NOUN,الروسية/ADJ,الاولى/ADJ
قوة/NOUN,بحرية/ADJ,عظمى/ADJ
حملة/NOUN,دبلوماسية/ADJ,مضادة/ADJ
الحركات/NOUN,الاسلامية/ADJ,المسلحة/ADJ
محادثات/NOUN,مصرية/ADJ,فلسطينية/ADJ
المجلس/NOUN,التشريعي/ADJ,الفلسطيني/ADJ
مصدر/NOUN,فلسطيني/ADJ,رسمي/ADJ
الايام/NOUN,القريبة/ADJ,القادمة/ADJ
الخطوط/NOUN,الجوية/ADJ,البريطانية/ADJ
الخطوط/NOUN,الجوية/ADJ,البريطانية/ADJ
المعلومات/NOUN,الاخيرة/ADJ,المتوافرة/ADJ
الطيران/NOUN,المدني/ADJ,البريطاني/ADJ
الخطوط/NOUN,الجوية/ADJ,الفرنسية/ADJ
المفاوض/NOUN,الحكومي/ADJ,الفيليبيني/ADJ
وفد/NOUN,لبناني/ADJ,رسمي/ADJ
مؤتمر/NOUN,صحافي/ADJ,مشترك/ADJ
الحركات/NOUN,الاسلامية/ADJ,المسلحة/ADJ
البرلمان/NOUN,الصومالي/ADJ,الانتقالي/ADJ
الحمض/NOUN,الريبي/ADJ,النووي/ADJ
المملكة/NOUN,العربية/ADJ,السعودية/ADJ
المرشح/NOUN,الجمهوري/ADJ,الاميركي/ADJ
الدولة/NOUN,الفلسطينية/ADJ,المستقبلية/ADJ
خط/NOUN,استراتيجي/ADJ,دفاعي/ADJ
وزير/NOUN,الداخلية/ADJ,السعودي/ADJ
وزير/NOUN,الداخلية/ADJ,السعودي/ADJ
وزير/NOUN,الداخلية/ADJ,اليمني/ADJ
لجنة/NOUN,عسكرية/ADJ,مشتركة/ADJ
الخطوط/NOUN,الجوية/ADJ,الكورية/ADJ
طائرة/NOUN,كورية/ADJ,شمالية/ADJ
الشيء/NOUN,الوحيد/ADJ,الجلي/ADJ
بادرة/NOUN,سياسية/ADJ,قوية/ADJ
مصدر/NOUN,لبناني/ADJ,رسمي/ADJ
الرئيس/NOUN,الكوري/ADJ,الجنوبي/ADJ
صعوبات/NOUN,اقتصادية/ADJ,محددة/ADJ
ناطق/NOUN,عسكري/ADJ,عراقي/ADJ
بيانات/NOUN,عراقية/ADJ,رسمية/ADJ
الاذاعة/NOUN,الاسرائيلية/ADJ,العامة/ADJ
الرقم/NOUN,القياسي/ADJ,العالمي/ADJ
البطولة/NOUN,الدولية/ADJ,الودية/ADJ
منطقة/NOUN,عسكرية/ADJ,مقفلة/ADJ
مصدر/NOUN,امني/ADJ,فلسطيني/ADJ
الامن/NOUN,الوطني/ADJ,الفلسطيني/ADJ
الانتخاب/NOUN,الحر/ADJ,النزيه/ADJ
المجلس/NOUN,المركزي/ADJ,الفلسطيني/ADJ
الدولة/NOUN,الفلسطينية/ADJ,المستقلة/ADJ
المعدل/NOUN,الوطني/ADJ,العام/ADJ
المعدل/NOUN,الوطني/ADJ,العام/ADJ
الناتج/NOUN,المحلي/ADJ,الإجمالي/ADJ
حاسوب/NOUN,محمول/ADJ,منزلي/ADJ
جهازاً/NOUN,عصبياً/ADJ,مترابط/ADJ
شيءٌ/NOUN,آخر/ADJ,خلاق/ADJ
أمر/NOUN,مساعدٌ/ADJ,آخر/ADJ
أعباء/NOUN,مالية/ADJ,جديدة/ADJ
وكالة/NOUN,استشارية/ADJ,أمريكية/ADJ
الهتافات/NOUN,العائلية/ADJ,الصاخبة/ADJ
الدراما/NOUN,الاجتماعية/ADJ,القاسية/ADJ
الهدف/NOUN,السهل/ADJ,الجديد/ADJ
التصويت/NOUN,الشخصي/ADJ,المبكر/ADJ
تدابير/NOUN,تكنولوجية/ADJ,بسيطة/ADJ
نزعة/NOUN,جماعية/ADJ,أكبر/ADJ
الخطوط/NOUN,الجوية/ADJ,الدولية/ADJ
الخطوط/NOUN,الجوية/ADJ,البريطانية/ADJ
نمواً/NOUN,اقتصادياً/ADJ,أكبر/ADJ
الأبنية/NOUN,الحديثة/ADJ,الشاهقة/ADJ
المدن/NOUN,الإغريقية/ADJ,الساحلية/ADJ
حماية/NOUN,فرنسية/ADJ,محدودة/ADJ
بيانات/NOUN,مناخية/ADJ,إجمالية/ADJ
القبائل/NOUN,السلافية/ADJ,الكبرى/ADJ
القرن/NOUN,السادس/ADJ,الميلادي/ADJ
تاريخاً/NOUN,لغوياً/ADJ,مختلفاً/ADJ
الصفائح/NOUN,التكتونية/ADJ,الأرضية/ADJ
لديانات/NOUN,الأفريقية/ADJ,التقليدية/ADJ
الجزر/NOUN,الصخرية/ADJ,الصغيرة/ADJ
الجيش/NOUN,الألماني/ADJ,المتقدم/ADJ
الرأي/NOUN,العام/ADJ,الدنماركي/ADJ
مناخٍ/NOUN,متوسطيٍ/ADJ,معتدل/ADJ
القطع/NOUN,العسكرية/ADJ,الأخرى/ADJ
المناطق/NOUN,المنخفضة/ADJ,الأوروبية/ADJ
المناطق/NOUN,الأوروبية/ADJ,المنخفضة/ADJ
أنهارٌ/NOUN,أوروبية/ADJ,كبرى/ADJ
النظام/NOUN,البيئي/ADJ,السليم/ADJ
المناطق/NOUN,الطبيعة/ADJ,المحيطة/ADJ
السنوات/NOUN,الخمسين/ADJ,الماضية/ADJ
سكانٌ/NOUN,أستراليون/ADJ,أصليون/ADJ
الناتج/NOUN,الإجمالي/ADJ,الصناعي/ADJ
اسماً/NOUN,بديلاً/ADJ,شائعاً/ADJ
الزحف/NOUN,العمراني/ADJ,الكبير/ADJ
النمو/NOUN,السكاني/ADJ,السريع/ADJ
الاقتصاد/NOUN,الكوري/ADJ,الجنوبي/ADJ
خطأً/NOUN,تكتيكياً/ADJ,فادحاً/ADJ
الدراسة/NOUN,البحثية/ADJ,الأولى/ADJ
أحجار/NOUN,كبيرة/ADJ,واقفة/ADJ
حوض/NOUN,حجري/ADJ,كبير/ADJ
إشارة/NOUN,تاريخية/ADJ,معروفة/ADJ
السنة/NOUN,الصينية/ADJ,الجديدة/ADJ
برنامج/NOUN,تلفزيوني/ADJ,ياباني/ADJ
الإمبراطور/NOUN,الروماني/ADJ,المقدس/ADJ
أدلة/NOUN,ظنية/ADJ,داعمة/ADJ
الثورة/NOUN,العربية/ADJ,الكبرى/ADJ
المحطة/NOUN,الفضائية/ADJ,الدولية/ADJ
جيشاً/NOUN,مقدونياً/ADJ,كبيراً/ADJ
النمو/NOUN,الاقتصادي/ADJ,الكبير/ADJ
الأراضي/NOUN,الزراعية/ADJ,الجيدة/ADJ
الجبهات/NOUN,الأمامية/ADJ,الثابتة/ADJ
الأصل/NOUN,الآسيوي/ADJ,الجنوبي/ADJ
احتفاءٌ/NOUN,شعبيٌ/ADJ,زائدٌ/ADJ
شاشاتٍ/NOUN,دقيقة/ADJ,خاصة/ADJ
أحياءٌ/NOUN,سكنية/ADJ,جديدة/ADJ
تماثيل/NOUN,أخرى/ADJ,مصغرة/ADJ
المسرحيات/NOUN,الغنائية/ADJ,الضخمة/ADJ
قصة/NOUN,جانبية/ADJ,مفصلة/ADJ
الفيلم/NOUN,الكوميدي/ADJ,البريطاني/ADJ
الدورة/NOUN,الانتخابية/ADJ,التالية/ADJ
القوى/NOUN,العظمى/ADJ,الست/ADJ
معتقدات/NOUN,دينية/ADJ,راسخة/ADJ
الحمض/NOUN,النووي/ADJ,الريبي/ADJ
التراث/NOUN,الطبيعي/ADJ,الوطني/ADJ
السنوات/NOUN,العشرين/ADJ,الماضية/ADJ
الحمض/NOUN,النووي/ADJ,الريبي/ADJ
السنوات/NOUN,الست/ADJ,الماضية/ADJ
الدوائر/NOUN,الانتخابية/ADJ,السبع/ADJ
ألعاب/NOUN,أولمبية/ADJ,دولية/ADJ
القوى/NOUN,الاستعمارية/ADJ,القديمة/ADJ
الدول/NOUN,الكبيرة/ADJ,الجديدة/ADJ
الفالق/NOUN,الهندي/ADJ,الأسترالي/ADJ
قطيع/NOUN,ملكي/ADJ,كبير/ADJ
الجزء/NOUN,الشمالي/ADJ,الشرقي/ADJ
المصليات/NOUN,الكنسية/ADJ,الجانبية/ADJ
مصليات/NOUN,كنسية/ADJ,متوازية/ADJ
الإسبانية/NOUN,الحديثة/ADJ,المبكرة/ADJ
نجاحاً/NOUN,كبيراً/ADJ,آخر/ADJ
