սոցիալական/ADJ,որոշակի/ADJ,անարդարության/NOUN
համահարթ/ADJ,եկամտային/ADJ,հարկ/NOUN
հանրային/ADJ,մեծ/ADJ,ուշադրության/NOUN
ընդհանուր/ADJ,հարկային/ADJ,օրենսգրքի/NOUN
կարճ/ADJ,պինդ/ADJ,մատներով/NOUN
շարային/ADJ,հատուկ/ADJ,առաջադրանքների/NOUN
ընդհանուր/ADJ,անձնային/ADJ,հատկանիշներ/NOUN
անկենդան/ADJ,օտար/ADJ,կոկոնների/NOUN
ժամանակակից/ADJ,ինդուստրիալ/ADJ,հանրությունը/NOUN
փակ/ADJ,բաժնետիրական/ADJ,ընկերության/NOUN
փակ/ADJ,բաժնետիրական/ADJ,ընկերությունը/NOUN
պետական/ADJ,սիմֆոնիկ/ADJ,նվագախմբի/NOUN
Հայ/ADJ,կոմպոզիտորական/ADJ,արվեստի/NOUN
Հայ/ADJ,կոմպոզիտորական/ADJ,արվեստի/NOUN
նախորդ/ADJ,սիմֆոնիկ/ADJ,համերգը/NOUN
Հայ/ADJ,կոմպոզիտորական/ADJ,արվեստի/NOUN
պետական/ADJ,սիմֆոնիկ/ADJ,նվագախումբը/NOUN
պետական/ADJ,սիմֆոնիկ/ADJ,նվագախմբին/NOUN
պետական/ADJ,սիմֆոնիկ/ADJ,նվագախումբն/NOUN
հայ/ADJ,կոմպոզիտորական/ADJ,դպրոցում/NOUN
պետական/ADJ,սիմֆոնիկ/ADJ,նվագախումբը/NOUN
Հայ/ADJ,կոմպոզիտորական/ADJ,արվեստի/NOUN
ներքին/ADJ,արժութային/ADJ,շուկայի/NOUN
ներքաղաքական/ADJ,վերջին/ADJ,իրադարձությունների/NOUN
նոր/ADJ,ներդրումային/ADJ,ծրագրեր/NOUN
արտաքին/ADJ,ֆինանսական/ADJ,փոխանցումները/NOUN
տարադրամային/ADJ,հավելյալ/ADJ,կորուստները/NOUN
արտաքին/ADJ,ֆինանսական/ADJ,պարտավորությունների/NOUN
զանազան/ADJ,էքստրեմալ/ADJ,խաղերի/NOUN
ամենախոշոր/ADJ,բարձրակատար/ADJ,կոկորդիլոսին/NOUN
նախկին/ADJ,գլխավոր/ADJ,մարզիչ/NOUN
աննախադեպ/ADJ,լայնամասշտաբ/ADJ,կուտակումերն/NOUN
նոր/ADJ,ռազմական/ADJ,գործողություններ/NOUN
վերոհիշյալ/ADJ,ագրեսիվ/ADJ,սպառնալիքները/NOUN
միջազգային/ADJ,աղմկոտ/ADJ,անտարբերությունը/NOUN
հարավկովկասյան/ADJ,բարդ/ADJ,տարածաշրջանում/NOUN
հոբելյանական/ADJ,միջազգային/ADJ,կինոփառատոնն/NOUN
Սրբազան/ADJ,օղակաձև/ADJ,ճանապարհը/NOUN
պաշտոնազուրկ/ADJ,նախկին/ADJ,իշխանավորներ/NOUN
հայկական/ADJ,քաղաքական/ADJ,համակարգի/NOUN
ազատական/ADJ,ժողովրդավար/ADJ,գաղափարները/NOUN
յուրահատուկ/ADJ,ծպտյալ/ADJ,եղանակով/NOUN
ամենավտանգավոր/ADJ,արտաքին/ADJ,ուժի/NOUN
նոր/ADJ,քաղաքական/ADJ,սերունդ/NOUN
նոր/ADJ,մասնագիտական/ADJ,սերունդ/NOUN
լուրջ/ADJ,գաղափարական/ADJ,բախումներ/NOUN
տասնօրյա/ADJ,բարեհաջող/ADJ,նավարկությունից/NOUN
զինվորական/ADJ,փայլուն/ADJ,կրթություն/NOUN
կարավանային/ADJ,բանուկ/ADJ,ճանապարհից/NOUN
պալատական/ADJ,խաղաղ/ADJ,կյանքին/NOUN
Գևորգյան/ADJ,հոգևոր/ADJ,ճեմարանի/NOUN
Արարատյան/ADJ,նախամեծար/ADJ,Աթոռի/NOUN
ներկա/ADJ,հավատավոր/ADJ,ժողովուրդն/NOUN
հրաշալի/ADJ,դերասանական/ADJ,կազմ/NOUN
ժամանակակից/ADJ,ռեակտիվ/ADJ,ինքնաթիռներով/NOUN
ճանապարհորդական/ADJ,թեթև/ADJ,պայուսակներից/NOUN
կարող/ADJ,քաղաքական/ADJ,ուժ/NOUN
հայոց/ADJ,արքայական/ADJ,տոհմերից/NOUN
հրեղեն/ADJ,սպիտակ/ADJ,ձիով/NOUN
առափնյա/ADJ,մունջ/ADJ,ժայռերի/NOUN
անվանի/ADJ,հայ/ADJ,գրող/NOUN
Ազգային/ADJ,վիճակագրական/ADJ,ծառայության/NOUN
խոշոր/ADJ,առևտրային/ADJ,գործընկերը/NOUN
կանաչ/ADJ,շալ/ADJ,կտորը/NOUN
կանաչ/ADJ,շալ/ADJ,կտորը/NOUN
միամիտ/ADJ,հայ/ADJ,ժողովուրդ/NOUN
գերեզմանակուր/ADJ,վաղնջական/ADJ,աշխարհի/NOUN
կուտակային/ADJ,կենսաթոշակային/ADJ,համակարգը/NOUN
զգալի/ADJ,բացասական/ADJ,ազդեցություն/NOUN
կանոնավոր/ADJ,կառուցվածքային/ADJ,բարեփոխումներ/NOUN
կայուն/ADJ,տնտեսական/ADJ,աճ/NOUN
ռազմական/ADJ,լայնածավալ/ADJ,բախման/NOUN
ռազմական/ADJ,փոխադարձ/ADJ,հարվածների/NOUN
կոնսենսուսային/ADJ,բացառիկ/ADJ,իրավիճակի/NOUN
պետական/ADJ,էֆեկտիվ/ADJ,քաղաքականության/NOUN
կարճ/ADJ,վավերագրական/ADJ,ֆիլմ/NOUN
ներառական/ADJ,պարային/ADJ,ներկայացում/NOUN
բնապահպանական/ADJ,առաջին/ADJ,ցույցից/NOUN
առաջին/ADJ,էկոլոգիական/ADJ,ցույցը/NOUN
Առաջին/ADJ,բնապահպանական/ADJ,ցույցին/NOUN
խորհրդային/ADJ,հայ/ADJ,ժողովուրդը/NOUN
հողային/ADJ,արդարացի/ADJ,պահանջը/NOUN
արգանդային/ADJ,անդարդ/ADJ,կայֆերին/NOUN
եզակի/ADJ,խոշոր/ADJ,նախագծերից/NOUN
նոր/ADJ,տարանցիկ/ADJ,գազամուղի/NOUN
տնտեսական/ADJ,վատ/ADJ,վիճակն/NOUN
վարկային/ADJ,հավելյալ/ADJ,բեռի/NOUN
ամերիկյան/ADJ,ռազմական/ADJ,ներկայությունը/NOUN
ռազմավարական/ADJ,կարևոր/ADJ,դիրքերի/NOUN
ղարաբաղյան/ADJ,հնարավոր/ADJ,կարգավորման/NOUN
քաղաքական/ADJ,ընդհանուր/ADJ,գործընթացի/NOUN
կարևոր/ADJ,քաղաքական/ADJ,ռեսուրս/NOUN
հետևյալ/ADJ,քաղաքական/ADJ,խնդիրները/NOUN
արտաքին/ADJ,շահագրգիռ/ADJ,կողմերի/NOUN
հայկական/ADJ,քաղաքական/ADJ,կուսակցությունների/NOUN
օտարերկրյա/ADJ,իրավաբանական/ADJ,անձանց/NOUN
սեփական/ADJ,երկար/ADJ,եղունգներով/NOUN
ազգային/ADJ,վիճակագրական/ADJ,ծառայության/NOUN
լատինական/ADJ,ծեծված/ADJ,ասացվածքներ/NOUN
նախկին/ADJ,դաժան/ADJ,արքաների/NOUN
հակաքարոզչական/ADJ,զանգվածային/ADJ,հաղորդումներ/NOUN
ֆրանսիական/ADJ,սահմանադրաիրավական/ADJ,պրակտիկայում/NOUN
նախագահական/ADJ,նոր/ADJ,ընտրությունների/NOUN
ընտրական/ADJ,հետագա/ADJ,գործընթացներին/NOUN
հակաքարոզչական/ADJ,զանգվածային/ADJ,հաղորդումներ/NOUN
Կենտրոնական/ADJ,ընտրական/ADJ,հանձնաժողովն/NOUN
կենտրոնական/ADJ,ընտրական/ADJ,հանձնաժողովը/NOUN
կենտրոնական/ADJ,ընտրական/ADJ,հանձնաժողովից/NOUN
կենտրոնական/ADJ,ընտրական/ADJ,հանձնաժողով/NOUN
կենտրոնական/ADJ,ընտրական/ADJ,հանձնաժողովի/NOUN
ցանկացած/ADJ,ձևական/ADJ,մոտեցում/NOUN
զինվորական/ADJ,սուրհանդակափոստային/ADJ,կապի/NOUN
զինվորական/ADJ,սուրհանդակափոստային/ADJ,կապի/NOUN
Նորմատիվ/ADJ,իրավական/ADJ,ակտերի/NOUN
Նորմատիվ/ADJ,իրավական/ADJ,ակտերի/NOUN
հետագա/ADJ,ծանր/ADJ,հանցագործությունների/NOUN
հսկայական/ADJ,երաժշտական/ADJ,կենտրոնը/NOUN
կապտասև/ADJ,մեծ/ADJ,ճաք/NOUN
վիթխարի/ADJ,սև/ADJ,ագռավ/NOUN
Նոր/ADJ,եկեղեցական/ADJ,երկնաքերը/NOUN
մարդասիրական/ADJ,մասնագիտական/ADJ,օժանդակություն/NOUN
հումանիտար/ADJ,ծանր/ADJ,վիճակը/NOUN
մեծաթիվ/ADJ,հայկական/ADJ,համայնքի/NOUN
մարդասիրական/ADJ,մասնագիտական/ADJ,օժանդակություն/NOUN
ներառական/ADJ,տնտեսական/ADJ,աճի/NOUN
Հայ/ADJ,Հեղափոխական/ADJ,Դաշնակցության/NOUN
33-րդ/ADJ,Ընդհանուր/ADJ,ժողովի/NOUN
պատմական/ADJ,մեծ/ADJ,ուղի/NOUN
Հայ/ADJ,Հեղափոխական/ADJ,Դաշնակցության/NOUN
33-րդ/ADJ,Ընդհանուր/ADJ,ժողովից/NOUN
տարբեր/ADJ,ներդրումային/ADJ,ծրագրերի/NOUN
խոշոր/ADJ,ներդրումային/ADJ,ծրագիր/NOUN
շվեյցարահայ/ADJ,հայտնի/ADJ,գործարար/NOUN
բազմաթիվ/ADJ,արհեստագործական/ADJ,ուսումնարանները/NOUN
երևանցի/ADJ,բազմահազար/ADJ,ջահելները/NOUN
աշխատանքային/ADJ,անհատական/ADJ,պլան/NOUN
բազմահազարանոց/ADJ,երևանյան/ADJ,բանակի/NOUN
հեռավոր/ADJ,նախապատերազմյան/ADJ,ժամանակներում/NOUN
հոբելյանական/ADJ,շքեղ/ADJ,հրատարակությունը/NOUN
սեփական/ADJ,մեծ/ADJ,ընտանիքը/NOUN
ալեխառը/ADJ,խիտ/ADJ,մազերով/NOUN
ծառայողական/ADJ,մեծ/ADJ,գլխարկը/NOUN
գյուղական/ADJ,անվարձ/ADJ,մշակությունը/NOUN
կոլխոզային/ADJ,օրինակելի/ADJ,կանոնադրությանը/NOUN
թափանցիկ/ADJ,կապույտ/ADJ,երակի/NOUN
թափանցիկ/ADJ,կապույտ/ADJ,երակը/NOUN
պատկառելի/ADJ,հայ/ADJ,համայնք/NOUN
ընտրական/ADJ,երկրորդ/ADJ,փուլը/NOUN
ֆինանսական/ADJ,ծանր/ADJ,իրավիճակը/NOUN
իրական/ADJ,բասկետբոլային/ADJ,բում/NOUN
