count,awf,nwf
1,bagama,nɔgɔ
1,belebele,ba
1,belebelew,yɛlɛma
1,caman,cèkòròbaw
1,caman,dumuni
1,caman,dògò
1,caman,fèn
1,caman,lògò
1,caman,maa
2,caman,san
1,caman,tile
1,camanba,jègè
1,camanba,kògò
1,camanba,tulu
1,duman,dugu
1,duman,dumuni
1,filanan,dugu
1,fòlò,dugu
1,girinba,fèn
2,jalan,kolo
1,jalan,kolokuru
1,jalan,kolokurun
1,jalenba,cangara
1,janba,bere
1,jelenba,genju
1,jugu,baramuso
1,jugu,sinamuso
1,kegunman,cÈnin
1,kolon,kungo
2,kura,ko
1,kèndè,unhun
4,kènè,mininyan
2,kènè,siginònò
6,kènè,unhun
1,kònòma,muso
1,mènèmènè,tasuma
1,nyanama,mininyan
1,nyanama,suruku
1,nyuman,den
1,nyuman,jeli
1,nyumanba,so
1,nyumannin,dulòki
1,nyumannin,lemurusun
1,nyumannin,muru
1,nyumannin,sungurun
2,nyumannin,to
1,sigilen,kòròkè
2,sèbè,terikè
1,ɲuman,den
