count,awf,nwf
1,aberatsa,familia
2,aberatsak,helburu
1,aberatsetik,mendebalde
1,abertzalea,alderdi
1,abertzalea,baliabide
1,abertzalea,sindikatu
1,abertzaleak,alderdi
1,abertzaleak,eskuinkada
1,abertzaleak,ikasle
1,abertzaleak,sindikatu
1,abertzaleak,talde
1,abertzalean,ezker
2,abertzaleei,alderdi
1,abertzaleek,alderdi
1,aborigenei,kultura
1,absolutua,gehiengo
1,absolutuetan,balio
1,adierazgarriari,balio
1,adierazgarriari,begiekin
1,adierazgarriena,aztarnarik
1,adierazkorra,zentzu
1,afrikar,emigranteen
1,afrikarrek,atleta
1,ageria,asmo
2,ahozko,akordio
1,ahula,krema-okre
1,ahulagoa,talde
1,ahulena,kolorerik
1,ahulena,ostean
1,aipagarria,lan
1,aitorrezinak,helburu
1,aktiboa,sasoi
1,akustiko-musikal,ikuspegi
1,alaiagoa,aurpegi
1,alaiagoa,uste
1,alaiegia,garraioa
1,alaiegia,joko
1,albaniarrez,iheslari
1,alderantzizko,blokeoan
1,alderantzizko,joera
1,alderantzizko,polaritatea
1,alderantzizko,polarizazioan
1,alderantzizko,sindikatuko
1,alderanztaile,konparadore
1,alderanztailea,harri
1,alderanztailea,konparadore
1,alderdikoi,helburu
1,alderdikoiak,irizpide
1,aleman,hedabideak
1,alemana,erreforma
1,alemana,genio
1,alemaniar,langile
1,alemaniarra,ama
1,alemaniarrak,igerilari
1,alferreko,itzuli
1,algeriarra,etorkizunerako
1,alkaueteari,paper-mutur
1,alkoholdunak,edari
1,altu,maila
1,altuaz,maila
1,altuek,tasa
1,altuenean,burtsan
1,altuenean,mailarik
1,altuenera,maila
1,altuenetara,kargu
1,amerikar,pentsalari
1,amerikarra,elkarbizitza
1,amerikarra,maiatzean
1,amerikarra,pibot
1,andoaindar,asmoa
1,andoaindar,bertsolariak
1,angeluzuzena,oinalde
1,antisozialena,programa
2,antiterrorista,lege
1,antzeko,barbakoa
1,antzeko,basakeriekin
1,antzeko,gertakaririk
1,antzeko,iritziak
1,antzeko,jokaldi
1,antzeko,lantegi
1,antzeko,proiektuak
1,apaingarri,elementu
1,apaingarriz,azulejo
1,apala,igandeko
2,apala,talde
1,apala,zaharren
1,apalagoa,talde
1,apalari,talde
1,aparta,arlo
1,aparta,dohain
1,aparta,erakustaldi
1,aparta,etorkizun
1,aparta,ikuskizun
1,aparta,indar
1,aparta,korrikaldi
1,aparta,lider
1,apartak,aukera
1,apartak,etorkizuneko
1,apartak,jokalari
1,aparteko,ustekaberik
1,aproposa,aukera
1,aproposena,aurkaririk
1,aproposena,estatu
1,aproposena,pertsonarik
1,aproposenean,lekurik
1,aproposenean,momenturik
1,aproposenetan,unerik
1,arabarrak,gimnasta
1,arabarrak,korrikalari
1,arabiar,arkitekturan
1,arabiar,ertzainentzat
1,arabiar,eskuduntzak
1,arabiar,herrialde
1,arabiar,herritar
1,arabiarrak,politikari
1,arabiarreko,liga
1,arauzko,denbora
1,arauzko,proposamena
1,argazkidun,afitxez
1,argazkidun,egunetik
1,argentinar,jokalari
1,argentinarrak,jokalari
1,argi,gizon
1,argi,irtenbiderako
1,argi,mezu
1,argia,adierazle
1,argia,helburu
1,argia,jarrera
1,argia,prezioa
1,argiagoa,abisu
1,argiak,bide
1,argiena,alderik
1,argiena,ezaugarririk
1,argiena,laurdenetako
1,arin,arau-hauste
1,arina,entrenamendu
1,arina,kristalezko
1,arina,lan
1,arina,saio
1,arinagoak,kolpe
1,arinak,intoxikazio
1,arinetan,pisu
1,arketipikoa,osagai
1,arradikalena,desafiorik
1,arrakastatsua,argitalpen
1,arrakastatsua,hazkunde
2,arraro,gauza
1,arraro,lehia
1,arraro,taldeari
1,arraroa,beldurra
1,arraroa,espezie
1,arraroak,mugimendu
1,arraroak,sentsazio
1,arrazialak,bereizketa
1,arrazista,lege
1,arrexkaz,ezkata
1,arrexkaz,izaera
1,arriskutsuak,preso
1,arriskutsuena,gizon
2,arrosa,elastiko
1,arrunt,ate
1,arrunt,gaixoa
1,arrunt,mexikar
1,arrunt,perretxiko
1,arrunta,aberia
2,arrunta,espezie
1,arrunta,ordezkapen
1,arrunta,zanbonba
1,arruntak,jantzi
1,arruntean,diodo
1,arruntean,kanporaketa
1,arruntek,karraka
2,arruntek,pertsona
1,artifizialen,su
1,asmatikoekin,kanpaikadatxo
1,aspaldiko,adiskidea
1,aspaldiko,eskakizuna
1,aspaldiko,etxeko
1,aspaldiko,lagunak
1,aspaldiko,ohitura
1,aspaldiko,ondarreko
1,aspaldiko,partidurik
1,astun,editorial
1,astun,isiltasun
1,astunetan,pisu
1,atabikoa,beharrean
1,atipikoa,aurrelari
1,atsegin,emakume
1,atsegin,neurketan
1,atzerritar,fitxa
1,atzerritar,jokalari
1,aurreneko,bihurgunean
1,aurreneko,kanaerdikoan
1,aurreneko,minutuak
1,aurreneko,partidua
1,aurreneko,partiduan
1,aurreneko,postuetan
1,aurreneko,probak
2,aurreneko,saioan
1,aurreneko,seta
1,aurrerakoiak,pertsona
1,aurretikako,errespetua
1,aurtengo,anbiguotasunaren
1,aurtengo,aurrekontuak
1,aurtengo,hilabeteetan
1,aurtengo,ikusleen
1,aurtengo,legea
1,aurtengo,ligan
1,aurtengo,soldadu
1,australiar,egile
1,australiar,gizarte
1,australiar,idazleen
2,australiar,literaturan
1,australiarra,idazle
1,australiarrak,atleta
1,australiarrek,zientzialari
1,autoktonoak,soinutresna
1,autonomikoetan,hauteskunde
1,autonomoa,gobernu
1,azkar,mugimendu
1,azkarra,lasterketa
1,azkarrean,erritmo
1,azkeneko,berdinketa
1,azkeneko,ekintzak
1,azkeneko,eskema
1,azkeneko,gobernadore
1,azkeneko,metroak
1,azkeneko,minutuetan
2,azkeneko,partidua
1,azkeneko,tea
1,azkenengo,asanbladan
1,azkenengo,kilometrotan
1,azkenengo,ministroen
1,azkenengo,multzoarentzat
1,azkenengo,musikak
1,azkenengo,nahi
1,azpimarragarriak,desberdintasun
1,baiezko,botoa
2,baiezko,erantzuna
1,baiezko,harrapaketak
1,baikorra,irakurketa
1,baionesak,jokalari
1,bakanak,zorri
1,bakar,aldea
1,bakar,alderdi
1,bakar,baloia
1,bakar,berdinketa
1,bakar,domina
1,bakar,egun
1,bakar,gatazka
1,bakar,gauza
1,bakar,kolpe
1,bakar,orri
1,bakar,talde
1,bakar,zulo
1,bakarkako,kiroletan
1,bakarra,aldaketa
1,bakarra,alde
1,bakarra,arrazoi
2,bakarra,aukera
1,bakarra,aurrelari
1,bakarra,baja
1,bakarra,barne
1,bakarra,begiak
1,bakarra,biolentzia
1,bakarra,derbiko
2,bakarra,diru
1,bakarra,entsegu
1,bakarra,era
1,bakarra,erantzule
1,bakarra,euririk
1,bakarra,garaipen
3,bakarra,gauza
1,bakarra,gol
2,bakarra,hautagai
4,bakarra,helburu
1,bakarra,helburua
2,bakarra,irtenbide
1,bakarra,iturri
1,bakarra,jokalari
1,bakarra,modalitate
1,bakarra,modu
1,bakarra,nafarrek
1,bakarra,neurri
1,bakarra,obra
1,bakarra,ohe-armazoi
1,bakarra,osagai
1,bakarra,ostean
1,bakarra,partidu
1,bakarra,ponentzia
1,bakarra,proba
3,bakarra,puntu
1,bakarra,seinale
1,bakarra,talde
1,bakarra,taldeak
1,bakarra,telebista
1,bakarra,titulua
1,bakarra,xede
1,bakarra,zalantza
1,bakarrak,gailu
2,bakarrarekin,ahots
1,bakarrenetakoa,politiko
1,baketsu,estatu
1,baketsua,elkarbizitza
1,baketsua,iraultza
1,baketsua,irtenbide
1,baketsua,maiatzean
1,baketsua,pibot
1,baketsuan,era
1,bakoitza,herrialde
1,bakoitza,negoziazio
1,bakoitza,paper
1,bakoitzak,administrazio
1,bakoitzak,bungalow
1,bakoitzak,estatu
1,bakoitzak,taldea
1,bakoitzak,tortolis
1,bakoitzean,lehendakaria
1,bakoitzean,sail
2,bakuna,zirkuito
1,balear,irlak
1,baliagarraiak,jokalari
1,baliagarri,datu
1,baliagarria,lan
1,baliagarrienak,alderdirik
1,baliotsua,garaipen
1,balistikoek,asmo
1,balistikoek,misil
2,baltseroari,haur
2,banakako,finalean
1,banakako,postuan
1,bananero,errepublika
1,barne,lehien
1,barne,ministroa
1,basa,izpiritu
1,basatia,atentatu
1,basatiek,laukote
1,basatiek,ur
1,batu,eremu
1,batu,zuberera
1,batua,diru
4,batua,erresuma
1,batua,merkatu
1,batuak,azukrea
1,batuak,erresuma
1,batuak,estatu
1,batuak,nazio
2,batuan,erresuma
1,batuar,estatu
1,batuarra,estatu
1,batuei,estatu
1,batuek,arratsaldean
3,batuek,estatu
1,batuek,herri
2,batuek,nazio
1,batuek,puntaraino
1,batuekin,nazio
2,batuen,nazio
1,batuetako,aldaketaren
1,batuetako,defentsa
11,batuetako,estatu
1,batuetako,etxean
1,batuetako,gurasoen
1,batuetako,haurrak
1,batuetako,komando
4,batuetako,nazio
1,batuetako,virgiliorena
6,batuetan,estatu
1,batuetara,estatu
4,batuko,erresuma
1,batutzat,emaitza
1,batutzat,euskara
1,baxuan,erregularitatearen
1,baxuan,sasoi
1,baxuaz,maila
1,beharrezko,arma
1,beharrezko,oldarkortasuna
3,behin-behineko,askatasunean
1,behin-behineko,instalakuntzei
1,behin-behineko,jokalari
1,behin-betiko,bozaldia
1,beldurgarrian,eskuinkada
1,beldurgarrian,sindikatu
1,beltz,antolatzaileek
1,beltz,erakundeei
1,beltz,ile
1,beltz,itzal
1,beltz,kartulina
1,beltz,mahai
1,beltz,nekazari
1,beltza,etorkizun
1,beltza,kartulina
1,beltza,miseria
1,beltza,mozio
1,beltzak,izar
1,beltzak,oilo
1,beltzek,haur
1,beltzez,arrosa
1,benetako,aurpegia
1,benetako,borondatea
1,benetako,erasoaldiak
1,benetako,gakoa
1,benetako,gerra
1,benetako,irudia
1,benetako,izaera
1,benetako,kontrolik
1,benetako,lana
1,benetako,lehia
1,benetako,maila
1,benetako,munizioa
1,benetako,presidente
1,benetako,trajedia
1,benetako,zailtasunak
1,beran,lur
1,beranta,arratsalde
1,beranta,hasierako
1,berde,botoi
1,berde,domina
1,berde,ezkata
1,berde,kolore
1,berdeek,begi
1,berdina,denbora
1,berdinak,baldintza
1,berdinean,aukera
1,berdinetik,bide
1,berdinetik,minez
1,berebiziko,garrantzia
1,berebiziko,kontratuak
1,berezi,azidotasun-neurri
1,berezi,baldintza
1,berezi,batzorde
1,berezi,besotik
1,berezi,dohain
2,berezi,egoera
1,berezi,egun
1,berezi,eraso
1,berezi,erronka
1,berezi,inguru
1,berezi,kolore
1,berezi,lege
1,berezi,omenez
2,berezia,ahalegin
1,berezia,aldeak
1,berezia,asistentzia
1,berezia,aste
1,berezia,bilera
1,berezia,egoera
1,berezia,ekitaldi
1,berezia,ekitaldia
1,berezia,estatus
1,berezia,gaitza
1,berezia,garrantzi
1,berezia,hastapena
1,berezia,langileak
2,berezia,partidu
1,berezia,profil
1,berezia,proposamen
1,berezia,saio
1,berezia,sari
1,berezia,sekzio
1,berezia,talde
1,berezia,tipo
1,bereziagoa,partidu
1,bereziak,ahalmen
1,bereziak,funtzio
1,bereziak,harri
1,bereziak,lur-nahaste
1,bereziak,lur
1,bereziak,ordutegi
1,bereziak,otoitz
1,bereziak,propietate
1,bereziak,tresneria
1,berezian,aukera
1,berezian,egoera
1,berezian,espero
1,berezian,tramo
1,bereziaren,plan
1,bereziei,indar
1,berezietan,emanaldi
1,berezietan,jaiegun
1,bereziez,ezagupide
1,berezirik,interes
1,berezirik,konzentrazio
1,berezirik,markaketa
1,berezirik,ospakizun
1,berezirik,programa
1,bereziz,abokatuak
1,bereziz,arreta
1,berezko,eginbeharrak
1,berezko,zerrendetan
1,bero,hauteskunde
1,bero,hondar
1,bero,masa
1,berri,aro
1,berri,atentatu
1,berri,aukera
2,berri,aurpegi
1,berri,emaitzengatik
1,berri,erakunde
1,berri,estilo
2,berri,etapa
2,berri,garai
1,berri,itzuliko
1,berri,jardunaldian
1,berri,jokalari
2,berri,landare
1,berri,lanpostu
1,berri,lasartearrek
1,berri,liburu
1,berri,lidergoari
1,berri,moneta
1,berri,pauso
1,berri,promozio
1,berri,soinu
1,berri,talde
1,berri,tratamendu
1,berri,zibilizazio-gatazka
1,berria,administrazio
1,berria,aitari
1,berria,alderdi
1,berria,araudi
1,berria,bide
1,berria,egitura
1,berria,egoera
1,berria,egutegi
2,berria,entrenatzaile
1,berria,epai
1,berria,epoa
1,berria,era
1,berria,errealitate
1,berria,errektore
2,berria,esperientzia
1,berria,federazioak
1,berria,frogak
1,berria,gatazkaren
1,berria,gurasoei
1,berria,hizkuntza
1,berria,ikurrean
1,berria,jende
1,berria,jokalariak
2,berria,kabinete
1,berria,kode
1,berria,konkista
1,berria,kontseilari
2,berria,landare
1,berria,lege
1,berria,lider
1,berria,mahai
1,berria,mapa
1,berria,oporrak
2,berria,polizia
1,berria,presidente
2,berria,proiektu
1,berria,puja
1,berria,rue
1,berria,talde
1,berria,test
1,berria,txerritxo
1,berria,udalak
1,berria,udalerri
1,berria,une
1,berria,xedea
1,berriak,ale
1,berriak,aurrekontu
1,berriak,auzo
1,berriak,botere
1,berriak,erreaktore
3,berriak,gobernu
2,berriak,hitz
1,berriak,hitzarmen
1,berriak,jokalari
1,berriak,kimu
1,berriak,kopa
1,berriak,lehendakari
1,berriak,modua
1,berriak,mundu
1,berriak,palko
1,berriak,presidente
2,berriak,puja
1,berrian,gobernu
1,berrian,lur
1,berriarekin,talde
1,berriarentzat,alderdi
1,berriari,aro
1,berriari,gorputza
1,berriari,proiektu
1,berriek,agintari
1,berriek,izendapena
1,berriek,moduan
1,berriek,talde
1,berrientzat,enpresa
1,berriez,xehetasun
1,berrira,garai
1,berrirako,denboraldi
1,berritik,lorapote
1,berritsu,ispilu
1,berritzailea,esperientzia
1,berriz,lur
1,bertako,agintari
1,bertako,agintariak
1,bertako,agintariek
1,bertako,bikiek
1,bertako,ekimen
1,bertako,ekoizpenak
1,bertako,erregio
1,bertako,eskubideen
1,bertako,haurrengan
1,bertako,hezkuntza-arduradunek
1,bertako,iharduera
1,bertako,informatzaileak
1,bertako,irtenbide
1,bertako,kazetaritzan
1,bertako,kirolak
2,bertako,kultura
1,bertako,prentsan
1,bertako,urteko
1,bertikala,koefiziente
1,bertoko,euskalari
1,bertsuak,jokaldi
1,bestelako,asmoak
1,bestelako,delitu
1,bestelako,delituak
1,bestelako,iritzia
1,bestelako,norabide
1,betean,adostasun
4,betean,sasoi
1,beteaz,laranja-kolore
1,betez,ordu
1,betiko,entrenatzailea
1,betiko,helburua
1,betiko,ikuspegitik
1,betiko,jomugak
1,betiko,moduan
1,betiko,segurtasunarekin
2,betiko,zigorra
1,bezalako,behar
1,bezalako,jarraitzaile
1,bezalakoa,behar
1,bidezko,kontaktua
1,bidezko,lan
1,bidezkoagoa,globalizio
1,bidezkoena,erabaki
1,bigunak,puja
1,bigunak,zati
1,bihurriarekin,bide
1,bikaina,behar
1,bikaina,bikote
1,bikaina,emaitzarik
2,bikaina,erakustaldi
1,bikaina,errematzaile
1,bikaina,estropada
1,bikaina,etorkizun
1,bikaina,ezker
1,bikaina,igandean
1,bikaina,itxura
1,bikaina,karrera
1,bikaina,kolore
1,bikaina,kolpetan
1,bikaina,laguntzak
5,bikaina,lan
1,bikaina,liga
2,bikaina,maila
1,bikaina,marka
1,bikaina,norgehiagoka
1,bikaina,pase
1,bikaina,prestakuntza
1,bikaina,saio
1,bikaina,sarrera
1,bikaina,talde
1,bikainak,baloia
1,bikainak,geldiketa
1,bikainak,jokalari
1,bikainak,tanto
1,bikainak,udalerrian
1,bikainari,bolada
1,bikainik,erakustaldi
1,bikainik,hautagaitza
1,biki,harkaitz
1,biki,lurpeko
1,bikoitza,aldaketarik
1,bikoitza,interes
1,bikoitza,irakurketa
1,bikoitza,itsas
1,bikoitza,salbamendu
1,bikoitza,zigor
1,bikoitza,zirkuito
1,bilateralak,harreman
1,biolentoa,borroka
1,biologikoak,espetxean
1,biologikoak,jarduera
1,biribila,etorkina
1,biribila,partidu
1,biribila,zukua
1,bitarra,batugailu
1,bitarrak,batugailu
1,bitarretan,batugailu
1,bitxia,ametsa
1,bitxia,kontzertu
1,bitxia,zepilo
1,bitxiak,ondorio
1,bizia,erritmo
1,bizia,eztabaida
1,bizia,haranean
1,bizia,kontakizun
1,biziak,estelarra
1,biziak,jokalari
1,biziak,kalapita
1,bizian,eztabaida
1,bizian,haserre
1,bizian,ziztu
1,bizidun,materia
1,bizigabeak,izaki
2,biziz,amorru
1,biziz,eztabaida
1,biziz,gogo
1,bizkaitarrak,atzelari
1,bizkaitarrak,lerrook
1,bizkaitarrak,segalari
1,bizkaitarrak,txirrindulari
1,bolivarianoetan,ideia
1,bolkanikoetan,uharte
1,borobila,ezezko
1,borobila,ondorio
1,borobila,partidu
1,bortitz,premia
1,bortitzotan,ekintza
1,boteretsu,herrialde
1,boteretsuena,bozketan
1,boteretsuena,estaturik
1,boteretsuenetakoa,kiderik
1,brasildar,jokalari
1,brasildarra,iparralderantz
1,brasildarra,sagardoa
1,bretainiarrak,independentista
1,bretoi,legelari
1,bretoi,preso
1,britainiar,eraztunari
1,britainiar,kate
1,britainiar,militar
1,britainiar,soldadu
1,britainiarra,aginte
1,britainiarra,armada
1,britainiarra,berriketarako
1,britainiarra,boxeolari
2,britainiarrak,armada
1,britainiarrak,gobernu
1,britainiarrak,hildakoak
2,britainiarrak,ministro
2,britainiarrak,soldadu
1,britainiarrean,gizarte
1,britainiarrentzat,soldadu
1,defentsiboa,taktika
1,deigarriena,emaitzarik
1,deigarriena,ezker
1,deklaratzaileetan,esaldi
1,delakoak,aulkian
1,delakoak,regista
1,demokratak,bilera
1,demokratak,parlamentario
1,demokratak,urtez
1,demokratiko,alderdi
1,demokratiko,irtenbide
1,demokratiko,tenperatura
1,demokratikoa,denbora
1,demokratikoa,foro
1,demokratikoa,irtenbide
1,demokratikoa,izaera
1,demokratikoa,kultura
1,demokratikoa,oposizio
1,demokratikoa,urteko
1,demokratikoak,aliantza
1,demokratikoak,gairik
2,demokratikoak,oposizio
1,demokratikoarekin,abertzaletasun
1,demokratikoaren,alderdi
1,demokratikoari,abertzaletasun
2,demokratikoari,proiektu
1,demokratikoek,alderdi
1,demokratikoko,alderdi
1,demokratikoko,oposizio
1,demokratikorako,aldaketa
1,demokratikorik,tresna
1,demolinguistikoak,azterketa
1,derrigorrezko,hezkuntzan
1,derrigorrezko,paperak
1,desberdin,indar
1,desberdin,mota
2,desberdinak,arlo
1,desberdinak,arrazoi
1,desberdinak,domina
1,desberdinak,egoera
1,desberdinak,erakustaldi
1,desberdinak,iritzi
1,desberdinak,kolore
1,desberdinak,prozedura
1,desberdinak,sentsazio
1,desberdinek,talde
1,desberdinekin,emanaldi
1,desberdinetakoak,luzera
1,desberdinetan,concordeei
1,desberdinetan,euskal
1,desberdinetan,joku
1,desberdinetan,kirol
1,desberdinetan,mota
1,desberdinetan,zibilizazio
1,didaktikoan,kopuru
1,didaktikoan,unitate
1,diferente,leku
1,diferente,prozesuaren
1,diferentea,prestaketa
1,diferenteak,azalpen
1,diferenteak,esanahi
1,digital,langabezi
1,digital,zirkuitu
3,digitalak,seinale
1,digitalekin,zirkuitu
1,diplomatiko,ordezkaritza
1,diplomatikoak,ahalegin
1,diplomatikoari,ordezkari
1,distiragarria,zeru
1,distiratsua,koroa
1,doako,laguntza
1,donostiarra,preso
1,doriarra,arkupe
1,dotore,partidu
1,dotore,toki
1,dotorea,afari
1,dotorea,estelar
1,dotorea,garaipen
1,dotorea,itxura
1,dotorea,neurri
1,dotoreenetakoa,jokalari
1,duinak,estropada
1,duinak,postu
1,eder,begi
1,ederra,agur
1,ederra,aukera
1,ederra,balentria
1,ederra,garaipen
1,ederra,lagun
1,ederra,lan
1,ederra,leku
1,ederra,umorekoa
2,ederrak,tanto
1,ederrek,jantzi
1,ederrena,gauzarik
1,ederrena,lorpen
1,ederrik,jaki
1,ederrrean,giro
1,egipziarrekiko,estatua
1,egokia,intsektizida
1,egokia,jarraipen
1,egokia,konponbide
1,egokia,momentu
1,egokia,une
1,egokian,leku
1,egokian,lur-nahaste
1,egokiena,garairik
1,egokiena,lagun
1,egokiena,nahaste
1,egokiena,pertsonarik
1,egokirik,izen
1,egokirik,maisu
1,egonkorrei,egoera
1,egonkorrei,klasikak
1,egundoko,jipoia
1,egundoko,keinuak
1,eguneroko,ariketak
1,eguneroko,errealitateaz
1,eguneroko,mundu
1,egungo,arazo
2,egungo,egoera
1,egungo,egoerari
1,egungo,emakumeen
1,egungo,instituzioei
1,egungo,mahastien
1,egungo,marko
1,egungo,problemak
1,ekialdeko,entrenatzaileek
1,ekologiko,behar
1,ekologiko,hondamendi
1,ekologikoa,zerga
1,ekologikoarekin,zerga
1,ekologikorako,aldaketa
1,ekologista,talde
1,ekologistak,erakunde
1,ekonomiko,ahalegin
1,ekonomiko,datu
2,ekonomiko,eremu
1,ekonomiko,iharduera
1,ekonomiko,ondorio
2,ekonomiko,ordena
1,ekonomikoa,alor
1,ekonomikoa,bahimendu
1,ekonomikoa,egoera
2,ekonomikoa,hazkunde
1,ekonomikoa,kontzertu
1,ekonomikoak,bahimendu
1,ekonomikoak,irabazi
1,ekonomikoak,konbergentzia
1,ekonomikoak,moduan
1,ekonomikoak,oker
1,ekonomikoak,pausoa
1,ekonomikoak,politika
1,ekonomikoak,sistema
1,ekonomikoan,arlo
1,ekonomikoari,jarduera
1,ekonomikoari,maratoia
1,ekonomikoei,datu
1,elektoral,apaizaren
1,elektoral,boto
1,elektoral,tipo
1,elektriko,tentsio
1,elektrikoa,energia
1,elektrikoa,karga
1,elektrikoa,lurrun-ihes
1,elektrikoa,tentsio
1,elektrikoak,errespetuari
1,elektrikoak,korronte
1,elektrikoak,lege
1,elektrikoak,plan
1,elektrikoak,zarata
1,elektrikotik,sare
1,elektronikoa,entziklopedia
1,entretenigarria,arratsalde
1,enziklopedikoan,hiztegi
1,epelean,toki
1,epelenean,gelarik
1,erabakigarria,aketo
1,erabakigarria,estatu
1,erabakigarria,jokalari
2,erabakigarria,partidu
1,erabakigarria,protagonista
1,erabakigarriak,jokalari
1,erabakigarriena,jokalaririk
1,erabateko,akordioa
1,erabateko,askatasuna
1,erabateko,babesa
1,erabateko,epaitegietan
1,erabateko,erreforma
1,erabateko,ibilbide
1,erabateko,interbentzionismoa
1,erabateko,isiltasuna
1,erabateko,kontrola
1,erabateko,porrota
1,eragilea,batzorde
1,eragilearen,batzorde
1,eragilerako,batzorde
1,eragingarriei,izan
1,eragingarriei,zerga
1,erakargarria,estelar
1,erasokor,estrategia
1,eratorria,morfologia
1,eratorria,ostean
1,erdieroalez,kristal
1,erdieroalez,lasterketa
1,erlijioso,alderdi
1,erlijioso,gain
1,erlijioso,hasiera
1,erlijiosoetara,ikastetxe
1,erlijiosotik,gatazka
1,erlijiosotik,lanerako
1,erne,esku
1,erne,munduko
1,ero,garai
1,ero,sofisma
1,erosoagoan,errepide
1,erradiaktiboak,isotopo
1,erradikal,tesi
1,erraldoi,elastiko
1,erraldoitik,pantaila
1,erraz,aitak
1,erraz,borrokarik
1,erraz,garaipen
1,erraza,arazo
1,erraza,arerio
1,erraza,aukera
1,erraza,aurkari
1,erraza,azterlanak
1,erraza,estropada
1,erraza,garaipen
1,erraza,hasiera
1,erraza,helburua
1,erraza,iniziatibaz
1,erraza,kasuari
1,erraza,konponbide
1,erraza,lan
1,erraza,modu
1,erraza,partidu
1,errazak,kalkulu
1,errazak,sektore
1,errazekoa,kanpoan
1,errazekoa,tratu
1,errazenetakoa,partidu
1,erreal,etorkizun
1,erreala,bilketa
1,erreala,munizio
1,errejional,hizkuntza
1,errenazentista,eginkizuna
1,errenazentista,santutegi
1,errepresiboa,jokabide
1,errepublikano,gobernu
1,errepublikanoa,arratsaldean
1,errepublikanoa,konbentzio
1,errepublikanoa,urteotan
2,errepublikanoak,alderdi
1,errepublikanoak,behar
2,errepublikanoak,hautagai
1,errepublikanoak,ordezkari
1,errepublikanoek,presidente
2,errepublikarraren,alderdi
1,errepublikarraren,diktadurapean
1,errezildarrak,jendeak
1,errusiar,diplomatiko
1,errusiar,espetxean
1,errusiar,pakeaz
5,errusiar,soldadu
1,errusiar,zatian
1,errusiarra,bozeramaile
1,errusiarra,gimnasta
1,errusiarra,nahi
1,errusiarra,topo
1,errusiarrei,justiziarako
1,errusiarrei,tropa
1,errusiarrei,ustez
1,errusiarrek,soldadu
1,ertaina,perretxiko
1,esanguratsuenak,artikulu
1,esanguratsuenak,datu
1,eskasa,ardura
1,eskasa,kopuru
1,eskasa,maila
1,eskasagatik,irtenbiderik
1,eskasagatik,kotizazio
1,eskasagoak,baliabide
1,eskasaz,joko
1,eskasetan,beharrekoa
1,eskasetan,egun
1,eskudun,erakundera
1,eskuin,blokeko
1,eskuin,esku
1,eskuin,eskua
1,eskuin,hegalera
1,eskuin,muturraren
1,eskuindarra,buruzagi
1,eskuzabalenak,eskaintzarik
1,eskuzko,kontaketak
1,espainiar,herritartasuna
1,espainiar,jaialdia
1,espainiarra,funtzionamendua
1,espainiarra,penaltia
1,espainiarra,talde
1,espainiarragatik,izaera
2,espainiarrak,epaile
1,espainiarrak,sindikatu
1,espainiarrek,sindikatu
1,espainolean,estatu
1,estandar,irizpide
1,estatal,enpresa
1,estatal,esteroide
1,estatubatuarrari,txirrindulari
1,estetikorik,mirari
1,estrategiko,lerro
1,estrategikoa,andereñoa
1,estrategikoa,lankide
1,estrategikotzat,erabaki
1,estrukturalak,arazo
1,estrukturalak,kalitate
1,estu,kale
1,estua,esprint
1,estua,saltzaile
1,estuetan,kale
1,etengabea,beherakada
1,etengabea,kritika
1,etengabeari,garaipen-sorta
1,etengabeko,arreta
1,etengabeko,presioa
1,etengabeko,zurrumurruei
1,etiko,oinarri
1,etikoa,kompromiso
1,etnikoz,jatetxe
1,etxetiar,kolore
1,europar,babesa
1,europar,hautagaitza
1,europar,hizkuntzez
1,europar,politika
1,europar,talde
1,euskaldun,gazte
1,euskaldun,preso
1,euskaldun,suerte
1,euskaldunak,erdirako
3,euskaldunak,guraso
1,ez-alderanztailea,konparadore
1,ez-alderanztailea,metroetan
1,ez-alderanztailean,sarrera
1,ez-alderanztailetik,harriak
1,ez-alderanztailetik,sarrera
1,ez-legezko,proposamenean
1,ez-sekuentzial,argia
1,ez-sekuentzial,era
1,ez-sekuentzial,gripeak
1,ezagun,jatetxe
1,ezaguna,gauza
1,ezaguna,kexarik
1,ezagunak,idazle
1,ezagunak,jokalari
1,ezagunak,kale
1,ezagunena,boxeolari
1,ezagunena,jokorik
1,ezagunena,ordezkari
1,ezagunena,partidutxoa
1,ezberdinak,ardura
1,ezberdinak,aukera
1,ezberdinak,era
1,ezberdinak,garaipena
1,ezberdinak,gazta
1,ezberdinak,ibilbide
1,ezberdinak,jokabide
1,ezberdinak,linea
1,ezberdinak,proiektu
1,ezberdinak,sintaxi-arau
1,ezberdinak,tresna
1,ezberdinei,indar
1,ezberdinetan,kirol
1,ezberdinetan,zentru
1,ezberdinez,ezaugarri
1,ezerosoa,pilotari
1,ezezagun,bide
1,ezezagun,txirrindulari
1,ezhoiko,tresna
1,ezker,belauna
1,ezker,eskubidea
1,ezker,gehiengoan
1,ezker,hankako
3,ezker,hegalean
1,ezker,karratu
1,ezker,omenezko
1,ezkertiar,aditu
1,ezkorra,eragin
1,ezkutu,jakite
1,ezkutuetan,leku
2,ezkutuko,agiriak
1,ezkutuko,jokaerak
1,ezkutuko,unean
1,ezohiko,bilera
1,ezohiko,biltzar
1,ezohiko,domina
1,ezohiko,egoera
1,ezohikoa,aste
1,ezohikoa,denboraldi
1,ezohikoa,presondegian
1,ezusteko,kontrola
1,faltsu,agiri
1,faltsu,elkarte
1,faltsu,identitate
2,faltsu,kontrol
1,faltsua,agiri
1,faltsuak,begi
1,famatu,albokari
1,famatu,denda
1,famatu,giro
1,famatu,hiri
1,famatua,kirurgilari
1,famatua,muga
3,familiar,sozietate
1,fantastiko,ezkata
1,fantastiko,izaera
1,federal,gobernu
1,federal,soldadu
1,federala,parlamentu
1,federalak,armada
1,federalak,batzorde
1,federalaren,errepublika
1,federalean,ganbera
1,fidela,irudi
1,filipinarrak,ebanjelista
1,fin,aurre-aurrean
1,fin,dekorazio
1,fin,seinale
1,fina,ertz
1,fina,thriller
1,finak,antolatzaile
1,finak,obra
1,finak,palestinarren
1,finalistek,segalari
1,finena,lan
1,finenek,boxeozale
1,finko,lanpostu
1,finkorik,oinarri
4,fisiko,aldaketa
1,fisiko,ariketa
1,fisiko,autoen
1,fisiko,kasu
1,fisiko,osagarri
1,fisiko,prestakuntza
1,fisikoa,azterketa
1,fisikoa,babesa
1,fisikoa,erreferentziatzat
2,fisikoak,arazo
1,fisikoak,lema
1,fisikoak,markagailua
2,fisikoak,metodo
1,fisikoak,segurtasun
1,fisikoarekin,lan
1,fisikoari,egoera
1,fisikoari,prestakuntza
1,fiskala,autonomia
2,fiskala,behar
1,fiskalak,laguntza
1,fiskalak,neurri
2,fiskalak,opor
1,formala,perfekzio
1,frankistak,kopurua
1,frankistak,zentsura
1,frankofonoek,egunkari
1,frantses,emaitzak
1,frantses,kazetariek
1,frantses,presidenteak
1,frantses,presidentearen
1,frantziar,pilotua
1,frantziarra,atezain
1,frantziarrak,behar
1,frantziarrak,selekzionatzaile
1,freskoa,aire
1,freskoa,giro
1,freskoa,hildako
1,freskoak,eguraldi
1,frijituekin,bikote
1,frijituekin,patata
1,funtsezko,elementuak
1,funtsezko,oinarri
1,gainerako,bloke
1,gainerako,egoerak
1,gainerako,enpresa
1,gainerako,errainuak
1,gainerako,euskalkiekin
1,gainerako,herriak
1,gainerako,herrian
1,gainerako,hiriak
1,gainerako,kideak
1,gainerako,ontziei
1,gainerako,ontziek
2,gainerako,postuak
1,gainerako,senideen
1,gainerako,zigor-espedienteak
1,gainerantzeko,artekoa
1,gainerantzeko,espezieetatik
1,gainerateko,literaturetaz
1,gainontzeko,alderdiek
1,gaitza,artixta
1,gaitza,behean
1,gaitza,fama
1,gaitza,talde
1,galanta,inpresio
1,galantak,huts
1,galantak,hutsune
1,galiziarrak,arraunlari
1,galiziarrik,herrian
1,galiziarrik,jokalari
1,garaiak,eraikuntza
1,garbi-garbirik,berri
1,garbi,egiteko
1,garbi,huts
1,garbia,adibide
1,garbia,artezgailu
1,garbia,aukera
1,garbia,eraso
2,garbia,etekin
1,garbia,irizpide
1,garbia,kanal
1,garbia,probokazio
1,garbia,segundo
1,garbiak,aukera
1,garbiak,proposamen
1,garbiari,aukera
2,garbiena,aukera
1,garbienak,adibide
1,garbienak,aukerarik
1,garbirik,aukera
1,gardenetan,zutabe
1,gardenez,ur
1,garestiena,fitxaketarik
1,garestiena,metodorik
1,garrantzitsu,aldaketa
1,garrantzitsu,autoa
1,garrantzitsu,bonifikazioak
1,garrantzitsu,hutsune
1,garrantzitsu,industria
1,garrantzitsu,kasu
1,garrantzitsu,nahi
1,garrantzitsu,parte-hartze
1,garrantzitsua,adierazgarri
1,garrantzitsua,afari
1,garrantzitsua,aldaketa
1,garrantzitsua,arrazoi
1,garrantzitsua,atentatua
1,garrantzitsua,azterketa
1,garrantzitsua,datu
2,garrantzitsua,garaipen
1,garrantzitsua,gizon
1,garrantzitsua,gorte
1,garrantzitsua,iturri
1,garrantzitsua,jeneral
3,garrantzitsua,jokalari
1,garrantzitsua,modu
1,garrantzitsua,mugimendurik
1,garrantzitsua,pausu
1,garrantzitsuagoak,gauza
1,garrantzitsuak,arlo
1,garrantzitsuak,berrikuntza
1,garrantzitsuak,ondorio
1,garrantzitsuari,britainiarren
1,garrantzitsuari,denboraldi
1,garrantzitsuena,bibliografiarik
1,garrantzitsuena,lorpenik
1,garrantzitsuena,neurri
1,garrantzitsuena,ofizial
1,garrantzitsuena,ondoriorik
1,garrantzitsuena,pezeta
1,garrantzitsuena,tresna
1,garrantzitsuenak,aldaketa
1,garrantzitsuenak,autoen
1,garrantzitsuenak,egitura
1,garrantzitsuenak,ezaugarri
1,garrantzitsuenak,garrantzi
1,garrantzitsuenak,mahai
1,garrantzitsuenak,probarik
1,garrantzitsuenean,egunotan
1,garrantzitsuenean,helburu
1,garrantzitsuenean,jokalariekin
1,garrantzitsuenean,proba
1,garrantzitsuenek,lantegi
1,garrantzitsuenetan,zitarik
1,garrantzitsuetan,une
1,garrantzitsutzat,gizon
1,garrantzizkoagoak,ardura
1,garrantzizkoagoak,buru
1,garratz,usain
1,gasteiztarrak,talde
1,gastronomikorik,interes
1,gaurko,bileran
1,gaurko,gazte
1,gaurko,hartzeak
1,gaurko,helburua
1,gaurko,norgehiagokan
1,gaurko,partidan
2,gaurko,partidua
1,gaurko,partiduan
1,gaurko,saio
1,gaurko,saioan
1,gaurko,urteak
1,gazte,apirilaren
1,gazte,formularik
1,gazte,jokalari
1,gazte,neska
1,gazte,talde
1,gaztea,asmo
1,gaztea,aurrelari
1,gaztea,jende
1,gaztea,jokalari
1,gaztea,lagun
1,gaztea,neska
1,gaztea,unerik
1,gaztea,urtarrilean
1,gazteak,ahizpa
1,gazteak,atzelari
1,gazteak,aurrelari
1,gazteak,axola
1,gazteak,igandeko
1,gazteak,izeneko
1,gazteak,jende
1,gazteak,pibot
1,gazteari,autobus
1,gazteari,ziklista
1,gazteek,jokalari
1,gehiegizko,hezetasunaren
1,gehiegizko,indarra
1,gehiegizko,lehendakari
1,gehiegizko,pisuak
1,geografikoa,hurbiltasun
1,geologikoak,eragile
1,geologikoak,segurtasuna
1,geometrikoan,progresio
1,geroko,negoziazioetan
5,gertuko,komunitatea
1,getxotarra,tourrean
1,gihartsuak,jokalari
1,ginekologikoa,azterketa
1,ginekologikorik,azterketa
1,gipuzkoarrak,gobernuak
1,gipuzkoarrak,talde
1,gizonezko,espetxe
1,gogoko,auzoak
1,gogokoena,aldaketa
1,gogokoena,epaimahaikideei
1,gogokoena,janaririk
1,gogor,denborak
1,gogor,egun
1,gogor,ekaitz
1,gogor,partidu
1,gogor,sarrera
1,gogorra,enpresak
1,gogorra,harrera
1,gogorra,heriotz
1,gogorra,kritika
1,gogorra,lan
3,gogorra,lehia
2,gogorra,partida
1,gogorra,penitentzia
1,gogorragoak,lege
1,gogorrak,aurkari
1,gogorrak,hitz
2,gogorrak,kritika
1,gogorrak,tanto
1,gogorrak,urte
1,gogorrak,zigor
1,gogorrean,liga
1,gogorrena,induskailu
1,gogorrena,maratoirik
1,gogorrenak,borroka
1,gogorrenak,eztabaida
1,gogorrenak,kutsu
1,gogorrenak,prestakuntza
1,gogorrenak,tiraldirik
1,gogorrenak,zapata
1,gogorrenean,ligarik
1,gogorretan,ibilbide
1,goi,agintariak
3,goi,bilera
1,goi,bileran
1,goi,bilerarik
1,goi,ofizial
1,goi,parlamentario
1,goi,praktikan
1,goi,taldeak
1,goi,urtez
1,goiko,solairuan
1,goiztiar,sasoi
1,gordin,errealitate
1,gordina,dibidendu
1,gordina,loturarena
1,gordinak,borrokaldi
1,gordinez,flash-back
1,goren,mailako
6,gorenak,auzitegi
1,gorenak,euskalduna
6,gorenak,gorte
1,gorenak,lege
1,gorenak,lehendakariaren
1,gorenak,sailkapen
1,gorenari,auzitegi
1,gorenean,auzitegi
2,gorenean,gorte
1,gorenean,maila
1,gorenekin,funtzionario
1,goreneko,auzitegi
1,goreneko,pista
1,gorenekoa,maila
1,gorenera,gorte
1,gorenera,maitasun
3,gorri-berdeak,gobernu
1,gorri-berdeari,gobernu
1,gorri,mamutzar
1,gorria,argi
1,gorria,gurutze
4,gorria,txartel
1,gorriak,ama
1,gorriak,auto
1,gorriak,gurutze
1,gorrian,kale
1,gorrian,katxondeo
1,gorrian,legebiltzarreko
1,gorrian,partidutan
1,gorriek,gurutze
1,gorriek,kideek
1,gorriko,gurutze
1,gorrikoei,gurutze
1,gorritxoa,talde
1,gorritxoak,jokalari
1,gorrotagarria,esamolde
1,gotaindarra,txapeldun
1,gotikoa,dorretxe
1,gotor,aitzin-multzo
1,gotorra,lerro
1,gozoenean,neska
1,gozoenean,unerik
1,grafiko,modu
1,greziar,nortasun
4,gris,begi
1,gupidagabeak,tropel
1,gurpildun,aulkian
1,gustuko,ibilbidea
1,gustuko,indulto
1,gustuko,jokalaria
1,gutxieneko,kontsentsua
1,gutxieneko,soldataren
1,habarrotsu,zarata
1,hainbesteko,presa
1,halako,adibide
1,halako,bihurrikeria
1,halako,bilerarik
1,halako,egoerak
1,halako,ekoizpenik
1,halako,erasoek
1,halako,eskualdeetan
1,halako,formak
1,halako,iragarkiak
1,halako,irribarre
1,halako,kalkulu
1,halako,karrakak
1,halako,korneta
1,halako,portaerak
1,halako,praktikan
1,halako,prozedura
1,halako,sektore
1,halako,txulubitekin
1,halako,urtetan
1,handi,aitzinean
1,handi,alternadore
1,handi,arroka
1,handi,atari
1,handi,behar
1,handi,berrikuntza
1,handi,etapa
1,handi,etxe
1,handi,gutxiengo
1,handi,harkaitz
1,handi,hats
1,handi,hein
1,handi,itsasontzi
2,handi,itzuli
1,handi,kalitatea
1,handi,karga
1,handi,liburutegira
2,handi,mapa
2,handi,neurri
1,handi,ohe
1,handi,talde
1,handia,ahalegin
2,handia,aldaketa
2,handia,alde
1,handia,alkate
1,handia,apustu
1,handia,arrakasta
1,handia,arreta
1,handia,asteburua
1,handia,atsekabe
1,handia,atzerapauso
1,handia,aurrerapauso
1,handia,babes
1,handia,balentria
1,handia,banderan
1,handia,botere
1,handia,botereen
1,handia,bultzada
1,handia,denboraldi-aurrean
1,handia,desgaste
2,handia,edukin
2,handia,egun
1,handia,egunean
1,handia,ekipo
1,handia,elizpetik
1,handia,enpresa
1,handia,era
1,handia,eragin
1,handia,erantzukizun
1,handia,erraztasun
1,handia,errespetu
1,handia,errespetua
2,handia,erronka
2,handia,esperientzia
1,handia,etsipen
1,handia,ezagutza
1,handia,ezaugarri
1,handia,ezinikusi
1,handia,eztabaida
1,handia,fama
1,handia,fede
1,handia,futbola
1,handia,garaian
1,handia,garaipen
1,handia,garapen
2,handia,garrantzi
1,handia,garrantzia
1,handia,gaueko
1,handia,gogo
1,handia,golegile
1,handia,harri
1,handia,haserre
1,handia,hasiera
2,handia,ikusmin
1,handia,ikusmira
2,handia,ilusio
1,handia,indar
4,handia,interes
1,handia,jauzi
1,handia,jendetza
1,handia,jokalari
1,handia,kalte
1,handia,kanpoan
1,handia,kezka
2,handia,kolpe
4,handia,konfiantza
1,handia,konponezin
1,handia,korronte
1,handia,laguntza
1,handia,lan
1,handia,lanak
2,handia,lorpen
1,handia,maila
1,handia,markagailuan
1,handia,migrazio
2,handia,min
1,handia,mina
1,handia,mozioen
1,handia,nahasmen
1,handia,nahasmendu
1,handia,nazio
1,handia,orrialdeko
2,handia,ospe
2,handia,parekotasun
2,handia,partidu
1,handia,pena
1,handia,pobrezia
1,handia,postuan
6,handia,presio
1,handia,prestijio
1,handia,sufrimendu
1,handia,talde
1,handia,taldeko
1,handia,tarte
2,handia,tentsio
1,handia,traineru
1,handia,urrats
1,handia,zarata
4,handia,zerikusi
1,handiagatik,babes
3,handiagoa,arrisku
1,handiagoa,erantzukizun
1,handiagoa,garrantzi
1,handiagoa,kolpe
1,handiagoa,konfiantza
1,handiagoa,lan
1,handiagoa,protagonismo
1,handiagoa,urte
1,handiagoa,zabalera
1,handiagoa,zarata
1,handiagoak,soldata
1,handiagoak,tasa
1,handiagoarekin,seriotasun
1,handiagoetan,irtenbide
1,handiagoetan,tenperatura
1,handiagora,lorontzi
1,handiak,ahalegin
1,handiak,arazo
1,handiak,arazoak
1,handiak,bidea
2,handiak,bultzakada
1,handiak,erronka
1,handiak,esfortzu
1,handiak,euskal
1,handiak,eztabaida
1,handiak,galerek
1,handiak,gauza
1,handiak,hosto
1,handiak,ikuskizun
1,handiak,inbertsio
1,handiak,interes
1,handiak,itzuli
1,handiak,izugarrikeria
1,handiak,kalte
1,handiak,kilo
1,handiak,koadroetatik
1,handiak,multzo
1,handiak,mundu
1,handiak,murrizketa
1,handiak,pauso
2,handiak,talde
1,handiak,uztailaren
1,handiak,zikloi
1,handian,egun
1,handian,maila
1,handian,plater
1,handian,sakonera
1,handiarekin,arrisku
1,handiarekin,behar
1,handiarekin,beheraino
1,handiarekin,erraztasun
1,handiarekin,pena
1,handiarekin,uretan
1,handiegia,borroka
1,handiegia,indar
1,handiegia,istilu
1,handiegia,pisu
1,handiek,herrialde
1,handiek,saltoki
2,handiekin,harri
1,handiekin,konparadore
1,handiena,arrakasta
2,handiena,babes
1,handiena,desiorik
1,handiena,diferentzia
1,handiena,elkarketa
1,handiena,erabaki
1,handiena,errenta
1,handiena,ezusteko
1,handiena,garaipen
1,handiena,helbururik
1,handiena,komandoko
1,handiena,lehentasuna
1,handiena,mesederik
1,handiena,neurririk
1,handiena,pozik
1,handiena,tirada
1,handienak,garaipenik
1,handienak,ilara
1,handienaz,sakontasun
1,handienek,idolo
1,handiengatik,aho-arazo
1,handiengatik,taldeburuari
1,handietan,amore
1,handietan,itzuli
1,handietan,maratoi
1,handietan,saltoki
1,handikoak,eremu
1,handikotzat,arrisku
1,handirentzat,atleta
1,handirentzat,estradizio
1,handirik,adostasun
1,handirik,aldaketa
1,handirik,alde
1,handirik,arreta
1,handirik,aukera
1,handirik,autoa
1,handirik,azpiegitura
1,handirik,eragin
2,handirik,esperantza
1,handirik,estutasun
1,handirik,eztabaida
1,handirik,ezusteko
1,handirik,hazkunde
1,handirik,ilusio
1,handirik,intsektizida
1,handirik,kalte
2,handirik,konfiantza
1,handirik,los
1,handirik,mejora
1,handirik,poztasun
1,handirik,taldea
1,handirik,traba
1,handirik,txapelketa
1,handirik,udako
1,handirik,zorte
1,handixeagoa,ekialdean
1,handixeagoa,lorontzi
1,handiz,administratzaile
1,handiz,adore
1,handiz,ardura
2,handiz,arreta
1,handiz,erraztasun
1,handiz,eszeptizismo
4,handiz,gogo
1,handiz,ilusio
1,handiz,konfiantza
1,handiz,kontra-horma
2,handiz,kontu
1,handiz,lasaitasun
1,handiz,motibazio
1,handiz,proiektu
1,handiz,taxi
2,handiz,xehetasun
1,harroa,lur
1,haundi,egun
1,haundi,hotel
1,haundia,ahalegin
1,haundiagoa,ezagutza
1,haundiagoa,independentzia
1,haundirik,afizio
1,haundirik,gauza
1,hegalari,txerritxo
1,heldu,arrai
1,heldu,gizontxo
1,herriarteko,txapelketako
1,herrikoiari,organografia
1,hertsi,mota
1,hesidunetan,metro
1,heterogeneoak,ordu
2,heterogeneoak,sistema
1,hezea,goroldio
1,hezeagoa,mikroklima
1,hindu,mordoa
1,hiritarretan,gune
1,hiritarretan,une
1,hiruko,jaurtiketak
1,historiko,batzar
1,historiko,nostalgia
1,historikoa,akordio
1,historikoa,batzar
1,historikoa,militante
1,historikoek,lurralde
1,historikoek,udalekuetara
1,hitzezko,akordioa
1,hitzezko,elkarrekintzak
1,hobea,ardo
1,hobea,arima
1,hobea,denbora
1,hobea,emaitza
6,hobea,ezin
1,hobea,hankak
1,hobea,itxura
1,hobea,lagungarri
1,hobea,maila
1,hobea,ordainketa
1,hobea,palmares
1,hobea,partaidetza
1,hobea,postu
2,hobea,talde
1,hobea,tratu
1,hobeak,baldintza
1,hobeak,karrera
1,hobeetan,baldintza
1,hoberik,ideia
1,hoberik,igandeko
1,hoberik,leku
1,hoberik,postu
1,hoberikan,lur
1,holako,hitzak
1,holandarrak,aurrelari
1,homogeneo,sistema
1,homogeneoak,nahastura
1,homogeneoak,sistema
1,honako,arau
1,honako,buruzagiek
1,honako,esaldi
1,honako,eskubideak
1,honako,estatuekiko
1,honako,formulaz
1,honako,galdera
1,honako,iragarkia
1,honako,jokalari
1,honako,lan
1,honako,lege
1,honako,ondorioa
1,honako,palestinar
1,honako,presondegietan
1,honako,proposamenak
1,honako,sailak
1,honako,titular
1,honako,uste
1,hondarribitarrak,jokalari
1,honelako,ametsa
1,honelako,irteera
1,honelako,laguntza
1,honelako,sistemei
1,honelako,sistemetan
1,honelako,taula
1,honelako,zatiren
1,honelako,zirkuitu
1,hori,txartel
1,horiari,maillot
1,horixkak,hodi
1,horixkakoak,kolore
1,horrelako,aldaketak
1,horrelako,antiparrak
1,horrelako,balantze
1,horrelako,baloi
1,horrelako,berriak
1,horrelako,bitxikeriak
1,horrelako,bozak
1,horrelako,ekitaldia
1,horrelako,erantzunak
1,horrelako,etapetan
1,horrelako,ezbehar
1,horrelako,familiarekin
1,horrelako,gauzez
1,horrelako,gertaerek
1,horrelako,ihesaldi
1,horrelako,konturik
1,horrelako,lorpen
1,horrelako,neurri
1,horrelako,partiduetan
1,horrelako,taldeek
1,horrelako,tipo
1,horrelako,une
1,horrelako,urtetik
1,hotzetan,euskarara
1,hotzetan,tenperatura
1,humanitario,bisa
1,humanitarioak,alegiak
1,humanitarioak,arrazoi
1,hunkigarri,une
1,hunkigarria,ideia
1,hurbileko,gizona
1,hurbileko,ospitale
1,hurrengo,aita
1,hurrengo,araudiak
1,hurrengo,astelehenean
1,hurrengo,astelehenera
4,hurrengo,denboraldian
1,hurrengo,denboraldietan
1,hurrengo,diodo
1,hurrengo,egunean
1,hurrengo,egunetako
1,hurrengo,egunetan
1,hurrengo,egunotan
1,hurrengo,enbata
1,hurrengo,errespetu
1,hurrengo,goizean
1,hurrengo,hauteskunde
2,hurrengo,hauteskundeetan
1,hurrengo,hilabeetan
1,hurrengo,hilabeteotako
1,hurrengo,ikasketa
1,hurrengo,irudian
1,hurrengo,jardunaldia
1,hurrengo,kanporaketa
1,hurrengo,kanporaketan
1,hurrengo,minutu
1,hurrengo,minutuetan
1,hurrengo,nahasturak
2,hurrengo,orrialdeko
1,hurrengo,partidan
1,hurrengo,partidurako
1,hurrengo,pausua
1,hurrengo,pibotik
1,hurrengo,saihetsa
1,hurrengo,soldadu
1,hurrengo,taularen
1,hurrengo,urratsa
1,hurrengo,urtea
1,hurrengo,urtean
1,hurrengo,urteetan
2,hurrengo,urterako
1,hurrengo,uztailean
1,huts,deklarazio
1,huts,zurrumurru
1,hutsa,administrazio-aginte
1,hutsa,amets
1,hutsa,astakeria
1,hutsa,balio
1,hutsak,errepika
1,hutsez,nahi
1,hutuak,brageta
1,hutuak,errefuxiatu
1,hutuak,taldea
1,ibilkariek,errient
1,ibilkariek,saltzaile
1,ideal,definizio
1,ideologiko,gutxiengo
1,igantenean,zuberera
1,igokari,irabaziak
1,igokari,landare
1,ikaragarri,integritate
1,ikaragarria,bero
1,ikaragarria,bidegabekeria
1,ikaragarria,grina
1,ikaragarria,hilabeteotan
1,ikaragarria,pilo
1,ikasi,ezak
1,ikus-entzunezko,ekoizpena
1,ikusgarri,bikote
1,ikusgarri,ibilbide
1,ikusgarria,erantzun
1,ikusgarria,futbolean
1,ikusgarria,istripu
1,ikusgarria,jokalari
1,ikusgarria,karrera
1,ikusgarria,lan
1,ikusgarriarengatik,istripu
1,ikusgarriena,joko
1,ikusgarriena,lagunek
1,ikusgarririk,aldaketa
1,ilegitimoa,lehendakari
1,ilun,bazter
1,ilun,days
1,ilun,tunel
1,iluna,jardunaldirik
1,iluna,leku
1,ilunak,kolore
1,ilunean,gau
1,iluni,hilketa
1,imajinarioak,mapa
1,indartsu,aurkari
1,indartsu,bolada
1,indartsua,jainko
1,indartsua,jokalari
1,indartsua,talde
1,indartsua,tresna
1,indartsua,tripulazio
1,indartsuena,alderdirik
1,indartsuena,alderik
1,indartsuena,gaitzespen
1,indartsuena,makinaz
1,indartsuena,talderik
1,indartsuenak,alde
1,indartsuenetakoa,jokalari
1,indartsuri,talde
1,independente,batzorde
1,independente,udalerri
1,independentea,mendiko
1,indiarra,kontinente
1,indiarra,neurri
1,indonesiar,soldadu
1,industrialak,prezio
1,informatiko,tresna
1,informatikoak,produktu
1,ingeles,aita-alabak
1,inoizko,futbolaririk
1,inoizko,gelako
1,inoizko,golegile
1,inolako,aldaketarik
4,inolako,arazorik
1,inolako,argibiderik
2,inolako,arriskurik
1,inolako,asmorik
3,inolako,aukerarik
2,inolako,beldurrik
1,inolako,bereizkuntzarik
2,inolako,erantzunik
1,inolako,estatua
1,inolako,haize
1,inolako,harremanik
1,inolako,hautetsi
1,inolako,hazkunderik
1,inolako,konplotik
1,inolako,kontakturik
1,inolako,krimenik
1,inolako,metodologiarik
1,inolako,neurririk
1,inolako,ordainik
1,inolako,sarerik
1,inolako,txostenik
1,inolako,usteldura
1,inolako,zainak
1,inongo,akordiorik
1,inongo,kutxarik
1,inozenteak,biktima
1,inozenteak,eginbeharra
1,inozoa,berriketa
1,instituzional,bilakaera
1,instituzional,ekitaldi
1,instituzionala,ekitaldi
1,instituzionalak,harreman
1,instituzionalak,tentsio
1,instituzionalera,ekitaldi
1,integral,ikuspegi
1,integral,ikuspuntua
1,intelektualak,armeniar
1,interbentzionista,joera
1,interesgarria,gizon
1,interesgarriak,jokalari
1,interesgarriena,partidu
1,irakiar,familia
1,irakiar,ligako
1,irakiar,sendi
1,iraultzailea,alderdi
1,iraunkorra,batzorde
1,iraunkorrean,batzorde
1,iraunkorrentzat,instalakuntza
1,iraunkorretik,batzorde
1,iraunkorretik,maila
1,irlandar,jatorriko
1,irristakorrean,pista
1,irudiko,agiriaren
1,iruindarra,atzelari
1,iruindarra,entrenatzaile
1,iruindarrari,atzelari
1,irurtzundar,pilotaria
1,isila,elkarretaratze
1,islamiko,buruzagi
1,islamiko,estatu
1,islamistak,militante
1,israeldar,ihes
1,israeldar,kolono
1,israeldar,nahi
1,israeldar,polizia
1,israeldarra,herritartasun
1,israeldarrak,soldadu
1,israeldarrek,agintari
2,israeldarrek,soldadu
1,israeldarrekin,soldadu
1,israeldarrez,ume
1,istilutsua,partida
1,italiar,itsaso
1,italiar,jatetxe
1,italiarra,etxean
1,italiarra,gogo
1,italiarra,hautatzaile
1,italiarra,ontzi
1,italiarra,pasaporte
1,italiarra,talde
1,italiarra,txirrindulari
1,italiarrarentzat,talde
1,itsua,entzierrozale
1,itsusiak,zarata
1,itzela,ahalegin
1,itzela,bokadilo
1,itzela,erregeordea
1,itzela,gelako
1,itzela,gogo
1,itzela,jarduera
1,itzela,konfiantza
1,itzela,korrikaldi
1,itzela,lan
1,itzela,parekotasun
2,itzela,presio
1,izugarri,epaitegi-gatazka
1,izugarri,gertaera
1,izugarri,gertaldi
1,izugarri,krimen
1,izugarria,aldaketa
1,izugarria,erraztasun
1,izugarria,kopuru
1,izugarria,lorpen
1,izugarria,pena
1,izugarriak,atari
1,izugarrizko,jokoa
1,izugarrizko,mesedea
1,izugarrizko,planteamenduren
2,izugarrizko,presioa
1,izugarrizko,saioa
1,izukaitza,balio
1,izukaitza,kanguru
1,jaioberri,proiektu
1,jakin,epe
1,jakin,eskubide
1,jakin,exigentzia
1,jakin,gai
1,jakin,partidu
1,jakin,sektore
1,jakin,sistema
1,jakin,toki
1,jakina,eredu
1,jakinik,ideia
1,jantzienak,mediku
1,jatorrena,adibide
1,jatorrizko,estatuaren
1,jatorrizko,gizona
1,jatorrizko,harkaitzen
1,jatorrizko,herritartasuna
1,jatorrizko,idazkian
1,jatorrizko,jaialdia
1,jatorrizko,konponbidea
1,jatorrizko,lekuetan
1,jatorrizko,paper
1,jeltzaleak,albaniarren
2,jeltzaleak,buruzagi
1,jeltzaleak,epera
1,jendeaurreko,ikuskizunak
1,judizial,atzetik
1,judizial,botere
1,judizial,txosten
1,judiziala,egitura
1,judizialak,polizia
1,judu,ihes
1,judu,kolono
1,jugoslaviar,aukera
1,jugoslaviar,militar
1,juridiko-politiko-mediatiko,operazio
1,juridiko,eraentza
1,juridikoa,izaera
1,juridikoak,arau
1,juridikoak,arazo
1,juridikoak,berme
1,juridikoak,erakunde
1,juridikoak,komisio
1,juridikoaren,araubide
1,juridikoari,marko
1,juridikoek,aldizkari
1,justu,ordena
1,justuago,ordena
1,kalorifikoa,energia
1,kaltegarria,mugak
1,kaltegarriak,ondorio
1,kanadar,aditu
1,kanariar,irlak
2,kanpoko,eragile
1,kanpoko,eragileak
1,kanpoko,eragileekin
1,kanpoko,hormak
1,kanpoko,jokalari
1,kanpoko,lehiakideei
1,kanpoko,mota
1,kanpoko,segurtasuna
1,kanpoko,taldeak
1,kanpoko,ziabogan
1,kapritxosoak,ibilbide
1,karbonikoa,anhidrido
1,karratu,metro
1,karratuko,metro
1,kartestiarrak,koordenatu
1,kaskarra,itxura
1,kaskarrean,egoera
1,katalan,irakasle
1,kataluinarra,erdilari
1,kataluniarra,jokalari
1,kataluniarra,modua
1,kataluniarra,tenislari
1,katoliko,katedrale
1,katolikoaren,eliza
1,kaxkarra,bidea
1,kaxkarra,jangarri
1,kaxkarra,jardunaldi
1,kaxkarrak,argudio
1,kementsuagoa,mugimendu
1,kimikoak,aldaketa
1,kimikoak,banatze-metodo
1,kimikoak,hautespen-sistema
1,kimikoak,metodo
1,kimikoak,produktu
1,kimikoak,prozedura
1,kimikoarena,produktu
1,kimikoari,produktu
1,klasiko,zuberera
1,klasikoa,derbi
1,klasikoari,musika
1,klinikoko,egoitza
1,klinikoko,lege
2,kolektiboa,negoziazio
1,kolektiboak,akordio
1,kolektiboak,hotsa
1,kolektiboak,negoziazio
1,kolektiboan,hitzarmen
1,koloredun,lurra
1,koloredun,puxikak
1,koloredun,taldea
1,koloretsuak,jantzi
1,komertzialak,kirurgilari
1,komertzialak,muga
1,komuna,itun
1,komunaren,administrazio-jardunbide
1,komunaren,atzerri
1,komunista,lehendakari
1,komunista,pisuak
1,komunista,presidente
1,komunista,talde
2,komunistako,alderdi
1,komunistarik,utopia
1,konbinazional,zirkuitu
1,konbinazionala,elurra
1,konbinazionala,taldea
2,konbinazionala,zirkuitu
2,konbinazionalak,zirkuitu
1,konkretu,ingurune
1,konkreturik,egun
1,konkreturik,gerrillari
1,konstituzionaletan,eskubide
1,kontentzioso-administratiboa,helegite
1,kontrajarri,jarrera
1,kontrako,argudiotik
1,kontserbadore,pentsalari
1,kontserbadore,tesi
2,kontserbadoreak,alderdi
1,korapilatsua,auzi
1,korsikar,aferarekin
1,koskorra,ume
1,kriminal,egun
1,kriminal,kereila
1,kriminal,tentsio
1,kriminala,kereila
1,kristoren,antza
1,kristoren,zaporea
2,kritiko,balio
1,kritiko,etxean
1,kritiko,ikuspegi
1,kritiko,kanguru
1,kritiko,masa
1,kritikoak,aipamen
1,kroaziarra,atzelari
1,kualitatiboa,jauzi
1,kubatarrak,azpian
1,kubatarrak,haur
1,kultu,pertsona
1,kulturalaz,aniztasun
1,kulturalaz,egoera
1,kulturalaz,sustrai
1,kuttuna,soineko
1,kuttunak,jostailu
1,laburra,ibilaldi
1,laburrak,berri
1,laburrak,postuan
1,laburrean,denbora
1,laburrean,epe
1,laburrean,narrazio
1,laburrena,hitzaldirik
1,laburrena,minutu
1,laburrera,denbora
1,laburrera,ebakuntza
1,laburrera,epe
1,lagungarriak,tresna
1,lainotsuan,garapen
1,lainotsuan,modu
1,laktikoa,azido
1,lapurtarra,entrenatzaile
1,lapurtarra,tenislari
1,laranja,manifestariak
1,laranja,masa
1,larri,balantze
1,larri,kezka
1,larria,egoera
1,larria,esperantza
1,larria,gertaera
1,larria,konponezin
1,larria,krisi
1,larria,lesio
1,larria,pobrezia
1,larriak,arazo
1,larriak,delitu
1,larriak,ondorio
1,larriak,pertsona
1,larriak,uholde
2,larrian,egoera
1,larrian,kazetariak
1,larrian,kinka
1,larriena,eraso
1,larriena,problema
1,larrienean,pobreziarik
1,larrietan,exhibizioa
1,larrietan,une
1,larrietarako,ekintza
1,larririk,arazo
1,larririk,istilu
1,larririk,lesio
1,larririk,ondorio
1,lasaia,entrenamendu
1,latxa,ardien
1,latz,borrokaldi
1,latz,eritasun
1,latz,herriaren
1,latz,mundu
1,latz,ur-eremu
1,latza,aberia
1,latza,erabaki
1,latza,errenta
1,latza,espezie
1,latza,presio
1,latzak,ondorio
1,latzekin,arazo
1,latzenak,borroka
1,latzetik,istripu
1,lauean,ibilbide
1,lauean,isiltasuna
1,laxo,ate
1,laxo,bizitzari
1,lazgarriena,eraginik
1,lazgarriena,urte
1,legal,bide
1,legal,ibilbidea
2,legala,indar
1,legegile,botere
1,legezko,epea
1,legezkoa,erabilera
1,lehenbiziko,idazle-taldea
1,lehenbiziko,urtean
1,lehengo,alaitasunik
1,lehengo,aldiz
2,lehengo,asteazkenean
1,lehengo,dizdira
1,lehengo,ekoizlea
1,lehengo,gerrillari
1,lehengo,ildotik
1,lehengo,maila
1,lehengo,modu
1,lehengo,partidua
1,lehiakorra,kultura
1,leunak,doinu
1,liberalak,alderdi
1,liberalak,arazorik
1,librea,espazio
1,librea,merkataritza
1,libreak,saio
2,librean,eskalada
1,librean,jendeak
1,librean,pisu
1,libreetan,metro
1,literarioa,kronika
1,literarioak,elementu
1,literarioak,lurra
1,lizun,emakume
1,lodian,behatz
1,lodian,heste
1,logiko-zientifikoarekin,ukitu
1,logikoa,akordioak
1,logikoa,ikur
1,logikoena,antolabide
1,loialistak,talde
1,loialistetan,auzo
1,loreduna,brotxe
1,loreduna,kasualitate
1,loteslerik,indar
3,lurrazpiko,elektrizitate-lineari
1,lurrazpiko,igeritokiarena
1,luzaroko,tresna
1,luze,agentziako
1,luze,aitak
1,luze,baloi
1,luze,denbora
1,luze,ezkutaketan
1,luze,hilabete
1,luze,ihesaldi
1,luze,ile-xerlo
1,luze,lauki
1,luze,makila
1,luze,soineko
1,luze,txima
1,luze,u
1,luzea,bide
3,luzea,denbora
1,luzea,eskalada
1,luzea,esprint
1,luzea,etenaldi
1,luzea,lan
1,luzea,tarte
1,luzeak,dolore
1,luzeak,entrenamendu
1,luzeak,partidu
1,luzean,epe
1,luzean,historia
1,luzean,hitzik
1,luzeari,era
1,luzeari,garaipena
1,luzeari,ibilbide
1,luzeei,partidu
1,luzeekin,zuzengune
1,luzeetan,minutu
1,luzez,denbora
1,madarikatu,hasieratik
1,madarikatu,tunel
1,madrildarrak,talde
2,magnetiko,eremu
1,magnetiko,karga
1,makala,estropada
1,makala,ikuskizun
1,makala,lan
1,makala,maila
1,makur,buru
1,maltzur,irribarre
1,maltzur,urtetan
1,mardul,norbanakoan
1,mardul,zurtoin
1,marokoar,ontzi
1,martsupialo,animalia
1,masiboak,sarraski
1,matematikoak,bizi
2,matematikoak,eragiketa
1,material,oinarri
1,materialak,kalte
1,mazala,irribarre
1,mediatiko,eraso
1,mediko,programa
1,medikoak,etika
1,meharrez,karrika
1,meheak,orri
1,mekanikoa,energia
1,melodiko,linea
1,meteorologikoak,eragile
1,metropolitar,zinegotzi
1,miangolarraren,itzulpenean
1,miarriztarrak,lerro
1,militar,aferetako
1,militar,agintari
1,militar,aginte
1,militar,base
1,militar,disimulutan
1,militar,gizon
1,militar,ibilgailu
1,militar,instalazio
1,militar,kolpe
1,militar,konboi
2,militar,kuartel
1,militar,okupazio
1,militar,zentral
1,militarra,agiriak
1,militarra,aliantza
1,militarra,kuartel
1,militarra,operazio
1,militarra,urte
1,militarragatik,pisu
1,militarrak,egoitza
1,militarrak,instalazio
1,militarrak,oldatze
1,militarrarekin,erregimen
1,militarrarekin,pezeta
2,militarrek,iturri
1,militarreko,batzorde
1,militarrez,indar
1,mimatu,ume
1,minberenak,gairik
1,minberenak,oposizio
1,mingarra,ihardunbide
1,mingarra,zapore
1,mingarrienak,porrot
1,mingotsa,zapore
1,miresgarri,bidaia
1,miresgarriak,makila
1,mistoa,batzorde
1,mistoa,defentsa
1,mistoa,keinuez
1,mistoa,sindikatuen
1,mistoak,talde
1,mitikoak,irudi
1,mlilitarra,gobernu
1,moderno,pertsona
1,molduradunei,gorputz
1,molotov,ginekologoaren
1,molotov,koktel
1,molotov,koktelek
1,molotov,lauko
1,mortu,mendi
1,motz,ibilbide
1,motzak,galtza
1,motzean,epe
1,motzean,larre
1,motzean,nahi
1,motzera,epe
1,mugatuak,ordutegi
1,mugikorra,lerro
1,mugitsu,ilunpe
1,multikulturala,giro
1,mundiala,udara-amaiera
1,musulman,emakume
1,musulman,sekta
1,musulmanak,gerrillari
1,musulmanak,mendean
1,musulmanek,amaieran
1,musulmanek,dizdira
1,musulmanek,erkidegoko
3,musulmanek,gerrillari
1,musulmanek,modu
1,mutu,mirabe
1,nabaria,eraso
1,nabarmen,aldaketa
1,nabarmen,subiranotasunaren
1,nabarmena,igoera
1,nabarmena,jaitsiera
1,nabarmena,kutsu
1,nabarmenak,akats
1,nabarmenena,apirilaren
1,nabarmenena,hutsune
1,nabarmenena,jokalaririk
1,nafarra,atari
1,nafarra,entrenatzaile
1,nafarra,jokalari
1,nafarra,tenislari
1,nafarrak,borrokalari
1,nafarrak,delitugile
2,nafarrak,erdilari
1,nafarrak,jaurlaritzan
1,nafarrak,talde
1,nagusi,ardatz
1,nagusi,aurkari
1,nagusi,bazkide
1,nagusi,behar
1,nagusi,bikario
1,nagusi,buruzagi
1,nagusi,gobernuari
1,nagusi,helburu
8,nagusi,idazkari
1,nagusi,kontseilari
1,nagusi,maitasuna
1,nagusi,modulu
1,nagusi,multzo
1,nagusi,neskak
1,nagusi,pelota
1,nagusi,puntu
1,nagusi,san
1,nagusi,sindikatu
1,nagusia,ahaldun
1,nagusia,ahalmena
1,nagusia,alderdi
1,nagusia,arabiera
1,nagusia,arazo
1,nagusia,ardatz
1,nagusia,arerio
1,nagusia,argazki
2,nagusia,argudio
1,nagusia,armeniarren
1,nagusia,behar
1,nagusia,bereizgarri
1,nagusia,berezitasun
1,nagusia,berri
1,nagusia,buruhauste
1,nagusia,desadostasun
4,nagusia,dohain
3,nagusia,epaile
1,nagusia,erdirako
1,nagusia,erlijio
1,nagusia,erreferentzia
1,nagusia,errege-erreginei
1,nagusia,finala
1,nagusia,finantza
1,nagusia,gai
1,nagusia,garaipena
2,nagusia,hautagai
4,nagusia,helburu
1,nagusia,hizkuntza
1,nagusia,idazkari
1,nagusia,iharduera
1,nagusia,indargune
3,nagusia,kezka
1,nagusia,kirol
1,nagusia,lehengai
1,nagusia,lehentasun
1,nagusia,nahi
2,nagusia,partidu
1,nagusia,proba
1,nagusia,protagonista
1,nagusia,sailkapenean
1,nagusia,san
1,nagusia,sari
1,nagusia,segundora
1,nagusia,sufrea
1,nagusia,talde
1,nagusia,tituluak
1,nagusia,tropel
1,nagusia,zalantza
1,nagusia,zati
1,nagusia,zatiketa
1,nagusia,zenbaketa
1,nagusia,zio
1,nagusia,zita
1,nagusiak,aburuz
1,nagusiak,agintari
1,nagusiak,aktore
1,nagusiak,ardatz
1,nagusiak,betebehar
1,nagusiak,bide
1,nagusiak,biltzarra
1,nagusiak,diputatu
1,nagusiak,euriz
1,nagusiak,final
2,nagusiak,hautagai
1,nagusiak,hautetsi
6,nagusiak,idazkari
1,nagusiak,ideia
2,nagusiak,iharduera
1,nagusiak,ikasgai
2,nagusiak,ildo
1,nagusiak,indarrean
1,nagusiak,jarduera
1,nagusiak,kontzertu
1,nagusiak,koordinatzaile
1,nagusiak,literaturek
2,nagusiak,ordezkari
1,nagusiak,porrot
1,nagusiak,proba
1,nagusiak,xede
1,nagusiak,zuzendari
2,nagusian,asanblea
1,nagusian,bileran
1,nagusian,egoitza
1,nagusian,enbaxada
1,nagusian,euskararekiko
1,nagusian,gorte
1,nagusian,haurrak
1,nagusian,hiribide
1,nagusian,maila
1,nagusian,neurketa
3,nagusian,partidu
7,nagusian,sailkapen
1,nagusian,saio
3,nagusian,sari
1,nagusian,talde
1,nagusiarekin,buru
1,nagusiarekin,talde
1,nagusiaren,fiskaltza
1,nagusiari,idazkari
1,nagusiari,solairu
1,nagusiei,lerro
1,nagusiek,alderdi
2,nagusiek,batzar
1,nagusiek,talde
1,nagusiena,aditu
1,nagusiena,arazo
2,nagusienak,eragilerik
1,nagusienetakoa,hautagai
1,nagusienetakoa,herrialde
1,nagusietakoa,eraikitzaile
1,nagusietan,askatasun
1,nagusietan,batzar
1,nagusietan,erkidego
1,nagusietan,gai
2,nagusietan,hiri
1,nagusietarik,oinarri
1,nagusietarik,ospakizunak
1,nagusiko,aldare
1,nagusira,txapelketa
1,nagusitik,eraikin
1,nagusitik,nahiago
1,nagusitzat,albiste
1,nagusitzat,arte
1,nagusitzat,erronka
1,nagusitzat,kanpoan
1,nagusitzat,ordezkari
1,nahasi,jokaldi
1,nahasia,giro
1,nahasia,hilabete
1,natural,gas
1,natural,inguru
1,naturala,ekoizpen
1,naturalak,baliabide
1,naturalak,ezbehar
1,naturalak,sindikatu
1,naturalez,erreserba
1,naziari,alderdi
1,nazioarteko,aldian
1,nazioarteko,asteazkeneko
2,nazioarteko,batzorde
1,nazioarteko,begirale
1,nazioarteko,entrenamendu
1,nazioarteko,epailea
1,nazioarteko,erakunde
1,nazioarteko,erakundea
1,nazioarteko,erakundeei
1,nazioarteko,esparru
1,nazioarteko,federazioa
1,nazioarteko,gaizkile-taldeak
1,nazioarteko,harremanak
1,nazioarteko,harremanetan
1,nazioarteko,hedabideetan
1,nazioarteko,irtenbide
1,nazioarteko,kazetari
1,nazioarteko,komunitateari
1,nazioarteko,krisietan
1,nazioarteko,larri-larria
1,nazioarteko,liburu
1,nazioarteko,mahai
1,nazioarteko,ordena
1,nazioarteko,politika
1,nazioarteko,postuan
1,nazioarteko,saileko
1,nazioarteko,sari
1,nazioarteko,zuzenbideak
1,nazional,batzorde
2,nazionala,aginte
1,nazionala,heroi
2,nazionala,mahai
1,nazionalak,araudi
1,nazionalak,auzitegi
1,nazionalak,entzutegi
1,nazionalak,interes
1,nazionalak,iturriek
1,nazionalarekin,entzutegi
1,nazionalaren,askatasun
1,nazionalaren,defentsa
1,nazionalaren,erkidego
1,nazionalari,nortasun
1,nazionalean,entzutegi
2,nazionaleko,asanblea
4,nazionaleko,entzutegi
1,nazionaleko,etxeko
1,nazionaleko,segurtasun
1,nazionalerako,adiskidetze
1,nazionalerako,ajea
1,nazionalerako,eraikuntza
1,nazionaletik,entzutegi
1,nazionalista,politiko
1,nazionalistan,auzo
1,nazionalistek,alderdi
1,negatiboan,hitz
1,negatiboan,zikloerdi
1,nekagarri,aste
1,neoliberala,aldaketa
1,neoliberala,politika
1,neoliberalekin,jarrera
1,neurologikoa,egitura
1,neuropsikologiko,erantzun
1,neurritsua,gazte
1,nimiñoena,aldaketarik
1,noblea,intentzio
1,nolabaiteko,aginte
1,nolabaiteko,aliantzak
1,nolabaiteko,arriskutzat
1,nolako,erlazioa
1,nolako,erosketak
1,nolako,giroa
1,nolako,harrera
1,nolako,indarrak
1,nolako,jokoa
1,nolako,oztopoak
1,nolako,sorpresa
1,nolako,urtea
1,nolanahiko,pagotxa
1,nolanahiko,taldea
1,normalena,gauzarik
1,normalena,taldean
1,nudistan,kristal
1,nudistan,lasterketa
1,nuklear,segurantzarako
1,nuklearra,disimulutan
1,nuklearra,kuartel
1,nuklearra,laurden
4,nuklearra,zentral
1,nuklearrak,zentral
1,odolzale,fama
1,ofizial,batzar
1,ofizial,talde
1,ofiziala,balio
1,ofiziala,erretiro
1,ofiziala,partidu
1,ofiziala,proba
1,ofizialak,emanaldi
1,ofizialak,peña
2,ofizialean,aldizkari
1,ofizialean,bisita
1,ofizialean,hiria
1,ofizialek,egunotan
4,ofizialek,iturri
1,ofizialetan,egoitza
1,ofizialetan,herritar
1,ohargarri,aldaketa
1,ohargarriena,data
1,ohezerudun,ohe
1,ohi,buru
1,ohi,denborarekin
1,ohi,gudalburu
1,ohi,jeitsieran
1,ohi,lehendakari
2,ohi,ministro
1,ohi,nahi
2,ohi,zinegotzi
1,ohia,aholkulari
1,ohia,batasun
1,ohia,diktadore
1,ohia,hitzarmena
1,ohia,jokalari
1,ohia,militar
1,ohia,ministro
1,ohia,preso
2,ohiak,buruzagi
2,ohiak,diktadore
1,ohiak,entrenatzaile
1,ohiak,komandante
2,ohiak,ministro
1,ohiak,pilotari
1,ohiak,zigor
1,ohiarekin,jokalari
1,ohiari,atzelariak
1,ohiari,buruzagi
1,ohiari,diktadore
1,ohiari,estatuburu
2,ohiari,lehendakariorde
1,ohiari,ministro
1,ohiari,presidente
1,ohiei,kide
1,ohiek,gerrillari
1,ohiko,analisiak
1,ohiko,arropak
1,ohiko,eleberriek
1,ohiko,erreakzioa
1,ohiko,estatistiketan
1,ohiko,isiltasuna
1,ohiko,iturriek
1,ohiko,jokoa
1,ohiko,protokoloari
1,ohiko,taktika
1,ohikoena,modu
1,ohizko,bezeroek
1,ohorezkoari,kontzertu
1,oinarrizko,aitzakiatzat
1,oinarrizko,akordio
1,oinarrizko,arautegi
1,oinarrizko,baloreak
1,oinarrizko,berezitasunen
1,oinarrizko,betebehar
1,oinarrizko,erreformak
1,oinarrizko,errentaren
7,oinarrizko,eskubideen
1,oinarrizko,grabaketa
1,oinarrizko,materialak
1,oinarrizko,osagai
1,oinarrizko,partikulak
1,oinarrizko,partikulaz
1,oinarrizko,pentsamendua
1,oinarrizko,ponentziak
1,oinarrizko,tradizio
1,oinarrizko,urtarrileko
1,oker,erdara
1,oker,mundu
1,okrea,ostertz
1,okrea,zuzenbidea
1,okupatzaileei,indar
1,okupatzaileek,indar
1,olinpiar,diploma
1,olinpiar,izarra
1,olinpiar,leloak
1,olinpiar,selekzioarekin
1,olinpiar,txapeldun
1,olinpiar,txapeldunik
1,olinpiarra,debut
1,olinpiarra,errekor
1,olinpiarra,maratoi
1,olinpiarra,taldeen
1,olinpiarrak,batzorde
1,olinpiarrean,erlojupeko
1,olinpiarrez,urre
1,on,berri
1,on,dolarrera
1,on,emaitza
1,on,erritmo
1,on,herri
1,on,jaialdi
2,on,jokalari
1,on,partidu
1,on,talde
1,on,usadioak
1,ona,a
1,ona,adibide
1,ona,aitzin-multzo
1,ona,amnistia
1,ona,aste
3,ona,aukera
1,ona,balantze
1,ona,berri
1,ona,betorea
1,ona,bileran
2,ona,borondate
1,ona,denboraldi-aurre
2,ona,denboraldi
1,ona,egoera
1,ona,egun
1,ona,eguraldi
1,ona,elektrizitate-lineari
1,ona,erlojupeko
1,ona,erregeren
1,ona,esprinean
1,ona,estreinaldi
3,ona,estropada
1,ona,euskara
1,ona,gai
2,ona,giro
1,ona,gobernua
1,ona,hasiera
1,ona,hegazkin
1,ona,iragarpen
5,ona,itxura
1,ona,itzuli
1,ona,jai-giroa
2,ona,jokalari
1,ona,joko
7,ona,lan
2,ona,maila
1,ona,maratoi
1,ona,marka
1,ona,materialak
1,ona,momentu
1,ona,negoziogizon
1,ona,neskalaguna
1,ona,partida
2,ona,partidu
1,ona,partiduetan
1,ona,pisu
1,ona,porrota
1,ona,presondegian
2,ona,saio
1,ona,san
1,ona,sarraskia
1,ona,setetan
4,ona,talde
1,onak,afera
1,onak,ariketa
1,onak,atxiloketa
1,onak,bakea
1,onak,baleak
1,onak,bolada
1,onak,egun
4,onak,emaitza
1,onak,erreformak
1,onak,erreskate
1,onak,giro
1,onak,harreman
1,onak,jokalari
1,onak,karrera
1,onak,konposatuak
1,onak,ondorio
1,onak,partidu
1,onak,pertsona
1,onak,profesional
1,onarekin,joko
1,onarekin,maila
3,onari,bolada
1,onari,egun
1,onaz,joko
1,ondoko,esparru
1,ondoko,ezaugarri
1,ondoko,ezaugarriok
1,ondoko,irudia
1,ondoko,kasuetan
1,ondoko,ordutegietan
1,ondoko,pausoak
2,ondorengo,baldintzak
3,ondorengo,ezaugarriak
1,ondorengo,galderei
1,ondorengo,idazle
1,ondorengo,ikasturteetan
1,ondorengo,jardueretako
1,ondorengo,jardueretan
1,ondorengo,orduko
1,ondoriozko,epaiak
1,onean,borondate
1,onean,egoera
1,onean,gorputzaldi
1,onean,osagarri
2,onean,sasoi
1,onena,adibide
1,onena,adibiderik
1,onena,ahal
1,onena,atezain
1,onena,aurretik
2,onena,denbora
2,onena,denborarik
1,onena,ekiporik
1,onena,entrenatzaile
1,onena,erarik
1,onena,estropada
1,onena,futbolari
2,onena,futbolaririk
1,onena,garaipenik
1,onena,garantiak
1,onena,gelako
1,onena,goizeko
1,onena,golegile
1,onena,hat-trick
2,onena,jokalari
1,onena,jokalaririk
1,onena,lagunik
1,onena,liga
1,onena,lurrikarak
2,onena,mailarik
1,onena,maratoilaririk
1,onena,marka
1,onena,palestinarrek
2,onena,partidurik
1,onena,pertsonarik
1,onena,pilotari
1,onena,saio
1,onena,saskiratzaile
1,onena,talde
1,onena,xakelaririk
1,onenak,antzezle
1,onenak,denborarik
1,onenak,dohainik
1,onenak,joko
1,onenak,jokorik
1,onenak,munduko
1,onenak,pilotari
1,onenak,posturik
1,onenak,sarea
1,onenean,aukera
1,onenean,momenturik
1,onenean,ostean
1,onenean,sasoirik
2,onenean,unerik
1,onenei,atleta
1,onenek,jokalaririk
1,onenekin,bertsolari
1,onenetakoa,banderen
1,onenetakoa,denborapasarik
1,onenetakoa,jaurtitzailerik
1,onenetakoa,jokalari
1,onenetakoa,pibot
1,onenetakoa,talderik
1,onenetan,garai
3,onetik,bide
1,onetik,helikopteroek
4,onez,begi
1,onik,eguna
2,onik,emaitza
1,onik,gauza
1,onik,gomuta
1,onik,kirol
1,onik,oea
1,onik,presidentea
1,onik,suerte
1,onik,tankera
1,onik,zorte
1,onuragarria,eragin
1,oparoa,etorkizun
1,oparoagoa,loraldi
1,oraingo,bakerako
1,oraingo,egoera
1,oraingo,epe
1,oraingo,etapa
1,oraingo,kasu
1,oraingo,lehia
1,ordezko,atezaina
1,ordezko,joko
1,ordezko,lehendakari
1,orduko,alderdiak
1,orduko,bozketa
1,orduko,erkidea
1,orduko,idazkari
1,orduko,lan
1,orduko,ministroa
1,orduko,soldadu
1,organikoan,plantila
1,orokor,adostasun
1,orokor,batzar
1,orokor,egitasmo
1,orokor,eraso
1,orokor,gauerdiko
1,orokor,ikuspegi
1,orokorra,amnistia
1,orokorra,atentatuan
2,orokorra,batzar
2,orokorra,greba
1,orokorra,idazkari
1,orokorra,negoziogizon
1,orokorrak,bitartean
1,orokorrak,erdia
1,orokorrak,idazkari
1,orokorrak,zerbitzu
1,ortodoxoa,eliza
1,ortodoxoa,erasoa
1,ortodoxoak,eliza
1,ortodoxoak,ikasleek
1,ortodoxoak,monastegi
1,osagarria,azterketa
1,osasuntsua,gorputz
1,osoa,aitzakiarik
1,osoa,denboraldi
1,osoa,egun
1,osoa,esanak
1,osoa,eskubide
2,osoa,gehiengo
1,osoa,gizon
1,osoa,herri
1,osoa,hilabete
1,osoa,hiri
1,osoa,iritzi
3,osoa,konfiantza
1,osoa,kultura
1,osoa,martiriak
1,osoa,nagusitasun
1,osoa,pibot
1,osoa,prestijio
1,osoa,sasoi
1,osoa,sostengu
1,osoa,sutondoan
1,osoa,talde
1,osoa,zuzentasun
1,osoak,talde
1,osoan,arratsalde
2,osoan,aste
1,osoan,azaro
1,osoan,denboraldi
1,osoan,diskrezio
1,osoan,egun
1,osoan,etapa
1,osoan,kasu
1,osoan,lasterketa
3,osoan,mundu
1,osoan,partida
1,osoan,soin
1,osoan,unitatea
3,osoan,urte
2,osoarekin,talde
1,osoarekin,uztailaren
1,osoarekin,zilegitasun
1,osoari,zigor
1,osoena,monumentu-bildumarik
1,osoenetakoa,egoeran
1,osoenetakoa,gobernuko
1,osoenetakoa,jokalari
1,osoko,bilkura
1,osoko,bilkuran
1,osoko,emendakinen
1,osoko,tasa
2,osoko,zuzenketak
1,osoz,edertasun
2,osoz,erraztasun
1,osoz,merezimendu
1,ospetsuek,ikertzaile
1,ospetsuk,psikiatra
1,osterantzeko,abokatu
1,osterantzeko,armamentu
1,osterantzeko,bozketaldian
1,osterantzeko,maiatzaren
1,osterantzeko,ondorioak
1,osterantzeko,pisuak
1,otzanak,ardi
1,palestinar,nerabe
1,palestinar,polizia
1,palestinar,ume
1,palestinarra,buru
1,palestinarra,eskubide
1,palestinarra,estatu
1,palestinarra,gerrillari
1,palestinarra,lider
1,palestinarra,lur
1,palestinarrak,erakunde
1,palestinarrak,gazte
3,palestinarrak,gune
1,palestinarrak,herri
1,palestinarrak,hipokresia
1,palestinarrak,konfiantzaz
1,palestinarrak,manifestari
1,palestinarraren,estatu
1,palestinarraren,pertsonarik
1,palestinarrari,herri
1,palestinarrari,plazetan
1,palestinarrari,polizia
1,palestinarrei,haur
1,palestinarrei,ikaskuntza
1,palestinarrek,iturri
1,paralelo,estatu
1,paralinpiarrak,mugimendu
1,paramilitarrak,talde
1,parapolizialak,erakunde
2,paregabea,aukera
1,paregabea,hego
1,paregabea,helduleku
1,paregabea,oroitzapen
1,paregabeko,grinaz
1,parlamentario,kopuru
1,parlamentario,taldea
1,parlamentarioak,bozeramaile
1,parlamentarioetan,hauteskunde
1,parlamentariorik,legitimitate
2,penagarrian,egoera
1,penagarrian,hamaikakoan
1,penagarrian,jardunaldiko
1,penal,kode
1,penalak,erantzukizun
1,perfektua,zati
1,pertsonal,egoera
1,pertsonala,errendimendu
1,pertsonalik,moral
1,pertsonalik,sehia
1,pittin,denbora
1,pittin,geografia
1,platonikoan,mundu
1,pobrea,jende
1,pobreena,herrialderik
1,pobreetara,herrialde
1,polemiko,grabaketa
1,polemiko,materialak
1,polemiko,tradizio
1,polemikoa,jokalari
1,polisarioak,fronte
1,polit,ipuin
1,polit,neskatila
1,polit,txoko
1,polita,adarkada
1,polita,denboraldi
1,polita,egoera
1,polita,estelar
1,polita,gai
1,polita,gobernua
1,polita,ikuskizun
1,polita,jokaldi
1,polita,lan
1,polita,lasterketa
1,polita,lehia
1,polita,literatura
1,polita,printzearekin
1,politena,leku
1,politenak,taldeok
1,politenak,unerik
1,politenean,unerik
1,politiko-ekonomiko,ordena
1,politiko,adierazpen
1,politiko,aldaketa
3,politiko,alderdi
1,politiko,bide
1,politiko,deklarazio
2,politiko,edukin
1,politiko,egoera
1,politiko,ekintza
1,politiko,eskubide
1,politiko,esparru
1,politiko,garai
1,politiko,gezur
1,politiko,indar
1,politiko,klonazioa
1,politiko,lasartearrek
1,politiko,mapa
1,politiko,paketeak
3,politiko,preso
1,politiko,proiektu
1,politiko,sistema
1,politiko,une
1,politiko,zeinu
1,politikoa,asilo
1,politikoa,aterabide
1,politikoa,egoera
2,politikoa,erasoaldi
2,politikoa,gatazka
1,politikoa,giro
1,politikoa,ibilbide
1,politikoa,konponbide
1,politikoa,kontratua
1,politikoa,lema
1,politikoa,lurrikara
1,politikoa,mezu
1,politikoak,alderdi
1,politikoak,aurkari
1,politikoak,auzitegietan
1,politikoak,ekintza
1,politikoak,eragile
1,politikoak,erlojupekoa
1,politikoak,helburu
1,politikoak,klase
1,politikoak,presio
2,politikoak,preso
1,politikoan,ekitaldi
1,politikoan,hirukoan
1,politikoan,mundu
1,politikoarekin,ostrazismo
1,politikoari,errealismo
2,politikoari,ildo
1,politikoari,krisi
1,politikoari,mehatxuzkoak
1,politikoaz,gehiengo
1,politikoaz,zuzentasun
1,politikoei,alderdi
1,politikoei,erreforma
1,politikoei,oker
1,politikoek,adin
1,politikoek,agintari
2,politikoek,alderdi
1,politikoek,alkoholismoan
1,politikoek,apur
1,politikoek,arrazoi
1,politikoengatik,ekintza
1,politikoetako,arazo
2,politikora,agenda
1,politikora,azeri
1,politikora,ezker
1,politikorik,arazo
1,politikorik,borondate
1,politikorik,helburu
1,politikorik,preso
1,politikotik,ezberdintasun
1,politikotzat,terrorismo
1,poliziala,porrot
1,polizialak,entrega
1,polizialek,txosten
1,popular,babes
1,popularrak,partidu
1,popularrari,alderdi
1,popularreko,partidu
1,portugaldarra,aurrelari
1,positibo,burtsa
1,positibo,ondorio
1,positiboa,bilakaera
1,praktiko,zirkuitu
1,praktikoak,adibide
1,praktikorik,predikamendu
1,prebentiboa,medikuntza
1,preferente,mailako
1,premiazko,asteetako
1,premiazko,ebakuntza
1,premiazko,galderaren
1,premiazko,neurriak
1,presidentzialak,akzioak
1,presidentzialak,jauregi
1,preziatua,sari
1,pribatu,agerraldia
1,pribatu,aseguru
1,pribatu,ikertzaile
1,pribatu,talde
1,pribatua,eremu
1,pribatuari,ekimen
1,pribatuari,zuzenbide
1,pribatuek,talde
1,profesional,ibilbide
1,profesionala,atzealdean
1,profesionala,gezi
1,profesionala,kirol
1,profesionala,kontratu
1,profesionala,liga
1,profesionala,talde
1,profesionalak,argia
2,profesionalak,talde
1,profesionaleko,liga
1,programagarrietan,zirkuitu
1,propio,eraentza
1,propioak,lege
1,propioari,natura
1,propioetan,interes
1,protestante,talde
1,protestantean,auzo
1,protestantean,menperatzailez
1,psikiatriko,ospitale
1,psikiatriko,partidua
1,psikologiko,kolpe
1,psikologiko,thriller
1,publiko,diru
1,publiko,finantzaketa
1,publiko,kargu
1,publikoa,alderdi
1,publikoa,eremu
1,publikoa,iritzi
1,publikoa,izaera
1,publikoa,ontziak
1,publikoa,talde
1,publikoak,baloiari
1,publikoak,botere
1,publikoak,gastu
1,publikoak,gotorlekuaren
1,publikoak,lazeria
1,publikoak,teatro
1,publikoak,telebista
1,publikoan,eskola
1,publikoan,faltan
1,publikoan,garaipena
1,publikoan,osasun
1,publikoan,sektore
1,publikoen,administrazio
1,publikora,eskaintza
1,publikora,politika
1,publikotzat,eremu
1,puntako,balioa
1,puntako,txirrindularia
1,puntakorik,lehiakide
1,puru,substantzia
1,puruak,arrebak
2,puruak,substantzia
1,puruekin,substantzia
1,ruandar,errefuxiatu
1,sakon,aldaketa
1,sakonak,sustrai
1,sakonenetan,errorik
1,sakratua,behar
1,sakratua,kazetari
1,sakratua,leku
2,sakratua,liburu
1,sakratuetan,leku
1,san,kafetegian
1,santua,gerra
2,santuak,aita
1,santuak,minutuetan
1,santuan,aste
1,santuko,ostiral
1,saprofito,astelehenean
1,saprofito,egun
1,saprofito,espezie
1,sedimentarioetan,haran
1,sekulako,garrantzia
2,sekulako,giroa
1,sekulako,interneten
1,sekulako,itzulikoa
1,sekulako,maila
1,sekulako,profesionaltasuna
1,sendo,oinarri
1,sendoa,alabaren
1,sendoa,gorpuzkera
1,sendoa,lider
1,sendoa,talde
1,sendoagoan,modu
1,sendoak,ekintza
1,sendoak,oinarri
1,sendoak,txapelketa
1,sendoena,selekzio
1,sendoena,talde
1,separatistak,kurdu
1,serbiar,gudalburu
1,serbiar,nahi
1,serbiarrek,adineko
1,serbiarrek,polizia
1,serbiarretan,komunitate
1,serioa,gauza
1,serioak,hiztegi
1,serioak,laguntzarekin
1,serioak,larunbatean
1,sezesionista,mamu
1,sinboliko,ekintza
1,sinbolikoa,unibertso
1,sinbolikoan,egun
1,sindikala,batasun
2,sindikala,gehiengo
1,sindikalei,hauteskunde
1,sinple,etxea
1,sinple,konparadore
1,sinple,merkatuko
1,sinple,metodo
1,sistematikoa,eraso
1,sistemiko,intsektizida
1,sistemikoz,intsektizida
1,sistemikoz,konfiantza
1,soberanistan,desobedientzia
1,soberanistari,desobedientzia
1,soil,entrenatzaile
1,soil,erizpide
1,soil,irudi
1,soil,nobedadea
1,soila,emate
1,soila,gehiengo
1,soropildu,multzo
1,sozial,babes
1,sozial,baliabide
1,sozial,ekintza
1,soziala,4x400ekoan
1,soziala,babes
1,soziala,bizitza
1,soziala,egoera
1,soziala,ezin
1,soziala,legeria
1,sozialak,eraikuntza
1,sozialak,eskubide
1,sozialak,rallyaren
1,sozialak,soldata
1,sozialaren,aseguru
2,sozialaz,arlo
1,sozialdemokrata,alderdi
1,sozialean,arlo
1,sozialean,nafarrek
1,sozialean,sukurtsal
1,sozialei,eragile
1,sozialei,preso
1,sozialekiko,eskubide
1,sozialekin,arazo
1,sozialeko,politika
2,sozialistak,alderdi
1,sozialistak,eledun
1,sozialistak,urte
1,sozialistak,zinegotzi
1,sozialistako,alderdi
1,sozialistako,amaiera
1,sozialistako,lorapoteetan
1,sozioekonomikoak,aldarrikapenak
1,sozioekonomikoak,arduradun
1,sozioekonomikoak,oinarri
1,subsidiarioa,ordezkotza
3,suediarra,atezain
1,suediarra,ospitalera
1,sufriezina,ama
1,suizida,atentatu
1,sumin,gai
1,susmagarri,pakete
1,sutsua,defentsa
1,sutsua,landaretzaren
1,taktikoa,bainujantzi
1,taktikoa,kultura
1,taktikoari,diziplina
1,taktikoari,galtzagorriren
1,tamilak,tigre
1,tekniko,eskari
1,tekniko,idazkari
1,tekniko,igeriketa
1,tekniko,laguntza
1,tekniko,lantalde
1,teknikoa,laguntza
1,teknikoa,lantalde
1,teknikoak,arazo
1,teknikoak,idazkari
1,teknologiko,aro
1,tematsuei,ahalegin
1,teoriko,jokalariak
2,teoriko,kurtso
1,teorikoan,maila
1,termonuklearra,leherketa
1,territoriala,eremu
1,territoriala,hilketen
1,tolosarrak,kazetari
1,totalitario,burmuin
1,tradizional,jantzi
1,tradizionala,musika
1,tradizionalak,arropa
1,tradizionalak,entrenamendua
1,tradizionalari,pentsamendu
1,tradizionalei,aire
1,tragikoan,monologo
1,tranpati,talde
1,trebe,poeta
1,trebea,gizon
1,trebeena,gizonik
2,trinkodun,egitura
1,tristea,albiste
1,tristeak,modu
1,ttipi,huts
1,ttipi,problema
1,turistiko,hiri
1,turistikoak,arrazoi
1,turistikoak,partzuergo
1,turistikoek,hiri
1,turkiar,armadan
1,turkiar,gazte
1,turkiarrak,arrantzarako
1,turkiarrek,soldadu
1,txandakako,lehendakaritzako
1,txapeldunari,selekzio
1,txar,bolada
1,txar,emaitza
1,txar,tratu
3,txarra,bolada
1,txarra,denbora
2,txarra,eguraldi
1,txarra,emaitza
1,txarra,etxera
1,txarra,frantziarrak
1,txarra,giro
1,txarra,ospe
1,txarra,san
1,txarra,tratu
2,txarra,urte
1,txarrak,egur
1,txarrak,tratu
1,txarrak,zorte
1,txarrak,zuzendari
1,txarrean,bolada
1,txarrean,egoera
1,txarrean,neurrian
1,txarrean,tenple
1,txarrenean,egokiera
1,txarrengatik,tratu
1,txarretan,momentu
1,txarrez,abertzaleen
1,txarrez,erakundearen
2,txarrez,fede
1,txarrik,bolada
1,txarrik,pentsamendu
1,txetxeniar,gerrillari
1,txetxeniarrek,gerrillari
1,txiki,ahal
1,txiki,aldaketa
1,txiki,arantza
1,txiki,atentatu
1,txiki,baloia
1,txiki,dordoka
1,txiki,ekarpen
1,txiki,enpresa
1,txiki,ermita
1,txiki,estatu
1,txiki,etxe
1,txiki,hegazkin
1,txiki,herrialde
1,txiki,infekzio
1,txiki,jokalari
1,txiki,kolpe
1,txiki,lagun
1,txiki,lesio
1,txiki,negarrari
1,txiki,pago
2,txiki,partikula
1,txiki,polarizazio
1,txiki,sute
2,txiki,talde
1,txiki,xantza
1,txiki,zulo
1,txikia,haustura
1,txikia,oihartzun
1,txikia,talde
3,txikiagoan,neurri
1,txikiagoz,zati
1,txikiak,anaia
1,txikiak,komertzio
1,txikian,apartamendu
1,txikian,buruari
1,txikian,leku
1,txikiarekin,abantaila
1,txikiarekin,lurralde
1,txikiei,aurreko
1,txikiei,ume
1,txikiek,gauza
1,txikiekin,arazo
1,txikiekin,harri
1,txikiena,eguneko
1,txikiena,garapen
1,txikiena,kopuru
1,txikiena,markarik
1,txikienari,kontzertua
1,txikienari,materia-zatirik
1,txikietan,estatu
1,txikietan,herri
1,txikietan,komertzio
1,txikietan,lorontzi
1,txikitan,dosi
1,txikitan,maleta
1,txukuna,denboraldi
1,txukuna,lan
1,txukuna,saio
1,txuri-urdina,talde
1,txuri-urdinak,talde
1,ugaria,antolatzaileek
1,ugaria,ile
1,ugariz,eragozpen
1,ultraeskuindarra,agiria
1,ultraeskuindarra,alderdi
1,ultraortodoxo,judu
1,ultraortodoxo,urteko
1,ultraortodoxora,alderdi
1,ultraortodoxora,gain
1,ultraortodoxora,hasiera
1,umiliagarria,tratu
1,unibertsalaren,gramatika
1,unibertsitarioak,ikasketa
3,unionista,alderdi
1,unionista,ukokari
1,urdin,alkondara
1,urdin,atorra
1,urdin,behar
1,urdin,lore
1,urdin,zeru
1,urduria,etapa
1,urrezko,agurra
1,urrezko,biltzar
5,urrezko,domina
1,urrezko,egunetan
1,urrezko,pibe-a
1,urrezko,puntu
1,urriz,bitarteko
1,urrunekoa,ekialde
1,urrutiko,hondartzaren
1,urtsua,zurtoin
1,ustezko,hiltzaileak
2,ustezko,kide
1,ustezko,lidergoari
1,ustezko,militante
1,ustezko,ukitu
1,ustezko,zibilizazio-gatazka
1,whorfiano,tesi
2,xaharra,grafia
1,xamurretik,hurbiltasun
1,xehea,herri
1,xenofobo,eraso
1,xenofobo,kutsu
1,xenofobo,urte
1,xenofoboak,adierazpen
1,xenofoboak,aukera
1,xenofoboak,irizpide
1,xotilarenganako,maitasunaren
1,xume,herritar
1,xume,jarduera
1,xume,talde
1,zabal,hosto
1,zabala,erakunde
1,zabala,erakusketa
1,zabala,hiriz
1,zabala,komentario
1,zabala,leku
1,zabala,tratamendu
1,zabala,trukaketa
1,zabala,zerbitzu
1,zabalago,talde
1,zabalak,kale
1,zabalean,ekitaldi
1,zabalean,gune
1,zabalean,itsaso
2,zabalean,mundu
1,zahar,agure
1,zahar,behar
1,zahar,hilobi
1,zahar,irteerako
1,zaharra,banaketa
1,zaharra,gizon
1,zaharra,igandean
1,zaharra,konfiantza
1,zaharra,sardin
1,zaharra,zentral
1,zaharrak,esaera
1,zaharraz,rockero
1,zaharrean,aireportu
1,zaharrean,jokoan
1,zaharrean,landare
1,zaila,ataka
1,zaila,erantzun
1,zaila,erronka
1,zaila,giro
1,zaila,hasiera
2,zaila,lan
1,zaila,partidu
1,zaila,sasoi
1,zaila,une-historiko
1,zailak,partidu
1,zailei,etapa
1,zailei,iluntzea
1,zailena,pasarterik
1,zailetan,une
1,zakar,ahots
1,zakar,eskolakoek
1,zakar,hots
1,zakarrak,itsaso
1,zaleok,mundu
1,zapatista,armada
1,zapatistarekin,mugimendu
1,zatiezinez,ekarpen
1,zatiezinez,partikula
1,zatigarri,janari
1,zeharkako,lana
1,zehatz,emaitza
1,zehatz,une
1,zehatza,ordu
1,zehatzak,alderdi
1,zehatzak,berri
1,zehatzak,egun
1,zehatzera,gramatika
1,zentralak,ardurak
1,zentralak,banku
2,zentralak,batzorde
1,zer-nolako,egoeran
1,zer-nolako,itxura
1,zer-nolako,itzulia
1,zer-nolako,koadrila
1,zer-nolako,taldea
1,zibil,agintari
1,zibil,bikiek
1,zibil,desobedientzia
1,zibil,eskubide
1,zibil,eskuduntzak
1,zibil,foru-zuzenbide
1,zibil,herritar
1,zibila,auzotasun
1,zibila,babes
3,zibila,desobedientzia
1,zibila,desodentzientzia
1,zibila,foru-zuzenbide
1,zibila,urteetan
1,zibila,zuzenbide
1,zibilak,defentsa
1,zibilak,denboran
2,zibilak,desobedientzia
3,zibilak,guardia
1,zibilak,urtearen
1,zibilean,gerra
1,zibilek,etxera
2,zibilek,guardia
1,zibileko,abiazio
2,zibileko,babes
1,zibileko,etapa
2,zibileko,goardia
1,zibileko,nondik-norakoak
2,zikina,gerra
1,zikina,laukote
1,zikinean,itsaso
1,zintzo,gauza
1,zintzoa,ezkutari
1,zirkularrean,plaza
1,zital,jokaldi
1,ziur,euskalki-sailkapen
1,zoragarri,egun
1,zoragarri,hirukotearen
1,zoragarria,hiri
1,zoragarria,kontzertu
1,zorrotza,defentsa
1,zorrotza,ertza
1,zorrotza,kritika
1,zorrotzak,neurri
1,zorrotzenekin,festa
1,zorrotzenekin,lehiakide
1,zuberotar,aurretik
1,zuberotar,emakumezko
2,zuberotarrak,pilotu
1,zuberotarrek,pilotu
1,zuhurra,jokalari
1,zuhurra,talde
1,zuri,bizar
1,zuri,lurjabe
1,zuria,arrautza
1,zuria,bisitak
1,zuria,esne
1,zuria,lurjabe
1,zuria,maillot
2,zurigorriak,talde
1,zurigorrian,talde
1,zuriko,etxe
1,zurikoak,kolore
1,zurira,etxe
1,zuriraino,etxe
1,zuritik,etxe
1,zurruna,bloke
1,zurruna,egutegi
1,zurrunak,egoitza
1,zurrunak,lege
1,zuzen,enplegu
1,zuzen,erlijio
1,zuzen,idazkera
1,zuzen,kultura
1,zuzen,nafarrek
1,zuzena,isla
1,zuzena,zerikusi
1,zuzenak,harreman
2,zuzenean,polarizazio
1,zuzeneko,emankizuna
1,zuzeneko,informaziorik
1,zuzeneko,jokalari
1,zuzeneko,polarizazio
1,zuzeneko,saioa
1,zuzenenean,modurik
