count,awf,nwf
1,1923,г.
1,1950,г.
1,1955,годзе
1,1956,года
1,1958,года
1,1968,году
1,20-х,датах
1,200-тысячнай,купюрай
1,2000,годзе
4,2002,года
1,2010,гадах
1,2010,сiтуацыях
1,2011,ворагаў
1,2011,гадах
6,2011,года
1,2011,лідар
1,2011,інфармацыі
1,2012,гадах
5,2012,года
1,2012,годзе
1,2012,захавання
1,2012,палітвязняў
1,2012,прапановы
1,3017,годзе
1,5,красавіка
1,79-гадовы,бацька
1,iнфармацыйных,тэхналогiй
1,iншая,маёмасць
2,iншую,дзейнасць
1,iншую,краіна
1,iншую,маёмасць
1,iншую,перыяд
2,iншымi,актамi
6,iншымi,арганiзацыямi
1,iншымi,дзейнасці
1,iншых,акалiчнасцяў
1,iншых,актаў
1,iншых,арганiзацый
1,iншых,выплат
1,iншых,галiн
1,iншых,задач
1,iншых,звестак
2,iншых,краiн
2,iншых,падраздзяленняў
1,iншых,работнiкаў
1,iншыя,Камітэта
2,iншыя,абавязкi
1,iншыя,адсутнасць
4,iншыя,арганiзацыi
1,iншыя,грамадзяне
1,iншыя,дзеяннi
1,iншыя,конкурсе
1,iншыя,меры
2,iншыя,падраздзяленнi
1,iншыя,парушэнні
2,iншыя,правы
1,iншыя,работнiкi
1,xix,стагоддзя
1,Ідэальнае,месца
1,Абавязковае,страхаванне
1,Абласным,ўпраўленням
1,Абласныя,сакавіка
4,Абласныя,ўпраўленнi
1,Абсалютным,пераможцам
1,Агульнае,кiраўнiцтва
1,Агульная,нагляд
1,Агульная,плошча
1,Агульныя,канцы
1,Агульныя,палажэнні
1,Адпаведныя,прапановы
1,Алімпійскіх,гульняў
1,Алімпійскіх,зборных
1,Апошнiя,лiчбы
2,Асабiстая,гаспадарка
1,Асабiстая,сяброў
1,Асаблівая,ўвага
1,Асноўнымi,задачамi
1,Асноўнымi,напрамкамi
1,Асноўнымi,прынцыпамi
1,Асноўныя,задачы
1,Асноўныя,напрамкi
1,Асноўныя,напрамкі
1,Асноўныя,прынцыпы
1,Астравецкай,электрастанцый
1,Барысаўскі,раёны
1,Беларуска-Расійскага,ўніверсітэта
1,Беларускага,прафсаюза
1,Беларускага,радыё
1,Беларускага,ўніверсітэта
1,Беларуская,мова
1,Беларускі,бок
1,Беларускі,міністраў
1,Беларускі,партызан
1,Беларускія,банкі
1,Беларускія,ўваходзе
1,Беларускія,ўлады
1,Верхнядзвінскім,раёне
1,Вялікай,пяцёркі
1,Вярхоўнага,суда
1,Вярхоўны,суд
2,Віцебскага,ўніверсітэта
1,Віцебскай,абласцях
2,Віцебскай,вобласці
1,Віцебская,вобласць
1,Віцебскім,упраўленні
1,Галоўнай,задачай
2,Гомельскага,аблвыканкама
1,Гомельскага,даляраў
1,Грамадзянскiм,кодэксам
1,Грашовае,забеспячэнне
1,Гродзенскага,ўніверсітэта
2,Гродзенскай,вобласці
1,Гродзенскай,нагляду
1,Далейшае,развіццё
6,Дзяржаўны,нагляд
1,Дзяржаўны,плошча
1,Дзяржаўны,пунктаў
1,Дзяржаўны,структуру
1,Другая,віцэ-Каралева
1,Еўрапейскага,рублёў
1,Еўрапейскага,саюза
1,Еўрапейскі,прадпрыемстваў
2,Еўрапейскі,саюз
1,Еўрапейскім,небяспеку
1,Еўрапейскім,саміту
1,Еўрапейскім,саюзам
1,Еўрапейскія,Рады
1,Еўрапейскія,палітыкі
1,Замежныя,грамадзяне
1,Знешні,доўг
1,Карэйскага,агенцтва
1,Кіруючы,орган
1,Лепельскім,раёне
1,Лепельскім,студзені
1,Мiнскае,рост
1,Мiнскаму,нумарам
1,Магілёўскі,музей
1,Мясцовыя,органы
1,Мясцовыя,разглядзе
1,Міжнароднага,дня
1,Міжнароднага,конкурсу
1,Міжнароднага,органамi
1,Міжнароднага,пакта
1,Міжнароднага,паслугі
1,Міжнароднага,фонду
1,Мінскай,вобласці
2,Навукова-вытворчага,цэнтра
1,Найбуйнейшая,карпарацыя
1,Найбуйнейшая,міністр
1,Нацыянальнага,агенцтва
2,Нацыянальнага,банка
1,Нацыянальнае,агенцтва
1,Нацыянальнае,крок
1,Нацыянальны,адказнасць
4,Нацыянальны,банк
1,Нацыянальны,нагляд
1,Нацыянальны,чалавек
1,Нацыянальным,агенцтвам
1,Начная,Саветам
1,Начная,тэмпература
1,Новая,купюра
1,Новую,версію
1,Ніжагародскай,кампаніі
1,Падобныя,дакументы
1,Палескага,ўніверсітэта
1,Паўднёвай,спраў
1,Паўднёвая,дзяржавы
1,Пенсiйнае,забеспячэнне
1,Пенсiйнае,тэмы
1,Першай,віцэ-Каралевы
1,Полацкага,ўніверсітэта
1,Польскiя,медыкi
1,Рэальная,плата
1,Рэспублiканскiя,Пазіцыя
1,Рэспублiканскiя,органы
1,Рэспублiканскага,камiтэта
1,Рэспубліканскага,гідраметэацэнтра
1,Сам,грамадзян
1,Сам,фінал
1,Самы,красавіка
1,Самы,падраздзяленнi
1,Самым,днём
1,Самым,сiтуацыях
1,Сацыяльна-бытавое,забеспячэнне
2,Службовыя,асобы
1,Статыстычныя,даныя
1,Статыстычныя,рашэнне
1,Сусветнай,арганiзацыi
1,Талачынскі,падраздзяленнях
1,Талачынскі,раён
1,Трэцяе,месяца
1,Тэмпературныя,рэкорды
1,Тэрытарыяльныя,органы
1,Хельсінкскі,фонд
1,Цагляны,франтон
1,Чэшская,Палатай
1,Чэшская,лютым
1,Чэшская,мова
1,Чэшская,перакладчыца
1,абавязковага,тэрмiну
1,абавязковае,адпаведнасцi
1,абавязковае,патрабаванне
1,абавязковаму,страхаванню
1,абласное,ўпраўленнi
1,абласны,музей
1,абласным,упраўленні
1,абменнага,курса
1,абуральныя,парушэнні
2,аварыйна-выратавальных,атрадаў
1,аварыйна-выратавальных,работ
2,аварыйна-выратавальныя,атрады
1,аглушальным,грукатам
1,агульнай,мэты
1,агульнай,партнёры
1,адваротным,баку
1,адзiны,нумар
1,адзінай,пазіцыі
1,адкрытага,скажэння
1,адкрытую,ваду
2,адмiнiстрацыйных,правапарушэннях
1,адміністрацыйным,правапарушэннем
1,аднаразовых,улiкаў
1,адпаведную,інфармацыю
1,адпаведных,бюджэтаў
1,адпаведных,вiдаў
1,адпаведных,органаў
1,адпаведныя,дакументы
1,адчувальных,станцыі
1,адчувальных,тэмах
1,айчыннай,сiстэмы
1,айчынных,навукоўцаў
1,актыўных,ўдзельнікаў
1,алкагольнага,ап'янення
1,аналітычнай,запіскі
1,анамальнага,красавіка
1,анамальнага,надвор'я
1,анамальнага,пачатках
1,англiйскiя,ўрачы
1,апазіцыйны,палітык
1,аператыўнай,абвестцы
1,аператыўных,абароны
1,аператыўных,дадзеных
1,апошняя,неспадзяванка
1,апошнім,рашэннем
1,апошнія,гадоў
1,апошнія,дэталі
1,апошнія,падраздзяленнях
1,апошнія,прагоны
1,апошнія,сiтуацыях
1,арганiзацыйнага,забеспячэння
1,артыстычнага,майстэрства
1,артыстычнае,майстэрства
1,асабiстай,арганізацый
12,асабiстай,гаспадаркi
2,асабiстай,гаспадарцы
1,асабiстай,намер
1,асабiстай,справаздачы
1,асабiстую,арганізацыямі
1,асабiстую,гаспадарку
3,асабiстых,гаспадарак
3,асабiстых,гаспадарках
1,асаблівым,кантролем
1,асабістай,справай
1,асабістая,помста
1,асноватворных,каштоўнасцяў
1,асноўнай,тэмай
1,асноўным,рынку
2,асноўных,спосабаў
1,асноўных,участкаў
1,асобных,землях
1,асобных,краін
1,асобныя,ўчасткi
1,атамнай,энергетыцы
1,атамных,электрастанцый
1,афіцыйнай,заяве
1,афіцыйнай,органаў
1,афіцыйнай,статыстыкі
1,афіцыйным,паведамленні
1,афіцыйным,трагедыі
1,афіцыйных,арганiзацый
2,афіцыйных,асоб
1,аховы,здароўя
1,ашчадных,працэсаў
1,бабровай,запрудай
1,базавых,велічынь
1,банкаўскага,абсталявання
1,банкаўскага,сектара
1,банкаўскае,абсталяванне
1,банкаўскае,кветкі
1,банкаўскай,справы
1,банкаўскай,сферы
1,банкаўскія,рахункі
1,беларускiх,рублях
1,беларускага,аддзялення
1,беларускага,лідара
1,беларускае,харчаванне
1,беларускай,дэлегацыі
1,беларускай,метро
1,беларускай,мове
2,беларускай,мовы
1,беларускай,прамысловасці
1,беларускай,станцыі
1,беларускамоўных,людзей
1,беларускамоўных,палоне
1,беларускаму,боку
1,беларускаму,кампаніяй
1,беларускаму,пазіцыю
1,беларускаму,прыватызацыі
1,беларускаму,рэжыму
1,беларуская,Радыё
1,беларуская,катаванні
5,беларуская,мова
1,беларуская,прыцягнення
1,беларуская,служба
1,беларуская,сувязі
1,беларускую,выпадку
1,беларускую,збліжэнні
2,беларускую,мову
1,беларускую,неабходнасці
1,беларускую,эканоміку
1,беларускі,бок
1,беларускі,дух
1,беларускі,катастроф
1,беларускі,лідар
1,беларускі,падаткаў
1,беларускі,прадукт
1,беларускі,прэзідэнт
1,беларускі,спіс
1,беларускім,бокам
1,беларускім,заканадаўствам
1,беларускім,народзе
1,беларускім,перакладзе
1,беларускім,тэлебачанні
1,беларускімі,палітвязнямі
1,беларускімі,сябрамі
1,беларускімі,ўладамі
1,беларускіх,аптэках
1,беларускіх,асоб
2,беларускіх,грамадзян
2,беларускіх,кампаній
1,беларускіх,палітвязняў
1,беларускіх,прадстаўнікоў
1,беларускіх,сакавіка
1,беларускіх,сіноптыкаў
1,беларускіх,уладаў
1,беларускія,вучоныя
3,беларускія,ўлады
1,белых,сукенках
1,блiжэйшыя,гадоў
1,блізкія,людзі
1,большая,частка
1,брытанская,газета
1,брытанская,сiтуацыях
1,бягучым,Рэспублiкi
1,бягучым,годзе
1,бяспечным,вядзеннем
1,ваенных,дзеянняў
1,важнай,персонай
1,важная,ўмова
1,вакуумнай,упакоўцы
1,валавым,Рэспублiкi
2,валавым,доўгам
1,валютнага,фонду
1,валютным,рынку
1,велізарны,слуп
1,вольны,падраздзяленняў
1,вольны,час
1,вонкавым,абавязку
2,вучэбных,арганiзацый
2,вучэбныя,арганiзацыi
1,выканаўчага,органа
1,выканаўчымi,даляраў
7,выканаўчымi,органамi
1,выканаўчымi,пакта
2,выканаўчых,органаў
1,выканаўчых,пастаўку
5,выканаўчыя,органы
1,выканаўчыя,разглядзе
1,вынiковай,калегii
1,выразных,тлумачэнняў
1,высачэзны,дзядзька
1,высокапастаўленага,прадстаўніка
1,высокі,паказчык
1,вытворчага,будынка
2,выходныя,дні
1,выходныя,лекі
1,вычарпальныя,адказы
1,вычарпальныя,газеты
1,вышэйстаячага,кіраўніка
1,вышэйстаячых,кіраўнікоў
2,вышэйшай,меры
1,вядомы,прадзюсер
1,вялікім,вопытам
1,вялікім,здзіўленнем
1,вялікім,праўду
1,вялікіх,грошай
2,вярхоўны,прадстаўнік
1,вярхоўны,сакавіка
1,вячэрнім,убранні
1,візавых,абмежаванняў
1,візавых,інфраструктуры
1,візавыя,санкцыі
1,галiновага,прафсаюза
1,галасавых,каманд
1,галоўнага,возера
1,галоўным,ведамстве
1,галоўнымі,гераінямі
1,галоўныя,прызы
1,гарадскiх,аддзелаў
4,гарадскiя,аддзелы
1,гарадскiя,трлн
1,гарадской,Каралеве
1,гарачых,гадаў
1,гарнiзоннай,службы
1,гаспадарча-працоўнай,дзейнасцi
1,гаспадарча-працоўнай,час
2,гаспадарчыя,пабудовы
2,генеральнага,дырэктара
1,генеральны,дырэктар
1,грамадзянскiм,персаналам
1,грамадзянскага,персаналу
5,грамадзянскай,абаронай
15,грамадзянскай,абароны
1,грамадзянскай,жыхарка
2,грамадзянскай,кампаніі
1,грамадзянскай,намер
1,грамадзянскіх,правах
1,грамадскiх,аб’яднанняў
1,грамадскага,харчавання
1,грамадскім,месцы
2,грашова-крэдытнай,сферы
1,грашовым,рынку
1,грашовымі,сродкамі
1,грашовыя,сродкi
1,гродзенскіх,структур
1,гэтага,канфлікту
1,гэтае,рашэнне
1,даверчыя,граматы
1,дагаворных,умовах
1,дадаткова,эмісіі
1,дадатковых,санкцый
1,дадатнае,абароны
1,дадатнае,сальда
1,дадатным,абароны
1,дадатным,узроўнем
1,дадзены,момант
1,дакладнага,земляробства
1,дакладнае,земляробства
1,дакладнае,распрацоўцы
1,дакладную,здароўя
1,дакладную,сітуацыю
1,дакрызісны,стандарты
1,дакрызісны,ўзровень
1,далейшых,напрамкаў
1,далёкай,гары
1,далёкім,пунктам
1,дамскую,сумачку
1,дарожнага,руху
1,даўгавязай,цёткі
1,даўгавязая,цётка
1,даўганогага,дзядзькі
2,двухбаковага,пагаднення
1,двухбаковых,кансультацый
1,двухбаковыя,кансультацыі
1,дзейсным,мерам
1,дзяржаўнага,вобласці
1,дзяржаўнага,выкананне
1,дзяржаўнага,грошы
14,дзяржаўнага,кiравання
7,дзяржаўнага,нагляду
1,дзяржаўнага,прадпрыемствах
6,дзяржаўнага,ўніверсітэта
1,дзяржаўнае,страхаванне
1,дзяржаўнай,віцэ-прэм'ер
1,дзяржаўнай,падтрымкай
1,дзяржаўнай,падтрымцы
1,дзяржаўнай,палiтыкi
1,дзяржаўнай,спажыванне
1,дзяржаўнай,экспертызы
1,дзяржаўнаму,страхаванню
1,дзяржаўную,тайну
1,дзяржаўны,банк
7,дзяржаўны,нагляд
1,дзяржаўных,дакументам
1,дзяржаўных,органаў
1,дзяржаўныя,выпрабаваннi
1,дзяржаўныя,сакрэты
1,дзікіх,качак
1,дзіцячага,харчавання
1,дзіцячае,харчаванне
1,дзіцячых,устаноў
1,дзіўныя,адказы
1,добраахвотных,красавіка
1,добраахвотных,пачатках
1,доўгіх,чаканняў
1,другога,хлеба
1,другі,дарогі
1,другі,раз
1,другім,Мiнiстэрстве
3,другім,паўфінале
1,дуплістымі,карчамі
1,дыпламатычнага,Рэспублiкi
1,дыпламатычнага,ціску
1,дыпламатычныя,крыніцы
1,дыферэнцыраваных,узроўняў
1,дэкаратыўных,сакавіка
1,дэкаратыўных,элементаў
1,дэмаграфiчных,тэндэнцый
1,еўрапейскай,млн
1,еўрапейскай,палітыкі
1,еўрапейскіх,дзяржаў
1,еўрапейскіх,дыпламатаў
1,еўрапейскія,дыпламаты
1,еўрапейскія,краіны
1,еўрапейскія,мэты
1,еўрапейскія,партнёры
1,жоўтым,дажджом
1,жылога,дома
1,жылымi,памяшканнямi
1,жылых,дамоў
2,жылыя,памяшканнi
2,заканадаўчымi,актамi
1,законных,патрабаванняў
1,замежнай,валюты
2,замежнай,мовай
1,замежнай,экспансіі
1,замежных,арганізатараў
1,замежных,дзяржаў
1,замежных,медыцыны
2,замежных,справах
4,замежных,спраў
1,замежных,інвестараў
1,замежных,інвестыцый
1,замежных,ўзровень
1,заработнай,платы
1,заработнай,рашэнне
3,заработная,плата
1,збалансаванай,палітыкі
1,значным,абароны
1,значным,узроўнем
1,знешнеэканамічных,абароны
1,знешнеэканамічных,дысбалансаў
1,знешняга,ведаў
1,знешняга,вядзенне
2,знешняга,гандлю
2,знешняга,доўгу
1,знешнім,Рэспублiкi
1,знешнім,гандлі
3,знешнім,доўгам
1,знешніх,абавязацельстваў
3,знешніх,пазык
1,знешнія,дадзеныя
1,золатавалютныя,рэзервы
1,зручнымі,стыкоўкамі
1,зялёна-шэрых,пакарання
1,зялёна-шэрых,танах
1,зялёным,полымем
1,зямельных,кіравання
2,зямельных,участках
1,зямельных,участкаў
1,зямным,шары
1,каверзныя,пытанні
1,кадравага,дэфiцыту
1,кадравая,сiтуацыя
1,кадравы,голад
1,каласальны,досвед
2,калектыўнымi,сродкамi
1,каляровыя,калёны
1,камфортнае,існаванне
1,канструктыўны,дыялог
1,кантрактнай,аснове
2,канфліктнага,мыслення
1,карэйскага,бізнэсу
1,карэйскага,капіталу
1,карэйскімі,апазіцыянераў
1,карэйскімі,кампаніямі
2,касмічнай,калекцыі
1,касмічнай,работнiкаў
1,касмічнай,станцыі
1,квадратных,абароны
1,квадратных,метраў
1,кліматычнай,нормы
1,кожная,ўдзельніца
1,красавіцкім,днём
1,красавіцкім,сiтуацыях
1,кропкавых,санкцый
1,кропкавыя,санкцыі
1,крутымі,берагамі
2,крымiнальных,справах
1,крытычнай,сітуацыі
1,лагістычнай,кампаніі
1,лацінаамерыканскі,танец
1,лекавых,сродкаў
1,лепшых,часоў
1,леташняга,конкурсу
1,летні,расклад
1,летнім,мова
1,летнім,раскладзе
1,летнім,сезоне
1,любыя,здзелкi
1,лясной,гаспадарцы
2,літоўскі,бок
1,літоўскі,рэйс
1,мiжнароднымi,дагаворамi
3,мабiлiзацыйнай,падрыхтоўкi
1,мабiлiзацыйнай,падрыхтоўцы
1,магчымага,ўраджаю
1,магчымых,інструментах
1,магічнымі,прадметамі
1,мадэльным,бізнесам
1,мадэльным,работнiкаў
1,мадэльных,агенцтваў
1,макраэканамічнай,палітыкі
1,макраэканамічнай,сітуацыі
1,маладым,спецыялiстам
1,маладых,людзей
2,маладых,спецыялiстаў
1,маладыя,вучоныя
1,маладыя,спецыялісты
1,малочныя,сумесі
1,маральнага,ўрону
1,мастацкай,музей
1,матэрыяльна-тэхнiчную,базу
1,матэрыяльна-тэхнiчных,кіраўнік
2,матэрыяльна-тэхнiчных,рэсурсаў
1,матэрыяльнай,шкодай
1,матэрыяльную,адказнасць
1,маёмасныя,правы
1,медыцынскiм,ведамстве
2,медыцынскiх,кадраў
1,медыцынскiх,работнiкаў
1,медыцынскай,адукацыяй
1,медыцынскай,галiны
1,меншы,цмок
1,метэаралагічных,падраздзяленнях
1,метэаралагічных,прагнозаў
1,многiх,акалiчнасцяў
1,мокры,снег
1,моцны,вецер
1,моцны,пасыл
1,моўную,парушэнне
1,моўную,сітуацыю
1,мужчынскія,бяспекi
1,мужчынскія,шкарпэткі
1,музычны,прадзюсер
1,мускуснага,пацука
1,мясцовымi,даляраў
6,мясцовымi,органамi
1,мясцовымi,пакта
1,мясцовых,бюджэтаў
1,мясцовых,бізнэсоўцаў
2,мясцовых,органаў
1,мясцовых,пастаўку
4,мясцовыя,органы
1,мёртвая,мова
1,мёртвых,душ
1,міжнароднага,конкурсу
1,міжнароднага,права
1,міжнародную,грамадскасць
1,міжнародным,конкурсе
1,міжнародным,сiтуацыях
1,міжнароднымі,арганізацыямі
1,міжнароднымі,ўдзел
1,міжнародных,абавязацельстваў
1,міжнародных,арганізацый
1,міжнародных,праекты
1,міжнародных,справах
1,міжнародныя,арганізацыі
1,міжуніверсітэцкага,конкурсу
1,мілы,хлопчык
1,мінеральных,угнаенняў
2,мінскім,метро
1,мінскім,сакавіка
1,мінскім,тэрыторыі
1,мінскіх,рускія
1,мінскіх,тэрарыстаў
1,мінулыя,суткі
1,навакольнага,асяроддзя
1,навакольнае,асяроддзе
1,навуковага,абслугоўвання
2,навуковай,рабоце
1,навуковай,сферы
1,навуковыя,даследаваннi
1,навуковыя,дасягненні
1,навучальных,арганiзацыях
1,наглядных,функцый
1,надзвычайнай,вядучыя
11,надзвычайнай,сiтуацыi
1,надзвычайная,сiтуацыя
1,надзвычайных,абароны
1,надзвычайных,аграрыяў
1,надзвычайных,боку
1,надзвычайных,вобласць
1,надзвычайных,выступленняў
1,надзвычайных,вытворчасці
1,надзвычайных,гадах
1,надзвычайных,гадоў
1,надзвычайных,газета
1,надзвычайных,года
1,надзвычайных,днём
1,надзвычайных,конкурсе
1,надзвычайных,парушэнні
1,надзвычайных,пачатку
1,надзвычайных,правах
1,надзвычайных,прэзідэнта
1,надзвычайных,расліна
1,надзвычайных,расходы
50,надзвычайных,сiтуацый
96,надзвычайных,сiтуацыях
1,надзвычайных,столь
3,надзвычайных,сітуацыях
1,надзвычайных,універсітэта
1,найлепшы,шлях
1,належнай,рашучасці
1,намінальнай,платы
1,намінальнай,рашэнне
1,намінальная,зарплата
1,намінальная,плата
1,нармальныя,грошы
1,нармальныя,нагляду
2,нарматыўнымi,актамi
1,нарматыўныя,акты
1,народнай,гаспадаркi
1,народнай,гаспадарцы
1,населеных,Рэспублiкi
1,населеных,нагляд
1,населеных,нараджэння
3,населеных,пунктаў
1,наступным,разам
1,нацыянальнага,адраджэння
1,нацыянальнага,кліенты
1,нацыянальнага,фіналу
2,нацыянальнай,бяспекi
1,нацыянальнай,валютах
1,нацыянальнай,валюце
1,нацыянальнай,глебы
1,нацыянальная,авіякампанія
1,нацыянальная,міністра
1,нацыянальных,асаблівасцяў
1,нацыянальных,касцюмах
1,нацыянальныя,сiстэмы
1,неабходную,iнфармацыю
1,неабходныя,меры
1,неадкладных,работ
1,неадкладныя,меры
1,невялікімі,купкамі
1,незаконных,аперацый
1,неназванага,прадстаўніка
1,непадрыхтаваную,глебу
1,непадрыхтаваную,ўзнiкненнi
1,нервовая,абстаноўка
1,нервовая,органы
1,несумленны,разглядзе
1,нефармальнай,сустрэчы
1,новай,купюрай
1,новай,памяць
1,новай,піраміды
1,новую,банкноту
1,новы,бок
1,новы,мова
1,новы,рэйс
1,новы,сезон
1,новых,забойстваў
1,новыя,выбух
1,новыя,купюры
1,новыя,напрамкі
2,новыя,санкцыі
1,нядаўнім,саміце
1,нямецкiя,ўрачы
1,няправiльнымi,дзеяннямi
1,няпростыя,адносіны
1,няштатных,фармiраванняў
1,няшчасных,выпадкаў
1,няшчасных,падтрымцы
1,п'яны,мужчына
1,п'яным,выглядзе
1,паверхневай,апрацоўкай
1,пагаспадарчую,кнiгу
1,падобных,праблема
1,падобных,праектаў
1,падобных,прапаноў
1,падобныя,парушэнні
1,падобныя,сiтуацый
1,падсобнай,арганізацый
12,падсобнай,гаспадаркi
2,падсобнай,гаспадарцы
1,падсобнай,намер
1,падсобнай,справаздачы
2,падсобная,гаспадарка
1,падсобная,сяброў
1,падсобную,арганізацыямі
1,падсобную,гаспадарку
3,падсобных,гаспадарак
3,падсобных,гаспадарках
1,пажарнага,грошы
4,пажарнага,нагляду
17,пажарнай,бяспекi
1,пажарнай,бяспецы
1,пажарнай,званкоў
1,пажарнай,шкарпэткі
1,пажарны,банк
4,пажарны,нагляд
1,пажарны,структуру
2,пажарных,атрадаў
2,пажарныя,атрады
1,пажыццёвае,валоданне
1,пажыццёвым,валоданнi
1,пакручасты,вадаём
1,палітычную,ваду
1,палітычную,волю
1,палітычны,пасыл
1,палітычны,рамках
1,палітычны,санкцый
1,палітычны,сігнал
1,палітычных,лідараў
1,паралельны,рамках
1,паралельны,санкцый
1,паралельны,сігнал
1,паспяховага,ўкаранення
1,пастаяннага,мемарыяла
1,пастаяннай,акупацыяй
1,пастаяннай,гатоўнасцi
1,пастаянную,гатоўнасць
1,пастаянны,мемарыял
1,пастаянны,час
1,пасяўных,плошчаў
1,пераважнай,доляй
1,перспектыўны,кірунак
1,першае,месца
1,першай,станцыі
1,першай,часткай
2,першасным,звяне
1,першая,палова
1,першы,віцэ-прэм'ер
1,першы,намеснік
1,першым,крокам
1,першым,месцы
1,першым,паўгоддзі
1,першым,паўфінале
1,першых,датах
1,першых,падраздзяленнi
1,песенным,конкурсе
1,пешаходных,пераходаў
1,платныя,паслугi
1,поўнай,адмены
1,поўную,iнфармацыю
1,поўны,пераход
2,прававымi,актамi
1,прававыя,акты
1,прававыя,асновы
1,правільны,адказ
1,праграмнага,забеспячэння
1,прадпрымальнiцкай,дзейнасцi
1,прадуктовага,кошыка
1,праектнага,пытанні
1,праектнага,фінансавання
1,прамога,падраздзяленняў
1,прамога,пасеву
1,прамысловай,бяспекi
1,прамысловай,дачыненні
1,прамых,інвестыцый
1,працоўнай,мiграцыi
1,працоўная,мiграцыя
1,працоўная,матывацыя
1,працоўным,заканадаўствам
1,працоўным,месцы
1,працуючых,урачоў
1,працэнтных,ставак
1,працэнтных,тэрыторый
1,процiаварыйнай,устойлiвасцi
1,процiпажарнага,нармiравання
2,процiпажарных,правiлаў
1,прыблiзны,сцэнарый
3,прыватнай,уласнасцi
1,прыватных,асоб
1,прыгожая,падраздзяленнi
1,прыгожая,студэнтка
1,прыроднага,характару
1,прыродных,рэсурсаў
1,прыярытэтных,напрамкаў
1,пэўныя,месцы
6,радавога,складу
1,радыяцыйнай,абароны
1,разважны,палітык
1,разважны,служачых
1,размоўнаю,мовай
1,расейскую,асуджэннем
1,расейскую,мову
1,рацыянальнага,выкарыстання
1,раўнапраўных,умовах
1,роднай,адміністрацыі
3,роднай,мовы
1,розныя,кірункі
1,рублёвых,укладаў
1,рэальнага,сектара
1,рэальная,плата
1,рэальную,ваду
1,рэальную,волю
1,рэальным,сектары
1,рэальных,заробкаў
1,рэальных,рамках
2,рэальных,санкцый
1,рэальных,ставак
1,рэальных,сігнал
1,рэальных,тэрыторый
1,рэгіянальнай,ячэйкі
1,рэгіянальных,ячэек
2,рэспублiканскiм,органам
1,рэспублiканскiмi,зарплата
5,рэспублiканскiмi,органамi
1,рэспублiканскiмi,прывядзенне
2,рэспублiканскiх,органаў
3,рэспублiканскiя,органы
1,рэспублiканскага,бюджэту
1,самой,нармалізацыі
1,самой,справе
1,самым,пунктам
1,санiтарны,кардон
1,састаўной,часткай
1,сацыялагiчнага,даследавання
1,сацыяльна-бытавое,абслугоўванне
1,сацыяльна-эканамічнага,развіцця
1,сацыяльны,статус
1,сацыяльных,паслуг
1,свайго,сына
1,свядомым,палётаў
1,свядомым,ухіленні
2,святлоадбівальных,элементаў
1,сезонныя,пачатку
2,сезонныя,рэйсы
1,сезонныя,словах
1,сельскiмi,органамi
1,сельскага,органа
3,сельскагаспадарчай,прадукцыi
1,сельскай,гаспадарцы
1,славенскім,прадпрыемствамі
1,слаўнай,гісторыі
1,слаўнай,маці
1,следчыя,мерапрыемствы
1,службовага,акладу
1,службовага,пасведчання
1,службовую,дзейнасць
2,службовымi,асобамi
3,службовых,абавязкаў
2,службовых,асоб
1,службовых,кастынг
1,службовых,кватэр
1,службовыя,асобы
2,смяротнага,пакарання
1,смяротнага,прысуду
1,смяротнага,шантажу
4,смяротнае,пакаранне
1,смяротнае,увядзенні
1,смяротны,прысуд
1,смяротнымі,прысудамі
1,смяротныя,адпаведнасцi
3,смяротныя,прысуды
1,смяротныя,санкцыі
1,спадчыннае,валоданне
1,спадчынным,валоданнi
1,спажывецкіх,цэн
2,спецыяльнай,калекцыі
1,спецыяльнай,работнiкаў
1,спецыяльнаму,званню
1,спецыяльных,званняў
1,спецыяльныя,сродкi
1,спецыялізаванага,абсталявання
1,спрэчных,пытанняў
1,срэбных,дзідаў
1,стабілізацыйным,мерам
1,сталiчных,уладаў
1,сталічных,клубаў
1,стандартным,узроўні
1,станоўчых,тэндэнцый
1,старой,запрудай
1,старую,таблічку
1,статутным,парадку
1,статутным,фондзе
1,статыстычнай,справаздачнасці
1,студэнцкі,клуб
1,стылізаваных,касцюмах
1,судовага,прысуду
1,судовы,разглядзе
1,сумеснай,вядзенне
1,сумеснай,пастанове
1,сумесным,выпускам
3,сумесных,прадпрыемстваў
1,сумесных,саюз
1,супрацьлеглая,праблема
1,супрацьпраўны,характар
1,супрацьракавыя,лекі
1,сур'ёзную,заклапочанасць
1,сур'ёзныя,арганiзацыi
1,сур'ёзныя,парушэнні
1,сур'ёзныя,санкцыі
1,сусветных,мерках
1,сусветныя,тэндэнцыi
1,сухія,сумесі
1,сцэнічную,гуказапiс
1,сцэнічную,культуру
1,сярэднюю,Рэспублiкi
2,сярэднюю,зарплату
1,сярэдняй,платы
1,сярэдняй,рашэнне
1,сярэднямесячная,зарплата
1,сярэднямесячная,тэмпература
3,сярэдняя,зарплата
1,сярэдняя,органамi
1,сярэдняя,плата
1,сярэдняя,тэмпература
1,сярэдніх,значэнняў
1,сірыйскіх,арганiзацый
1,сірыйскіх,асоб
1,сірыйскіх,беларусы
1,сірыйскіх,інвестараў
1,сірыйскія,адказнасці
1,сірыйскія,жаль
1,сірыйскія,кампаніі
1,сірыйскія,лекі
1,сірыйскія,прэпараты
1,сірыйскія,сродкамі
1,сірыйскія,інфармацыі
1,танцавальныя,калектывы
1,танцавальныя,пасады
1,творчае,спаборніцтвы
1,творчым,конкурсе
1,творчым,нумарам
1,тонкім,лёдзе
1,травяністыя,астраўкі
1,традыцыйныя,пачатку
1,традыцыйныя,рэйсы
1,трансгранічным,кантэксце
1,транспартнай,абмежаванняў
1,транспартнай,інфраструктуры
1,транспартнымі,прэпараты
1,транспартнымі,сродкамі
1,транспартныя,сродкi
1,трэцяга,курса
1,тэатралізаванае,прадстаўленне
1,тэлефонных,бяспекi
1,тэлефонных,званкоў
1,тэлефонных,сетках
2,тэрытарыяльнымi,органамi
2,тэрытарыяльных,органаў
1,тэрытарыяльных,статыстыкі
1,тэхнiчнага,вобласці
1,тэхнiчнага,нагляду
1,тэхнiчнай,бяспекi
1,тэхнiчную,лiтаратуру
1,тэхнiчную,студзені
5,тэхнiчны,нагляд
1,тэхнiчны,пунктаў
2,тэхналагічнага,ўніверсітэта
1,уласнай,пазіцыі
2,унутраных,спраў
1,фiзiчнай,культуры
1,фiнансавыя,конкурсу
1,фiнансавыя,рэсурсы
1,фізічных,асоб
3,фінансавай,піраміды
1,фінансавым,плане
1,фінансавых,аперацый
1,фінансавых,арганізацый
1,фінансавыя,арганізацыі
1,халодны,красавік
1,харэаграфічныя,таленты
1,хворага,чалавека
1,хранiчны,голад
1,хуткасны,цягнік
1,хімічных,сродкаў
1,цвёрдай,нагой
1,цвёрдым,капытом
1,цэнавай,стабільнасці
1,цэнтральнага,офіса
1,цяжкі,момант
1,цяперашняга,візіту
1,цяперашняга,дачыненні
1,цяперашняй,кіраўніка
1,цяперашні,красавік
1,цяперашні,мемарыял
1,цяперашні,хуткасці
3,цяперашні,час
1,цёмных,плашчах
1,цёплай,надвор'ем
1,цёплы,красавіка
1,цёплы,падраздзяленнi
1,цёплым,днём
1,цёплым,сiтуацыях
2,чарговы,раз
1,часовая,таблічка
1,чацвёртага,курса
1,чорненькі,нос
1,чорны,катастроф
1,чорны,падрыхтоўцы
5,чорны,спіс
1,чырвона-залаты,цмок
1,чырвонагаловых,качак
1,чырвоная,навальніца
1,чыстай,прадукцыі
1,чыстая,бульба
1,чыстая,падраздзяленняў
1,чэшскай,перакладчыцы
2,чэшская,мова
1,чэшская,сезоне
1,чэшскі,дух
1,чэшскі,кастрычнiка
1,шасцігадовая,дзяўчынка
1,шматгадовых,значэнняў
1,шматгадовыя,насаджэннi
1,штатныя,калектывы
2,штатныя,пасады
1,штучны,вадаём
1,шумнымі,купкамі
1,шчаслівы,эмоцыі
1,шэра-карычневай,паверхні
1,экалагічнага,земляробства
1,экалагічным,земляробстве
1,эканамічнага,факультэта
1,эканамічнага,ўніверсітэта
1,эканамічнай,бяспекі
1,эканамічных,паказчыкаў
1,эканамічныя,санкцыі
1,экспертнымі,ацэнакамі
1,электронныя,носьбіты
1,энергетычных,праектау
1,эстраднай,харэаграфіяй
1,эфектыўных,стратэгіях
1,юныя,прыгажуні
1,юрыдычнае,суправаджэнне
1,юрыдычная,карпарацыя
1,юрыдычная,міністр
1,юрыдычным,асобам
1,юрыдычнымi,асобамi
1,юрыдычных,абавязацельстваў
1,юрыдычных,асоб
1,ядзернай,бяспекі
1,ядзерных,аварыях
1,ясны,рамках
1,ясны,санкцый
2,ясны,сігнал
1,інвестыцыйнымі,кіраўнікоў
1,інвестыцыйнымі,магчымасцямі
1,інвестыцыйныя,магчымасці
1,інжынірынгавай,кампаніі
1,інтэлектуальнай,эканомікі
1,інтэлектуальным,конкурсе
1,інтэлектуальным,правы
1,інтэлектуальныя,здольнасці
1,інфляцыйных,працэсаў
1,інфляцыйных,тэндэнцый
1,іншым,нясенне
1,іншым,тэхналогіям
1,іншымі,арганізацыямі
1,іншымі,ўдзел
1,іншых,краін
1,іншых,параўнанні
1,іншых,сектараў
1,іншых,сродкаў
1,іншыя,гарады
1,іншыя,краіны
1,ўласных,крыніц
1,ўнутраным,рынку
1,ўніверсітэцкіх,этапаў
1,ўпаўнаважаным,органам
1,ўрачэбных,кадрах
1,ўстойлівую,дынаміку
1,ўстойлівым,перавышэннем
