count,awf,nwf
2,अतिशय,सज्जनता
1,अपार,सफलता
1,अलग,बाति
2,आखिरी,साँस
1,आधिकारिक,भाषण
1,इटालियन,महतारी
1,इलाकाई,भेदभाव
1,इलेक्ट्रॉनिक,मीडिया
1,ऐतिहासिक,सच्चाई
1,करुण,कविता
1,कानूनी,सकार
1,कालिदास,सर
1,काव्य,पाठ
1,खास,करके
1,खास,मौलिक
1,गलौज,मजाक
1,गुलाबी,चुनरी
2,ग्रुप,मैच
1,चैनल,चीफ
1,चोट,समाज
1,जापानी,नागरिक
2,तथाकथित,अश्लीलता
2,तथाकथित,बुद्धिजीवी
1,तरह,रस
1,तरह,स
1,नए,साथी
1,निडिलवाला,मशीन
1,नियंत्रण,परिवारे
2,निश्चित,रूप
1,पूरा,घंटा
1,पूरा,दुनिया
1,पूरा,धीरज
1,पूरा,भरोसा
1,पूरा,मुल्के
2,पूरा,विश्वास
1,प्रधान,देश
1,फूलल,साँस
1,फूहड़,गीत
1,फूहर,गाना
1,बचपनवाला,स्टाइल
1,बड़,जने
1,बड़,फजीहत
2,बड़हन,आन्दोलन
2,बनतारी,सन
1,बाजारू,रंग
1,बिआह,लहँगा
2,बेहूदा,आइडिया
1,ब्रेकिंग,न्यूज
1,भोजपुरियन,जमावड़ा
1,भोजपुरिया,इलाका
1,भोजपुरिया,ताकत
1,भोजपुरी,गवनई
1,मस्त,चाल
1,महङा,रंग
1,मुख्य,अतिथि
2,राय,जी
2,रोज,सात
2,शृंगारिक,हँसी
2,संवैधानिक,मान्यता
1,सगरी,विविधता
2,सत्यानाशी,भाषणबाजी
2,समीक्ष्य,पुस्तक
1,सम्मानित,भाई
1,सहज,भाव
2,सहज,सुभाव
1,सांस्कृतिक,बिटोर
1,सांस्कृतिक,मंच
1,सांस्कृतिक,विरासत
1,सांस्कृतिक,समापन
1,सांस्कृतिक,सम्पदा
1,साइलेंट,मोड
1,साधारन,आदमी
2,साबित,भइलन
1,सामाजिक,काजकर्ता
2,सामान्य,जीवन
1,साम्प्रदायिक,बवाल
1,सेकूलर,हमला
1,सेफ,कमेंट
1,सोशल,साइट
1,स्टाफ,रूम
1,स्थित,बजे
1,स्थित,भवन
1,हिंदियो,गीतन
