count,awf,nwf
1,a-bouez,den
1,a-bouez,roll
1,aesoc'h,doare
1,all,c'hoarierien
1,all,dachennoù
1,all,deiz
1,all,dra
1,all,gomiserien
1,all,implijerien
1,all,kargoù
1,all,kuzulioù-rannvro
1,all,lodenn
1,all,titouroù
1,all,tud
1,amatour,football
1,armerzhel,c’hemm
1,armerzhel,obererien
1,armerzhel,rannvroioù
1,arouezius,skritelloù
1,arzel,freder
1,atebek,rannvro
1,bar,vro
1,bennak,den
1,bennañ,saverion
1,bihan,deñved
1,bihan,leue
1,bihan,porzh-mor
1,bihan,strolladoù
1,bio,boued
1,bolitikel,dachenn
1,bras,arc’hant
1,bras,bazennoù
1,bras,brezelioù
1,bras,chadennoù
1,bras,cheñchamantoù
1,bras,embregerezhioù
1,bras,porzh
1,brasañ,goulenn
1,breton,departamant
1,brevez,wir
1,brezhonek,anv-badez
1,brezhonek,pennadoù
1,brezhonek,skolioù
1,brudet-tre,skeudennoù
1,c'hall,livourien
1,c'hallek,droidigezh
1,c'halloudel,dorikell
1,c'hermanek,yezh
1,c'hlas,velo
1,c'hwekoc'h,neuz
1,c’hall,melestradurezh
1,c’halloudus,rouantelezh
1,dedennet,dud
1,dedennus-tre,goulennoù
1,denel,douaroniezh
1,diavaez,istor
1,diavaez,liamm
1,dibar,neuz
1,digor,arvestoù
1,dinamek,daolenn
1,diseurt,kargoù
1,disheñvel,kumun
1,disheñvel,tamm
1,dispont,tadoù
1,distan,spered
1,divyezhek,c'helenn
1,divyezhek,kelenn
1,divyezhek,klasoù
1,divyezhek,pedadennoù
1,diwezhatoc'h,devezh
1,diwezhañ,mizioù
1,diwezhañ,vloaz
1,doujus,emzalc'h
1,du,plac'h
1,dudius,film
1,dudius,son
1,eeun,gerioù
1,eil,brezel
1,eilvet,ploñjadenn
1,ekonomikel,bed
1,emren,rannvro
1,emren,vodadenn
1,etrebroadel,burev
1,etrebroadel,devezh
1,etrekeltiek,kamp
1,ez-ofisiel,rannvro
1,foran,aozadurioù
1,foran,galloudoù
1,fromus,gerioù
2,gall,dispac'h
1,gall,sonerezh
1,gallek,anv-badez
1,geltiek,dachenn
1,gentañ,labourioù
2,gentañ,lodenn
1,gentañ,neudenn
1,german,pobloù
1,goshañ,ouenn
1,gouloù,kinkladurioù
1,greantel,dispac’h
1,gresianek,orin
1,groñs,ezhomm
1,gwellañ,kanerien
1,gwellañ,kelc’hioù
1,gwellañ,perzhioù
1,gwenn,den
1,gwir,vro
1,gwirion,c'hoant
1,hengounel,kanerien
1,hirañ,mizioù
1,hollek,kargoù
1,iskis,traoù
1,italianek,lennegezh
1,just,nadoz
1,kalet,tud
1,katolik,c'helenn
1,kelt,spered
1,keltiek,kelc’hioù
1,kempoelloc'h,enklask
1,kent,distro-skol
1,kentañ,c'hentelioù
1,kentañ,plas
1,kentañ,riezoù
1,kentañ,stad
1,kentañ,wech
1,kenwerzhel,eskemmoù
1,kevatal,skoaziad
1,kevredigezhel,implij
1,kleiz,tu
2,kozh,erer
1,kozh,renad
1,kozh,renadur
1,kozh,stummoù
1,krenn,c'hêrioù
1,kurius,spered
1,laik,deskadurezh
1,lec'hel,kevredigezhioù
1,lec'hel,strollegezhioù
1,lec’hel,strollegezhioù
1,lezennel,framm
1,liesdiskiblezh,gevredigezh
1,liesseurt-kenañ,genoù
1,liesseurt,darvoud
1,marv,den
1,mat,bloavezh
1,mat,den
1,mat,tadoù
1,melestradurel,tifraeoù
1,memes,amzer
1,memes,dalc'h
1,memes,tro
1,munut,traezh
4,nammet,dud
1,naontekvet,kantved
1,naturel,harzoù
1,nevez,bloavezh
1,nevez,c'hemennadoù
1,nevez,greanterezhioù
1,nevez,klasoù
1,nevez,lec'hienn
1,nevez,lezenn
1,nevez,programm
1,nevez,rannvro
1,nevez,romant
1,nevez,sell
1,nevez,sotoni
1,nevez,steredenn
1,nevez,wetur
1,niverus,kontadennoù
1,niverus,pennadoù
1,nukleel,vombezenn
1,oadet,dud
1,ofisiel,destenn
1,ofisiel,statud
2,ofisiel,yezh
1,olimpek,c'hoarioù
1,padus,diorren
1,padus,dizemglev
1,padus,labour-douar
1,pell,liñsel
1,pemdez,buhez
1,pennañ,doare-skrivañ
1,pennañ,kinnigoù
1,pennañ,oberennoù
1,pennañ,obererezh
1,pennañ,oberiantiz
1,personel,puhez
1,peseurt,strategiezhioù
1,peurbadel,prezidant
1,peurheñvel,mouezhiadegoù
1,pevare,gwech
1,politikel,liv
1,politikel,strolladoù
1,portugalek,sevenadur
1,prest,haroz
1,prevez,embregerezhioù
1,ral,fed
1,rannvroel,gevredigezh
1,rannvroel,laz
1,rannvroel,porzhioù
1,red,arventennoù
1,resis,pennaennoù
1,resis,programm
1,resis,sifroù
1,ret,barregezhioù
2,ruz,ti
1,saoz,gêr-benn
1,sevenadurel,abadenn
1,sevenadurel,emsav
1,sevenadurel,krouidigezh
2,sevenadurel,obererien
1,skiantel,c'hreizennoù
1,sokial,kargoù
1,sokial,meteier
1,sokial,stourm
1,speredel,veaj
1,teknikel,diaesterioù
1,teñval,takad
1,teñval,takadoù
1,touristel,framm
1,touristel,rannvroioù
1,touristel,skeudennoù
1,trakêr,bodadoù
1,tremen,dibenn-sizhun
1,trist,gwerz
1,uhel,deskadurezh
1,unanet,stad
1,unyezhek,kembraegerien
1,vat,anaoudegezh
1,vat,sin
1,velestradurel,rannvro
1,virvidik,c'halon
1,vodern,gevredigezh
1,vodern,stad
1,voutin,geriaoueg
1,vras,grampouezhenn
2,vras,loaiad
2,vrasañ,darn
2,vrezhon,yezh
1,wir,galon
1,yaouank,baotred
1,yaouank,blac'h
1,yaouank,dud
1,yaouank,erer
7,yaouank,plac'h
1,yezh,steuñv
1,ziaes,gevezadeg
