последни/ADJ,социологически/ADJ,проучвания/NOUN
ново/ADJ,федерално/ADJ,правителство/NOUN
Бивш/ADJ,германски/ADJ,канцлер/NOUN
различни/ADJ,финансови/ADJ,институции/NOUN
Варненският/ADJ,транспортен/ADJ,полк/NOUN
днешния/ADJ,религиозен/ADJ,плурализъм/NOUN
далечната/ADJ,1965/ADJ,г./NOUN
завидно/ADJ,жизнено/ADJ,равнище/NOUN
конкретни/ADJ,вътрешнополитически/ADJ,цели/NOUN
Втората/ADJ,българска/ADJ,легия/NOUN
национален/ADJ,строителен/ADJ,контрол/NOUN
последната/ADJ,Национална/ADJ,конференция/NOUN
румънският/ADJ,първи/ADJ,дипломат/NOUN
съществена/ADJ,финансова/ADJ,помощ/NOUN
Столичният/ADJ,общински/ADJ,съвет/NOUN
южния/ADJ,британски/ADJ,бряг/NOUN
опозиционния/ADJ,десен/ADJ,блок/NOUN
международната/ADJ,полицейска/ADJ,организация/NOUN
преобладаващо/ADJ,албанско/ADJ,население/NOUN
Глобалната/ADJ,стратегическа/ADJ,среда/NOUN
променената/ADJ,стратегическа/ADJ,обстановка/NOUN
европейските/ADJ,въоръжени/ADJ,сили/NOUN
великолепна/ADJ,черна/ADJ,ваза/NOUN
приетия/ADJ,погасителен/ADJ,план/NOUN
други/ADJ,парламентарни/ADJ,групи/NOUN
другите/ADJ,международни/ADJ,организации/NOUN
кадрова/ADJ,военна/ADJ,служба/NOUN
зелените/ADJ,иронични/ADJ,очи/NOUN
автономни/ADJ,териториални/ADJ,образувания/NOUN
основно/ADJ,национално/ADJ,богатство/NOUN
Великото/ADJ,Народно/ADJ,събрание/NOUN
Великото/ADJ,Народно/ADJ,събрание/NOUN
общата/ADJ,европейска/ADJ,валута/NOUN
Втората/ADJ,световна/ADJ,война/NOUN
голямо/ADJ,фарисейско/ADJ,бръщолевене/NOUN
лошо/ADJ,психично/ADJ,здраве/NOUN
добри/ADJ,ролеви/ADJ,модели/NOUN
руските/ADJ,военни/ADJ,летци/NOUN
американски/ADJ,бойни/ADJ,кораби/NOUN
Втория/ADJ,национален/ADJ,конкурс/NOUN
популярната/ADJ,руска/ADJ,писателка/NOUN
Алжирската/ADJ,футболна/ADJ,федерация/NOUN
британският/ADJ,компютърен/ADJ,специалист/NOUN
Европейската/ADJ,инвестиционна/ADJ,банка/NOUN
столичния/ADJ,козметичен/ADJ,завод/NOUN
сполучлива/ADJ,американска/ADJ,комедия/NOUN
Столичната/ADJ,здравноосигурителна/ADJ,каса/NOUN
фалшиви/ADJ,здравни/ADJ,книжки/NOUN
чудна/ADJ,лятна/ADJ,нощ/NOUN
крупни/ADJ,финансови/ADJ,злоупотреби/NOUN
първата/ADJ,US/ADJ,дама/NOUN
големи/ADJ,приватизационни/ADJ,сделки/NOUN
Столичния/ADJ,общински/ADJ,съвет/NOUN
днешния/ADJ,втори/ADJ,мач/NOUN
Златната/ADJ,волейболна/ADJ,лига/NOUN
хроничен/ADJ,финансов/ADJ,дефицит/NOUN
Втората/ADJ,световна/ADJ,война/NOUN
кривите/ADJ,селски/ADJ,улици/NOUN
най-големия/ADJ,ценови/ADJ,бум/NOUN
земни/ADJ,противопехотни/ADJ,мини/NOUN
макроикономическа/ADJ,гледна/ADJ,точка/NOUN
цял/ADJ,умиращ/ADJ,сектор/NOUN
Малка/ADJ,самоделна/ADJ,бомба/NOUN
нови/ADJ,военни/ADJ,групировки/NOUN
други/ADJ,големи/ADJ,градове/NOUN
небрежен/ADJ,външен/ADJ,вид/NOUN
дългите/ADJ,елегантни/ADJ,вагони/NOUN
големи/ADJ,икономически/ADJ,способности/NOUN
актуалните/ADJ,български/ADJ,политици/NOUN
българския/ADJ,етнически/ADJ,модел/NOUN
най-големите/ADJ,български/ADJ,революционери/NOUN
европейските/ADJ,политически/ADJ,стандарти/NOUN
специален/ADJ,управителен/ADJ,съвет/NOUN
обикновено/ADJ,спортно/ADJ,състезание/NOUN
зимните/ADJ,любовни/ADJ,стихотворения/NOUN
колективните/ADJ,трудови/ADJ,спорове/NOUN
цялата/ADJ,техническа/ADJ,документация/NOUN
Европейската/ADJ,народна/ADJ,партия/NOUN
мощно/ADJ,предизборно/ADJ,измерение/NOUN
действителен/ADJ,турски/ADJ,произход/NOUN
прекрасни/ADJ,нови/ADJ,хора/NOUN
Конкретни/ADJ,антикорупционни/ADJ,резултати/NOUN
втори/ADJ,премиерски/ADJ,мандат/NOUN
Националния/ADJ,филмов/ADJ,център/NOUN
поредният/ADJ,предизборен/ADJ,ход/NOUN
смесена/ADJ,работна/ADJ,група/NOUN
руски/ADJ,природен/ADJ,газ/NOUN
Единственият/ADJ,възможен/ADJ,изход/NOUN
цялата/ADJ,правна/ADJ,система/NOUN
Архангелската/ADJ,издателска/ADJ,къща/NOUN
руска/ADJ,ядрена/ADJ,подводницата/NOUN
Европейската/ADJ,народна/ADJ,партия/NOUN
бивша/ADJ,сръбска/ADJ,провинция/NOUN
бившият/ADJ,германски/ADJ,канцлер/NOUN
единна/ADJ,информационна/ADJ,система/NOUN
тромава/ADJ,съдебна/ADJ,система/NOUN
държавната/ADJ,външна/ADJ,политика/NOUN
Българската/ADJ,търговско-промишлена/ADJ,палата/NOUN
южния/ADJ,холандски/ADJ,град/NOUN
Израелският/ADJ,външен/ADJ,министър/NOUN
недостатъчните/ADJ,научни/ADJ,познания/NOUN
отделната/ADJ,засегната/ADJ,държава/NOUN
Съвременният/ADJ,международен/ADJ,тероризъм/NOUN
основни/ADJ,търговски/ADJ,партньори/NOUN
Българския/ADJ,футболен/ADJ,съюз/NOUN
функционираща/ADJ,пазарна/ADJ,икономика/NOUN
по-нататъшно/ADJ,ускорено/ADJ,легализиране/NOUN
Нощна/ADJ,пролетна/ADJ,гръмотевица/NOUN
малкото/ADJ,дамско/ADJ,часовниче/NOUN
Българският/ADJ,червен/ADJ,кръст/NOUN
дамската/ADJ,военна/ADJ,униформа/NOUN
големи/ADJ,инвестиционни/ADJ,инициативи/NOUN
новата/ADJ,военна/ADJ,служба/NOUN
Велико/ADJ,Народно/ADJ,събрание/NOUN
изправен/ADJ,златен/ADJ,лъв/NOUN
общата/ADJ,европейска/ADJ,валута/NOUN
екстравертиран/ADJ,личностен/ADJ,стил/NOUN
добро/ADJ,психично/ADJ,здраве/NOUN
дългата/ADJ,зимна/ADJ,почивка/NOUN
съветски/ADJ,разузнавателен/ADJ,самолет/NOUN
новата/ADJ,компютърна/ADJ,програма/NOUN
Влажен/ADJ,есенен/ADJ,вятър/NOUN
сините/ADJ,далечни/ADJ,планини/NOUN
колективния/ADJ,трудов/ADJ,договор/NOUN
цялата/ADJ,българска/ADJ,общественост/NOUN
единните/ADJ,държавни/ADJ,изисквания/NOUN
Върховния/ADJ,административен/ADJ,съд/NOUN
Трудово-експертна/ADJ,лекарска/ADJ,комисия/NOUN
фалиралото/ADJ,козметично/ADJ,предприятие/NOUN
Британските/ADJ,тайни/ADJ,служби/NOUN
нови/ADJ,вносни/ADJ,коли/NOUN
най-дългата/ADJ,космическа/ADJ,конструкция/NOUN
тазгодишната/ADJ,житна/ADJ,реколта/NOUN
Бившият/ADJ,текстилен/ADJ,фабрикант/NOUN
българското/ADJ,висше/ADJ,образование/NOUN
горните/ADJ,дихателни/ADJ,пътища/NOUN
откъснати/ADJ,ляв/ADJ,крак/NOUN
широкия/ADJ,селски/ADJ,площад/NOUN
бодро/ADJ,вечерно/ADJ,хоро/NOUN
дебелите/ADJ,ястребови/ADJ,вежди/NOUN
провежданата/ADJ,икономическа/ADJ,политика/NOUN
последната/ADJ,пророческа/ADJ,книга/NOUN
предстоящи/ADJ,катастрофални/ADJ,събития/NOUN
най-мощните/ADJ,възпиращи/ADJ,средства/NOUN
направена/ADJ,рентгенова/ADJ,снимка/NOUN
целия/ADJ,3-годишен/ADJ,мандат/NOUN
Балканския/ADJ,политически/ADJ,клуб/NOUN
Благоевградския/ADJ,избирателен/ADJ,район/NOUN
Районната/ADJ,избирателна/ADJ,комисия/NOUN
определена/ADJ,етническа/ADJ,група/NOUN
цялата/ADJ,бюджетна/ADJ,сфера/NOUN
нормална/ADJ,европейска/ADJ,държава/NOUN
цялата/ADJ,подробна/ADJ,информация/NOUN
сложна/ADJ,обемна/ADJ,рама/NOUN
неясна/ADJ,икономическа/ADJ,политика/NOUN
интересните/ADJ,миналогодишни/ADJ,експерименти/NOUN
световния/ADJ,клубен/ADJ,шампион/NOUN
втори/ADJ,пореден/ADJ,кръг/NOUN
най-тежкото/ADJ,автомобилно/ADJ,изпитание/NOUN
баската/ADJ,терористична/ADJ,организация/NOUN
последния/ADJ,гигантски/ADJ,слалом/NOUN
45-часовата/ADJ,състезателна/ADJ,програма/NOUN
продавания/ADJ,държавен/ADJ,дял/NOUN
старите/ADJ,хубави/ADJ,книги/NOUN
старите/ADJ,хубави/ADJ,книги/NOUN
разкошна/ADJ,лъскава/ADJ,коса/NOUN
бившата/ADJ,Държавна/ADJ,сигурност/NOUN
Бившите/ADJ,социалистически/ADJ,държави/NOUN
фантастична/ADJ,зърнена/ADJ,криза/NOUN
фантастична/ADJ,зърнена/ADJ,криза/NOUN
Националният/ADJ,осигурителен/ADJ,институт/NOUN
българското/ADJ,Народно/ADJ,събрание/NOUN
най-лошият/ADJ,възможен/ADJ,сценарий/NOUN
интензивни/ADJ,политически/ADJ,консултации/NOUN
убедителна/ADJ,стратегическа/ADJ,политика/NOUN
най-добрата/ADJ,външнополитическа/ADJ,гаранция/NOUN
наборна/ADJ,военна/ADJ,служба/NOUN
армейска/ADJ,футболна/ADJ,група/NOUN
различни/ADJ,съвместни/ADJ,програми/NOUN
основния/ADJ,кадрови/ADJ,контингент/NOUN
общински/ADJ,кредитен/ADJ,пазар/NOUN
организационна/ADJ,гледна/ADJ,точка/NOUN
различните/ADJ,държавни/ADJ,институции/NOUN
подробна/ADJ,нормативна/ADJ,регламентация/NOUN
Бързи/ADJ,законодателни/ADJ,промени/NOUN
Великата/ADJ,китайска/ADJ,стена/NOUN
сериозен/ADJ,допълнителен/ADJ,стимул/NOUN
неблагоприятно/ADJ,данъчно/ADJ,законодателство/NOUN
изградени/ADJ,позитивни/ADJ,нагласи/NOUN
последният/ADJ,авторитарен/ADJ,режим/NOUN
неописуема/ADJ,човешка/ADJ,трагедия/NOUN
българската/ADJ,дипломатическа/ADJ,мисия/NOUN
първите/ADJ,неприятелски/ADJ,аванпостове/NOUN
вчерашното/ADJ,вечерно/ADJ,заседание/NOUN
най-евтиния/ADJ,атински/ADJ,учител/NOUN
възможния/ADJ,най-прост/ADJ,начин/NOUN
огромни/ADJ,икономически/ADJ,интереси/NOUN
бъдещи/ADJ,съвместни/ADJ,действия/NOUN
общата/ADJ,европейска/ADJ,политика/NOUN
втората/ADJ,важна/ADJ,тема/NOUN
Висшите/ADJ,военни/ADJ,училища/NOUN
нова/ADJ,организационна/ADJ,култура/NOUN
целият/ADJ,научен/ADJ,съвет/NOUN
единствената/ADJ,световна/ADJ,суперсила/NOUN
тежките/ADJ,непопулярни/ADJ,мерки/NOUN
първите/ADJ,демократични/ADJ,избори/NOUN
ведомствения/ADJ,жилищен/ADJ,фонд/NOUN
истинския/ADJ,пролетен/ADJ,ден/NOUN
месечната/ADJ,работна/ADJ,заплата/NOUN
предстоящата/ADJ,учебна/ADJ,година/NOUN
двустранното/ADJ,военно/ADJ,сътрудничество/NOUN
подобни/ADJ,малки/ADJ,заговори/NOUN
първоначалния/ADJ,медицински/ADJ,преглед/NOUN
Настоящата/ADJ,биографична/ADJ,информация/NOUN
единна/ADJ,информационна/ADJ,система/NOUN
брутния/ADJ,вътрешен/ADJ,продукт/NOUN
чуждестранни/ADJ,военни/ADJ,специалисти/NOUN
единен/ADJ,учебен/ADJ,план/NOUN
Националната/ADJ,военна/ADJ,стратегия/NOUN
различни/ADJ,военноморски/ADJ,части/NOUN
останалите/ADJ,военни/ADJ,училища/NOUN
Друг/ADJ,успешен/ADJ,елемент/NOUN
цялостната/ADJ,военна/ADJ,политика/NOUN
българската/ADJ,отбранителна/ADJ,промишленост/NOUN
самостоятелни/ADJ,нравствени/ADJ,оценки/NOUN
тежко/ADJ,семейно/ADJ,положение/NOUN
друго/ADJ,спално/ADJ,помещение/NOUN
учебен/ADJ,команден/ADJ,пункт/NOUN
младите/ADJ,офицерски/ADJ,кадри/NOUN
цялата/ADJ,медицинска/ADJ,служба/NOUN
официалната/ADJ,образователна/ADJ,система/NOUN
демократично/ADJ,гражданско/ADJ,общество/NOUN
българското/ADJ,Народно/ADJ,събрание/NOUN
другото/ADJ,съществено/ADJ,различие/NOUN
Първата/ADJ,световна/ADJ,война/NOUN
Втората/ADJ,световна/ADJ,война/NOUN
негативния/ADJ,визов/ADJ,списък/NOUN
младите/ADJ,български/ADJ,специалисти/NOUN
по-голямото/ADJ,платежоспособно/ADJ,търсене/NOUN
приемлив/ADJ,кредитен/ADJ,рейтинг/NOUN
югославската/ADJ,военна/ADJ,машина/NOUN
Крайбрежните/ADJ,черноморски/ADJ,течения/NOUN
определената/ADJ,социална/ADJ,политика/NOUN
българското/ADJ,селско/ADJ,стопанство/NOUN
Друга/ADJ,специфична/ADJ,област/NOUN
далечен/ADJ,кучешки/ADJ,лай/NOUN
Ниското/ADJ,социално/ADJ,стъпало/NOUN
добрите/ADJ,бъдещи/ADJ,замисли/NOUN
универсални/ADJ,пощенски/ADJ,услуги/NOUN
живи/ADJ,водни/ADJ,жаби/NOUN
съвременната/ADJ,военна/ADJ,политика/NOUN
Основните/ADJ,транспортни/ADJ,продукти/NOUN
Реалната/ADJ,военностратегическа/ADJ,среда/NOUN
тежка/ADJ,материална/ADJ,нужда/NOUN
наборна/ADJ,военна/ADJ,служба/NOUN
минималната/ADJ,работна/ADJ,заплата/NOUN
бъдеща/ADJ,национална/ADJ,гвардия/NOUN
бивши/ADJ,кадрови/ADJ,офицери/NOUN
огромните/ADJ,икономически/ADJ,проблеми/NOUN
българските/ADJ,въоръжени/ADJ,сили/NOUN
по-горните/ADJ,медицински/ADJ,инстанции/NOUN
крупен/ADJ,военен/ADJ,конфликт/NOUN
сегашната/ADJ,организационна/ADJ,структура/NOUN
смесения/ADJ,парламентарен/ADJ,комитет/NOUN
прекрасен/ADJ,гергьовденски/ADJ,бал/NOUN
треперлива/ADJ,слънчева/ADJ,мараня/NOUN
Малката/ADJ,газена/ADJ,лампа/NOUN
пряка/ADJ,военна/ADJ,заплаха/NOUN
източноевропейската/ADJ,преносна/ADJ,мрежа/NOUN
Източната/ADJ,православна/ADJ,църква/NOUN
основните/ADJ,външнополитически/ADJ,приоритети/NOUN
стратегическото/ADJ,военно/ADJ,партньорство/NOUN
най-голямата/ADJ,парламентарна/ADJ,група/NOUN
евентуални/ADJ,бъдещи/ADJ,удари/NOUN
съответната/ADJ,законодателна/ADJ,реакция/NOUN
останалите/ADJ,европейски/ADJ,норми/NOUN
днешната/ADJ,военна/ADJ,служба/NOUN
висшия/ADJ,команден/ADJ,състав/NOUN
целеви/ADJ,научни/ADJ,изследвания/NOUN
редовната/ADJ,декемврийска/ADJ,заплата/NOUN
очакваните/ADJ,чуждестранни/ADJ,инвестиции/NOUN
целия/ADJ,Европейски/ADJ,съюз/NOUN
колективното/ADJ,показно/ADJ,връщане/NOUN
специалното/ADJ,олимпийско/ADJ,облекло/NOUN
сериозно/ADJ,политическо/ADJ,решение/NOUN
адекватен/ADJ,отбранителен/ADJ,потенциал/NOUN
други/ADJ,съпътстващи/ADJ,екстри/NOUN
друга/ADJ,бойна/ADJ,техника/NOUN
Единственият/ADJ,незначителен/ADJ,инцидент/NOUN
Български/ADJ,национален/ADJ,интерес/NOUN
важни/ADJ,държавни/ADJ,интереси/NOUN
настъпилото/ADJ,тягостно/ADJ,мълчание/NOUN
хубав/ADJ,пролетен/ADJ,дъжд/NOUN
далечни/ADJ,топовни/ADJ,гърмежи/NOUN
общия/ADJ,сив/ADJ,фон/NOUN
Гражданския/ADJ,процесуален/ADJ,кодекс/NOUN
Патентоспособни/ADJ,полезни/ADJ,модели/NOUN
Цялата/ADJ,държавна/ADJ,власт/NOUN
изключителна/ADJ,държавна/ADJ,собственост/NOUN
крайбрежната/ADJ,плажна/ADJ,ивица/NOUN
изключителната/ADJ,икономическа/ADJ,зона/NOUN
свободната/ADJ,стопанска/ADJ,инициатива/NOUN
чуждестранните/ADJ,юридически/ADJ,лица/NOUN
чуждестранните/ADJ,юридически/ADJ,лица/NOUN
други/ADJ,вещни/ADJ,права/NOUN
справедлив/ADJ,международен/ADJ,ред/NOUN
доброволно/ADJ,писмено/ADJ,съгласие/NOUN
друга/ADJ,държавна/ADJ,служба/NOUN
присъстващ/ADJ,народен/ADJ,представител/NOUN
присъстващите/ADJ,народни/ADJ,представители/NOUN
новоизбраното/ADJ,Народно/ADJ,събрание/NOUN
нов/ADJ,Министерски/ADJ,съвет/NOUN
присъстващите/ADJ,народни/ADJ,представители/NOUN
Велико/ADJ,Народно/ADJ,събрание/NOUN
Велико/ADJ,Народно/ADJ,събрание/NOUN
Великото/ADJ,Народно/ADJ,събрание/NOUN
Великото/ADJ,Народно/ADJ,събрание/NOUN
Великото/ADJ,Народно/ADJ,събрание/NOUN
Великото/ADJ,Народно/ADJ,събрание/NOUN
бъдещият/ADJ,разширен/ADJ,съюз/NOUN
по-комфортна/ADJ,институционална/ADJ,рамка/NOUN
следващата/ADJ,Междуправителствена/ADJ,конференция/NOUN
напиращите/ADJ,балтийски/ADJ,републики/NOUN
най-голямата/ADJ,източноевропейска/ADJ,страна/NOUN
Първият/ADJ,европейски/ADJ,съюз/NOUN
Ханзейската/ADJ,търговска/ADJ,уния/NOUN
възможни/ADJ,странични/ADJ,ефекти/NOUN
прост/ADJ,син/ADJ,плик/NOUN
първия/ADJ,учебен/ADJ,ден/NOUN
безпомощна/ADJ,гимназиална/ADJ,глупачка/NOUN
многобройните/ADJ,възможни/ADJ,отговори/NOUN
запитаните/ADJ,гимназиални/ADJ,ученици/NOUN
най-различни/ADJ,идеологически/ADJ,поводи/NOUN
съвременното/ADJ,политическо/ADJ,общество/NOUN
пасивни/ADJ,странични/ADJ,наблюдатели/NOUN
посттравматичното/ADJ,стресово/ADJ,разстройство/NOUN
реалистични/ADJ,първични/ADJ,оценки/NOUN
по-силен/ADJ,физически/ADJ,стрес/NOUN
невротичен/ADJ,личностен/ADJ,стил/NOUN
адаптивен/ADJ,личностен/ADJ,стил/NOUN
добро/ADJ,психично/ADJ,здраве/NOUN
добри/ADJ,междуличностни/ADJ,отношения/NOUN
открит/ADJ,личностен/ADJ,стил/NOUN
приятен/ADJ,личностен/ADJ,стил/NOUN
добро/ADJ,психично/ADJ,здраве/NOUN
добри/ADJ,междуличностни/ADJ,отношения/NOUN
съвестен/ADJ,личностен/ADJ,стил/NOUN
предизвикателните/ADJ,житейски/ADJ,събития/NOUN
личната/ADJ,обратна/ADJ,връзка/NOUN
положителната/ADJ,обратна/ADJ,връзка/NOUN
първични/ADJ,себеразрушителни/ADJ,поведения/NOUN
най-голямото/ADJ,международно/ADJ,признание/NOUN
най-голямото/ADJ,международно/ADJ,признание/NOUN
фалиралата/ADJ,Добруджанска/ADJ,банка/NOUN
надутите/ADJ,компенсаторни/ADJ,записи/NOUN
водещи/ADJ,чужди/ADJ,фирми/NOUN
водещи/ADJ,чужди/ADJ,компании/NOUN
новия/ADJ,сръбски/ADJ,министър/NOUN
българско/ADJ,социално/ADJ,министерство/NOUN
пета/ADJ,търговска/ADJ,фирма/NOUN
седмо/ADJ,промишлено/ADJ,предприятие/NOUN
негативния/ADJ,визов/ADJ,списък/NOUN
бившия/ADJ,сръбски/ADJ,министър/NOUN
сръбската/ADJ,тайна/ADJ,полиция/NOUN
бившия/ADJ,генерален/ADJ,секретар/NOUN
българските/ADJ,филмови/ADJ,дейци/NOUN
трикратното/ADJ,дневно/ADJ,приемане/NOUN
жилавите/ADJ,бронхиални/ADJ,секрети/NOUN
специалните/ADJ,разузнавателни/ADJ,средства/NOUN
Висшият/ADJ,съдебен/ADJ,съвет/NOUN
Американския/ADJ,петролен/ADJ,институт/NOUN
предстоящата/ADJ,предизборна/ADJ,кампания/NOUN
бившата/ADJ,Държавна/ADJ,сигурност/NOUN
бившия/ADJ,вътрешен/ADJ,министър/NOUN
кривите/ADJ,селски/ADJ,улички/NOUN
мощното/ADJ,космическо/ADJ,въздействие/NOUN
опитен/ADJ,духовен/ADJ,учител/NOUN
трикратното/ADJ,дневно/ADJ,приемане/NOUN
жилавите/ADJ,бронхиални/ADJ,секрети/NOUN
различни/ADJ,шофьорски/ADJ,книжки/NOUN
фалшиви/ADJ,шофьорски/ADJ,книжки/NOUN
Българската/ADJ,хранителна/ADJ,промишленост/NOUN
други/ADJ,индустриални/ADJ,сектори/NOUN
отстъпващите/ADJ,немски/ADJ,вериги/NOUN
среден/ADJ,икономически/ADJ,ръст/NOUN
стабилен/ADJ,икономически/ADJ,растеж/NOUN
Първа/ADJ,АГ/ADJ,болница/NOUN
задната/ADJ,лява/ADJ,част/NOUN
трета/ADJ,поредна/ADJ,година/NOUN
сериозните/ADJ,финансови/ADJ,затруднения/NOUN
излишни/ADJ,социални/ADJ,емоции/NOUN
излишни/ADJ,социални/ADJ,емоции/NOUN
отделните/ADJ,европейски/ADJ,страни/NOUN
колективните/ADJ,трудови/ADJ,договори/NOUN
колективни/ADJ,трудови/ADJ,договори/NOUN
едномесечната/ADJ,дървена/ADJ,ваканция/NOUN
баската/ADJ,сепаратистка/ADJ,организация/NOUN
Австрийският/ADJ,държавен/ADJ,глава/NOUN
стари/ADJ,български/ADJ,икони/NOUN
бившият/ADJ,национален/ADJ,селекционер/NOUN
бившите/ADJ,съветски/ADJ,републики/NOUN
негативния/ADJ,визов/ADJ,списък/NOUN
негативния/ADJ,визов/ADJ,списък/NOUN
предсрочни/ADJ,местни/ADJ,избори/NOUN
US/ADJ,държавния/ADJ,секретар/NOUN
чужда/ADJ,финансова/ADJ,помощ/NOUN
младежкият/ADJ,национален/ADJ,тим/NOUN
непродадени/ADJ,държавни/ADJ,фирми/NOUN
Новият/ADJ,Надзорен/ADJ,съвет/NOUN
единен/ADJ,регионален/ADJ,данък/NOUN
масови/ADJ,спортни/ADJ,прояви/NOUN
държавното/ADJ,обществено/ADJ,осигуряване/NOUN
Средната/ADJ,месечна/ADJ,пенсия/NOUN
минимално/ADJ,технологично/ADJ,равнище/NOUN
първата/ADJ,частна/ADJ,фирма/NOUN
трети/ADJ,земеделски/ADJ,конгрес/NOUN
Военен/ADJ,духов/ADJ,оркестър/NOUN
Българските/ADJ,тайни/ADJ,служби/NOUN
Българските/ADJ,тайни/ADJ,служби/NOUN
Софийски/ADJ,градски/ADJ,съд/NOUN
лявата/ADJ,опозиционна/ADJ,Партия/NOUN
последния/ADJ,работен/ADJ,ден/NOUN
новото/ADJ,вечерно/ADJ,токшоу/NOUN
първия/ADJ,рожден/ADJ,ден/NOUN
Избрана/ADJ,световна/ADJ,фантастика/NOUN
измислени/ADJ,червени/ADJ,картона/NOUN
Новата/ADJ,масирана/ADJ,офанзива/NOUN
доказан/ADJ,международен/ADJ,авторитет/NOUN
висши/ADJ,държавни/ADJ,чиновници/NOUN
бившия/ADJ,вътрешен/ADJ,министър/NOUN
паралелната/ADJ,сива/ADJ,власт/NOUN
новият/ADJ,американски/ADJ,президент/NOUN
други/ADJ,палестински/ADJ,селища/NOUN
нелегални/ADJ,боксови/ADJ,мачове/NOUN
смахнатият/ADJ,ирландски/ADJ,циганин/NOUN
легендарния/ADJ,руски/ADJ,командир/NOUN
контрабандни/ADJ,златни/ADJ,накити/NOUN
специалните/ADJ,разузнавателни/ADJ,средства/NOUN
Световната/ADJ,здравна/ADJ,организация/NOUN
бившата/ADJ,Държавна/ADJ,сигурност/NOUN
редовната/ADJ,месечна/ADJ,среща/NOUN
Предишните/ADJ,приватизационни/ADJ,процедури/NOUN
непроходимите/ADJ,заледени/ADJ,пътища/NOUN
британското/ADJ,вътрешно/ADJ,министерство/NOUN
британски/ADJ,разузнавателни/ADJ,служби/NOUN
1/16/ADJ,финалния/ADJ,минимач/NOUN
държавните/ADJ,електронни/ADJ,медии/NOUN
Сегашната/ADJ,програмна/ADJ,директорка/NOUN
големият/ADJ,коледен/ADJ,подарък/NOUN
късна/ADJ,ноемврийска/ADJ,вечер/NOUN
Нестандартната/ADJ,сватбена/ADJ,церемония/NOUN
двудневния/ADJ,интелектуален/ADJ,маратон/NOUN
Националната/ADJ,художествена/ADJ,академия/NOUN
корпоративното/ADJ,подоходно/ADJ,облагане/NOUN
калпавите/ADJ,електрически/ADJ,инсталации/NOUN
знаменитият/ADJ,български/ADJ,енергетик/NOUN
повторно/ADJ,ръчно/ADJ,преброяване/NOUN
Федералният/ADJ,Върховен/ADJ,съд/NOUN
някогашния/ADJ,съветски/ADJ,химн/NOUN
еврейска/ADJ,детска/ADJ,градина/NOUN
Върховната/ADJ,административна/ADJ,прокуратура/NOUN
неизвестни/ADJ,въоръжени/ADJ,лица/NOUN
досегашните/ADJ,холивудски/ADJ,версии/NOUN
световната/ADJ,футболна/ADJ,централа/NOUN
драстичен/ADJ,воден/ADJ,режим/NOUN
нови/ADJ,лични/ADJ,карти/NOUN
новите/ADJ,лични/ADJ,карти/NOUN
смесеното/ADJ,българо-турско/ADJ,дружество/NOUN
врачанския/ADJ,торов/ADJ,завод/NOUN
брюкселско/ADJ,цветно/ADJ,зеле/NOUN
следващото/ADJ,общо/ADJ,събрание/NOUN
новата/ADJ,ядрена/ADJ,мощност/NOUN
новите/ADJ,работни/ADJ,места/NOUN
Столичният/ADJ,общински/ADJ,съвет/NOUN
готови/ADJ,жилищни/ADJ,имоти/NOUN
общински/ADJ,нежилищен/ADJ,имот/NOUN
средна/ADJ,телесна/ADJ,повреда/NOUN
бивши/ADJ,банкови/ADJ,служители/NOUN
втората/ADJ,атомна/ADJ,централа/NOUN
трети/ADJ,президентски/ADJ,мандат/NOUN
слабата/ADJ,избирателна/ADJ,активност/NOUN
големи/ADJ,скулпторни/ADJ,композиции/NOUN
всеизвестната/ADJ,скулптурна/ADJ,композиция/NOUN
повредена/ADJ,домакинска/ADJ,техника/NOUN
неосигурена/ADJ,безопасна/ADJ,среда/NOUN
другите/ADJ,медицински/ADJ,стоки/NOUN
висши/ADJ,учебни/ADJ,заведения/NOUN
широка/ADJ,обществена/ADJ,роля/NOUN
солидно/ADJ,материално/ADJ,положение/NOUN
Националната/ADJ,художествена/ADJ,галерия/NOUN
текуща/ADJ,световна/ADJ,периодика/NOUN
най-прогресиращ/ADJ,национален/ADJ,отбор/NOUN
втора/ADJ,православна/ADJ,църква/NOUN
диетичният/ADJ,руски/ADJ,хляб/NOUN
Български/ADJ,търговски/ADJ,дом/NOUN
световните/ADJ,валутни/ADJ,пазари/NOUN
намалените/ADJ,посевни/ADJ,площи/NOUN
влиятелният/ADJ,американски/ADJ,вестник/NOUN
общата/ADJ,входна/ADJ,врата/NOUN
цялото/ADJ,партерно/ADJ,помещение/NOUN
Висшия/ADJ,съдебен/ADJ,съвет/NOUN
Кърджалийският/ADJ,окръжен/ADJ,съд/NOUN
дълга/ADJ,коледна/ADJ,ваканция/NOUN
Главна/ADJ,данъчна/ADJ,дирекция/NOUN
Нова/ADJ,митническа/ADJ,тарифа/NOUN
Целият/ADJ,китайски/ADJ,народ/NOUN
изминалата/ADJ,2000/ADJ,година/NOUN
студената/ADJ,декемврийска/ADJ,нощ/NOUN
бившия/ADJ,административен/ADJ,директор/NOUN
Силният/ADJ,обществен/ADJ,шок/NOUN
бившия/ADJ,областен/ADJ,управител/NOUN
Европейската/ADJ,инвестиционна/ADJ,банка/NOUN
по-дребните/ADJ,профсъюзни/ADJ,лидери/NOUN
дребен/ADJ,гръцки/ADJ,работодател/NOUN
шумни/ADJ,езически/ADJ,ритуали/NOUN
скромна/ADJ,обществена/ADJ,длъжност/NOUN
провежданата/ADJ,икономическа/ADJ,политика/NOUN
собствена/ADJ,икономическа/ADJ,политика/NOUN
израелския/ADJ,курортен/ADJ,град/NOUN
безбройните/ADJ,медийни/ADJ,панорами/NOUN
най-крехко/ADJ,правно/ADJ,управление/NOUN
евтините/ADJ,холивудски/ADJ,бози/NOUN
допустимо/ADJ,словесно/ADJ,откровение/NOUN
половинчасов/ADJ,документален/ADJ,филм/NOUN
Малък/ADJ,градски/ADJ,театър/NOUN
първият/ADJ,куклен/ADJ,фестивал/NOUN
най-зрелищната/ADJ,българска/ADJ,постановка/NOUN
предпочитаният/ADJ,новогодишен/ADJ,гост/NOUN
Първият/ADJ,леден/ADJ,хотел/NOUN
ужасяваща/ADJ,самолетна/ADJ,катастрофа/NOUN
Спряната/ADJ,фериботна/ADJ,връзка/NOUN
новия/ADJ,политически/ADJ,съюз/NOUN
новия/ADJ,столичен/ADJ,всекидневник/NOUN
падащи/ADJ,летателни/ADJ,тела/NOUN
Водещият/ADJ,лондонски/ADJ,в./NOUN
широка/ADJ,обществена/ADJ,дискусия/NOUN
гъста/ADJ,виолетова/ADJ,сянка/NOUN
регионалните/ADJ,занаятчийски/ADJ,камари/NOUN
сключен/ADJ,трудов/ADJ,договор/NOUN
изконния/ADJ,неразрешим/ADJ,спор/NOUN
Националната/ADJ,занаятчийска/ADJ,камара/NOUN
българското/ADJ,национално/ADJ,съзнание/NOUN
Българския/ADJ,демократичен/ADJ,форум/NOUN
Българските/ADJ,национални/ADJ,легиони/NOUN
съветското/ADJ,комунистическо/ADJ,господство/NOUN
Социалистическият/ADJ,младежки/ADJ,съюз/NOUN
Дежурният/ADJ,районен/ADJ,прокурор/NOUN
Образуваното/ADJ,следствено/ADJ,дело/NOUN
богато/ADJ,криминално/ADJ,минало/NOUN
Извършената/ADJ,тройна/ADJ,експертиза/NOUN
бившата/ADJ,съветска/ADJ,република/NOUN
остра/ADJ,сърдечна/ADJ,недостатъчност/NOUN
българското/ADJ,външно/ADJ,министерство/NOUN
строг/ADJ,тъмничен/ADJ,затвор/NOUN
Подписаното/ADJ,предизборно/ADJ,споразумение/NOUN
свежи/ADJ,предизборни/ADJ,идеи/NOUN
мъгляви/ADJ,социаллиберални/ADJ,коалиции/NOUN
мъгляви/ADJ,социаллиберални/ADJ,коалиции/NOUN
сериозни/ADJ,политически/ADJ,амбиции/NOUN
висок/ADJ,личен/ADJ,рейтинг/NOUN
българския/ADJ,политически/ADJ,процес/NOUN
Втори/ADJ,датски/ADJ,военнослужещ/NOUN
международните/ADJ,умиротворителни/ADJ,сили/NOUN
ръководни/ADJ,медийни/ADJ,постове/NOUN
24-часова/ADJ,програмна/ADJ,схема/NOUN
столичното/ADJ,филмотечно/ADJ,кино/NOUN
бели/ADJ,ъглови/ADJ,греди/NOUN
червена/ADJ,служебна/ADJ,сграда/NOUN
високите/ADJ,трикраки/ADJ,табуретки/NOUN
Дебелата/ADJ,пъстра/ADJ,котка/NOUN
младите/ADJ,германски/ADJ,спортисти/NOUN
световното/ADJ,клубно/ADJ,първенство/NOUN
същата/ADJ,добра/ADJ,реализация/NOUN
определен/ADJ,финансов/ADJ,еквивалент/NOUN
лошо/ADJ,финансово/ADJ,положение/NOUN
новия/ADJ,национален/ADJ,треньор/NOUN
българския/ADJ,държавен/ADJ,глава/NOUN
Балканския/ADJ,политически/ADJ,клуб/NOUN
общи/ADJ,инфраструктурни/ADJ,проекти/NOUN
кооперираните/ADJ,балкански/ADJ,усилия/NOUN
Българският/ADJ,държавен/ADJ,глава/NOUN
пети/ADJ,пореден/ADJ,път/NOUN
Новоселското/ADJ,Априлско/ADJ,въстание/NOUN
Първи/ADJ,революционен/ADJ,окръг/NOUN
Петнадесетото/ADJ,международно/ADJ,биенале/NOUN
Централната/ADJ,избирателна/ADJ,комисия/NOUN
Висшето/ADJ,военноморско/ADJ,училище/NOUN
нов/ADJ,навигационен/ADJ,симулатор/NOUN
нов/ADJ,навигационен/ADJ,тренажор/NOUN
други/ADJ,висши/ADJ,офицери/NOUN
Висшето/ADJ,военноморско/ADJ,училище/NOUN
изградения/ADJ,международен/ADJ,авторитет/NOUN
различни/ADJ,гледни/ADJ,точки/NOUN
Българският/ADJ,държавен/ADJ,глава/NOUN
новоприетия/ADJ,избирателен/ADJ,закон/NOUN
новия/ADJ,избирателния/ADJ,закон/NOUN
българският/ADJ,политически/ADJ,живот/NOUN
Европейската/ADJ,народна/ADJ,партия/NOUN
Македонският/ADJ,държавен/ADJ,глава/NOUN
Европейската/ADJ,народна/ADJ,партия/NOUN
нови/ADJ,работни/ADJ,места/NOUN
Европейската/ADJ,народна/ADJ,партия/NOUN
Европейската/ADJ,народна/ADJ,партия/NOUN
поредната/ADJ,политическа/ADJ,чистка/NOUN
Добруджанския/ADJ,въглищен/ADJ,басейн/NOUN
Добруджанското/ADJ,въглищно/ADJ,находище/NOUN
Европейската/ADJ,инвестиционна/ADJ,банка/NOUN
безжична/ADJ,цифрова/ADJ,комуникация/NOUN
най-различни/ADJ,партийни/ADJ,пристрастия/NOUN
българските/ADJ,национални/ADJ,легиони/NOUN
безкрайно/ADJ,живописно/ADJ,прекарване/NOUN
Същата/ADJ,амбициозна/ADJ,фондация/NOUN
музикално/ADJ,изпълнителско/ADJ,изкуство/NOUN
Другата/ADJ,бунтовна/ADJ,групировка/NOUN
други/ADJ,пострадали/ADJ,коли/NOUN
задната/ADJ,лява/ADJ,седалка/NOUN
варненската/ADJ,районна/ADJ,прокуратура/NOUN
Държавен/ADJ,финансов/ADJ,контрол/NOUN
Океанският/ADJ,риболовен/ADJ,траулер/NOUN
фина/ADJ,холографска/ADJ,лента/NOUN
непристъпен/ADJ,горски/ADJ,район/NOUN
новата/ADJ,информационна/ADJ,система/NOUN
грубо/ADJ,безстопанствено/ADJ,отношение/NOUN
друг/ADJ,отговорен/ADJ,магистрат/NOUN
румънското/ADJ,здравно/ADJ,министерство/NOUN
специално/ADJ,техническо/ADJ,средство/NOUN
Висшата/ADJ,специална/ADJ,школа/NOUN
четиристранен/ADJ,конферентен/ADJ,разговор/NOUN
последни/ADJ,телефонни/ADJ,разговори/NOUN
международните/ADJ,финансови/ADJ,институции/NOUN
самата/ADJ,работна/ADJ,група/NOUN
нова/ADJ,приватизационна/ADJ,стратегия/NOUN
сегашните/ADJ,приватизационни/ADJ,закони/NOUN
националната/ADJ,спортна/ADJ,федерация/NOUN
Британската/ADJ,спортна/ADJ,федерация/NOUN
20-годишна/ADJ,вярна/ADJ,служба/NOUN
нелигитимния/ADJ,футболен/ADJ,съюз/NOUN
първият/ADJ,уволнен/ADJ,треньор/NOUN
специалните/ADJ,абонаментни/ADJ,карти/NOUN
Втора/ADJ,поредна/ADJ,година/NOUN
Европейската/ADJ,народна/ADJ,партия/NOUN
Европейската/ADJ,народна/ADJ,партия/NOUN
единственият/ADJ,син/ADJ,лидер/NOUN
важно/ADJ,регионално/ADJ,измерение/NOUN
европейската/ADJ,политическа/ADJ,сила/NOUN
европейското/ADJ,социалистическо/ADJ,семейството/NOUN
евентуалното/ADJ,обратно/ADJ,въвеждане/NOUN
основната/ADJ,външнополитическа/ADJ,заплаха/NOUN
евентуалната/ADJ,емигрантска/ADJ,вълна/NOUN
най-висшите/ADJ,управляващи/ADJ,кръгове/NOUN
бъдещата/ADJ,европейска/ADJ,отбрана/NOUN
голи/ADJ,обли/ADJ,хълмове/NOUN
Европейските/ADJ,социалдемократически/ADJ,партии/NOUN
европейските/ADJ,леви/ADJ,лидери/NOUN
старинна/ADJ,двуетажна/ADJ,къща/NOUN
другия/ADJ,изселнически/ADJ,квартал/NOUN
местната/ADJ,университетска/ADJ,болница/NOUN
поредната/ADJ,болна/ADJ,старица/NOUN
цяла/ADJ,внушителна/ADJ,лаборатория/NOUN
луксозната/ADJ,семейна/ADJ,лимузина/NOUN
огромния/ADJ,технически/ADJ,потенциал/NOUN
четирицилиндровият/ADJ,двулитров/ADJ,мотор/NOUN
новият/ADJ,икономически/ADJ,курс/NOUN
морска/ADJ,кристална/ADJ,сол/NOUN
типичен/ADJ,щатски/ADJ,пикап/NOUN
модулируемо/ADJ,товарно/ADJ,пространство/NOUN
Главна/ADJ,данъчна/ADJ,дирекция/NOUN
Главна/ADJ,данъчна/ADJ,дирекция/NOUN
съответното/ADJ,данъчно/ADJ,подразделение/NOUN
Прекрасният/ADJ,нов/ADJ,век/NOUN
колективна/ADJ,национална/ADJ,мечта/NOUN
прекрасен/ADJ,нов/ADJ,век/NOUN
прекрасния/ADJ,нов/ADJ,век/NOUN
първите/ADJ,български/ADJ,медалисти/NOUN
Общият/ADJ,награден/ADJ,фонд/NOUN
Аржентинската/ADJ,футболна/ADJ,легенда/NOUN
Аржентинската/ADJ,футболна/ADJ,легенда/NOUN
Рекордни/ADJ,финансови/ADJ,загуби/NOUN
изминалата/ADJ,финансова/ADJ,година/NOUN
нереализирани/ADJ,тв/ADJ,права/NOUN
ниска/ADJ,зрителска/ADJ,посещаемост/NOUN
средната/ADJ,митническа/ADJ,ставка/NOUN
негативния/ADJ,визов/ADJ,списък/NOUN
предсрочни/ADJ,парламентарни/ADJ,избори/NOUN
Съвременните/ADJ,ауспухови/ADJ,системи/NOUN
Най-добрият/ADJ,френски/ADJ,скиор/NOUN
Първото/ADJ,българско/ADJ,бебе/NOUN
втори/ADJ,пореден/ADJ,път/NOUN
най-големия/ADJ,истанбулски/ADJ,площад/NOUN
светещата/ADJ,новогодишна/ADJ,украса/NOUN
атинската/ADJ,фондова/ADJ,борса/NOUN
гръцката/ADJ,централна/ADJ,банка/NOUN
минимален/ADJ,национален/ADJ,консенсус/NOUN
масираната/ADJ,обществена/ADJ,кампания/NOUN
самата/ADJ,съдебна/ADJ,власт/NOUN
общия/ADJ,политически/ADJ,дебат/NOUN
цялата/ADJ,политическа/ADJ,система/NOUN
минимален/ADJ,национален/ADJ,консенсус/NOUN
Вторият/ADJ,основен/ADJ,дебат/NOUN
усилна/ADJ,компроматна/ADJ,война/NOUN
известния/ADJ,цигулков/ADJ,педагог/NOUN
иранския/ADJ,национален/ADJ,отбор/NOUN
тогавашният/ADJ,партиен/ADJ,печат/NOUN
нови/ADJ,работни/ADJ,места/NOUN
преливащ/ADJ,валутен/ADJ,резерв/NOUN
Загадъчно/ADJ,българско/ADJ,племе/NOUN
останалите/ADJ,африкански/ADJ,страни/NOUN
голяма/ADJ,нефтена/ADJ,компания/NOUN
сложни/ADJ,предизборни/ADJ,маневри/NOUN
сгрешен/ADJ,зърнен/ADJ,баланс/NOUN
тогавашният/ADJ,финансов/ADJ,министър/NOUN
други/ADJ,петролни/ADJ,продукти/NOUN
тогавашният/ADJ,промишлен/ADJ,министър/NOUN
Втората/ADJ,международна/ADJ,конференция/NOUN
безплатно/ADJ,синьо/ADJ,гориво/NOUN
изненадваща/ADJ,среднощна/ADJ,проверка/NOUN
Намерените/ADJ,нередовни/ADJ,бандероли/NOUN
Европейската/ADJ,централна/ADJ,банка/NOUN
Европейската/ADJ,централна/ADJ,банка/NOUN
новите/ADJ,европейски/ADJ,договори/NOUN
европейските/ADJ,фондови/ADJ,борси/NOUN
Българска/ADJ,фондова/ADJ,борса/NOUN
Руска/ADJ,търговска/ADJ,система/NOUN
Териториалната/ADJ,данъчна/ADJ,дирекция/NOUN
Седемчленният/ADJ,Надзорен/ADJ,съвет/NOUN
пловдивското/ADJ,козметично/ADJ,предприятие/NOUN
брутната/ADJ,добавена/ADJ,стойност/NOUN
новият/ADJ,общински/ADJ,лидер/NOUN
най-малката/ADJ,разградска/ADJ,община/NOUN
подзаконовите/ADJ,нормативни/ADJ,уредби/NOUN
съществуващите/ADJ,правни/ADJ,проблеми/NOUN
значим/ADJ,обществен/ADJ,интерес/NOUN
нови/ADJ,работни/ADJ,места/NOUN
двоен/ADJ,ляв/ADJ,бъбрек/NOUN
негодната/ADJ,долна/ADJ,част/NOUN
бившите/ADJ,Главна/ADJ,прокуратура/NOUN
Национална/ADJ,следствена/ADJ,служба/NOUN
нова/ADJ,данъчна/ADJ,оценка/NOUN
следващите/ADJ,парламентарни/ADJ,избори/NOUN
по-широка/ADJ,коалиционна/ADJ,политика/NOUN
дълго/ADJ,маратонско/ADJ,бягане/NOUN
реален/ADJ,икономически/ADJ,растеж/NOUN
нова/ADJ,коалиционна/ADJ,политика/NOUN
действителна/ADJ,коалиционна/ADJ,култура/NOUN
пловдивският/ADJ,регионален/ADJ,лидер/NOUN
тридневно/ADJ,официално/ADJ,посещение/NOUN
независим/ADJ,строителен/ADJ,надзор/NOUN
Държавния/ADJ,статистически/ADJ,институт/NOUN
Иранската/ADJ,опозиционна/ADJ,организация/NOUN
руският/ADJ,енергиен/ADJ,гигант/NOUN
Европейската/ADJ,народна/ADJ,партия/NOUN
по-сериозна/ADJ,външнополитическа/ADJ,заявка/NOUN
официално/ADJ,двудневно/ADJ,посещение/NOUN
бившия/ADJ,югославски/ADJ,президент/NOUN
малката/ADJ,адриатическа/ADJ,република/NOUN
нов/ADJ,въоръжен/ADJ,конфликт/NOUN
бившия/ADJ,югославски/ADJ,президент/NOUN
полското/ADJ,селско/ADJ,стопанство/NOUN
опозиционния/ADJ,Християндемократически/ADJ,съюз/NOUN
Европейската/ADJ,централна/ADJ,банка/NOUN
Холандската/ADJ,централна/ADJ,банка/NOUN
международни/ADJ,банкови/ADJ,институции/NOUN
Мощната/ADJ,швейцарска/ADJ,банка/NOUN
общовалидни/ADJ,международни/ADJ,стандарти/NOUN
глобалната/ADJ,финансова/ADJ,система/NOUN
редовна/ADJ,военна/ADJ,служба/NOUN
Втората/ADJ,световна/ADJ,война/NOUN
кратко/ADJ,тв/ADJ,интервю/NOUN
разкошните/ADJ,старинни/ADJ,книги/NOUN
най-крупните/ADJ,банкови/ADJ,скандали/NOUN
едноименния/ADJ,международен/ADJ,конкурс/NOUN
50-ия/ADJ,рожден/ADJ,ден/NOUN
най-добър/ADJ,чуждестранен/ADJ,филм/NOUN
най-доброто/ADJ,подготвително/ADJ,училище/NOUN
най-хубавите/ADJ,възможни/ADJ,светове/NOUN
големи/ADJ,идеалистически/ADJ,революции/NOUN
млади/ADJ,театрални/ADJ,актьори/NOUN
новооткритото/ADJ,небесно/ADJ,тяло/NOUN
Международното/ADJ,астрономическо/ADJ,дружество/NOUN
Френски/ADJ,автомобилни/ADJ,конструктори/NOUN
Новото/ADJ,превозно/ADJ,средство/NOUN
извършените/ADJ,строително-монтажни/ADJ,работи/NOUN
врачанският/ADJ,окръжен/ADJ,прокурор/NOUN
извършените/ADJ,измамни/ADJ,действия/NOUN
другите/ADJ,банкови/ADJ,институции/NOUN
изяснената/ADJ,фактическа/ADJ,обстановка/NOUN
изключителна/ADJ,фактическа/ADJ,сложност/NOUN
необходимите/ADJ,процесуално-следствени/ADJ,действия/NOUN
популярно/ADJ,кратко/ADJ,название/NOUN
бившите/ADJ,съветски/ADJ,републики/NOUN
културно-религиозна/ADJ,гледна/ADJ,точка/NOUN
българската/ADJ,външна/ADJ,търговия/NOUN
първите/ADJ,частни/ADJ,банки/NOUN
истинската/ADJ,пазарна/ADJ,икономика/NOUN
субсидираната/ADJ,селскостопанска/ADJ,продукция/NOUN
т.нар./ADJ,просветен/ADJ,пазар/NOUN
италианско/ADJ,маркетингово/ADJ,изследване/NOUN
най-малката/ADJ,разходна/ADJ,тежест/NOUN
дребни/ADJ,политически/ADJ,комбинации/NOUN
Великите/ADJ,географски/ADJ,открития/NOUN
реална/ADJ,пазарна/ADJ,стойност/NOUN
софийската/ADJ,охранителна/ADJ,фирма/NOUN
Някогашните/ADJ,селскостопански/ADJ,обори/NOUN
Разложката/ADJ,дървена/ADJ,мафия/NOUN
извънредно/ADJ,четиричасово/ADJ,заседание/NOUN
висш/ADJ,партиен/ADJ,пост/NOUN
вчерашното/ADJ,извънредно/ADJ,заседание/NOUN
областен/ADJ,координиращ/ADJ,съвет/NOUN
българския/ADJ,външен/ADJ,министър/NOUN
възможни/ADJ,законови/ADJ,средства/NOUN
Българската/ADJ,стопанска/ADJ,камара/NOUN
голямо/ADJ,политическо/ADJ,значение/NOUN
пълна/ADJ,проектна/ADJ,готовност/NOUN
нов/ADJ,рамков/ADJ,договор/NOUN
Българският/ADJ,лекарски/ADJ,съюз/NOUN
подготвяната/ADJ,нова/ADJ,политика/NOUN
американската/ADJ,икономическа/ADJ,система/NOUN
т.нар./ADJ,отворени/ADJ,избиратели/NOUN
сръбската/ADJ,национална/ADJ,телевизия/NOUN
белградската/ADJ,военна/ADJ,болница/NOUN
бившия/ADJ,югославски/ADJ,президент/NOUN
сериозна/ADJ,нервна/ADJ,криза/NOUN
първите/ADJ,демократични/ADJ,избори/NOUN
косовския/ADJ,главен/ADJ,град/NOUN
висш/ADJ,щатски/ADJ,чиновник/NOUN
важен/ADJ,исторически/ADJ,символ/NOUN
бившия/ADJ,югославски/ADJ,президент/NOUN
най-висшата/ADJ,съдебна/ADJ,институция/NOUN
баската/ADJ,сепаратистка/ADJ,организация/NOUN
надеждни/ADJ,прогнозни/ADJ,данни/NOUN
