count,awf,nwf
1,Агууехэ,хаанай
1,Арадай,зохёол
1,Арбагархан,платитай
1,Ашагдаһан,баялигууд
1,Бага,наһанһаа
1,Болбосон,үе
1,Буряад,зон
1,Буряад,литературын
1,Буряад,ороноймнай
1,Буряад,оронойнгоо
1,Буряад,поэзиин
2,Буряад,хэлэ
3,Буряад,хэлэн
3,Буряад,хэлэнэй
1,Буряад,хэлээр
1,Буряад,хүбүүд
1,Буряад,ёһоороо
1,Бэлигтэй,артистнарай
1,Бэлигтэй,тренер
1,Диилэнхи,шажан
1,Дулаан,амисхаалаар
1,Жаргалтай,басаган
1,Залуу,наһанай
1,Замай,эхин
1,Зургаадахи,декабриин
1,Иимэрхүү,элинсэг
1,Лебединое,озеро
1,Мартагдашагүй,үдэрнүүдые
1,Мэдээжэ,зүжэгшэн
1,Мүртэй,ажал
1,Нойтон,гутал
1,Номгон,далайн
1,Одхон,үхибүүндээ
1,Олон,зоной
1,Олон,үнгэтэ
1,Онсо,арга
1,Ород,гурэнэй
1,Ород,хэлые
2,Сарюун,дэлхэйн
1,Совет,үедэ
1,Тэгшэ,газарта
1,Түгэсхэлэй,нааданда
1,Түрын,тэригүүн
1,Түрэл,арадайнгаа
1,Түрэл,нютагтаа
1,Түрэл,хэлэеэ
1,Түрэл,хэлэн
1,Түрэһэн,эжы
1,Түрүүшын,шүлэгүүдээ
1,Түрүүшын,шүүлэгүүдэй
1,Уласхоорондын,фестивальнуудта
1,Уран,зураг
1,Ухаантай,үбгэд
1,Уян,шүлэгүүдээрээ
1,Философско,гүн
1,Хара,багаһаа
1,Харахан,нюдэниинь
1,Хонгёо,хонхо
1,Хубиин,олзо
1,Хуурай,уларилтай
1,Хэблэлэй,байшанда
1,Хэблэлэй,байшандамнай
2,Хээлитэй,эхэнэр
1,Хүйтэн,һалхин
1,Хүрин,дэгэлтэй
1,Хүхюу,шубууд
1,Хүхюун,зугаа
1,Хүхюутэй,үдэрнүүд
1,Шэнэ,эрилтын
1,Эбтэй,бүлэ
1,Эжэл,дуран
1,Электронно,ном
1,Эршэмтэй,һорилго
1,Этнографическа,экспедицимнай
1,аглаг,дэлхэйе
1,агууехэ,зорилготой
1,агууехэ,тала
1,адлихан,шэнжэнүүд
1,ажахын,институдта
1,айлайхи,гэр
1,алтанхан,намарай
1,амаралтын,үдэрнүүдтэ
1,амтатай,эдеэгээр
1,арадай,артист
1,архитектурна,дурасхаалай
1,бага,гүрэн
1,бага,зөөритэй
1,бага,наһандаа
1,бага,наһандань
2,бага,наһанһаань
1,бага,олимпиада
1,бага,һууринуудые
1,багахан,выставкэ
1,байһан,ажалайнгаа
1,байһан,хашардалта
1,балетнэ,зүжэгүүдтэ
1,балетнэ,училищида
1,балшар,наһан
1,балшар,наһандань
1,баруун,зүг
2,бархируулһан,үхибүүниинь
1,бата,юумэн
1,бирагүйхэн,бэрхэшээлнүүд
1,бишыхан,басаган
1,бишыхан,шубуун
1,богонихон,уулзалга
1,бодолтой,орой
1,боломжотой,онууд
1,болон,зохёолнууд
1,боро,ухаагаараа
1,булгилһан,аршаанда
1,буряад,айлнууд
1,буряад,арадайнгаа
1,буряад,дуунуудаа
2,буряад,зон
1,буряад,зондоо
1,буряад,классигуудые
1,буряад,номуудай
1,буряад,нэрэеэ
1,буряад,нютаг
1,буряад,нютагууд
1,буряад,соёлой
1,буряад,тала
7,буряад,хэлэ
5,буряад,хэлэеэ
1,буряад,хэлэмнай
4,буряад,хэлэн
7,буряад,хэлэнэй
2,буряад,хэлээр
1,буряад,хүнби
1,буряад,ёһо
1,буряад,һургуули
1,буряадай,зурааша
1,бэелүүлэлсэһэн,артистнар
1,бэлигтэй,артистнар
1,бэлигтэй,дуушад
1,бэлигтэй,зонуудые
1,бэрхэ,басаган
1,бэрхэ,тренер
1,бэрхэ,фермернүүд
1,бэрхэ,хүнта
1,бэрхэ,хүнүүд
1,бүридхэмэл,проект
1,габьяата,артист
1,гадаада,уласта
1,гайтай,байдалда
1,гайхалтай,нютаг
1,гайхамшагта,зурагууд
1,гайхамшагта,хүнэй
1,гансахан,басаган
1,гансахан,музей
1,гансахан,сурбалжалагша
1,горитойхон,мүнгэн
1,гоё,байгаали
1,гоё,городто
1,гоё,дайдань
1,гоё,зал
1,гоё,наада
1,гоё,нуур
1,гоё,ордонтой
1,гоё,юумэнүүдые
1,гурбадахи,ахань
1,гурбадахи,үдэрнүүд
1,гэрэл,зурагууд
1,гэрэлтэ,зал
1,гүлмэрхэн,сагаймни
1,гүн,оёорто
1,гүн,удха
1,гүн,ухаан
1,дабташагүй,шата
1,дулаахан,юумэн
1,дунда,классуудта
5,дунда,һургуулиин
2,дундажа,температура
1,дундаршагүй,бэлиг
1,дуратай,инагуудай
1,дуугай,тала
1,дуутай,хонхо
1,дээдын,зургаанда
1,дээдын,тэнгэриин
1,дээдэ,талын
1,дээдэ,һургуули
1,дээдэ,һургуулигүй
1,дүрбэлжэн,метр
1,дүтын,зон
1,дүүнэрэймни,хүбүүд
1,ерэһэн,багша
1,ехэтэй,эдэбхи
2,ехэхэн,ажал
1,еһоной,хэлэнүүд
1,жаахан,басагамни
1,жиирэй,зон
1,зайн,галнууд
1,залуу,бэлигтэй
1,залуу,найруулагша
1,залуу,спортын
1,залуу,хүбүүе
2,залуу,хүбүүн
1,залуухан,багша
1,залуухан,наһандаа
1,зантай,хүн
1,заншалта,соёлтой
1,зориһоные,хүсэн
1,зохёохы,ажалда
1,зохёохы,бүлэгтэеэ
1,зохёохы,бүлэгынь
1,зохёохы,оршом
1,зохёоһон,хатараа
1,зузаан,дэбтэрнүүд
1,зургаадахи,тэмсээн
1,зуураа,шүлэгүүдэй
1,зэдэлһэн,сууряан
1,компьютерна,графика
1,лалын,шажан
1,ленточнэ,барилгын
1,муу,жүрөөдэһэн
1,муу,муухайда
1,муу,юумэ
1,мэдээжэ,артистка
1,мэдээжэ,артистнар
1,мэдээжэ,зүжэгшэн
1,мэдээжэ,кинорежиссёр
1,мэдээжэ,сурбалжалагшатай
1,мүнөөдэрэй,асуудал
1,найдамтай,юумэн
1,намжаа,үдэрнүүдтэ
1,нангин,соёл
1,нарай,тугал
1,нарин,утаһые
1,наһажаал,зон
1,ниитын,хэмжээ
1,ниитэ,зон
1,нугархай,шүлэгүүдээрээ
1,нэгэдүүлэгдэһэн,арадуудай
1,нүүдэлшэ,арадай
1,одхон,үринь
2,оло,дахин
1,олон,аймагуудай
1,олон,газар
1,олон,дуунуудые
1,олон,жэлдэ
1,олон,жэлнүүд
1,олон,жэлэй
1,олон,жэлээр
2,олон,зон
1,олон,зоной
1,олон,туһаламжанууд
1,олон,фильмнүүдые
1,олон,хүн
1,олон,хүүгэдтэй
1,олон,шубууд
1,олон,юумэ
1,ондоо,юумэн
2,онсо,анхаралаа
1,онсо,нүлөө
1,онсо,удхатай
1,онсо,шэнжэнүүд
1,ород,арадтаяа
4,ород,хэлэ
1,ород,хэлэмнай
1,ород,хэлэндэ
1,ороһон,айлшадаа
1,оршоһон,нютагууд
1,орёо,байдалаар
1,орёо,трюгүүдые
1,очно,түхэлөөр
1,пластик,сонхонуудые
1,сагаан,эдеэгээ
1,солотой,режиссёрнуудтай
1,суглуулагдамал,командын
1,суутай,ансамбль
1,сэнтэй,моринуудараа
1,сэсэн,үгые
1,сүлөөгүй,ажалтайт
1,сүлөөгүй,хүн
1,табигдаһан,проект
1,тарган,мал
1,таһалһан,талхатай
1,таһараагүй,буряадууд
1,театральна,режиссёрой
1,театральна,хаһаяа
1,томо,гүрэн
1,томо,ореолто
1,туйлаһан,амжалта
1,тунгалаг,агаар
1,тунгалаг,уһан
1,тэгшэ,үүргэ
1,тэнюун,хүнүүдтэй
1,түбхинэһэн,нютаг
1,түгэлдэр,баатарнуудаараа
1,түрэл,газартаа
1,түрэл,дайдаяа
1,түрэл,колхоздоо
1,түрэл,нютагайнгаа
1,түрэл,нютагни
1,түрэл,нютагтаа
1,түрэл,театрайнгаа
1,түрэл,ушар
1,түрэл,хэлыень
2,түрэл,хэлэеэ
6,түрэл,хэлэн
1,түрэл,хэлэндэнь
1,түрэл,хэлэнэйнгээ
1,түрэһэн,аба
1,түрэһэн,нютаг
1,түрүү,шалгаран
1,түрүү,һуури
2,түрүүшын,алхам
1,түрүүшын,амжалта
1,түрүүшын,дасан
1,түүхэтэ,саг
1,түүхэтэ,үйлын
1,удаан,сагта
1,удхатай,шүлэгүүд
1,улаан,сэсэг
1,улан,үнгэтэй
1,уран,бүтээлэй
1,уран,зохёолшод
1,уран,зохёолшодой
1,уран,зохёолые
1,уран,зурааша-найруулагшаар
5,уран,зурааша
1,уран,зураашадаар
1,уран,зурагай
1,уран,зурагта
1,уран,кинодо
1,уран,нугархайень
1,уран,отделенидэ
1,уран,поэзии
1,уран,түбэй
1,уран,хүтэлбэрилэгшэ
1,урин,басагадые
1,ухаантай,юумэ
1,уялгата,зорилго
1,уян,нугархайгаар
1,факультативна,хэшээл
1,физическэ,хүмүүжүүлгын
1,фольклорно,ансамбль
1,хабсагай,шулуунууд
1,хазагай,үгэшье
3,хамһабариин,ажахы
1,хара,багаһаа
1,хара,наһандаа
1,харагдаһан,хүн
1,хожомдохи,нүхэр
1,хойто,монгол-буряадуудай
1,хоорондын,харилсаан
1,хооһон,тала
1,хооһон,һуури
1,хотын,түбүүдһээ
1,хотын,хүүгэдтэй
1,хотын,һургуулинуудай
1,хотын,һургуулинуудтай
1,хубиин,арга
1,хубиин,студи
1,хурса,оройнууд
1,хурса,һанаа
1,хуубааһан,ушар
1,хэблэлэй,байшанай
1,хэлэhэн,үгэнүүд
1,хэлэтэй,сурбалжалагша
1,хэрэгтэй,туһаламжанууд
1,хүдэлмэришэ,хүн
1,хүдөөгэй,соёлой
1,хүдөөгэй,хүбүүд
1,хүндэмүүшэ,зон
1,хүндэтэ,буулгагша
1,хүрин,дэгэл
1,хүсэтэй,хүнта
1,хүхэ,Морин
2,хүхэ,юумэн
1,хүшэрхэн,байдал
1,хүүгэдэй,лагерь
1,хөөрхэн,басагадые
1,шадабаритай,театр
1,шадалтай,фермернүүдтэ
1,шанга,бөө
1,шанга,ташалганда
1,шанга,туяа
1,шанга,хүсэндэ
1,шараһан,кексэ
1,шиидхэгдээгүй,асуудалнуудни
1,шиидхэхы,арга
1,шэдитэ,газар
1,шэдитэ,газарай
1,шэнэ,боломжонуудые
1,шэнэ,морин
1,шэнэ,онол
1,шэнэ,шата
1,эбтэй,команда
1,эдир,барилдаашадай
1,эдир,хүбүүдые
2,эдир,хүбүүн
2,эетэй,бүлэ
1,эетэй,коллективтэй
1,эетэй,команда
1,эетэй,хүнүүд
1,элбэг,таһаг
1,элдэб,арадуудай
1,элдэб,байшангуудые
1,элдэб,харалганда
1,элдэб,холисогүй
1,элдэб,үйлэ
1,элдэб,үнгэтэй
1,электронно,ном
1,элүүр,бэетэй
1,эмхидхэгдэһэн,харалганда
1,энхэ,бэетэй
1,эрхэ,дангина
1,эрхүү,буряадай
1,эрэһэн,номыень
1,этнографическа,экспедицеэр
1,яаралгүй,үе
1,янзын,онууд
1,ёһотойл,артистын
1,ёһотойл,һайндэр
1,Үгэгдэһэн,бэлэгүүд
1,Үнгэрэгшэ,жэлэй
1,Үнгэрэгшэ,үдэрнүүдтэ
1,Үсхэлдэрэйхи,зүжэгтэ
1,үдэшын,харанхыда
1,үмсын,байра
1,үндэр,искусствын
1,үндэр,мундаргата
1,үндэр,мэдэрэлээр
1,үндэр,нэрэ
2,үндэр,сэгнэлтэдэ
1,үндэр,уулада
1,үндэр,хэмжээнэй
1,үндэр,хэмжээтэйгээр
1,үндэр,хүгжэлтэ
2,үндэр,шатын
1,үндэһэтэ,арадай
1,үнжэгэн,утаһые
1,үни,сагһаа
2,үнэн,зүрхэнһөө
1,үнэн,сэхэ
1,үнэтэ,захяа
1,Һайн,гэр
1,Һүүлэй,үедэ
1,һайн,арга
1,һайн,дураар
1,һайн,дураараа
1,һайн,дуранай
1,һайн,мориндо
1,һайн,хүндэ
1,һайн,хүнүүдээр
1,һайн,шанартайе
3,һайн,эдеэлхэ
1,һайханай-графическа,отделенидэ
1,һайханай,бүтээлэй
1,һайханай,кинодо
1,һайханай,түбэй
1,һайханиие,хүтэлбэрилэгшэ
1,һанаатай,хүнүүд
1,һаруулхан,одо
1,һонин,соёлтой
1,һонин,ушарнууд
1,һонин,үйлэ
4,һонирхолтой,амитад
1,һонирхолтой,ушарнуудаар
1,һонирхолтой,хүнүүдтэй
1,һонор,ухаан
1,һураһан,басагадаараа
1,һүрөөтэй,хабсагайн
1,өөрын,хүн
