count,awf,nwf
1,bad,taste
1,good,taste
2,代理,主席
1,個人,判斷
1,個人,意見
1,充足,情況
2,先後,次序
1,公眾,利益
1,公開,場合
1,原來,位置
1,口頭上面,確認
1,合法,權利
1,合理,理由
1,嚴謹,做法
1,嚴謹,程度
1,嚴重,問題
1,四四方方,個
1,在坐,人
1,在坐,議員
1,型,事
1,多,公義
2,多,嘢
1,多,書
1,大,主席
2,大,問題
1,大,壓力
1,大,精神
1,大,風險
1,好,tei1si2
1,新,屋
1,新,歌
1,新,碟
1,新,證據
1,新,集
1,既定,議程
1,最低,消費
1,最後,宣誓
1,最後,決定
1,有關,宣誓
1,有關,討論
1,有關,議員
1,正式,文件
3,正式,會議
1,歷屆,議員
1,混亂,情況
1,清楚,澄清
1,滿意,答覆
1,直選,議員
1,相關,副本
1,稍後,時間
2,第一,信
2,第一,個
2,第一,問題
1,第一,嘢
4,第一,條
1,第一,次
1,第一,部份
1,第一,階段
1,第一,階程
2,第一,點
1,第七,條
1,第三,點
1,第二,份
1,第二,位
1,第二,個
1,第二,問題
2,第二,嘢
1,第二,場
1,第二,封
1,第二,日
1,第二,部份
2,第二,階段
2,第二,點
1,第六,段
1,第十二,則
1,第十二,條
1,第四,日
2,第四,條
1,第四十二,條
1,簡單,事情
1,簡單,程序
2,粗疏,情況
1,糟糕,地方
1,英籍,問題
1,莊嚴,地方
1,超級,人
1,足夠,意見
1,重要,嘢
1,錯,決定
1,開心,嘢
1,雜錦,錄音帶
2,非宗教,式
1,非建制派,議員
1,類似,方式
1,高,頻率
1,點樣,樣
