música/NOUN,popular/ADJ,catalana/ADJ
poetes/NOUN,catalans/ADJ,contemporanis/ADJ
darreres/ADJ,composicions/NOUN,orquestrals/ADJ
primer/ADJ,ministre/NOUN,israelià/ADJ
retirada/NOUN,militar/ADJ,jueva/ADJ
viatges/NOUN,marítims/ADJ,diaris/ADJ
forces/NOUN,regulars/ADJ,libaneses/ADJ
antiga/ADJ,companya/NOUN,sentimental/ADJ
darrer/ADJ,episodi/NOUN,violent/ADJ
forta/ADJ,resistència/NOUN,física/ADJ
jocs/NOUN,didàctics/ADJ,gegants/ADJ
intensos/ADJ,xocs/NOUN,armats/ADJ
primer/ADJ,ministre/NOUN,israelià/ADJ
operació/NOUN,militar/ADJ,israeliana/ADJ
única/ADJ,formació/NOUN,política/ADJ
procés/NOUN,legislatiu/ADJ,novedós/ADJ
ple/ADJ,cor/NOUN,metropolità/ADJ
importants/ADJ,interessos/NOUN,econòmics/ADJ
grau/NOUN,mínim/ADJ,possible/ADJ
major/ADJ,sensibilitat/NOUN,ambiental/ADJ
vertader/ADJ,corredor/NOUN,biològic/ADJ
nou/ADJ,finançament/NOUN,autonòmic/ADJ
atenció/NOUN,psicològica/ADJ,periòdica/ADJ
projecte/NOUN,audiovisual/ADJ,català/ADJ
convergència/NOUN,audiovisual/ADJ,transfronterera/ADJ
comunitats/NOUN,autònomes/ADJ,espanyoles/ADJ
simple/ADJ,fórmula/NOUN,legal/ADJ
moneda/NOUN,única/ADJ,europea/ADJ
correu/NOUN,electrònic/ADJ,genèric/ADJ
situació/NOUN,estructural/ADJ,actual/ADJ
fonts/NOUN,oficials/ADJ,espanyoles/ADJ
detallats/ADJ,primers/ADJ,plans/NOUN
producció/NOUN,turística/ADJ,transfronterera/ADJ
cost/NOUN,total/ADJ,estimat/ADJ
segon/ADJ,projecte/NOUN,proposat/ADJ
administracions/NOUN,locals/ADJ,respectives/ADJ
canal/NOUN,temàtic/ADJ,interactiu/ADJ
serveis/NOUN,tècnics/ADJ,municipals/ADJ
valor/NOUN,administratiu/ADJ,diferent/ADJ
petites/ADJ,pressions/NOUN,polítiques/ADJ
centres/NOUN,benèfics/ADJ,medievals/ADJ
grans/ADJ,obres/NOUN,recents/ADJ
principals/ADJ,zones/NOUN,humides/ADJ
zones/NOUN,humides/ADJ,espanyoles/ADJ
grans/ADJ,aus/NOUN,rapinyaires/ADJ
únic/ADJ,ús/NOUN,actual/ADJ
danys/NOUN,morals/ADJ,causats/ADJ
possibles/ADJ,actuacions/NOUN,irregulars/ADJ
centre/NOUN,sanitari/ADJ,saragossà/ADJ
alegres/ADJ,sit-coms/NOUN,americanes/ADJ
nou/ADJ,eix/NOUN,longitudinal/ADJ
grup/NOUN,farmacèutic/ADJ,francoalemany/ADJ
noves/ADJ,iniciatives/NOUN,empresarials/ADJ
nombroses/ADJ,societats/NOUN,instrumentals/ADJ
conflicte/NOUN,armat/ADJ,obert/ADJ
nova/ADJ,secretària/NOUN,general/ADJ
policia/NOUN,autonòmica/ADJ,basca/ADJ
procediments/NOUN,democràtics/ADJ,generals/ADJ
primeres/ADJ,declaracions/NOUN,entusiàstiques/ADJ
nou/ADJ,curs/NOUN,polític/ADJ
força/NOUN,política/ADJ,representativa/ADJ
únic/ADJ,representant/NOUN,escollit/ADJ
fenomen/NOUN,terrorista/ADJ,etarra/ADJ
accions/NOUN,administratives/ADJ,oportunes/ADJ
important/ADJ,contrapartida/NOUN,econòmica/ADJ
primera/ADJ,emissora/NOUN,municipal/ADJ
noves/ADJ,tecnologies/NOUN,digitals/ADJ
presumptes/ADJ,abusos/NOUN,sexuals/ADJ
gran/ADJ,fita/NOUN,professional/ADJ
rutina/NOUN,periodística/ADJ,tradicional/ADJ
presumptes/ADJ,abusos/NOUN,sexuals/ADJ
prova/NOUN,pericial/ADJ,forense/ADJ
segona/ADJ,marca/NOUN,bancària/ADJ
espais/NOUN,agrícoles/ADJ,importants/ADJ
gran/ADJ,extensió/NOUN,agrícola/ADJ
anella/NOUN,verda/ADJ,metropolitana/ADJ
estació/NOUN,central/ADJ,soterrada/ADJ
simple/ADJ,corresponsal/NOUN,nord-americà/ADJ
primera/ADJ,agència/NOUN,prussiana/ADJ
respectives/ADJ,cases/NOUN,centrals/ADJ
senzilla/ADJ,societat/NOUN,anònima/ADJ
greu/ADJ,traumatisme/NOUN,cranial/ADJ
simple/ADJ,cartell/NOUN,electoral/ADJ
espai/NOUN,comunicatiu/ADJ,català/ADJ
servei/NOUN,públic/ADJ,audiovisual/ADJ
primer/ADJ,ministre/NOUN,japonès/ADJ
nous/ADJ,textos/NOUN,teatrals/ADJ
teatre/NOUN,català/ADJ,contemporani/ADJ
segona/ADJ,sessió/NOUN,plenària/ADJ
societat/NOUN,civil/ADJ,mundial/ADJ
partits/NOUN,polítics/ADJ,catalans/ADJ
metres/NOUN,quadrats/ADJ,construïbles/ADJ
experiència/NOUN,urbanística/ADJ,inèdita/ADJ
dens/ADJ,casc/NOUN,antic/ADJ
quarta/ADJ,falta/NOUN,personal/ADJ
primera/ADJ,mitja/ADJ,hora/NOUN
primera/ADJ,obra/NOUN,teatral/ADJ
primer/ADJ,text/NOUN,teatral/ADJ
fantàstica/ADJ,tercera/ADJ,edició/NOUN
llargs/ADJ,recitatius/NOUN,secs/ADJ
mesures/NOUN,correctores/ADJ,necessàries/ADJ
noves/ADJ,superfícies/NOUN,portuàries/ADJ
puntuals/ADJ,ingressos/NOUN,hospitalaris/ADJ
segon/ADJ,dia/NOUN,consecutiu/ADJ
segon/ADJ,nen/NOUN,palestí/ADJ
recents/ADJ,eleccions/NOUN,municipals/ADJ
espot/NOUN,institucional/ADJ,solidari/ADJ
pròxims/ADJ,compromisos/NOUN,previstos/ADJ
correcte/ADJ,nivell/NOUN,salarial/ADJ
condicions/NOUN,laborals/ADJ,bàsiques/ADJ
jove/ADJ,artista/NOUN,lleidatà/ADJ
possible/ADJ,especulació/NOUN,urbanística/ADJ
proper/ADJ,curs/NOUN,escolar/ADJ
anomenada/ADJ,zona/NOUN,occidental/ADJ
creixent/ADJ,mobilitat/NOUN,universitària/ADJ
últimes/ADJ,eleccions/NOUN,generals/ADJ
formulacions/NOUN,matemàtiques/ADJ,corresponents/ADJ
món/NOUN,universitari/ADJ,català/ADJ
servei/NOUN,secret/ADJ,iranià/ADJ
diari/NOUN,moderat/ADJ,iranià/ADJ
anteriors/ADJ,dirigents/NOUN,socialistes/ADJ
pròximes/ADJ,eleccions/NOUN,generals/ADJ
nou/ADJ,secretari/NOUN,general/ADJ
gran/ADJ,obra/NOUN,feta/ADJ
reunió/NOUN,ministerial/ADJ,europea/ADJ
enorme/ADJ,clamor/NOUN,popular/ADJ
verdader/ADJ,míting/NOUN,electoral/ADJ
primera/ADJ,tripulació/NOUN,nord-americana/ADJ
nombrosos/ADJ,excessos/NOUN,verbals/ADJ
única/ADJ,manera/NOUN,possible/ADJ
línies/NOUN,polítiques/ADJ,respectives/ADJ
importants/ADJ,empreses/NOUN,gestores/ADJ
entitat/NOUN,bancària/ADJ,tarragonina/ADJ
qüestions/NOUN,pastorals/ADJ,internes/ADJ
inesperat/ADJ,dany/NOUN,col·lateral/ADJ
activitats/NOUN,lúdiques/ADJ,diverses/ADJ
incipient/ADJ,contrareforma/NOUN,educativa/ADJ
nous/ADJ,falsos/ADJ,damnificats/NOUN
primer/ADJ,lehendakari/NOUN,basc/ADJ
antiga/ADJ,formació/NOUN,política/ADJ
gran/ADJ,tremolor/NOUN,interior/ADJ
salari/NOUN,brut/ADJ,anual/ADJ
pròxima/ADJ,convergència/NOUN,europea/ADJ
darrers/ADJ,resultats/NOUN,econòmics/ADJ
primera/ADJ,vaga/NOUN,general/ADJ
quarta/ADJ,víctima/NOUN,mortal/ADJ
autoritats/NOUN,sanitàries/ADJ,gallegues/ADJ
personal/NOUN,femení/ADJ,necessari/ADJ
cinquè/ADJ,mes/NOUN,consecutiu/ADJ
capital/NOUN,social/ADJ,superior/ADJ
petit/ADJ,aparell/NOUN,perforador/ADJ
desè/ADJ,representant/NOUN,empresarial/ADJ
gran/ADJ,esforç/NOUN,inversor/ADJ
necessari/ADJ,suport/NOUN,polític/ADJ
clar/ADJ,component/NOUN,tècnic/ADJ
partides/NOUN,pressupostàries/ADJ,municipals/ADJ
actuals/ADJ,mecanismes/NOUN,participatius/ADJ
recursos/NOUN,multimèdia/ADJ,adequats/ADJ
llenguatge/NOUN,mariner/ADJ,català/ADJ
prova/NOUN,cal·ligràfica/ADJ,practicada/ADJ
món/NOUN,cooperatiu/ADJ,agrari/ADJ
grans/ADJ,arquitectes/NOUN,catalans/ADJ
circuits/NOUN,comercials/ADJ,habituals/ADJ
sol/ADJ,estil/NOUN,musical/ADJ
treball/NOUN,musical/ADJ,guardonat/ADJ
teixit/NOUN,empresarial/ADJ,català/ADJ
teixit/NOUN,empresarial/ADJ,català/ADJ
assemblea/NOUN,general/ADJ,ordinària/ADJ
important/ADJ,impacte/NOUN,negatiu/ADJ
grans/ADJ,superfícies/NOUN,comercials/ADJ
grans/ADJ,blocs/NOUN,temàtics/ADJ
comunitat/NOUN,científica/ADJ,internacional/ADJ
alt/ADJ,nivell/NOUN,institucional/ADJ
principals/ADJ,ports/NOUN,turístics/ADJ
principals/ADJ,dirigents/NOUN,empresarials/ADJ
millors/ADJ,propostes/NOUN,arquitectòniques/ADJ
recurs/NOUN,contenciós/ADJ,administratiu/ADJ
forta/ADJ,radiació/NOUN,solar/ADJ
publicacions/NOUN,culturals/ADJ,catalanes/ADJ
publicacions/NOUN,periòdiques/ADJ,culturals/ADJ
millor/ADJ,intervenció/NOUN,arquitectònica/ADJ
propietaris/NOUN,particulars/ADJ,afectats/ADJ
petita/ADJ,companyia/NOUN,discogràfica/ADJ
tele/NOUN,pública/ADJ,estatal/ADJ
nous/ADJ,sistemes/NOUN,informàtics/ADJ
teatre/NOUN,polític/ADJ,modern/ADJ
actual/ADJ,teatre/NOUN,català/ADJ
sol/ADJ,partit/NOUN,verd/ADJ
última/ADJ,protesta/NOUN,agrària/ADJ
darrera/ADJ,desfilada/NOUN,militar/ADJ
nous/ADJ,sectors/NOUN,emergents/ADJ
discrets/ADJ,aplaudiments/NOUN,finals/ADJ
fascinant/ADJ,exercici/NOUN,conceptual/ADJ
desplaçaments/NOUN,patrimonials/ADJ,denunciats/ADJ
volum/NOUN,econòmic/ADJ,global/ADJ
import/NOUN,total/ADJ,anual/ADJ
capital/NOUN,social/ADJ,necessari/ADJ
autoritat/NOUN,monetària/ADJ,espanyola/ADJ
autoritat/NOUN,financera/ADJ,espanyola/ADJ
grup/NOUN,financer/ADJ,català/ADJ
autoritat/NOUN,monetària/ADJ,espanyola/ADJ
primer/ADJ,dia/NOUN,laborable/ADJ
màxima/ADJ,institució/NOUN,aranesa/ADJ
petit/ADJ,museu/NOUN,arqueològic/ADJ
lliçó/NOUN,magistral/ADJ,inaugural/ADJ
ordre/NOUN,democràtic/ADJ,vigent/ADJ
militars/NOUN,colpistes/ADJ,argentins/ADJ
opinió/NOUN,pública/ADJ,espanyola/ADJ
debat/NOUN,polític/ADJ,basc/ADJ
noves/ADJ,relacions/NOUN,laborals/ADJ
noves/ADJ,activitats/NOUN,econòmiques/ADJ
principals/ADJ,paquets/NOUN,accionarials/ADJ
segon/ADJ,any/NOUN,consecutiu/ADJ
primer/ADJ,ministre/NOUN,italià/ADJ
patètica/ADJ,primera/ADJ,part/NOUN
facultats/NOUN,mentals/ADJ,afectades/ADJ
fort/ADJ,estrès/NOUN,emocional/ADJ
coordinador/NOUN,nacional/ADJ,sortint/ADJ
primer/ADJ,mercat/NOUN,europeu/ADJ
primera/ADJ,denúncia/NOUN,parlamentària/ADJ
popular/ADJ,pintor/NOUN,tarragoní/ADJ
autoritats/NOUN,esportives/ADJ,brasileres/ADJ
joves/ADJ,artistes/NOUN,flamencs/ADJ
art/NOUN,flamenc/ADJ,actual/ADJ
nou/ADJ,projecte/NOUN,musical/ADJ
temes/NOUN,tradicionals/ADJ,catalans/ADJ
cançons/NOUN,tradicionals/ADJ,reinventades/ADJ
creixement/NOUN,natural/ADJ,positiu/ADJ
fort/ADJ,corrent/NOUN,immigratori/ADJ
universitats/NOUN,públiques/ADJ,catalanes/ADJ
moviment/NOUN,okupa/ADJ,terrassenc/ADJ
gran/ADJ,preparació/NOUN,tècnica/ADJ
trànsit/NOUN,aeri/ADJ,europeu/ADJ
espai/NOUN,aeri/ADJ,europeu/ADJ
últim/ADJ,ple/NOUN,municipal/ADJ
primer/ADJ,alcalde/NOUN,democràtic/ADJ
perforació/NOUN,intestinal/ADJ,greu/ADJ
pròximes/ADJ,eleccions/NOUN,municipals/ADJ
enorme/ADJ,canonada/NOUN,nuada/ADJ
partit/NOUN,polític/ADJ,adherit/ADJ
submarí/NOUN,nuclear/ADJ,britànic/ADJ
salari/NOUN,mínim/ADJ,interprofessional/ADJ
límit/NOUN,econòmic/ADJ,establert/ADJ
estructura/NOUN,empresarial/ADJ,consolidada/ADJ
màxims/ADJ,representants/NOUN,polítics/ADJ
implacable/ADJ,oposició/NOUN,popular/ADJ
cabals/NOUN,mínims/ADJ,ecològics/ADJ
diari/NOUN,oficial/ADJ,europeu/ADJ
escassa/ADJ,capacitat/NOUN,legislativa/ADJ
últim/ADJ,gran/ADJ,incendi/NOUN
superfície/NOUN,total/ADJ,arrasada/ADJ
món/NOUN,socioeconòmic/ADJ,català/ADJ
horari/NOUN,comercial/ADJ,català/ADJ
gran/ADJ,profeta/NOUN,dene/ADJ
valors/NOUN,tradicionals/ADJ,dene/ADJ
nou/ADJ,espai/NOUN,públic/ADJ
màxima/ADJ,autoritat/NOUN,gibraltarenya/ADJ
antic/ADJ,model/NOUN,abreujat/ADJ
superfície/NOUN,total/ADJ,construïda/ADJ
biblioteques/NOUN,públiques/ADJ,catalanes/ADJ
gran/ADJ,voluntat/NOUN,moral/ADJ
gran/ADJ,estil/NOUN,literari/ADJ
millor/ADJ,tradició/NOUN,alemanya/ADJ
gran/ADJ,audàcia/NOUN,compositiva/ADJ
empresa/NOUN,tabaquera/ADJ,francoespanyola/ADJ
petita/ADJ,població/NOUN,prioratina/ADJ
gran/ADJ,superfície/NOUN,comercial/ADJ
principals/ADJ,empreses/NOUN,espanyoles/ADJ
central/NOUN,obrera/ADJ,dissident/ADJ
tercer/ADJ,dia/NOUN,consecutiu/ADJ
constant/ADJ,servei/NOUN,regular/ADJ
campanya/NOUN,electoral/ADJ,gallega/ADJ
possible/ADJ,frau/NOUN,electoral/ADJ
espai/NOUN,aeri/ADJ,europeu/ADJ
màxim/ADJ,símbol/NOUN,internacional/ADJ
propi/ADJ,govern/NOUN,espanyol/ADJ
política/NOUN,exterior/ADJ,europea/ADJ
primer/ADJ,cartell/NOUN,preelectoral/ADJ
recent/ADJ,acord/NOUN,hispanoitalià/ADJ
indústria/NOUN,turística/ADJ,espanyola/ADJ
única/ADJ,comunitat/NOUN,autònoma/ADJ
principal/ADJ,país/NOUN,emissor/ADJ
forta/ADJ,empenta/NOUN,britànica/ADJ
dèficit/NOUN,comercial/ADJ,espanyol/ADJ
aviació/NOUN,civil/ADJ,internacional/ADJ
productes/NOUN,belgues/ADJ,estudiats/ADJ
principals/ADJ,analistes/NOUN,espanyols/ADJ
nous/ADJ,valors/NOUN,musicals/ADJ
pròximes/ADJ,eleccions/NOUN,municipals/ADJ
sector/NOUN,agrícola/ADJ,europeu/ADJ
sector/NOUN,agrari/ADJ,català/ADJ
propera/ADJ,ampliació/NOUN,prevista/ADJ
grans/ADJ,espais/NOUN,medievals/ADJ
nous/ADJ,helicòpters/NOUN,bombarders/ADJ
últims/ADJ,esculls/NOUN,legals/ADJ
propis/ADJ,censos/NOUN,promocionals/ADJ
primer/ADJ,banc/NOUN,europeu/ADJ
institució/NOUN,financera/ADJ,alemanya/ADJ
antigues/ADJ,galeries/NOUN,comercials/ADJ
grup/NOUN,inversor/ADJ,català/ADJ
fons/NOUN,immobiliari/ADJ,nord-americà/ADJ
cadena/NOUN,hotelera/ADJ,internacional/ADJ
alt/ADJ,contingut/NOUN,tòxic/ADJ
plàcida/ADJ,localitat/NOUN,luxemburguesa/ADJ
pròpia/ADJ,comunitat/NOUN,nacional/ADJ
benefici/NOUN,consolidat/ADJ,net/ADJ
negoci/NOUN,elèctric/ADJ,internacional/ADJ
casinos/NOUN,virtuals/ADJ,existents/ADJ
processos/NOUN,electorals/ADJ,segurs/ADJ
sistemes/NOUN,informàtics/ADJ,complexos/ADJ
darrer/ADJ,ple/NOUN,municipal/ADJ
vacuna/NOUN,experimental/ADJ,antisida/ADJ
càrrega/NOUN,viral/ADJ,indetectable/ADJ
adequada/ADJ,coordinació/NOUN,interna/ADJ
gran/ADJ,assignatura/NOUN,pendent/ADJ
nova/ADJ,línia/NOUN,inacabada/ADJ
màxima/ADJ,ocupació/NOUN,turística/ADJ
antics/ADJ,pavellons/NOUN,militars/ADJ
encefalopatia/NOUN,espongiforme/ADJ,bovina/ADJ
adequat/ADJ,control/NOUN,polític/ADJ
centre/NOUN,turístic/ADJ,caribeny/ADJ
principal/ADJ,índex/NOUN,espanyol/ADJ
firma/NOUN,automobilística/ADJ,sud-coreana/ADJ
grup/NOUN,farmacèutic/ADJ,català/ADJ
nou/ADJ,conseller/NOUN,delegat/ADJ
anomenada/ADJ,segona/ADJ,generació/NOUN
nova/ADJ,estació/NOUN,soterrada/ADJ
primera/ADJ,compareixença/NOUN,oficial/ADJ
primer/ADJ,ministre/NOUN,francès/ADJ
discos/NOUN,compactes/ADJ,musicals/ADJ
grans/ADJ,superfícies/NOUN,comercials/ADJ
colla/NOUN,castellera/ADJ,comarcal/ADJ
oferta/NOUN,cultural/ADJ,adequada/ADJ
nova/ADJ,exposició/NOUN,itinerant/ADJ
impressionant/ADJ,resposta/NOUN,solidària/ADJ
lletres/NOUN,catalanes/ADJ,actuals/ADJ
gran/ADJ,quiosc/NOUN,modernista/ADJ
premi/NOUN,nobel/ADJ,portuguès/ADJ
tercer/ADJ,any/NOUN,consecutiu/ADJ
Vigilància/NOUN,agrària/ADJ,privada/ADJ
gran/ADJ,potència/NOUN,formal/ADJ
cost/NOUN,econòmic/ADJ,important/ADJ
portes/NOUN,automàtiques/ADJ,elèctriques/ADJ
noves/ADJ,cabines/NOUN,panoràmiques/ADJ
suposada/ADJ,gran/ADJ,atracció/NOUN
vols/NOUN,xàrter/ADJ,especials/ADJ
zones/NOUN,turístiques/ADJ,tradicionals/ADJ
política/NOUN,energètica/ADJ,pròpia/ADJ
primer/ADJ,accident/NOUN,mortal/ADJ
segon/ADJ,accident/NOUN,mortal/ADJ
tercer/ADJ,sinistre/NOUN,registrat/ADJ
major/ADJ,eficiència/NOUN,tècnica/ADJ
menor/ADJ,impacte/NOUN,ambiental/ADJ
edificacions/NOUN,ibèriques/ADJ,posteriors/ADJ
àrea/NOUN,geogràfica/ADJ,catalana/ADJ
primera/ADJ,cultura/NOUN,històrica/ADJ
grans/ADJ,centrals/NOUN,nuclears/ADJ
segona/ADJ,guerra/NOUN,púnica/ADJ
primer/ADJ,desembarcament/NOUN,romà/ADJ
ferri/ADJ,control/NOUN,antifiltració/ADJ
únics/ADJ,cementiris/NOUN,parroquials/ADJ
model/NOUN,energètic/ADJ,contaminant/ADJ
comerç/NOUN,energètic/ADJ,transfronterer/ADJ
política/NOUN,comercial/ADJ,clara/ADJ
popular/ADJ,grup/NOUN,català/ADJ
propi/ADJ,mètode/NOUN,pedagògic/ADJ
nou/ADJ,ordre/NOUN,internacional/ADJ
grans/ADJ,superfícies/NOUN,comercials/ADJ
beneficis/NOUN,nets/ADJ,atribuïts/ADJ
espai/NOUN,municipal/ADJ,integral/ADJ
millors/ADJ,índexs/NOUN,mundials/ADJ
servei/NOUN,sanitari/ADJ,públic/ADJ
mercats/NOUN,financers/ADJ,espanyols/ADJ
nova/ADJ,parada/NOUN,intermèdia/ADJ
transport/NOUN,públic/ADJ,adequat/ADJ
nou/ADJ,accés/NOUN,intermedi/ADJ
món/NOUN,coral/ADJ,basc/ADJ
nombrosos/ADJ,festivals/NOUN,internacionals/ADJ
ritme/NOUN,escènic/ADJ,trepidant/ADJ
benefici/NOUN,net/ADJ,conjunt/ADJ
operador/NOUN,postal/ADJ,privat/ADJ
grans/ADJ,sitges/NOUN,medievals/ADJ
luxosa/ADJ,domus/NOUN,romana/ADJ
nou/ADJ,equipament/NOUN,mèdic/ADJ
nova/ADJ,acció/NOUN,informativa/ADJ
trista/ADJ,jerarquia/NOUN,vaticana/ADJ
cristianisme/NOUN,jeràrquic/ADJ,romà/ADJ
espai/NOUN,central/ADJ,econòmic/ADJ
espai/NOUN,administratiu/ADJ,futur/ADJ
bon/ADJ,moment/NOUN,econòmic/ADJ
moneda/NOUN,única/ADJ,comunitària/ADJ
base/NOUN,científica/ADJ,ambiental/ADJ
bon/ADJ,estat/NOUN,ecològic/ADJ
ecosistemes/NOUN,aquàtics/ADJ,espanyols/ADJ
mapa/NOUN,energètic/ADJ,català/ADJ
destacat/ADJ,promotor/NOUN,immobiliari/ADJ
llarg/ADJ,procés/NOUN,judicial/ADJ
obra/NOUN,hidràulica/ADJ,important/ADJ
passades/ADJ,eleccions/NOUN,municipals/ADJ
reixes/NOUN,autonetejadores/ADJ,tradicionals/ADJ
reixa/NOUN,autonetejadora/ADJ,instal·lada/ADJ
primers/ADJ,entrenaments/NOUN,oficials/ADJ
única/ADJ,entrevista/NOUN,televisiva/ADJ
neòfit/ADJ,equip/NOUN,espanyol/ADJ
única/ADJ,remota/ADJ,possibilitat/NOUN
aventures/NOUN,musicals/ADJ,decimonòniques/ADJ
llarga/ADJ,introducció/NOUN,instrumental/ADJ
sorollós/ADJ,efectisme/NOUN,romàntic/ADJ
conseqüències/NOUN,socials/ADJ,negatives/ADJ
entitat/NOUN,financera/ADJ,catalana/ADJ
universitats/NOUN,públiques/ADJ,catalanes/ADJ
futur/ADJ,desenvolupament/NOUN,urbanístic/ADJ
principals/ADJ,nuclis/NOUN,habitats/ADJ
context/NOUN,cultural/ADJ,català/ADJ
context/NOUN,cultural/ADJ,català/ADJ
televisió/NOUN,pública/ADJ,britànica/ADJ
restes/NOUN,orgàniques/ADJ,conservades/ADJ
grans/ADJ,empreses/NOUN,espanyoles/ADJ
increment/NOUN,net/ADJ,mitjà/ADJ
espais/NOUN,litorals/ADJ,urbanitzats/ADJ
balança/NOUN,comercial/ADJ,espanyola/ADJ
companyia/NOUN,asseguradora/ADJ,suïssa/ADJ
preus/NOUN,industrials/ADJ,espanyols/ADJ
paisatge/NOUN,litoral/ADJ,tradicional/ADJ
preus/NOUN,industrials/ADJ,espanyols/ADJ
nou/ADJ,pronunciament/NOUN,condemnatori/ADJ
riquesa/NOUN,cromàtica/ADJ,diferent/ADJ
últims/ADJ,cancellers/NOUN,alemanys/ADJ
despòtics/ADJ,prebostos/NOUN,felipistes/ADJ
policia/NOUN,autonòmica/ADJ,basca/ADJ
primer/ADJ,atemptat/NOUN,terrorista/ADJ
partit/NOUN,polític/ADJ,il·legal/ADJ
denominada/ADJ,negociació/NOUN,política/ADJ
preteses/ADJ,carències/NOUN,democràtiques/ADJ
legalitat/NOUN,constitucional/ADJ,espanyola/ADJ
grans/ADJ,ciutats/NOUN,espanyoles/ADJ
actual/ADJ,ple/NOUN,municipal/ADJ
pròximes/ADJ,eleccions/NOUN,municipals/ADJ
pròxima/ADJ,reunió/NOUN,ministerial/ADJ
voluntat/NOUN,política/ADJ,britànica/ADJ
responsabilitat/NOUN,civil/ADJ,subsidiària/ADJ
responsable/NOUN,civil/ADJ,subsidiària/ADJ
jornada/NOUN,tècnica/ADJ,comarcal/ADJ
gestió/NOUN,energètica/ADJ,municipal/ADJ
energia/NOUN,solar/ADJ,fotovoltaica/ADJ
grup/NOUN,parlamentari/ADJ,popular/ADJ
moderna/ADJ,resolució/NOUN,gràfica/ADJ
serveis/NOUN,tècnics/ADJ,municipals/ADJ
despesa/NOUN,pressupostària/ADJ,equivalent/ADJ
important/ADJ,oferta/NOUN,lúdica/ADJ
fet/NOUN,diferencial/ADJ,evangelitzador/ADJ
propi/ADJ,bisbat/NOUN,tarragoní/ADJ
fet/NOUN,diferencial/ADJ,evangelitzador/ADJ
velocitat/NOUN,màxima/ADJ,calculada/ADJ
respectives/ADJ,identitats/NOUN,jurídiques/ADJ
nova/ADJ,estructura/NOUN,empresarial/ADJ
presumpte/ADJ,ús/NOUN,irregular/ADJ
televisió/NOUN,digital/ADJ,terrenal/ADJ
empresa/NOUN,familiar/ADJ,catalana/ADJ
televisió/NOUN,digital/ADJ,terrenal/ADJ
nous/ADJ,canals/NOUN,privats/ADJ
televisió/NOUN,digital/ADJ,terrestre/ADJ
primeres/ADJ,actuacions/NOUN,concretes/ADJ
propera/ADJ,assemblea/NOUN,prevista/ADJ
espai/NOUN,natural/ADJ,protegit/ADJ
única/ADJ,expedició/NOUN,catalana/ADJ
formació/NOUN,bíblica/ADJ,sòlida/ADJ
primera/ADJ,declaració/NOUN,judicial/ADJ
proper/ADJ,curs/NOUN,escolar/ADJ
passades/ADJ,eleccions/NOUN,autonòmiques/ADJ
irrellevant/ADJ,pes/NOUN,nacional/ADJ
diputat/NOUN,socialista/ADJ,basc/ADJ
dirigent/NOUN,socialista/ADJ,basc/ADJ
gran/ADJ,entitat/NOUN,esportiva/ADJ
acord/NOUN,polític/ADJ,parlamentari/ADJ
planificació/NOUN,estratègica/ADJ,quadriennal/ADJ
clima/NOUN,institucional/ADJ,estrany/ADJ
dirigents/NOUN,polítics/ADJ,catalans/ADJ
actual/ADJ,primer/ADJ,secretari/NOUN
futur/ADJ,primer/ADJ,secretari/NOUN
nou/ADJ,delegat/NOUN,territorial/ADJ
gran/ADJ,projecte/NOUN,emblemàtic/ADJ
passades/ADJ,eleccions/NOUN,autonòmiques/ADJ
respectives/ADJ,línies/NOUN,ferroviàries/ADJ
primer/ADJ,ministre/NOUN,francès/ADJ
sistema/NOUN,comunicatiu/ADJ,català/ADJ
alt/ADJ,índex/NOUN,català/ADJ
noves/ADJ,estratègies/NOUN,empresarials/ADJ
àmbit/NOUN,lingüístic/ADJ,català/ADJ
televisió/NOUN,pública/ADJ,catalana/ADJ
indústria/NOUN,cultural/ADJ,forta/ADJ
creixement/NOUN,demogràfic/ADJ,similar/ADJ
sistema/NOUN,financer/ADJ,espanyol/ADJ
empresa/NOUN,familiar/ADJ,catalana/ADJ
recurs/NOUN,contenciós/ADJ,administratiu/ADJ
alt/ADJ,cost/NOUN,mediambiental/ADJ
important/ADJ,impacte/NOUN,mediambiental/ADJ
màxima/ADJ,afluència/NOUN,turística/ADJ
telefonia/NOUN,mòbil/ADJ,interactiva/ADJ
empresa/NOUN,familiar/ADJ,catalana/ADJ
nous/ADJ,canals/NOUN,privats/ADJ
societat/NOUN,gestora/ADJ,independent/ADJ
diversitat/NOUN,lingüística/ADJ,europea/ADJ
pacient/NOUN,coronari/ADJ,urgent/ADJ
recursos/NOUN,contenciosos/ADJ,administratius/ADJ
única/ADJ,dada/NOUN,negativa/ADJ
plaça/NOUN,escolar/ADJ,creada/ADJ
alt/ADJ,poder/NOUN,adquisitiu/ADJ
alt/ADJ,poder/NOUN,adquisitiu/ADJ
posició/NOUN,social/ADJ,notable/ADJ
ampli/ADJ,historial/NOUN,delictiu/ADJ
nivell/NOUN,cultural/ADJ,mitjà/ADJ
nivell/NOUN,cultural/ADJ,mitjà/ADJ
mesures/NOUN,mínimes/ADJ,reglamentàries/ADJ
organitzacions/NOUN,polítiques/ADJ,juvenils/ADJ
estricte/ADJ,sentit/NOUN,comú/ADJ
grup/NOUN,nacionalista/ADJ,moderat/ADJ
previsions/NOUN,econòmiques/ADJ,inicials/ADJ
dèficit/NOUN,fiscal/ADJ,català/ADJ
estructures/NOUN,estatals/ADJ,descentralitzades/ADJ
determinats/ADJ,elements/NOUN,històrics/ADJ
millor/ADJ,manera/NOUN,possible/ADJ
documents/NOUN,polítics/ADJ,nacionalistes/ADJ
secretari/NOUN,general/ADJ,convergent/ADJ
nou/ADJ,acord/NOUN,polític/ADJ
pràctica/NOUN,política/ADJ,quotidiana/ADJ
presumpte/ADJ,finançament/NOUN,irregular/ADJ
llarg/ADJ,procés/NOUN,constructiu/ADJ
capacitats/NOUN,psicomotrius/ADJ,normals/ADJ
anterior/ADJ,equip/NOUN,consistorial/ADJ
únic/ADJ,equip/NOUN,català/ADJ
sensibilització/NOUN,ciutadana/ADJ,actual/ADJ
nou/ADJ,text/NOUN,normatiu/ADJ
principals/ADJ,formacions/NOUN,espanyoles/ADJ
plats/NOUN,preparats/ADJ,deshidratats/ADJ
únic/ADJ,fabricant/NOUN,espanyol/ADJ
pes/NOUN,estratègic/ADJ,excessiu/ADJ
política/NOUN,europea/ADJ,comuna/ADJ
millor/ADJ,actuació/NOUN,espanyola/ADJ
principals/ADJ,places/NOUN,continentals/ADJ
quadro/NOUN,macroeconòmic/ADJ,espanyol/ADJ
gran/ADJ,claredat/NOUN,òptica/ADJ
eclèctic/ADJ,cartell/NOUN,musical/ADJ
pop/NOUN,rock/ADJ,espanyol/ADJ
bel·ligerant/ADJ,rock/NOUN,urbà/ADJ
expansió/NOUN,econòmica/ADJ,europea/ADJ
defensa/NOUN,central/ADJ,argentí/ADJ
cos/NOUN,tècnic/ADJ,blanc/ADJ
forta/ADJ,crisi/NOUN,econòmica/ADJ
delicada/ADJ,situació/NOUN,política/ADJ
societats/NOUN,anònimes/ADJ,esportives/ADJ
institucions/NOUN,financeres/ADJ,internacionals/ADJ
primer/ADJ,ministre/NOUN,britànic/ADJ
sindicat/NOUN,vertical/ADJ,franquista/ADJ
alt/ADJ,valor/NOUN,cultural/ADJ
nombrosos/ADJ,auguris/NOUN,apocalíptics/ADJ
complexos/ADJ,sistemes/NOUN,informàtics/ADJ
brutal/ADJ,actuació/NOUN,policial/ADJ
successius/ADJ,plans/NOUN,generals/ADJ
nou/ADJ,pla/NOUN,general/ADJ
anterior/ADJ,norma/NOUN,urbanística/ADJ
nou/ADJ,pla/NOUN,general/ADJ
agressió/NOUN,sexual/ADJ,continuada/ADJ
nova/ADJ,norma/NOUN,urbanística/ADJ
simple/ADJ,llanxa/NOUN,pneumàtica/ADJ
clar/ADJ,greuge/NOUN,comparatiu/ADJ
circumstàncies/NOUN,locals/ADJ,determinades/ADJ
línia/NOUN,elèctrica/ADJ,aèria/ADJ
àmplia/ADJ,majoria/NOUN,absoluta/ADJ
nous/ADJ,quadres/NOUN,dirigents/ADJ
primera/ADJ,corona/NOUN,metropolitana/ADJ
transport/NOUN,sanitari/ADJ,urgent/ADJ
anomenat/ADJ,cinturó/NOUN,roig/ADJ
eleccions/NOUN,generals/ADJ,últimes/ADJ
projecte/NOUN,polític/ADJ,comú/ADJ
espai/NOUN,polític/ADJ,important/ADJ
present/ADJ,curs/NOUN,polític/ADJ
pa/NOUN,precuinat/ADJ,congelat/ADJ
pròpia/ADJ,direcció/NOUN,general/ADJ
visió/NOUN,política/ADJ,concreta/ADJ
pròxims/ADJ,llargmetratges/NOUN,especials/ADJ
important/ADJ,presència/NOUN,internacional/ADJ
simples/ADJ,seus/NOUN,administratives/ADJ
recursos/NOUN,privats/ADJ,locals/ADJ
llarga/ADJ,llista/NOUN,inicial/ADJ
responsable/NOUN,civil/ADJ,subsidiari/ADJ
penes/NOUN,màximes/ADJ,possibles/ADJ
tercer/ADJ,grau/NOUN,penitenciari/ADJ
cinquena/ADJ,vegada/NOUN,consecutiva/ADJ
profunds/ADJ,desequilibris/NOUN,territorials/ADJ
nova/ADJ,relació/NOUN,orgànica/ADJ
operacions/NOUN,comercials/ADJ,reals/ADJ
ferma/ADJ,tasca/NOUN,sindical/ADJ
nova/ADJ,mostra/NOUN,itinerant/ADJ
formació/NOUN,professional/ADJ,integrada/ADJ
model/NOUN,institucional/ADJ,estable/ADJ
espais/NOUN,naturals/ADJ,europeus/ADJ
nombroses/ADJ,associacions/NOUN,europees/ADJ
prestigiós/ADJ,segell/NOUN,discogràfic/ADJ
primer/ADJ,gran/ADJ,espai/NOUN
expedient/NOUN,penitenciari/ADJ,complet/ADJ
il·limitada/ADJ,força/NOUN,inventiva/ADJ
cost/NOUN,total/ADJ,estimat/ADJ
grups/NOUN,miners/ADJ,neolítics/ADJ
complex/NOUN,miner/ADJ,prehistòric/ADJ
complex/NOUN,miner/ADJ,soterrani/ADJ
principals/ADJ,atractius/NOUN,turístics/ADJ
actual/ADJ,dèficit/NOUN,fiscal/ADJ
desenvolupament/NOUN,econòmic/ADJ,local/ADJ
grup/NOUN,parlamentari/ADJ,popular/ADJ
principal/ADJ,zona/NOUN,productora/ADJ
principals/ADJ,nuclis/NOUN,turístics/ADJ
gran/ADJ,assignatura/NOUN,pendent/ADJ
serveis/NOUN,jurídics/ADJ,municipals/ADJ
cadena/NOUN,privada/ADJ,espanyola/ADJ
mitjans/NOUN,audiovisuals/ADJ,locals/ADJ
esmentat/ADJ,element/NOUN,vital/ADJ
escassa/ADJ,repercussió/NOUN,directa/ADJ
tràmits/NOUN,parlamentaris/ADJ,necessaris/ADJ
nombroses/ADJ,dilacions/NOUN,indegudes/ADJ
importants/ADJ,mancances/NOUN,estructurals/ADJ
explotacions/NOUN,lleteres/ADJ,empordaneses/ADJ
ajustat/ADJ,marge/NOUN,econòmic/ADJ
àmplies/ADJ,variants/NOUN,musicals/ADJ
darrera/ADJ,assemblea/NOUN,general/ADJ
correcta/ADJ,gestió/NOUN,forestal/ADJ
explotacions/NOUN,forestals/ADJ,familiars/ADJ
política/NOUN,forestal/ADJ,pròpia/ADJ
major/ADJ,pes/NOUN,polític/ADJ
gran/ADJ,reclam/NOUN,turístic/ADJ
activitats/NOUN,agroforestals/ADJ,tradicionals/ADJ
grans/ADJ,religions/NOUN,monoteistes/ADJ
cors/NOUN,infantils/ADJ,procedents/ADJ
prestigiosos/ADJ,cors/NOUN,infantils/ADJ
grans/ADJ,religions/NOUN,monoteistes/ADJ
conjunt/NOUN,femení/ADJ,francès/ADJ
música/NOUN,sufí/ADJ,qawwali/ADJ
gran/ADJ,interès/NOUN,artístic/ADJ
novè/ADJ,creuer/NOUN,turístic/ADJ
capacitat/NOUN,màxima/ADJ,coberta/ADJ
suposat/ADJ,acte/NOUN,administratiu/ADJ
enginyeria/NOUN,tècnica/ADJ,química/ADJ
primer/ADJ,expedient/NOUN,greu/ADJ
grans/ADJ,partits/NOUN,estatals/ADJ
gran/ADJ,valor/NOUN,ecològic/ADJ
virulent/ADJ,incendi/NOUN,forestal/ADJ
antiga/ADJ,central/NOUN,elèctrica/ADJ
resistència/NOUN,ciutadana/ADJ,internacional/ADJ
millors/ADJ,equips/NOUN,tècnics/ADJ
desena/ADJ,economia/NOUN,mundial/ADJ
producte/NOUN,nacional/ADJ,brut/ADJ
tercera/ADJ,potència/NOUN,econòmica/ADJ
primera/ADJ,economia/NOUN,mundial/ADJ
última/ADJ,assemblea/NOUN,anual/ADJ
primera/ADJ,companyia/NOUN,especialitzada/ADJ
tram/NOUN,institucional/ADJ,espanyol/ADJ
autèntica/ADJ,carrera/NOUN,contrarellotge/ADJ
petita/ADJ,representació/NOUN,pàtria/ADJ
alt/ADJ,poder/NOUN,adquisitiu/ADJ
millors/ADJ,especialistes/NOUN,italians/ADJ
valor/NOUN,cultural/ADJ,històric/ADJ
marca/NOUN,cinematogràfica/ADJ,gironina/ADJ
bandes/NOUN,musicals/ADJ,noves/ADJ
món/NOUN,cultural/ADJ,independent/ADJ
darrer/ADJ,treball/NOUN,discogràfic/ADJ
futura/ADJ,divisió/NOUN,territorial/ADJ
nova/ADJ,divisió/NOUN,territorial/ADJ
primera/ADJ,víctima/NOUN,mortal/ADJ
institucions/NOUN,internacionals/ADJ,relacionades/ADJ
últim/ADJ,govern/NOUN,socialista/ADJ
música/NOUN,tradicional/ADJ,napolitana/ADJ
tradició/NOUN,cultural/ADJ,marroquina/ADJ
freqüents/ADJ,càstigs/NOUN,corporals/ADJ
suposat/ADJ,mal/ADJ,comportament/NOUN
primera/ADJ,zona/NOUN,humida/ADJ
màxims/ADJ,organismes/NOUN,especialitzats/ADJ
zones/NOUN,humides/ADJ,euroafricanes/ADJ
centre/NOUN,portuari/ADJ,tarragoní/ADJ
formació/NOUN,musical/ADJ,italiana/ADJ
espais/NOUN,públics/ADJ,municipals/ADJ
ajuda/NOUN,econòmica/ADJ,il·legal/ADJ
director/NOUN,executiu/ADJ,propi/ADJ
conseller/NOUN,director/ADJ,general/ADJ
política/NOUN,agrícola/ADJ,comuna/ADJ
pròxims/ADJ,grans/ADJ,premis/NOUN
grans/ADJ,ciutats/NOUN,europees/ADJ
nous/ADJ,locals/NOUN,nocturns/ADJ
històriques/ADJ,embarcacions/NOUN,insubmergibles/ADJ
nous/ADJ,paradigmes/NOUN,científics/ADJ
catàleg/NOUN,raonat/ADJ,definitiu/ADJ
antiga/ADJ,caserna/NOUN,militar/ADJ
manifestació/NOUN,cultural/ADJ,folklòrica/ADJ
sector/NOUN,turístic/ADJ,andorrà/ADJ
petit/ADJ,parc/NOUN,temàtic/ADJ
primer/ADJ,ministre/NOUN,portuguès/ADJ
nou/ADJ,director/NOUN,general/ADJ
grup/NOUN,automobilístic/ADJ,japonès/ADJ
excel·lent/ADJ,defensa/NOUN,espanyola/ADJ
nous/ADJ,habitants/NOUN,emancipats/ADJ
creixent/ADJ,onada/NOUN,immigratòria/ADJ
primera/ADJ,sessió/NOUN,plenària/ADJ
grans/ADJ,corporacions/NOUN,industrials/ADJ
petit/ADJ,parc/NOUN,temàtic/ADJ
obertura/NOUN,econòmica/ADJ,total/ADJ
primera/ADJ,retrospectiva/NOUN,real/ADJ
nou/ADJ,llenguatge/NOUN,cinematogràfic/ADJ
entramat/NOUN,economicofinancer/ADJ,actual/ADJ
bombolla/NOUN,financera/ADJ,actual/ADJ
situacions/NOUN,meteorològiques/ADJ,extremes/ADJ
nou/ADJ,front/NOUN,atlàntic/ADJ
enginyers/NOUN,industrials/ADJ,catalans/ADJ
millor/ADJ,gestió/NOUN,integral/ADJ
polèmic/ADJ,fullet/NOUN,informatiu/ADJ
noves/ADJ,portes/NOUN,laterals/ADJ
segona/ADJ,zona/NOUN,humida/ADJ
nou/ADJ,codi/NOUN,mèdic/ADJ
nou/ADJ,codi/NOUN,mèdic/ADJ
renovat/ADJ,codi/NOUN,mèdic/ADJ
única/ADJ,capital/NOUN,catalana/ADJ
organisme/NOUN,internacional/ADJ,antidopatge/ADJ
codi/NOUN,mèdic/ADJ,universal/ADJ
futur/ADJ,recinte/NOUN,firal/ADJ
destacats/ADJ,exdirigents/NOUN,socialistes/ADJ
principals/ADJ,líders/NOUN,sindicals/ADJ
grans/ADJ,projectes/NOUN,lúdics/ADJ
màxima/ADJ,autoritat/NOUN,municipal/ADJ
determinades/ADJ,corporacions/NOUN,financeres/ADJ
màxim/ADJ,nombre/NOUN,possible/ADJ
tradicional/ADJ,dinar/NOUN,popular/ADJ
cua/NOUN,aixecada/ADJ,igual/ADJ
pitjor/ADJ,crisi/NOUN,econòmica/ADJ
sacrosantes/ADJ,lleis/NOUN,nord-americanes/ADJ
pura/ADJ,aversió/NOUN,estètica/ADJ
últims/ADJ,llenguatges/NOUN,compositius/ADJ
sucosos/ADJ,contractes/NOUN,publicitaris/ADJ
primera/ADJ,explosió/NOUN,atòmica/ADJ
virus/NOUN,mortal/ADJ,desconegut/ADJ
antigues/ADJ,instal·lacions/NOUN,militars/ADJ
gran/ADJ,trobada/NOUN,musical/ADJ
última/ADJ,sessió/NOUN,borsària/ADJ
simple/ADJ,fil/NOUN,narratiu/ADJ
millor/ADJ,film/NOUN,animat/ADJ
moderat/ADJ,replegament/NOUN,aïllacionista/ADJ
complex/NOUN,militar/ADJ,industrial/ADJ
depauperades/ADJ,arques/NOUN,russes/ADJ
nova/ADJ,experiència/NOUN,reformista/ADJ
única/ADJ,negociació/NOUN,possible/ADJ
acte/NOUN,religiós/ADJ,oficial/ADJ
nombrosos/ADJ,universitaris/NOUN,paristas/ADJ
determinades/ADJ,entitats/NOUN,financeres/ADJ
actual/ADJ,sistema/NOUN,espanyol/ADJ
poder/NOUN,econòmic/ADJ,important/ADJ
tradicional/ADJ,pràctica/NOUN,agrícola/ADJ
màxima/ADJ,injustícia/NOUN,social/ADJ
segona/ADJ,guerra/NOUN,mundial/ADJ
tristes/ADJ,ombres/NOUN,ambulants/ADJ
tendència/NOUN,contestatària/ADJ,interna/ADJ
nous/ADJ,fluxos/NOUN,migratoris/ADJ
nombrosos/ADJ,textos/NOUN,bàsics/ADJ
política/NOUN,agrícola/ADJ,comuna/ADJ
nou/ADJ,espai/NOUN,escènic/ADJ
tarifa/NOUN,plana/ADJ,telefònica/ADJ
línia/NOUN,telefònica/ADJ,tradicional/ADJ
nova/ADJ,sèrie/NOUN,documental/ADJ
primer/ADJ,banc/NOUN,espanyol/ADJ
principal/ADJ,objectiu/NOUN,declarat/ADJ
dirigents/NOUN,polítics/ADJ,clau/ADJ
primer/ADJ,banc/NOUN,espanyol/ADJ
màxim/ADJ,nombre/NOUN,possible/ADJ
principals/ADJ,rius/NOUN,catalans/ADJ
antiga/ADJ,gran/ADJ,mesquita/NOUN
disciplina/NOUN,musical/ADJ,extraordinària/ADJ
darrers/ADJ,resultats/NOUN,electorals/ADJ
apetit/NOUN,sexual/ADJ,desmesurat/ADJ
greus/ADJ,disfuncions/NOUN,erèctils/ADJ
primers/ADJ,éssers/NOUN,immortals/ADJ
gran/ADJ,feina/NOUN,feta/ADJ
edifici/NOUN,religiós/ADJ,romànic/ADJ
pendents/ADJ,causes/NOUN,judicials/ADJ
millors/ADJ,clubs/NOUN,espanyols/ADJ
autoritats/NOUN,locals/ADJ,europees/ADJ
residus/NOUN,sòlids/ADJ,flotants/ADJ
nous/ADJ,panells/NOUN,informatius/ADJ
millors/ADJ,masses/NOUN,corals/ADJ
positives/ADJ,previsions/NOUN,econòmiques/ADJ
violí/NOUN,barroc/ADJ,original/ADJ
nou/ADJ,director/NOUN,general/ADJ
primera/ADJ,transacció/NOUN,real/ADJ
extraordinària/ADJ,traça/NOUN,manual/ADJ
proposta/NOUN,econòmica/ADJ,definitiva/ADJ
projecte/NOUN,executiu/ADJ,definitiu/ADJ
problemes/NOUN,cardíacs/ADJ,greus/ADJ
criteris/NOUN,mèdics/ADJ,establerts/ADJ
mort/NOUN,cardíaca/ADJ,sobtada/ADJ
alta/ADJ,competició/NOUN,esportiva/ADJ
nous/ADJ,equipaments/NOUN,urbans/ADJ
transport/NOUN,públic/ADJ,col·lectiu/ADJ
tropes/NOUN,militars/ADJ,sèrbies/ADJ
organitzacions/NOUN,sardanistes/ADJ,catalanes/ADJ
primer/ADJ,ministre/NOUN,britànic/ADJ
secretari/NOUN,general/ADJ,aliat/ADJ
força/NOUN,política/ADJ,seriosa/ADJ
coneguda/ADJ,marca/NOUN,alemanya/ADJ
organitzacions/NOUN,sardanistes/ADJ,catalanes/ADJ
orfenats/NOUN,estatals/ADJ,xinesos/ADJ
principals/ADJ,associacions/NOUN,judicials/ADJ
conductes/NOUN,delictives/ADJ,similars/ADJ
bons/ADJ,resultats/NOUN,electorals/ADJ
primera/ADJ,gran/ADJ,ciutat/NOUN
gran/ADJ,definició/NOUN,ideològica/ADJ
actual/ADJ,secretari/NOUN,general/ADJ
partit/NOUN,nacionalista/ADJ,català/ADJ
nuclis/NOUN,urbans/ADJ,dispersos/ADJ
iniciatives/NOUN,legislatives/ADJ,importantíssimes/ADJ
discurs/NOUN,nacionalista/ADJ,excloent/ADJ
determinades/ADJ,competicions/NOUN,esportives/ADJ
nou/ADJ,model/NOUN,organitzatiu/ADJ
club/NOUN,privat/ADJ,barceloní/ADJ
nous/ADJ,casos/NOUN,empresarials/ADJ
gran/ADJ,sentit/NOUN,comú/ADJ
excepcionals/ADJ,condicions/NOUN,físiques/ADJ
primera/ADJ,regata/NOUN,mallorquina/ADJ
primers/ADJ,dissenys/NOUN,urbanístics/ADJ
nous/ADJ,àmbits/NOUN,ciutadans/ADJ
major/ADJ,alarma/NOUN,social/ADJ
major/ADJ,alarma/NOUN,social/ADJ
gran/ADJ,premi/NOUN,automobilístic/ADJ
principals/ADJ,reclams/NOUN,turístics/ADJ
xarxa/NOUN,viària/ADJ,catalana/ADJ
màxim/ADJ,interès/NOUN,juvenil/ADJ
nova/ADJ,condició/NOUN,juvenil/ADJ
nova/ADJ,condició/NOUN,juvenil/ADJ
canvi/NOUN,conceptual/ADJ,essencial/ADJ
gir/NOUN,doctrinal/ADJ,important/ADJ
altíssima/ADJ,graduació/NOUN,alcohòlica/ADJ
veterà/ADJ,artista/NOUN,valencià/ADJ
principal/ADJ,conflicte/NOUN,actual/ADJ
despeses/NOUN,judicials/ADJ,particulars/ADJ
màxima/ADJ,repercussió/NOUN,popular/ADJ
mercat/NOUN,laboral/ADJ,català/ADJ
efectes/NOUN,secundaris/ADJ,descrits/ADJ
jove/NOUN,remer/ADJ,britànic/ADJ
nombrosos/ADJ,aparells/NOUN,electrodomèstics/ADJ
actuals/ADJ,tendències/NOUN,jazzístiques/ADJ
educació/NOUN,musical/ADJ,clàssica/ADJ
autèntic/ADJ,desenvolupament/NOUN,econòmic/ADJ
nombroses/ADJ,agències/NOUN,fotogràfiques/ADJ
cultura/NOUN,catalana/ADJ,contemporània/ADJ
grans/ADJ,condecoracions/NOUN,franceses/ADJ
història/NOUN,caòtica/ADJ,similar/ADJ
infal·lible/ADJ,olfacte/NOUN,literari/ADJ
pròximes/ADJ,eleccions/NOUN,autonòmiques/ADJ
gran/ADJ,acompanyament/NOUN,inicial/ADJ
pobres/ADJ,mortals/NOUN,masculins/ADJ
petits/ADJ,gestos/NOUN,quotidians/ADJ
gran/ADJ,tristesa/NOUN,col·lectiva/ADJ
primer/ADJ,ministre/NOUN,francès/ADJ
seguretat/NOUN,preventiva/ADJ,palestina/ADJ
primer/ADJ,ministre/NOUN,britànic/ADJ
primer/ADJ,ministre/NOUN,britànic/ADJ
primer/ADJ,ministre/NOUN,israelià/ADJ
enormes/ADJ,pressions/NOUN,internacionals/ADJ
campanya/NOUN,sagnant/ADJ,israeliana/ADJ
actual/ADJ,xarxa/NOUN,metropolitana/ADJ
xarxa/NOUN,metropolitana/ADJ,existent/ADJ
noves/ADJ,infrastructures/NOUN,metropolitanes/ADJ
velocitat/NOUN,comercial/ADJ,millor/ADJ
defenses/NOUN,antiaèries/ADJ,iraquianes/ADJ
sol/ADJ,àpat/NOUN,diari/ADJ
cuina/NOUN,típica/ADJ,catalana/ADJ
nombroses/ADJ,qüestions/NOUN,clau/ADJ
principals/ADJ,grups/NOUN,parlamentaris/ADJ
tasca/NOUN,executiva/ADJ,quotidiana/ADJ
consegüents/ADJ,intents/NOUN,frustrats/ADJ
grans/ADJ,lletres/NOUN,negres/ADJ
primer/ADJ,fabricant/NOUN,espanyol/ADJ
mercat/NOUN,continu/ADJ,espanyol/ADJ
autèntica/ADJ,identitat/NOUN,sexual/ADJ
firma/NOUN,electrònica/ADJ,fiscal/ADJ
setè/ADJ,lloc/NOUN,europeu/ADJ
comunitats/NOUN,autònomes/ADJ,espanyoles/ADJ
inversió/NOUN,empresarial/ADJ,catalana/ADJ
únic/ADJ,factor/NOUN,negatiu/ADJ
segona/ADJ,comunitat/NOUN,autònoma/ADJ
utilització/NOUN,pública/ADJ,ancestral/ADJ
partits/NOUN,polítics/ADJ,catalans/ADJ
partits/NOUN,polítics/ADJ,catalans/ADJ
divisions/NOUN,polítiques/ADJ,internes/ADJ
llargues/ADJ,vacances/NOUN,estivals/ADJ
gran/ADJ,plaça/NOUN,central/ADJ
primer/ADJ,ministre/NOUN,britànic/ADJ
plat/NOUN,fort/ADJ,teatral/ADJ
correu/NOUN,informàtic/ADJ,personal/ADJ
últim/ADJ,mariscal/NOUN,portuguès/ADJ
víctimes/NOUN,mortals/ADJ,infantils/ADJ
assumides/ADJ,competències/NOUN,executives/ADJ
líder/NOUN,socialdemòcrata/ADJ,xilè/ADJ
aliança/NOUN,governamental/ADJ,xilena/ADJ
present/ADJ,gira/NOUN,europea/ADJ
inabastable/ADJ,tasca/NOUN,editora/ADJ
segona/ADJ,edició/NOUN,ampliada/ADJ
política/NOUN,oficial/ADJ,nord-americana/ADJ
guerrilla/NOUN,separatista/ADJ,tàmil/ADJ
dictadura/NOUN,militar/ADJ,argentina/ADJ
nova/ADJ,ordenació/NOUN,urbanística/ADJ
sòl/NOUN,urbanitzable/ADJ,possible/ADJ
nova/ADJ,llei/NOUN,estatal/ADJ
promoció/NOUN,urbanística/ADJ,privada/ADJ
cinquena/ADJ,vegada/NOUN,consecutiva/ADJ
breus/ADJ,eterns/ADJ,minuts/NOUN
natural/ADJ,relació/NOUN,sexual/ADJ
única/ADJ,manera/NOUN,natural/ADJ
suposada/ADJ,violència/NOUN,domèstica/ADJ
ordinadors/NOUN,personals/ADJ,portàtils/ADJ
antics/ADJ,espais/NOUN,industrials/ADJ
interès/NOUN,turístic/ADJ,evident/ADJ
única/ADJ,causa/NOUN,directa/ADJ
Importants/ADJ,músics/NOUN,internacionals/ADJ
moviment/NOUN,separatista/ADJ,quebequès/ADJ
anomenada/ADJ,revolució/NOUN,tranquil·la/ADJ
primer/ADJ,ministre/NOUN,grec/ADJ
Nou/ADJ,candidat/NOUN,presidencial/ADJ
primer/ADJ,ministre/NOUN,belga/ADJ
futur/ADJ,secretari/NOUN,general/ADJ
nova/ADJ,organització/NOUN,territorial/ADJ
diari/NOUN,progovernamental/ADJ,iugoslau/ADJ
serveis/NOUN,secrets/ADJ,francesos/ADJ
primer/ADJ,ministre/NOUN,britànic/ADJ
espectacular/ADJ,persecució/NOUN,policial/ADJ
únic/ADJ,govern/NOUN,democràtic/ADJ
propi/ADJ,procés/NOUN,creador/ADJ
forces/NOUN,polítiques/ADJ,catalanes/ADJ
corpus/NOUN,polític/ADJ,compartit/ADJ
administracions/NOUN,públiques/ADJ,catalanes/ADJ
política/NOUN,nacional/ADJ,catalana/ADJ
grans/ADJ,objectius/NOUN,nacionals/ADJ
fàcil/ADJ,sintonia/NOUN,conjunta/ADJ
gran/ADJ,repte/NOUN,col·lectiu/ADJ
bona/ADJ,base/NOUN,jurídica/ADJ
complexitat/NOUN,sociològica/ADJ,actual/ADJ
nova/ADJ,classe/NOUN,política/ADJ
visió/NOUN,doctrinal/ADJ,culturalista/ADJ
pesta/NOUN,porcina/ADJ,clàssica/ADJ
nova/ADJ,línia/NOUN,elèctrica/ADJ
alt/ADJ,valor/NOUN,ecològic/ADJ
grans/ADJ,centres/NOUN,consumidors/ADJ
residus/NOUN,municipals/ADJ,especials/ADJ
sola/ADJ,força/NOUN,política/ADJ
pròxim/ADJ,secretari/NOUN,general/ADJ
present/ADJ,curs/NOUN,polític/ADJ
major/ADJ,claredat/NOUN,política/ADJ
gran/ADJ,encert/NOUN,estratègic/ADJ
pavelló/NOUN,poliesportiu/ADJ,municipal/ADJ
situació/NOUN,política/ADJ,catalana/ADJ
nova/ADJ,etapa/NOUN,política/ADJ
actual/ADJ,aparcament/NOUN,públic/ADJ
convocatòria/NOUN,electoral/ADJ,avançada/ADJ
majoria/NOUN,nacionalista/ADJ,suficient/ADJ
nova/ADJ,fase/NOUN,política/ADJ
nova/ADJ,data/NOUN,fixada/ADJ
primera/ADJ,actuació/NOUN,pública/ADJ
actual/ADJ,situació/NOUN,institucional/ADJ
possible/ADJ,data/NOUN,definitiva/ADJ
temps/NOUN,màxim/ADJ,garantit/ADJ
marc/NOUN,jurídic/ADJ,general/ADJ
segona/ADJ,comunitat/NOUN,autònoma/ADJ
darreres/ADJ,eleccions/NOUN,municipals/ADJ
influent/ADJ,administració/NOUN,presidencial/ADJ
població/NOUN,civil/ADJ,txetxena/ADJ
única/ADJ,alternativa/NOUN,possible/ADJ
comandament/NOUN,militar/ADJ,rus/ADJ
nova/ADJ,mort/NOUN,violenta/ADJ
grangers/NOUN,blancs/ADJ,assassinats/ADJ
principal/ADJ,força/NOUN,política/ADJ
nova/ADJ,força/NOUN,política/ADJ
casa/NOUN,reial/ADJ,noruega/ADJ
circumstàncies/NOUN,polítiques/ADJ,actuals/ADJ
mitjanes/NOUN,horàries/ADJ,possibles/ADJ
contaminants/NOUN,atmosfèrics/ADJ,investigats/ADJ
responsabilitats/NOUN,polítiques/ADJ,compartides/ADJ
oscil·lant/ADJ,situació/NOUN,límit/ADJ
major/ADJ,sostenibilitat/NOUN,ambiental/ADJ
gran/ADJ,dèficit/NOUN,democràtic/ADJ
greus/ADJ,irregularitats/NOUN,urbanístiques/ADJ
greus/ADJ,irregularitats/NOUN,urbanístiques/ADJ
primera/ADJ,secretària/NOUN,socialista/ADJ
anterior/ADJ,període/NOUN,polític/ADJ
sentència/NOUN,ferma/ADJ,judicial/ADJ
ministre/NOUN,britànic/ADJ,gai/ADJ
primera/ADJ,acusació/NOUN,directa/ADJ
vaixell/NOUN,mercant/ADJ,xipriota/ADJ
pista/NOUN,poliesportiva/ADJ,coberta/ADJ
grans/ADJ,temes/NOUN,pendents/ADJ
antic/ADJ,jardí/NOUN,musulmà/ADJ
recent/ADJ,nomenat/ADJ,lehendakari/NOUN
secretari/NOUN,general/ADJ,sortint/ADJ
franges/NOUN,horàries/ADJ,concretes/ADJ
assemblea/NOUN,general/ADJ,extraordinària/ADJ
esdeveniment/NOUN,vital/ADJ,estresant/ADJ
condicions/NOUN,climatològiques/ADJ,excepcionals/ADJ
