對外/ADJ,主要/ADJ,孔道/NOUN
快樂/ADJ,快樂/ADJ,月刊/NOUN
唯一/ADJ,私人/ADJ,屋苑/NOUN
不同/ADJ,特定/ADJ,狀態/NOUN
特殊/ADJ,重大/ADJ,貪瀆/NOUN
沿海/ADJ,特大/ADJ,城市/NOUN
一些/ADJ,私人/ADJ,物品/NOUN
迷幻/ADJ,搖滾/ADJ,樂團/NOUN
大量/ADJ,主要/ADJ,特徵/NOUN
一些/ADJ,重要/ADJ,城市/NOUN
一些/ADJ,成功/ADJ,企業/NOUN
一些/ADJ,毒舌/ADJ,網友/NOUN
对外/ADJ,主要/ADJ,孔道/NOUN
快乐/ADJ,快乐/ADJ,月刊/NOUN
唯一/ADJ,私人/ADJ,屋苑/NOUN
不同/ADJ,特定/ADJ,状态/NOUN
特殊/ADJ,重大/ADJ,贪渎/NOUN
沿海/ADJ,特大/ADJ,城市/NOUN
一些/ADJ,私人/ADJ,物品/NOUN
迷幻/ADJ,摇滚/ADJ,乐团/NOUN
大量/ADJ,主要/ADJ,特征/NOUN
一些/ADJ,重要/ADJ,城市/NOUN
一些/ADJ,成功/ADJ,企业/NOUN
一些/ADJ,毒舌/ADJ,网友/NOUN
個人/ADJ,最高/ADJ,水平/NOUN
平均/ADJ,最高/ADJ,溫度/NOUN
