count,awf,nwf
1,一丁點,壓力
1,一丁點,楼
1,一丁點,樓
4,一些,个
4,一些,事
2,一些,事实
2,一些,事實
6,一些,人
2,一些,人民
2,一些,仪式
2,一些,企业
2,一些,企業
4,一些,作品
1,一些,作家
5,一些,信息
2,一些,儀式
1,一些,內
4,一些,公司
4,一些,其中
1,一些,内
2,一些,决择
1,一些,刑
2,一些,力量
2,一些,功
1,一些,區域
2,一些,原则
2,一些,原則
4,一些,原因
4,一些,原子
2,一些,反应
2,一些,反應
1,一些,只
1,一些,君子
2,一些,启示
2,一些,問題
2,一些,啟示
2,一些,單曲
8,一些,国家
9,一些,國家
4,一些,地区
4,一些,地區
8,一些,城市
2,一些,報道
2,一些,大学
2,一些,大學
4,一些,天
4,一些,夫仇
4,一些,女性
2,一些,媒体
2,一些,媒體
2,一些,学校
2,一些,學校
1,一些,學者
2,一些,學院
4,一些,宅邸
1,一些,專家
1,一些,小說
1,一些,小说
2,一些,市
8,一些,年
2,一些,情節
2,一些,情节
1,一些,手術
2,一些,批評
2,一些,批评
2,一些,报道
2,一些,指标
2,一些,指標
2,一些,描写
2,一些,描寫
2,一些,政
1,一些,故事
4,一些,文化
4,一些,文章
2,一些,方法
2,一些,日期
2,一些,日記
2,一些,日记
4,一些,月
4,一些,木材
1,一些,東西
2,一些,校队
2,一些,校隊
4,一些,歌手
1,一些,歷史學家
2,一些,段
2,一些,決擇
4,一些,物品
4,一些,物質
4,一些,物质
6,一些,特征
6,一些,特徵
1,一些,王国
1,一些,王國
2,一些,现象
2,一些,現象
2,一些,球员
2,一些,球員
2,一些,种类
2,一些,種類
4,一些,糖尿
2,一些,系統
2,一些,系统
2,一些,網友
2,一些,网友
4,一些,苦力
2,一些,詞語
2,一些,論壇
2,一些,諸
2,一些,论坛
2,一些,词语
4,一些,資料
4,一些,资料
2,一些,輪船
2,一些,轮船
2,一些,选区
2,一些,選區
4,一些,部分
2,一些,鏡頭
2,一些,镜头
2,一些,问题
1,一些,隻
2,一些,風氣
2,一些,风气
2,一些,高中
2,一切,准备
2,一切,準備
4,一向,想法
2,一定,人员
2,一定,人員
2,一定,人数
2,一定,人數
2,一定,今
2,一定,差异
2,一定,差異
2,一定,影响
2,一定,影響
2,一定,指南
2,一定,数量
2,一定,數量
2,一定,时期
2,一定,時期
2,一定,条件
2,一定,條件
2,一定,积分
12,一定,程度
2,一定,積分
2,一定,規律
2,一定,规律
2,一定,認識
2,一定,认识
2,一定,面积
2,一定,面積
1,一样,国家
1,一样,國家
1,一样,飲食
1,一样,饮食
1,一樣,国家
1,一樣,國家
1,一樣,飲食
1,一樣,饮食
1,一致,好評
4,一致,看法
1,一致,禮
2,一致,細胞
2,一致,细胞
2,一致,軍隊
4,一般,中国人
2,一般,人
4,一般,做法
2,一般,勤务
2,一般,勤務
2,一般,哲学
2,一般,哲學
4,一般,宗女
2,一般,定义
2,一般,定義
2,一般,建筑
2,一般,建築
2,一般,情况
2,一般,情況
2,一般,惯例
2,一般,慣例
4,一般,成份
2,一般,政
2,一般,数学
2,一般,數學
4,一般,水塔
2,一般,演员
2,一般,演員
4,一般,羽毛
4,一般,食米
4,一般,高度
4,上佳,表演
2,上佳,表现
2,上佳,表現
2,上述,問題
4,上述,土地
2,上述,问题
1,不以为然,态度
1,不以为然,態度
1,不以為然,态度
1,不以為然,態度
4,不凡,女性
2,不利,句中
4,不利,境地
1,不利,影響
4,不可缺少,一部分
2,不同,一體
2,不同,买家
6,不同,人
1,不同,人数
1,不同,人數
1,不同,企業
2,不同,住戶
2,不同,住户
4,不同,作物
1,不同,候選人
4,不同,公里
8,不同,功能
3,不同,區域
2,不同,口号
2,不同,口號
4,不同,吃法
4,不同,名字
4,不同,名次
2,不同,周
4,不同,味道
6,不同,国家
2,不同,國家
4,不同,地区
4,不同,地區
4,不同,地方
2,不同,地点
2,不同,地點
2,不同,场合
1,不同,垒
2,不同,場合
1,不同,壘
2,不同,外國
4,不同,大小
2,不同,天
2,不同,家
4,不同,对
2,不同,差异
2,不同,差異
4,不同,形式
2,不同,形状
2,不同,形狀
2,不同,徑
2,不同,恥
10,不同,意見
10,不同,意见
1,不同,愛
4,不同,感受
1,不同,態度
2,不同,手冊
4,不同,技能
1,不同,教師
2,不同,数学
2,不同,數學
2,不同,文体
2,不同,文體
6,不同,方式
4,不同,旅行
2,不同,术语
1,不同,東西
4,不同,板式
2,不同,柴油
1,不同,歷史
1,不同,民族
4,不同,洋房
1,不同,爱
4,不同,版本
4,不同,特性
2,不同,状态
2,不同,狀態
2,不同,王
2,不同,环境
2,不同,环节
1,不同,理解
2,不同,環境
2,不同,環節
2,不同,盟友們
2,不同,社会
2,不同,社會
2,不同,种类
4,不同,程度
1,不同,種群
2,不同,種類
1,不同,立場
2,不同,等級
2,不同,等级
2,不同,節奏
2,不同,米
4,不同,类型
2,不同,系統
2,不同,系统
4,不同,索引
2,不同,細胞
2,不同,組合
2,不同,组合
2,不同,细胞
2,不同,聚会
2,不同,聚會
2,不同,聯邦
2,不同,节奏
1,不同,處
4,不同,血型
4,不同,行星
2,不同,術語
2,不同,西
2,不同,設計
4,不同,語言
2,不同,說法
2,不同,譯本
2,不同,设计
2,不同,译本
4,不同,语言
2,不同,说法
2,不同,責任
2,不同,買家
1,不同,資料
1,不同,资料
2,不同,路
2,不同,选择
2,不同,選擇
4,不同,部份
4,不同,部分
1,不同,重点
1,不同,重點
2,不同,鉤
2,不同,队伍
2,不同,阶层
2,不同,隊伍
2,不同,階層
4,不同,需求
2,不同,領域
2,不同,顏色
4,不同,類型
2,不同,领域
2,不同,颜色
4,不同,食物
4,不大,女性
2,不少,东西
2,不少,乐队
2,不少,争议
8,不少,人
1,不少,便宜
2,不少,功劳
2,不少,功勞
2,不少,历史
2,不少,名将
2,不少,名將
4,不少,器物
2,不少,学生
2,不少,學生
4,不少,巴士
4,不少,市民
2,不少,情節
2,不少,情节
1,不少,書
4,不少,本地
2,不少,東西
2,不少,樂隊
2,不少,歷史
2,不少,涕
2,不少,爭議
2,不少,聋人
2,不少,聾人
4,不少,良田
2,不少,豪門
2,不少,豪门
2,不少,資源
2,不少,资源
2,不少,选民
2,不少,選民
2,不少,降雨
2,不少,餘
4,不折不扣,君王
1,不断,人数
1,不断,人數
1,不断,博客
1,不断,发展
1,不断,君子
1,不断,改变
1,不断,改變
1,不断,發展
1,不斷,人数
1,不斷,人數
1,不斷,博客
1,不斷,发展
1,不斷,君子
1,不斷,改变
1,不斷,改變
1,不斷,發展
4,不明,身份
2,不朽,貢獻
2,不朽,贡献
4,不法,侵害
4,不法,分子
1,不满,情緒
1,不满,情绪
1,不滿,情緒
1,不滿,情绪
4,不等,能力
1,不純,金属
1,不純,金屬
1,不纯,金属
1,不纯,金屬
2,不見天日,洞穴
2,不见天日,洞穴
1,不計其數,测试
1,不計其數,測試
1,不计其数,测试
1,不计其数,測試
2,不远,地方
2,不远,城市
2,不遠,地方
2,不遠,城市
1,专业,市场
1,专业,市場
1,专业,技师
1,专业,技師
1,专业,翻譯
1,专业,翻译
1,专业,領域
1,专业,领域
1,专制,統治
1,专制,统治
1,专有,名詞
1,专有,名词
2,专有,哺乳
1,专有,月
1,专用,路权
1,专用,路權
1,专门,学科
1,专门,學科
1,业余,层面
1,业余,層面
1,业余,电台
1,业余,道
1,业余,電台
4,严厉,气氛
2,严厉,約
2,严密,模型
1,严格,大学
1,严格,大學
2,严格,模型
1,严格,滚球
1,严格,滾球
1,严格,維修
1,严格,维修
1,严格,規則
1,严格,规则
1,严格,訓練
1,严格,训练
2,严格,限制
1,严肃,情調
1,严肃,情调
2,严肃,深度
1,严重,损失
1,严重,損失
2,严重,污染
1,严重,經歷
1,严重,经历
2,严重,虐待
1,严重,風氣
1,严重,风气
1,严重,饑荒
1,严重,饥荒
1,个人,专辑
2,个人,品德
1,个人,專輯
2,个人,魅力
1,个别,学生
1,个别,學生
2,个别,客人
1,个别,鏡頭
1,个别,镜头
1,丰厚,品牌
1,丰厚,奖金
1,丰厚,獎金
2,丰富,成分
1,丰盛,奖品
1,丰盛,汽車
1,丰盛,獎品
1,临时,大綱
1,临时,大纲
1,临时,建筑
1,临时,建築
1,临时,总统
1,临时,戏院
1,临时,戲院
2,临时,房屋
4,临时,政府
1,临时,總統
2,临时,首都
4,主动,人
4,主要,业务
4,主要,中等
2,主要,乘
4,主要,事故
2,主要,产区
2,主要,产品
2,主要,人
2,主要,伙伴
2,主要,來源
4,主要,元素
2,主要,內容
2,主要,其中
2,主要,内容
2,主要,军
2,主要,军官
14,主要,原因
2,主要,受众
2,主要,受眾
4,主要,口岸
2,主要,后
4,主要,地貌
2,主要,城鎮
2,主要,城镇
2,主要,夥伴
2,主要,夫
2,主要,威胁
2,主要,威脅
2,主要,媒体
2,主要,媒體
4,主要,孔道
4,主要,宇宙
2,主要,对象
2,主要,對象
1,主要,工具
4,主要,年
2,主要,庸
4,主要,形式
2,主要,後
2,主要,想像
2,主要,戏剧
4,主要,成份
4,主要,成分
4,主要,成员
4,主要,成員
2,主要,成見
2,主要,战斗
2,主要,戰鬥
2,主要,戲劇
4,主要,技巧
4,主要,文化
1,主要,方法
2,主要,时段
2,主要,時段
4,主要,朋友
2,主要,来源
2,主要,柜台
2,主要,校門
2,主要,校门
4,主要,業務
2,主要,櫃檯
4,主要,河川
1,主要,河流
4,主要,活动
4,主要,活動
4,主要,海洋
4,主要,港口
2,主要,演员
2,主要,演員
2,主要,牧区
2,主要,牧區
2,主要,特征
2,主要,特徵
1,主要,特點
4,主要,犯罪
2,主要,產區
2,主要,產品
4,主要,目的
4,主要,研究
4,主要,科系
2,主要,租戶
2,主要,租户
2,主要,競爭
1,主要,群體
2,主要,职责
2,主要,職責
2,主要,自行车
4,主要,街道
2,主要,語言
2,主要,課堂
2,主要,調料
2,主要,语言
2,主要,课堂
2,主要,调料
2,主要,資源
2,主要,资源
2,主要,軍
2,主要,軍官
2,主要,途径
2,主要,途徑
4,主要,部件
5,主要,部分
1,主要,部落
1,主要,電
1,主要,韵律
1,主要,韻律
2,主要,騙徒
2,主要,骗徒
2,主要,黑帮
2,主要,黑幫
1,举世瞩目,创新
1,举世瞩目,創新
1,举世瞩目,家
4,乐观,态度
1,乾旱,气候
1,乾旱,氣候
2,乾旱,眼罩
1,乾淨,声线
1,乾淨,聲線
1,乾燥,優勢
2,乾燥,地方
2,乾燥,夏天
2,乾燥,旱季
4,二等,奖
2,五彩繽紛,雕塑
2,五彩缤纷,雕塑
4,五颜六色,衣服
2,些,伙儿
2,些,夥兒
4,些,年
4,些微,差距
1,些許,自由
1,亲密,关系
1,亲密,關係
2,人为,因素
2,人均,下
4,人均,支出
10,人均,收入
2,人均,斂
2,人均,激勵
2,人均,王
1,人均,說法
1,人均,说法
2,人為,因素
4,仁慈,夫人
1,众多,书迷
1,众多,宠臣
2,众多,寓所
1,众多,寵臣
1,众多,書迷
1,众多,發言
1,优异,分数
1,优异,分數
1,优异,表现
1,优异,表現
2,优秀,作品
1,优秀,党员
2,优秀,姊姊
2,优秀,成就
1,优秀,黨員
1,优良,声誉
1,优良,聲譽
1,优裕,右
1,优裕,环境
1,优裕,環境
2,优质,生活
1,伟大,友誼
1,伟大,友谊
1,伟大,名将
1,伟大,名將
1,伟大,对手
1,伟大,對手
2,传统,生活
4,伤心,事情
4,伤心,方式
2,伤心,郵件
1,低,消費
1,低,爭議
2,低,职位
2,低,職位
4,住院,医师
2,便利,市內
2,便利,市内
2,便利,连接
2,便利,連接
2,便宜,車輛
2,便宜,车辆
4,俗,先生
4,保守,主义
4,保守,主義
2,保守,個
1,保守,派
1,保守,社会
1,保守,社會
4,保守,立场
4,保守,立場
1,個人,专辑
1,個人,判斷
2,個人,品德
1,個人,專輯
1,個人,意見
2,個人,月台
1,個人,水平
1,個人,決定
2,個人,魅力
1,個別,学生
1,個別,學生
2,個別,客人
1,個別,鏡頭
1,個別,镜头
1,偉大,友誼
1,偉大,友谊
1,偉大,名将
1,偉大,名將
1,偉大,夢想
1,偉大,对手
1,偉大,對手
2,偉大,左
1,偉大,進攻
4,偏僻,地方
1,健壮,体魄
1,健壮,體魄
1,健壯,体魄
1,健壯,體魄
2,健康,环境
2,健康,環境
4,偶然,能力
1,傑出,剧集
1,傑出,劇集
1,傑出,家
1,傑出,服务
1,傑出,服務
1,傑出,貢獻
1,傑出,贡献
2,傳統,生活
1,優異,分数
1,優異,分數
2,優異,名
1,優異,建筑
1,優異,建築
1,優異,殊榮
1,優異,表现
1,優異,表現
2,優秀,作品
1,優秀,党员
1,優秀,助手
2,優秀,同性
2,優秀,姊姊
2,優秀,成就
1,優秀,黨員
1,優良,声誉
1,優良,聲譽
1,優裕,右
1,優裕,环境
1,優裕,環境
2,優質,生活
4,元,年
2,元,議員
1,充分,準備
1,充足,機會
2,先後,次序
2,先进,僧尼
1,先进,工业
1,先进,工業
1,先进,应用
1,先进,應用
2,先進,僧尼
1,先進,工业
1,先進,工業
1,先進,应用
1,先進,應用
1,先驗,範疇
1,先驗,范畴
1,先验,範疇
1,先验,范畴
2,光榮,女性
2,光榮,革命
2,光荣,女性
2,光荣,革命
1,免費,個
2,免費,教育
1,免費,頻道
1,免費,频道
1,免费,個
2,免费,教育
1,免费,頻道
1,免费,频道
1,內在,做法
2,內在,模式
2,全力,袭击
2,全力,襲擊
2,全新,体验
4,全新,引擎
2,全新,體驗
2,全盛,时期
2,全盛,時期
2,全能,代名詞
2,全能,代名词
2,全能,國民
2,全能,小說
2,全能,小说
2,全能,球员
2,全能,球員
1,全面,分析
2,全面,年
1,全面,條約
4,全面,模式
2,公共,事务
2,公共,事務
4,公共,交通
2,公共,产品
1,公共,內部
2,公共,卫生
2,公共,场合
3,公共,場合
4,公共,旅程
2,公共,汽車
2,公共,汽车
1,公共,生活
2,公共,產品
2,公共,衛生
2,公共,运输
2,公共,運輸
2,公平,問題
2,公平,过程
2,公平,過程
2,公平,问题
1,公开,声明
1,公开,大学
1,公开,大學
1,公开,标售
1,公开,標售
1,公开,禮
1,公开,考試
1,公开,考试
1,公开,聲明
2,公正,立场
2,公正,立場
1,公眾,利益
1,公開,危機
1,公開,場合
1,公開,声明
1,公開,大学
1,公開,大學
1,公開,标售
1,公開,標售
2,公開,次
1,公開,禮
1,公開,考試
1,公開,考试
1,公開,聲明
2,共同,保险
2,共同,保險
4,共同,元素
2,共同,变数
2,共同,名单
2,共同,名單
2,共同,圣地
1,共同,当时
2,共同,承担
2,共同,承擔
1,共同,敵人
1,共同,特徵
1,共同,當時
4,共同,祖先
2,共同,聖地
1,共同,議程
2,共同,變數
2,关键,人物
2,关键,定局
1,关键,紀錄
1,关键,纪录
2,兴奋,心情
1,具体,來源
1,具体,報告
1,具体,战役
1,具体,戰役
1,具体,报告
2,具体,描述
1,具体,来源
1,具体,結構
1,具体,结构
2,具体,要求
2,具体,需要
1,具體,作用
1,具體,來源
1,具體,報告
1,具體,战役
1,具體,戰役
1,具體,报告
2,具體,描述
1,具體,来源
1,具體,結構
1,具體,结构
2,具體,要求
1,具體,計劃
2,具體,需要
2,典型,国家
2,典型,國家
4,内向,人
2,内向,個
1,内在,做法
2,内在,模式
2,再三,請求
2,再三,请求
1,写实,風格
1,写实,风格
1,冷静,举止
1,冷静,舉止
1,冷靜,举止
1,冷靜,舉止
1,几乎,節目
1,几乎,节目
2,出色,球员
2,出色,球員
4,出色,警察
1,分別,介紹
1,分別,介绍
1,分别,介紹
1,分别,介绍
2,刚直,人
2,创新,精神
1,初級,中学
1,初級,中學
1,初级,中学
1,初级,中學
4,利好,消息
2,刺激,电影
2,刺激,電影
4,刻板,印象
2,前卫,上帝
2,前卫,作家
2,前衛,上帝
2,前衛,作家
2,剛直,人
2,創新,精神
2,动人,故事
2,动荡,局面
1,动荡,種
4,努力,配合
2,勇敢,传说
2,勇敢,傳說
2,勇敢,成本
4,勇武,叛徒
2,勉強,公里
2,勉強,房子
2,動人,故事
2,動蕩,局面
1,動蕩,種
4,十全十美,祭物
1,单一,价值
1,单一,價值
1,单一,历史
2,单一,基因
2,单一,模
1,单一,歷史
1,单纯,譜線
1,单纯,谱线
1,危险,剂量
1,危险,劑量
4,危险,地方
2,危险,指挥
2,危险,指揮
1,危险,时代
1,危险,時代
2,危险,程度
1,危險,剂量
1,危險,劑量
1,危險,时代
1,危險,時代
2,危險,程度
1,即时,大师
1,即时,大師
1,即时,系統
1,即时,系统
1,即時,大师
1,即時,大師
1,即時,系統
1,即時,系统
2,即期,票据
2,即期,票據
4,原始,工事
4,原始,扰动
2,原始,技术
2,原始,技術
4,原始,擾動
2,原始,會議
4,原始,石材
4,原定,计划
2,原有,俱乐部
2,原有,俱樂部
2,原本,台長
2,原本,台长
2,原本,地点
2,原本,地點
2,原本,組織
2,原本,组织
4,原来,样貌
2,原来,种
2,原来,種
2,友好,优惠
2,友好,優惠
4,友好,外界
2,友好,文书
2,友好,文書
2,友好,状况
2,友好,狀況
2,友好,画作
2,友好,畫作
2,友好,詞
4,反,方向
1,反动,宣传
1,反动,宣傳
1,反動,宣传
1,反動,宣傳
2,反向,波动
2,反向,波動
2,反复,交替
2,反覆,交替
1,发达,国家
1,发达,國家
1,发达,状态
1,发达,狀態
2,古典,主义
2,古典,主義
2,古典,建筑
2,古典,建築
2,古典,音乐
2,古典,音樂
2,古老,协会
2,古老,協會
4,古老,大屋
4,古老,教堂
1,古老,文明
2,古老,机构
2,古老,機構
1,古老,歷史
1,古老,毒
2,古老,职业
2,古老,職業
1,古老,該年
2,古老,議會
2,古老,议会
1,古老,该年
2,古老,鳥類
2,古老,鸟类
1,另类,音乐
1,另类,音樂
1,另類,音乐
1,另類,音樂
4,可爱,样子
4,可疑,事件
2,可疑,公司
1,可疑,漏洞
1,可疑,現金流
2,可觀,力量
2,可观,力量
1,可靠,信息
4,可靠,方法
1,各式各样,伎俩
1,各式各样,伎倆
1,各式各樣,伎俩
1,各式各樣,伎倆
2,合成,纖維
2,合成,纤维
2,合法,供应
2,合法,供應
2,合法,土地
2,合法,权益
1,合法,權利
2,合法,權益
4,合法,程序
2,合法,證件
2,合法,证件
2,合法,飯店
2,合法,饭店
2,合理,交换
2,合理,交換
2,合理,换算
2,合理,換算
4,合理,要求
2,合理,解释
2,合理,解釋
2,合理,預算
2,合理,预算
4,合适,人
1,合适,时机
1,合适,時機
4,合适,止
1,合適,时机
1,合適,時機
1,吉祥,顏色
2,同,大椎龍
2,同,大椎龙
2,同,家長
2,同,家长
4,同,年龄
4,同,语言
2,同,電話
5,同样,人
2,同样,大小
1,同样,孝
1,同样,手
2,同样,手法
4,同样,问题
2,同样,龍利魚
1,同樣,人
2,同樣,大小
1,同樣,孝
1,同樣,手
2,同樣,手法
2,名优特,水果
2,名優特,水果
1,和平,關係
2,和暖,海風
2,和暖,海风
1,和諧,地方
2,和阶,效果
2,和階,效果
5,唯一,人
4,唯一,位
4,唯一,佛殿
4,唯一,作
2,唯一,傾向
4,唯一,儿子
4,唯一,光源
4,唯一,兒子
2,唯一,单位
4,唯一,原因
2,唯一,單位
2,唯一,国际
2,唯一,國際
4,唯一,城市
2,唯一,天敌
2,唯一,天敵
2,唯一,学院
2,唯一,學院
2,唯一,对手
2,唯一,對手
4,唯一,屋苑
4,唯一,政府
8,唯一,方法
2,唯一,栖地
2,唯一,棲地
2,唯一,游戏
2,唯一,演员
2,唯一,演員
2,唯一,状元
2,唯一,狀元
2,唯一,画作
2,唯一,畫作
2,唯一,行动
2,唯一,行動
4,唯一,角色
4,唯一,计划
2,唯一,財源
2,唯一,質
2,唯一,财源
2,唯一,退休
2,唯一,途径
2,唯一,途徑
2,唯一,遊戲
4,唯一,部件
4,唯一,頻道
4,唯一,频道
4,唯一,高校
4,唯美,主义
4,唯美,主義
2,善良,个性
2,善良,個性
1,善良,女巫
2,善良,极权
2,善良,極權
1,善良,計畫
1,善良,计划
2,單一,价值
2,單一,價值
1,單一,历史
2,單一,基因
2,單一,模
1,單一,歷史
1,單一,貨幣
1,單純,譜線
1,單純,谱线
1,噁心,感覺
1,噁心,感觉
1,噁心,資格
1,嚴厲,政策
2,嚴厲,近代
2,嚴密,模型
1,嚴格,个
1,嚴格,個
1,嚴格,大学
1,嚴格,大學
2,嚴格,模型
1,嚴格,法案
1,嚴格,滚球
1,嚴格,滾球
1,嚴格,維修
1,嚴格,维修
1,嚴格,規則
1,嚴格,规则
2,嚴格,訓練
1,嚴格,训练
2,嚴格,限制
1,嚴肅,情調
1,嚴肅,情调
2,嚴肅,深度
1,嚴謹,做法
2,嚴謹,模式
1,嚴謹,程度
1,嚴重,問題
1,嚴重,损失
1,嚴重,損失
1,嚴重,教师
1,嚴重,教師
1,嚴重,殖民
2,嚴重,污染
1,嚴重,經歷
1,嚴重,经历
2,嚴重,虐待
1,嚴重,風氣
1,嚴重,风气
1,嚴重,饑荒
1,嚴重,饥荒
1,四四方方,個
1,四四方方,早期
1,团结,盤
1,团结,联盟
1,团结,聯盟
4,困难,事
4,困难,臭氧
2,困难,視覺
2,困难,视觉
2,困难,食
2,固定,地点
2,固定,地點
2,固定,師
2,固定,职业
2,固定,職業
1,固定,費用
2,固定,資產
2,固定,资产
2,固有,名詞
2,固有,名词
2,圆滑,面
2,圓滑,面
1,團結,盤
1,團結,联盟
1,團結,聯盟
1,在席,天
1,在席,後
1,在席,日
1,在席,議員
2,场均,分
2,均勻,沉降
2,均匀,沉降
1,坚定,立场
1,坚定,立場
2,垂直,地貌
2,垂直,系統
2,垂直,系统
4,基本,保障
1,基本,秘書長
1,基本,精神
1,堅定,立场
1,堅定,立場
2,場均,分
2,复合,母音
1,复杂,內容
1,复杂,内容
1,复杂,問題
1,复杂,情緒
1,复杂,情绪
1,复杂,问题
2,外來,人口
1,外來,公司
1,外來,动物
1,外來,動物
1,外來,政权
1,外來,政權
2,外來,生物
1,外來,聖
1,外來,高爾夫
2,外来,人口
1,外来,公司
1,外来,动物
1,外来,動物
1,外来,政权
1,外来,政權
2,外来,生物
1,外来,聖
1,外来,高爾夫
4,多,不愉快
4,多,事
1,多,人
1,多,公司
4,多,冬季
2,多,国家
2,多,國
2,多,國家
1,多,土地
1,多,大學
2,多,失誤
2,多,失误
2,多,山脈
2,多,工厂
2,多,工廠
4,多,市民
2,多,广告
2,多,廣告
4,多,月
2,多,机关
4,多,板式
2,多,機關
2,多,演說
4,多,自行车
4,多,航班
2,多,輪船
1,多,輻鰭魚
2,多,轮船
1,多,辐鳍鱼
2,多,音頻
2,多,音频
3,多数,人
2,多数,代表
2,多数,公民
1,多数,列車
1,多数,列车
1,多数,动物
1,多数,動物
2,多数,名人
1,多数,君
2,多数,地方
2,多数,宅第
2,多数,底片
2,多数,影片
1,多数,情况
1,多数,情況
1,多数,成员
1,多数,成員
1,多数,改变
1,多数,改變
1,多数,时候
1,多数,時候
1,多数,決定
2,多数,法律
2,多数,法案
2,多数,生物
2,多数,留学生
1,多数,礼车
1,多数,社团
1,多数,社團
1,多数,禮車
1,多数,虎鯨
1,多数,虎鲸
1,多数,音乐
1,多数,音樂
5,多數,人
1,多數,人数
1,多數,人數
2,多數,代表
2,多數,公民
1,多數,列車
1,多數,列车
1,多數,动物
1,多數,動物
2,多數,名人
1,多數,君
2,多數,地方
1,多數,地點
2,多數,宅第
1,多數,席位
2,多數,底片
2,多數,影片
1,多數,情况
1,多數,情況
1,多數,成员
1,多數,成員
1,多數,改变
1,多數,改變
1,多數,日間
1,多數,日间
1,多數,时候
1,多數,時候
1,多數,決定
2,多數,法律
2,多數,法案
2,多數,生物
2,多數,留学生
1,多數,礼车
1,多數,社团
1,多數,社團
1,多數,禮車
1,多數,虎鯨
1,多數,虎鲸
1,多數,音乐
1,多數,音樂
1,多样,經驗
1,多样,经验
1,多樣,經驗
1,多樣,綠色
1,多樣,经验
2,多雨,气候
2,多雨,氣候
1,夢幻,西游
1,夢幻,西遊
2,大,书院
4,大,人
2,大,來源
2,大,兄弟們
1,大,分別
4,大,名茶
1,大,問題
4,大,喜悦
4,大,城市
2,大,家猫
2,大,家貓
2,大,导演
2,大,導演
1,大,慶典
2,大,战舰
1,大,戰場
2,大,戰艦
2,大,手笔
2,大,手筆
2,大,改变
2,大,改變
4,大,救星
2,大,文学
2,大,文學
4,大,日出
1,大,明星
2,大,書院
4,大,月
1,大,本县
1,大,本縣
2,大,来源
4,大,桥梁
2,大,猫头鹰
1,大,球場
2,大,种
2,大,種
4,大,端
2,大,类
4,大,群
2,大,規模
2,大,规模
2,大,貓頭鷹
4,大,部分
2,大,類
2,大型,个体
2,大型,個體
4,大型,火箭
2,大型,項目
2,大型,项目
2,大多,仁
2,大多,动画
2,大多,動畫
4,大多,北京人
4,大多,名模
2,大多,工艺
2,大多,工藝
2,大多,細節
2,大多,细节
4,大大小小,河流
2,大大小小,联赛
2,大大小小,聯賽
4,大小,月
2,大小,树木
2,大小,樹木
1,大紅,裤子
1,大紅,褲子
1,大红,裤子
1,大红,褲子
4,大量,之前
2,大量,事件
4,大量,二氧化碳
4,大量,人殉
4,大量,份子
8,大量,作品
4,大量,佳作
2,大量,僱員
4,大量,兵力
2,大量,大学
2,大量,大學
4,大量,岩屋
4,大量,工人
4,大量,教徒
4,大量,武器
4,大量,海水
2,大量,海鳥
2,大量,海鸟
2,大量,特征
2,大量,特徵
2,大量,现象
2,大量,現象
4,大量,用地
1,大量,移民
2,大量,網友
2,大量,网友
4,大量,羊毛
4,大量,考究
2,大量,蒸气
2,大量,蒸氣
1,大量,視頻
1,大量,討論
2,大量,雇员
4,大量,雨林
4,大量,需求
2,大量,頻譜
2,大量,频谱
1,大量,馬匹
2,天然,人
4,天然,光源
2,天然,公園
2,天然,大师
2,天然,大師
2,天然,大眾
2,天然,树林
2,天然,樹林
4,天然,河川
4,天然,洗浴
4,天然,湖泊
2,天然,犹豫
2,天然,猶豫
2,天然,稅費
4,天然,色素
4,天然,酪梨
2,太多,机会
2,太多,機會
4,太大,出入
2,太平,天国
2,太平,天國
2,奇幻,小說
2,奇幻,小说
1,奇异,图案
1,奇异,圖案
2,奇异,流感
2,奇惯,动力
2,奇惯,動力
4,奇惯,想法
1,奇特,热学
1,奇特,熱學
1,奇特,部分
1,奇異,图案
1,奇異,圖案
2,奇異,流感
2,好,下场
2,好,下場
4,好,主意
4,好,介面
2,好,历史
2,好,品味
4,好,回忆
4,好,地方
2,好,天
4,好,女孩儿
4,好,女孩子
4,好,建议
4,好,思想
2,好,教义
2,好,教義
2,好,月
17,好,朋友
4,好,机会
2,好,歷史
2,好,民族
4,好,水域
4,好,水平
4,好,球员
4,好,社交
2,好,种
2,好,種
1,好,糖业
1,好,糖業
2,好,評價
2,好,评价
2,好,醫生
4,好吃,饭
4,好听,音乐
4,妥善,答案
2,妥善,运动
2,妥善,運動
2,孤立,區域
4,孤立,国家
2,孤立,徑
2,孤立,恥
4,孤立,語言
4,孤立,语言
2,安全,最終
2,安全,服务
2,安全,服務
8,安静,人
2,安静,公园
2,安静,公園
2,安静,导演
2,安静,導演
1,完備,理論
1,完備,理论
2,完全,代数
2,完全,代數
4,完全,性交
2,完全,至
2,完善,架构
2,完善,架構
1,完备,理論
1,完备,理论
2,完整,圆弧
2,完整,圓弧
2,完整,城墙
2,完整,城牆
2,完美,几何
2,完美,幾何
4,完美,理想
1,宏伟,建筑
1,宏伟,建築
1,宏偉,建筑
1,宏偉,建築
1,宏觀,理論
1,宏觀,理论
1,宏观,理論
1,宏观,理论
4,宏量,元素
2,定向,飛靶
2,定向,飞靶
4,定期,航班
2,宝贵,個
4,宝贵,梦想
4,宝贵,海
4,宝贵,经验
1,实用,机能
1,实用,機能
1,宽,民国
1,宽,民國
1,宽,物体
1,宽,物體
2,宽,走廊
1,宽厚,脚掌
1,宽厚,腳掌
2,宽广,平原
4,宽敞明亮,公寓
2,宽松,睡衣
1,寂寞,豬
2,密切,关系
2,密切,连络
2,密切,連絡
2,密切,關係
4,富有,先生
1,富裕,區域
2,寒冷,制作
2,寒冷,原因
2,寒冷,旋涡
2,寒冷,旋渦
1,寒冷,程度
2,寒冷,製作
1,實用,机能
1,實用,機能
1,寫實,風格
1,寫實,风格
1,寬,民国
1,寬,民國
1,寬,物体
1,寬,物體
2,寬,走廊
1,寬厚,脚掌
1,寬厚,腳掌
2,寬廣,平原
2,寬鬆,睡衣
2,对外,孔道
1,对外,貿易
1,对外,贸易
1,对应,符号
1,对应,符號
1,对生,叶序
1,对生,葉序
1,寻常,毀滅
1,寻常,毁灭
1,專制,統治
1,專制,统治
1,專有,名詞
1,專有,名词
2,專有,哺乳
1,專有,月
1,專業,市场
1,專業,市場
1,專業,技师
1,專業,技師
1,專業,翻譯
1,專業,翻译
1,專業,關係
1,專業,領域
1,專業,领域
1,專用,路权
1,專用,路權
1,專門,学科
1,專門,學科
1,尋常,毀滅
1,尋常,毁灭
2,對,米
2,對,靈感
2,對,面
1,對,音乐
1,對,音樂
2,對外,孔道
2,對外,貿易
1,對外,贸易
1,對應,符号
1,對應,符號
1,對生,叶序
1,對生,葉序
4,小,世界
2,小,个
2,小,位
2,小,個
4,小,地图
4,小,城市
4,小,快乐
4,小,要害
2,小,過來人
2,小,錢
2,小小,小男孩
2,小小,年齡
2,小小,年龄
4,小小,拘留
4,小小,误会
4,少,收获
2,少,綜合
2,少,综合
2,少数,人
2,少数,信
1,少数,变化
1,少数,对话
1,少数,對話
2,少数,文章
2,少数,民族
2,少数,草原
1,少数,變化
3,少數,人
2,少數,位置
2,少數,信
1,少數,变化
1,少數,名称
1,少數,名稱
1,少數,对话
1,少數,對話
1,少數,建築
2,少數,文章
1,少數,族裔
2,少數,民族
1,少數,災童
1,少數,灾童
1,少數,爵位
2,少數,草原
1,少數,變化
4,少量,污染
1,尷尬,局面
4,崴,路
1,巧妙,主席
1,巧妙,手法
1,巨大,义工
2,巨大,争议
2,巨大,反响
2,巨大,反響
2,巨大,发展
4,巨大,嘴
1,巨大,增長
1,巨大,壓力
4,巨大,成功
1,巨大,水池
2,巨大,爭議
2,巨大,發展
1,巨大,義工
2,巨大,背上
2,巨大,释放
2,巨大,釋放
2,市售,面皮
2,市售,麵皮
1,帥,事情
1,常用,名字
4,常用,天台
2,常用,燃气
2,常用,燃氣
4,常用,通道
1,常見,主干
1,常見,主幹
2,常見,例子
1,常見,候鳥
1,常見,候鸟
2,常見,其中
2,常見,品种
2,常見,品種
1,常見,問題
1,常見,張
1,常見,情况
1,常見,情況
1,常見,指标
1,常見,指標
2,常見,曲目
1,常見,气体
1,常見,氣體
2,常見,法律
1,常見,用詞
1,常見,用词
1,常見,种类
1,常見,程度
1,常見,種類
1,常見,腫瘤
1,常見,誘因
1,常見,诱因
2,常規,心里
1,常規,紋理
1,常規,纹理
1,常規,處罰
2,常见,例子
1,常见,候鳥
1,常见,候鸟
2,常见,其中
2,常见,品种
2,常见,品種
1,常见,張
1,常见,情况
1,常见,情況
1,常见,指标
1,常见,指標
2,常见,曲目
1,常见,气体
1,常见,氣體
1,常见,用詞
1,常见,用词
1,常见,种类
1,常见,種類
1,常见,誘因
1,常见,诱因
4,常量,元素
1,幅员辽阔,公园
1,幅员辽阔,公園
1,幅員遼闊,公园
1,幅員遼闊,公園
1,干净,声线
1,干净,聲線
4,干净,路
1,干旱,气候
1,干旱,氣候
2,干旱,眼罩
1,干燥,優勢
2,干燥,地方
2,干燥,夏天
2,干燥,旱季
4,平凡,人
2,平凡,殿
1,平和,民族
1,平和,長髮
1,平和,长发
2,平均,主席
4,平均,人次
2,平均,体制
2,平均,体重
2,平均,價格
1,平均,冲突
4,平均,勾手
1,平均,客机
1,平均,客機
4,平均,收入
2,平均,收敛
2,平均,收斂
1,平均,數據
1,平均,检阅
1,平均,檢閱
2,平均,民航
3,平均,水平
4,平均,水深
8,平均,流量
1,平均,溫度
2,平均,肺
1,平均,衝突
2,平均,長度
2,平均,长度
2,平均,體制
2,平均,體重
4,平常,次序
4,平等,代表
2,平等,保护
2,平等,保護
4,平等,保障
8,年均,流量
1,年輕,主体
1,年輕,主體
1,年輕,女孩
1,年輕,孩子
1,年輕,宣传
1,年輕,宣傳
1,年輕,寡婦
2,年輕,年
1,年輕,恆星
1,年輕,恒星
1,年輕,決定
1,年輕,球员
1,年輕,球員
1,年輕,男性
1,年輕,画家
1,年輕,畫家
1,年輕,軍官
1,年輕,電池
2,年輕,首相
1,年轻,主体
1,年轻,主體
1,年轻,宣传
1,年轻,宣傳
1,年轻,恆星
1,年轻,恒星
1,年轻,球员
1,年轻,球員
4,年轻,男孩子
1,年轻,画家
1,年轻,畫家
2,年轻,範疇
2,年轻,范畴
1,年轻,電池
2,年轻,首相
2,年青,代数
2,年青,代數
2,年青,球员
2,年青,球員
2,幸福,內
2,幸福,内
2,幸福,大選
4,幸福,家庭
4,幸福,对
4,幸福,时间
4,幸福,特性
2,幻险,交流
2,幻险,森林
2,幻險,交流
2,幻險,森林
1,幾乎,節目
1,幾乎,节目
1,广大,觀眾
1,广大,观众
1,广泛,传播
1,广泛,傳播
2,广泛,应用
2,广泛,應用
2,广泛,才能
1,广泛,破坏
1,广泛,破壞
1,广泛,种类
1,广泛,種類
1,广泛,臣
1,广泛,認知
1,广泛,认知
1,广泛,資源
1,广泛,资源
1,庄严,弥撒
1,庄严,彌撒
1,庞大,年譜
1,庞大,年谱
1,庞大,牺牲
1,庞大,犧牲
1,庞大,雨季
2,庞大,黑奴
1,废旧,物資
1,废旧,物资
1,廢舊,物資
1,廢舊,物资
1,廣大,基礎
2,廣大,密度
1,廣大,觀眾
1,廣大,观众
1,廣泛,传播
1,廣泛,傳播
2,廣泛,应用
2,廣泛,應用
2,廣泛,才能
1,廣泛,破坏
1,廣泛,破壞
1,廣泛,种类
1,廣泛,種類
1,廣泛,臣
1,廣泛,認知
1,廣泛,认知
1,廣泛,資源
1,廣泛,资源
1,廣闊,遺跡
2,开心,少女
2,异常,功能
1,异常,年
1,异常,情况
1,异常,情況
2,异曲同工,妙
2,弱小,对象
2,弱小,對象
2,弱小,熊只
2,弱小,熊隻
2,弱小,舰队
2,弱小,艦隊
2,弱小,重型
1,強,君子
1,強,戰鬥力
2,強,月
1,強,桥梁
1,強,橋樑
1,強勢,天敌
1,強勢,天敵
2,強大,技能
2,強大,民族
2,強大,沙丘
2,強烈,个
1,強烈,冲动
1,強烈,后来
1,強烈,寫作
1,強烈,对比
1,強烈,對比
2,強烈,年
1,強烈,後來
1,強烈,态度
2,強烈,感受
1,強烈,態度
1,強烈,慾望
2,強烈,批判
1,強烈,檔口
2,強烈,矛盾
1,強烈,衝動
2,強烈,風暴
2,強烈,风暴
2,強硬,心里
1,強硬,議員
1,強硬,议员
1,強硬,选区
1,強硬,選區
1,強硬,面
2,強韌,心
1,强势,天敌
1,强势,天敵
2,强大,技能
2,强大,民族
2,强大,沙丘
1,强烈,冲动
1,强烈,寫作
1,强烈,对比
1,强烈,對比
2,强烈,年
1,强烈,态度
2,强烈,感受
1,强烈,態度
2,强烈,批判
1,强烈,檔口
2,强烈,矛盾
1,强烈,衝動
2,强烈,風暴
2,强烈,风暴
2,强韧,心
1,当然,会员
1,当然,會員
1,当然,議員
1,当然,议员
2,彻底,改良
2,彻底,玫瑰
4,很多,城市
8,很大,不同
2,很大,争议
2,很大,分別
2,很大,分别
2,很大,問題
4,很大,地位
4,很大,城市
1,很大,壓力
1,很大,天
1,很大,岸
1,很大,影響
1,很大,意義
4,很大,成份
4,很大,成果
2,很大,权力
4,很大,模糊
2,很大,權力
2,很大,潛力
2,很大,潜力
2,很大,爭議
2,很大,破坏
2,很大,破壞
5,很大,程度
1,很大,立法會
2,很大,貢獻
2,很大,贡献
1,很大,赤字
4,很大,部分
2,很大,部隊
2,很大,釙
2,很大,问题
1,很大,需求
1,很大,頌
1,很大,餘地
2,很好,下
4,很好,朋友
1,很好,歌手
2,很小,範圍
2,很小,范围
8,很少,人
2,很少,时间
2,很少,時間
2,很強,意念
2,很强,意念
1,很棒,国会
1,很棒,國會
1,很棒,團隊
4,很深,信仰
1,很短,時間
1,很远,王国
1,很远,王國
1,很远,罰
1,很遠,王国
1,很遠,王國
1,很遠,罰
2,很長,婚姻
1,很長,时间
1,很長,時間
2,很长,婚姻
1,很长,时间
1,很长,時間
2,很高,票价
2,很高,票價
2,後,世界
1,後,個
1,得天独厚,条件
1,得天独厚,條件
1,得天獨厚,条件
1,得天獨厚,條件
1,得心应手,专家
1,得心应手,專家
1,得心應手,专家
1,得心應手,專家
4,微妙,感情
1,微小,塵埃
2,微小,形成
1,微小,變化
4,微量,元素
2,徹底,改良
2,徹底,玫瑰
2,必然,結果
2,必然,结果
4,必要,管理
2,必要,职员
2,必要,職員
1,必須,分数
1,必須,分數
1,必须,分数
1,必须,分數
1,忠誠,战士
1,忠誠,戰士
1,忠诚,战士
1,忠诚,戰士
4,快乐,月刊
2,快乐,行星
2,快乐,道
4,快樂,月刊
2,快樂,行星
2,快樂,道
2,快速,以南
2,快速,公寓
1,快速,增長
2,快速,宗
4,快速,方法
2,快速,系統
2,快速,系统
4,快速,通道
1,怀旧,游戏
1,怀旧,遊戲
1,怠慢,態度
1,怠慢,活动
1,怠慢,活動
4,性感,形象
2,怪奇,人
1,怪奇,物語
4,恐怖,事件
2,恐怖,差異
2,恐怖,攻击
2,恐怖,攻擊
4,恐怖,組織
2,恐怖,統治
4,恐怖,组织
2,恐怖,统治
2,恐怖,袭击
2,恐怖,襲擊
1,恐怖,風琴
1,恰當,儀式
1,恰當,神學
1,恶心,感覺
1,恶心,感觉
1,恶心,資格
4,悉心,照料
4,悠久,历史
4,悠久,歷史
2,惊人,一致
2,惊人,下图
2,惊人,下圖
1,惊人,举
4,惊人,举动
2,惊人,会议
2,惊人,大廈
2,惊人,會議
1,惊人,舉
2,惊讶,张
2,惊讶,張
4,惊讶,情景
1,惡劣,形式
1,惡劣,数量
1,惡劣,數量
4,愉快,旅行
2,愉快,系統
2,愉快,系统
4,愤怒,青年
2,慈善,秋
2,慈善,組織
2,慈善,组织
4,憤怒,青年
1,懷舊,游戏
1,懷舊,遊戲
2,成功,企业
2,成功,企業
2,成功,时候
1,成功,朋友
4,成功,歌手
1,成功,歌曲
3,成功,电影
1,成功,研發
1,成功,科学
1,成功,科學
2,成功,行动
2,成功,行動
2,成功,賽季
2,成功,赛季
4,成功,電影
1,成功,飲
4,成熟,男人
2,成熟,細胞
2,成熟,细胞
4,成熟,青年
4,所谓,一见钟情
2,抒情,路線
2,抒情,路线
4,折衷,策略
2,抽象,体系
2,抽象,體系
2,拥挤,街道
1,挤迫,情况
1,挤迫,情況
1,搖滾,乐团
1,搖滾,樂團
1,摇滚,乐团
1,摇滚,樂團
2,摩天,大楼
2,摩天,大樓
2,擁擠,街道
1,擠迫,情况
1,擠迫,情況
4,敏感,中
4,敏感,信息
4,整个,人
4,整个,玉衣
2,新,上场
2,新,上場
1,新,个
1,新,举动
1,新,人才
4,新,代
1,新,企业
1,新,企業
2,新,作品
2,新,來源
1,新,個
1,新,分區
1,新,创新
1,新,創新
1,新,可能
1,新,唱片
2,新,問吧
2,新,問題
4,新,土地
2,新,大学
2,新,大學
4,新,天
1,新,太阳
1,新,太陽
4,新,女朋友
2,新,妻
5,新,家
1,新,工具
2,新,年
2,新,建設
2,新,慈善
1,新,戏曲
1,新,戲曲
4,新,房子
2,新,技术
2,新,技術
1,新,挑戰
2,新,授意
1,新,方針
2,新,朋友们
1,新,期
2,新,来源
4,新,楼
2,新,次
2,新,歌
1,新,沼
1,新,渔业
1,新,港口
1,新,漁業
6,新,特色
4,新,玩法
1,新,球队
1,新,球隊
1,新,環境
4,新,男朋友
1,新,發展
2,新,矛盾
1,新,碟
1,新,种
1,新,種
1,新,立法
2,新,类型
4,新,联系
1,新,舉動
4,新,街道
1,新,訴訟
1,新,詔書
1,新,證據
2,新,議員
2,新,议员
1,新,诏书
1,新,負擔
2,新,通訊
2,新,通讯
4,新,銀行
2,新,鐵路
2,新,铁路
4,新,银行
2,新,问吧
2,新,问题
1,新,集
2,新,類型
2,新兴,教派
1,新旧,势力
1,新旧,勢力
1,新興,國家
2,新興,政治
2,新興,教派
1,新舊,势力
1,新舊,勢力
2,新鮮,信息
1,新鮮,柠檬
1,新鮮,檸檬
4,新鲜,中
2,新鲜,佞
2,新鲜,信息
4,新鲜,所
4,新鲜,教廷
1,新鲜,柠檬
1,新鲜,檸檬
12,新鲜,空气
1,无俚头,行为
1,无俚头,行為
2,无厘头,工程
1,无厘头,幫助
1,无厘头,新聞
1,无厘头,新闻
2,无双,模式
2,无声,步行
2,无尽,思念
4,无怨无悔,人生
1,无机,化学
1,无机,化學
2,无畏,忠信
1,无畏,总部
2,无畏,新村
1,无畏,總部
1,无线,網路
1,无线,网路
1,无辜,國民
1,无辜,民
4,无辜,生命
2,无辜,眼神
1,无限,下
1,无限,挑战
1,无限,挑戰
2,无限,精度
1,无限,聯盟
1,既定,議程
1,日常,事变
1,日常,事變
2,日常,公元
2,日常,小
2,日常,开支
2,日常,後
2,日常,機構
6,日常,生活
4,日常,語言
4,日常,语言
2,日常,開支
1,早些,時候
4,旺盛,活力
2,昂貴,整合
1,昂貴,標準
1,昂貴,設備
1,昂貴,设备
1,昂贵,設備
1,昂贵,设备
2,明显,不同
1,明显,变化
2,明显,疾病
1,明显,變化
1,明显,錯誤
1,明显,错误
4,明智,方式
1,明確,規定
2,明顯,不同
1,明顯,優勢
1,明顯,分隔
1,明顯,变化
1,明顯,措施
2,明顯,疾病
1,明顯,變化
1,明顯,跡象
1,明顯,錯誤
1,明顯,错误
2,显著,人
2,显著,提升
1,显著,缺点
1,显著,缺點
2,显著,能力
2,显赫,家族
2,普通,事
2,普通,人
4,普通,吉普
2,普通,宫人
2,普通,宮人
4,普通,平民
1,普通,时间
1,普通,時間
1,普通,球会
1,普通,球會
2,普通,節目
2,普通,节目
1,普通,賬戶
2,普通,門診
2,普通,门诊
4,普通,院校
4,普通,食物
2,普通,黨
2,普遍,习俗
4,普遍,信仰
2,普遍,时间
2,普遍,時間
2,普遍,習俗
4,普遍,蝴蝶
4,暖和,丈夫
4,暖和,气氛
4,暖和,研究
2,更低,係數
2,更低,內部
2,更低,内部
2,更低,平台
2,更低,平臺
2,更低,系数
2,更低,鬥志
2,更佳,組口
2,更佳,组口
4,更多,人
4,更多,人口
2,更多,公职
2,更多,公職
4,更多,化石
1,更多,工作
4,更多,平等
2,更多,建筑
2,更多,建築
4,更多,文章
2,更多,机会
2,更多,機會
4,更多,生命
2,更多,粮食
2,更多,糧食
2,更多,結果
2,更多,结果
4,更多,著作
2,更多,責任
2,更多,資訊
2,更多,资讯
1,更多,集团
1,更多,集團
4,更多,青年
2,更多,預算
2,更多,预算
1,更大,權力
1,更大,趨勢
2,更大,轟動
2,更大,轰动
4,更大,高度
1,更好,方法
4,更好,生活
1,更長,时间
1,更長,時間
1,更长,时间
1,更长,時間
4,更高,毫安
2,更高,片段
2,最低,個
2,最低,层
2,最低,層
4,最低,工資
4,最低,工资
2,最低,气压
2,最低,氣壓
2,最低,血压
2,最低,血壓
4,最佳,主角
1,最佳,作品
4,最佳,名人
2,最佳,导演
2,最佳,導演
4,最佳,年
4,最佳,影片
8,最佳,歌手
2,最佳,着装
2,最佳,著裝
4,最佳,配角
2,最后,年
1,最壞,军队
1,最壞,情況
1,最壞,軍隊
4,最多,土地
4,最多,次
2,最多,資源
2,最多,资源
2,最多,館藏
2,最多,馆藏
2,最大,分別
2,最大,分别
2,最大,动物
2,最大,动能
2,最大,势力
2,最大,動物
2,最大,動能
2,最大,勢力
1,最大,問題
1,最大,城市
4,最大,基地
2,最大,大学
2,最大,大學
1,最大,安慰
4,最大,宗
2,最大,宣誓
1,最大,市場
4,最大,引擎
4,最大,振幅
1,最大,本事
1,最大,樂
8,最大,水深
2,最大,海军
2,最大,海軍
4,最大,深度
4,最大,版本
4,最大,特色
2,最大,种
2,最大,種
2,最大,米
1,最大,議院
2,最大,讓步
2,最大,让步
1,最大,议院
2,最大,贏家
2,最大,赢家
1,最好,人才
4,最好,位置
2,最好,奖励
1,最好,後面
1,最好,情況
1,最好,机构
1,最好,機構
2,最好,獎勵
2,最好,自然
2,最宽,瀑布
2,最寬,瀑布
2,最小,地區
4,最小,弟弟
2,最小,能級
2,最小,能级
1,最後,宣誓
2,最後,年
1,最後,案發
2,最恶,人
2,最惡,人
1,最新,事件
2,最新,人
2,最新,制度
1,最新,大陆
1,最新,大陸
1,最新,天
1,最新,小說
1,最新,情況
1,最新,數據
8,最新,版本
1,最新,發布
2,最新,种
2,最新,種
1,最新,篇
1,最新,詞匯
1,最新,词汇
4,最新,那里
2,最早,債券
2,最早,国家
2,最早,國家
4,最早,城市
2,最早,培养
2,最早,培養
4,最早,天
2,最早,征兆
2,最早,徵兆
4,最早,教堂
4,最早,生物
2,最早,电台
4,最早,社群
2,最早,联军
2,最早,聯軍
2,最早,里
4,最早,重建
2,最早,電台
1,最热,地区
1,最热,地區
1,最热,学院
1,最热,學院
1,最热,科屬
1,最熱,地区
1,最熱,地區
1,最熱,学院
1,最熱,學院
1,最熱,科屬
1,最純,身
1,最純,金属
1,最純,金屬
1,最終,決定
1,最纯,身
1,最纯,金属
1,最纯,金屬
2,最近,个
2,最近,亲属
2,最近,個
4,最近,时间
4,最近,行星
2,最近,親屬
2,最近,車站
2,最近,车站
2,最近,開墾
1,最長,乐章
1,最長,地
2,最長,月
1,最長,樂章
1,最長,牙齒
1,最長,牙齿
2,最長,航程
1,最长,乐章
1,最长,地
2,最长,月
1,最长,樂章
1,最长,牙齒
1,最长,牙齿
2,最长,航程
1,最高,个
1,最高,仁
1,最高,個
2,最高,分数
2,最高,分數
4,最高,君主
2,最高,商圈
1,最高,场景
1,最高,場景
2,最高,奖品
2,最高,好友
1,最高,山峰
1,最高,座
1,最高,建築
8,最高,排名
1,最高,新聞
1,最高,新闻
2,最高,时速
2,最高,時速
4,最高,晚上
2,最高,期間
2,最高,期间
2,最高,机关
1,最高,检阅
2,最高,榮譽
2,最高,機關
1,最高,檢閱
2,最高,水准
1,最高,水平
2,最高,水準
2,最高,決定
6,最高,法庭
25,最高,法院
1,最高,溫度
2,最高,獎品
2,最高,等級
2,最高,等级
2,最高,紀錄
2,最高,纪录
1,最高,罰款
4,最高,色度
2,最高,荣誉
2,最高,資金
2,最高,资金
2,最高,部門
2,最高,部门
1,最高,限額
2,有关,世界
1,有关,个案
1,有关,個案
1,有关,內戰
1,有关,内战
2,有关,当局
1,有关,机构
1,有关,機構
1,有关,活動
2,有关,當局
1,有关,該州
1,有关,该州
1,有关,部門
1,有关,部门
2,有关,限制
1,有关,項目
1,有关,项目
1,有利,客运
1,有利,客運
2,有利,选择
2,有利,選擇
1,有利,選項
1,有力,證據
2,有名,世紀
2,有名,世纪
2,有名,保鏢
2,有名,保镖
2,有害,气体
2,有害,氣體
4,有效,工具
2,有效,打击
2,有效,打擊
2,有效,男生
1,有效,詞語
1,有效,词语
2,有效,負載
2,有效,负载
2,有效,运动
2,有效,運動
1,有效,防御
4,有期,徒刑
1,有机,化学
1,有机,化學
2,有机,合成
1,有机,茶叶
1,有机,茶葉
1,有機,化学
1,有機,化學
2,有機,合成
1,有機,茶叶
1,有機,茶葉
4,有用,技能
2,有用,資訊
2,有用,资讯
2,有趣,基础
2,有趣,基礎
2,有趣,床鋪
2,有趣,床铺
4,有趣,故事
2,有趣,方向
2,有關,下部
2,有關,世界
1,有關,个案
1,有關,人
1,有關,人員
1,有關,個案
1,有關,內戰
1,有關,公众
1,有關,公眾
1,有關,内战
1,有關,宣誓
2,有關,当局
1,有關,文件
2,有關,日
1,有關,机构
1,有關,條文
1,有關,機構
1,有關,活動
2,有關,當局
1,有關,石
1,有關,色
1,有關,討論
1,有關,該州
1,有關,議員
1,有關,该州
1,有關,部門
1,有關,部门
2,有關,限制
1,有關,項目
1,有關,项目
1,有限,保護
2,有限,兄
48,有限,公司
4,有限,工作
1,木製,看台
1,朴实,色調
1,朴实,色调
2,机动,作用
1,机动,游艇
1,机动,遊艇
1,杰出,剧集
1,杰出,劇集
1,杰出,家
1,杰出,服务
1,杰出,服務
1,杰出,貢獻
1,杰出,贡献
1,松散,传统
1,松散,傳統
2,松散,土石
2,极大,分歧
1,极大,差异
1,极大,差異
2,极端,例子
1,极细,線條
1,极细,线条
1,极细,週
2,极高,地位
4,柔弱,女子
4,柔弱,植物
2,柔弱,社会
2,柔弱,社會
2,标准,吉他
2,标准,版本
2,标准,程序
1,梦幻,西游
1,梦幻,西遊
2,棒,人
4,棒,任期
2,棒,国民
2,棒,國民
4,棒,城市
2,棒,海峡
2,棒,海峽
1,業餘,层面
1,業餘,層面
1,業餘,电台
1,業餘,道
1,業餘,電台
1,極佳,價值
1,極佳,条
1,極佳,條
2,極大,分歧
1,極大,差异
1,極大,差異
1,極大,影響
2,極端,例子
1,極細,線條
1,極細,线条
1,極細,週
2,極高,地位
2,樂觀,个
1,樂觀,態度
2,標準,吉他
2,標準,版本
2,標準,程序
1,樸實,色調
1,樸實,色调
2,機動,作用
1,機動,游艇
1,機動,遊艇
1,機密,信息
1,機密,歌
2,次要,新聞
2,次要,新闻
2,次要,目标
2,次要,目標
2,次要,道
2,歡樂,日
1,歡樂,鬧劇
4,正,中间
2,正,人
2,正常,友
4,正常,年
4,正常,库容
4,正常,庫容
2,正常,時候
1,正常,水平
2,正常,运作
2,正常,運作
4,正式,交流
2,正式,关系
4,正式,名称
4,正式,名稱
2,正式,報告
4,正式,女郎
2,正式,总统
2,正式,投資
2,正式,报告
2,正式,文件
3,正式,會議
1,正式,樂
1,正式,獎項
2,正式,疼痛
2,正式,紀錄
2,正式,總統
2,正式,纪录
1,正式,聲明
2,正式,關係
2,正当,事件
2,正当,手法
1,正当,条款
1,正当,條款
1,正版,唱片
2,正當,事件
2,正當,手法
1,正當,条款
1,正當,條款
1,正确,密码
1,正确,密碼
1,正確,基础
1,正確,基礎
1,正確,密码
1,正確,密碼
2,正確,故事
1,正確,方向
1,正確,組合
1,正確,賽事
1,正確,赛事
1,正確,車輛
1,正確,车辆
1,正統,教会
1,正統,教會
1,正统,教会
1,正统,教會
1,正規,印章
4,死,病
2,残余,太阳
1,残余,现象
1,残余,現象
1,残忍,事实
1,残忍,事實
1,残忍,导演
1,残忍,導演
2,残暴,平方公里
2,残暴,私刑
2,残破,情形
2,残酷,迫害
1,殘忍,事实
1,殘忍,事實
1,殘忍,导演
1,殘忍,導演
2,殘暴,平方公里
2,殘暴,私刑
2,殘破,情形
2,殘酷,迫害
2,殘餘,太阳
1,殘餘,现象
1,殘餘,現象
4,毒舌,年
2,毒舌,網友
2,毒舌,网友
2,毒舌,高中
1,沈重,戲劇
2,沿海,企业
2,沿海,企業
12,沿海,城市
2,泛滥,水域
2,泛濫,水域
2,洶湧,海拔
1,洶湧,眼淚
2,活灵活现,演出
2,活靈活現,演出
2,流行,公元
4,流行,文化
2,流行,时尚
2,流行,時尚
4,流行,歌手
4,流行,王朝
4,流行,玫瑰
2,流行,組合
2,流行,组合
2,流行,音乐
2,流行,音樂
2,浓密,皮毛
4,浪漫,修学
1,浪漫,債務
2,浪漫,公园
2,浪漫,公園
1,浪漫,农奴
2,浪漫,国家
2,浪漫,國家
4,浪漫,小伙子
4,浪漫,方式
4,浪漫,日
4,浪漫,气氛
4,浪漫,海边
2,浪漫,窗
1,浪漫,農奴
2,深,共和黨
4,深,印象
4,深,地底
2,深入,認識
2,深入,认识
8,深刻,印象
4,深刻,海岸
2,深刻,需求
3,深远,影响
3,深远,影響
2,深远,福
3,深遠,影响
3,深遠,影響
2,深遠,福
1,混亂,情況
1,混亂,月
2,混沌,健康
1,混沌,君
1,混沌,系統
4,清新,新作
2,清明,实数
2,清明,實數
4,清明,水
2,清明,联赛
2,清明,聯賽
2,清澈如水,现
2,清澈如水,現
4,清澈如水,眼睛
2,清澈如水,閒話
2,清純,形象
1,清純,模样
1,清純,模樣
2,清纯,形象
1,清纯,模样
1,清纯,模樣
1,清醒,頭腦
2,温和,形象
4,温婉,性格
4,温婉,足球
1,温柔,國家
1,温柔,女儿
1,温柔,女兒
1,温柔,領土
1,準確,大会
1,準確,大會
1,準確,年份
2,溫和,形象
1,溫和,成员
1,溫和,成員
2,溫和,次
1,溫和,氣候
1,溫柔,國家
1,溫柔,女儿
1,溫柔,女兒
1,溫柔,成员
1,溫柔,成員
1,溫柔,議員
1,溫柔,议员
1,溫柔,面
1,溫柔,領土
4,滑稽,小兔
2,滚热,人
2,滚热,德
2,滚热,性別
2,滚热,性别
4,滚热,菜
2,漂亮,女优
2,漂亮,女優
2,漂亮,樂
4,漂亮,礼服
2,漫長,冬季
1,漫長,岁月
1,漫長,旅程
1,漫長,歲月
1,漫長,病人
2,漫长,冬季
1,漫长,岁月
1,漫长,歲月
1,漫长,病人
2,潮湿,冬天
1,潮湿,气候
1,潮湿,氣候
2,潮濕,冬天
1,潮濕,气候
1,潮濕,氣候
1,激烈,地區
2,激烈,战争
2,激烈,戰爭
1,激烈,本線
1,激烈,本线
2,激烈,竞争
2,激烈,竞选
2,激烈,競爭
2,激烈,競選
1,激烈,鬥爭
2,激进,人士
1,激進,事業
2,激進,人士
1,激進,派
2,濃密,皮毛
1,灵异,现象
1,灵异,現象
2,点,意味
2,热心,人士
4,热门,游乐器
2,热门,金属
2,热门,金屬
1,無俚頭,行为
1,無俚頭,行為
2,無厘頭,工程
1,無厘頭,幫助
1,無厘頭,新聞
1,無厘頭,新闻
1,無機,化学
1,無機,化學
1,無理,質疑
2,無畏,忠信
1,無畏,总部
2,無畏,新村
1,無畏,總部
2,無盡,思念
1,無線,網路
1,無線,网路
2,無聲,步行
1,無辜,國民
1,無辜,民
4,無辜,生命
2,無辜,眼神
1,無限,下
1,無限,挑战
1,無限,挑戰
1,無限,數據
2,無限,日期
1,無限,第
2,無限,精度
1,無限,聯盟
2,無限,那时
2,無雙,模式
4,熟悉,基地
4,熟悉,都督
1,熟練,工人
1,熟練,战争
1,熟練,戰爭
2,熱心,人士
1,熱烈,討論
1,特別,个
1,特別,人
1,特別,個
3,特別,助理
1,特別,名
1,特別,單元
1,特別,安排
1,特別,斗争
2,特別,映射
1,特別,符号
1,特別,符號
1,特別,經驗
1,特別,路線
1,特別,路线
1,特別,顧問
1,特別,顾问
1,特別,鬥爭
1,特别,个
1,特别,個
2,特别,助理
1,特别,名
1,特别,符号
1,特别,符號
1,特别,路線
1,特别,路线
1,特别,顧問
1,特别,顾问
28,特大,城市
2,特定,主題
2,特定,主题
4,特定,人群
4,特定,值
4,特定,十字
2,特定,問題
2,特定,市场
2,特定,市場
2,特定,情節
2,特定,情节
2,特定,时间
2,特定,時間
2,特定,机器
2,特定,機器
2,特定,状态
2,特定,狀態
2,特定,車序
2,特定,车序
2,特定,问题
2,特异,功能
2,特快,电车
4,特快,部分
2,特快,電車
2,特有,鳥種
2,特有,鸟种
4,特殊,位置
4,特殊,情况
4,特殊,情況
4,特殊,意味
4,特殊,才能
4,特殊,技能
2,特殊,死
2,特殊,津貼
2,特殊,津贴
2,特殊,状况
2,特殊,狀況
2,特殊,生
4,特殊,眼睛
2,特殊,組織
2,特殊,經驗
2,特殊,组织
2,特殊,经验
2,特殊,貪瀆
2,特殊,贪渎
1,特殊,閏月
2,特異,功能
1,特种,潛艇
1,特种,潜艇
1,特种,部队
1,特种,部隊
1,特種,潛艇
1,特種,潜艇
1,特種,部队
1,特種,部隊
1,狂乱,状态
1,狂乱,狀態
1,狂亂,状态
1,狂亂,狀態
1,狂熱,吉他手
1,狂熱,数学
1,狂熱,數學
4,狡猾,人
2,独一无二,要素
1,独具一格,茶館
1,独具一格,茶馆
2,独特,个
1,独特,佈局
1,独特,处
1,独特,天
1,独特,布局
1,独特,条件
1,独特,條件
2,独特,民族
2,独特,演出
1,独特,聖
1,独特,處
1,独特,風格
1,独特,风格
1,独立,人
2,独立,作家
1,独立,国家
1,独立,國家
1,独立,姿态
1,独立,姿態
2,独立,宇宙
2,独立,旅
2,独立,洋房
1,独立,王国
1,独立,王國
1,独立,當時
2,独立,群落
2,独自,政治
1,狭小,學習
2,狭小,道路
4,狭窄,耐旱
4,狭窄,胡同
1,狹小,學習
2,狹小,道路
2,猛烈,大学
2,猛烈,大學
2,猛烈,轟炸
2,猛烈,轰炸
2,猛烈,鉛礦
2,獨一無二,要素
1,獨具一格,茶館
1,獨具一格,茶馆
2,獨特,个
1,獨特,佈局
1,獨特,处
1,獨特,天
1,獨特,布局
1,獨特,条件
1,獨特,條件
2,獨特,民族
2,獨特,演出
1,獨特,聖
1,獨特,處
1,獨特,風格
1,獨特,风格
1,獨立,人
2,獨立,作家
1,獨立,国家
1,獨立,國家
1,獨立,姿态
1,獨立,姿態
2,獨立,宇宙
2,獨立,旅
2,獨立,洋房
1,獨立,王国
1,獨立,王國
1,獨立,當時
2,獨立,群落
2,獨自,政治
1,现今,电铁
1,现今,電鐵
4,现场,代孕
4,现场,影集
4,现场,音乐
1,現今,电铁
1,現今,電鐵
4,理性,人
2,理想,时代
2,理想,時代
4,甚多,器物
1,生动,情節
1,生动,情节
2,生动,故事
1,生動,情節
1,生動,情节
2,生動,故事
2,由衷,讚賞
2,由衷,赞赏
1,电动,楼梯
1,电动,樓梯
2,異常,功能
1,異常,年
1,異常,情况
1,異常,情況
2,異曲同工,妙
1,當然,会员
1,當然,會員
1,當然,議員
1,當然,议员
4,痛心疾首,情
1,瘋狂,机车
1,瘋狂,機車
1,瘋狂,程度
1,瘋狂,課程
1,瘋狂,课程
1,發達,国家
2,發達,國家
2,發達,学校
1,發達,状态
1,發達,狀態
4,盛大,代表
2,盛大,賽會
2,盛大,赛会
1,直接,东区
4,直接,关系
1,直接,命令
2,直接,技术
2,直接,技術
1,直接,東區
2,直接,电池
1,直接,聯繫
2,直接,記載
2,直接,记载
4,直接,關係
2,直接,電池
4,直立,耳朵
2,直系,以往
2,直系,军阀
2,直系,后人
2,直系,後人
2,直系,步
2,直系,軍閥
12,相互,作用
2,相似,丈
4,相似,事情
6,相似,处
1,相似,恶龙
1,相似,惡龍
2,相似,状态
2,相似,狀態
4,相似,矩阵
4,相似,矩陣
8,相似,處
4,相似,角
2,相关,事务
2,相关,事務
1,相关,事項
1,相关,事项
1,相关,人
1,相关,企业
1,相关,企業
1,相关,决策
1,相关,問題
2,相关,工程
1,相关,应用
1,相关,應用
2,相关,持有
1,相关,新聞
1,相关,新闻
1,相关,決策
1,相关,沼
2,相关,知識
2,相关,知识
2,相关,研究
1,相关,种植
1,相关,種植
1,相关,突变
1,相关,突變
1,相关,药品
1,相关,藥品
2,相关,部分
1,相关,部門
1,相关,部门
1,相关,问题
4,相反,事
2,相反,原住民
2,相反,态度
2,相反,態度
4,相反,月
2,相反,視頻
2,相反,视频
4,相同,分子
4,相同,原理
4,相同,活性
2,相同,物价
2,相同,物價
2,相同,特征
2,相同,特徵
1,相同,趨勢
4,相同,速度
2,相对,位置
1,相对,哲学
1,相对,哲學
2,相对,方式
2,相對,位置
1,相對,哲学
1,相對,哲學
2,相對,方式
1,相异,处
1,相异,處
1,相当,形式
1,相当,数量
1,相当,數量
1,相異,处
1,相異,處
1,相當,形式
1,相當,数量
1,相當,數量
4,相等,意思
1,相關,copy
2,相關,事务
2,相關,事務
1,相關,事項
1,相關,事项
1,相關,人
1,相關,人情
1,相關,企业
1,相關,企業
2,相關,冬季
1,相關,决策
1,相關,問題
1,相關,單曲
1,相關,大使
2,相關,工程
1,相關,年
1,相關,应用
1,相關,总站
1,相關,應用
2,相關,持有
2,相關,文件
1,相關,新聞
1,相關,新闻
2,相關,歌手
1,相關,決策
1,相關,沼
1,相關,法例
1,相關,演說
1,相關,物品
2,相關,知識
2,相關,知识
2,相關,研究
1,相關,种植
1,相關,種植
1,相關,突变
1,相關,突變
1,相關,總站
1,相關,药品
1,相關,藥品
1,相關,說客
2,相關,部分
1,相關,部門
1,相關,部门
1,相關,问题
1,相關,音頻
1,相關,音频
1,相關,鼈
2,真假,記錄
2,真假,记录
2,真好,音乐
2,真好,音樂
4,真实,人物
2,真实,公里
2,真实,姓名
1,真实,形态
1,真实,形態
4,真实,故事
4,真实,身份
1,真实,門
1,真实,门
2,真實,人民
4,真實,人物
2,真實,公里
2,真實,姓名
1,真實,小說
1,真實,小说
1,真實,形态
1,真實,形態
1,真實,意圖
5,真實,故事
4,真實,身份
1,真實,門
1,真實,门
4,真正,世子
2,真正,国
2,真正,國
2,真正,政体
2,真正,政體
2,真正,物种
2,真正,物種
4,真正,王子
2,真正,要员
2,真正,要員
8,真正,身份
1,眾多,书迷
1,眾多,宠臣
2,眾多,寓所
1,眾多,寵臣
1,眾多,書迷
1,眾多,發言
2,矛盾,世界
1,矛盾,問題
1,矛盾,德
1,矛盾,沼
4,知名,作家
2,知名,医院
2,知名,區域
1,知名,君
4,知名,国家
2,知名,布库
2,知名,布庫
2,知名,徑
2,知名,恥
1,知名,成就
2,知名,球队
2,知名,球隊
4,知名,螃蟹
2,知名,詩人
2,知名,語言
2,知名,诗人
2,知名,语言
2,知名,醫院
2,短,时间
2,短,時間
2,短少,居留權
4,短少,收入
4,短短,天
4,短短,年
1,石製,墓塚
1,石製,水池
1,破旧,窑洞
1,破旧,窯洞
1,破破爛爛,气候
1,破破爛爛,氣候
1,破舊,当时
1,破舊,當時
1,破舊,窑洞
1,破舊,窯洞
1,破舊,軍營
2,破落,貴族
2,破落,贵族
4,硬,木材
2,确实,年代
2,確實,年代
1,神圣,个
1,神圣,個
4,神圣,城市
3,神圣,帝国
3,神圣,帝國
1,神圣,球状
1,神圣,球狀
2,神圣,皇帝
2,神圣,等
2,神奇,书
8,神奇,宝贝
8,神奇,寶貝
2,神奇,書
2,神秘,主义
2,神秘,主義
1,神秘,傳統
2,神秘,召唤
2,神秘,召喚
2,神秘,状态
2,神秘,狀態
4,神秘,租客
2,神秘,門
1,神聖,个
1,神聖,個
3,神聖,帝国
4,神聖,帝國
1,神聖,球状
1,神聖,球狀
2,神聖,皇帝
2,神聖,等
1,私人,俱樂部
5,私人,公司
1,私人,國
12,私人,屋苑
4,私人,底稿
4,私人,恩怨
4,私人,手
4,私人,政府
1,私人,时
1,私人,時
1,私人,活動
2,私人,牧场
2,私人,牧場
4,私人,物品
2,私人,系統
1,私人,關係
4,私家,包衣
2,私有,財產
2,私有,财产
1,私營,人数
1,私營,人數
1,私營,企業
2,私立,大学
2,私立,大學
2,秘密,会谈
2,秘密,會談
1,积极,东方
4,积极,性格
1,积极,東方
1,积极,調整
1,积极,调整
4,稀有,碎片
4,稀有,程度
1,稳妥,办法
1,稳妥,辦法
2,稳定,状态
2,稳定,狀態
2,稳定,軌道
2,稳定,轨道
1,積極,东方
1,積極,分子
1,積極,東方
1,積極,調整
1,積極,调整
1,積極,防衛
1,穩妥,办法
1,穩妥,辦法
1,穩定,區域
1,穩定,卖场
1,穩定,吹拂
1,穩定,平衡
2,穩定,状态
2,穩定,狀態
1,穩定,賣場
2,穩定,軌道
2,穩定,轨道
1,穩步,增長
2,究竟,解脫
2,究竟,解脱
2,穷苦,家庭
2,空,亲友
4,空,地
4,空,座位
2,空,親友
2,空,觀點
2,空,观点
4,空前,成功
4,空前,浩劫
4,突出,地位
2,突出,数学
2,突出,數學
2,突出,貢獻
2,突出,贡献
4,突然,死亡
1,窄窄,屏條
2,窮苦,家庭
1,第31,位
2,第31,大碟
1,第45,任
1,第45,同学
1,第45,同學
1,第96,位
3,第一,人
4,第一,仙女
1,第一,份
2,第一,位
1,第一,俗
1,第一,信
6,第一,個
1,第一,公
1,第一,制药
2,第一,北道
1,第一,台风
2,第一,問題
1,第一,囿
1,第一,國際
1,第一,地位
1,第一,夫人
8,第一,女朋友
1,第一,學
1,第一,小時
1,第一,小說
1,第一,小说
1,第一,屆
6,第一,年
2,第一,急诊室
1,第一,性
1,第一,批
2,第一,改革
1,第一,政
1,第一,教师
1,第一,教師
4,第一,文化
2,第一,旗
1,第一,根
3,第一,條
1,第一,棬
1,第一,樂
26,第一,次
1,第一,款
1,第一,气压
1,第一,氣壓
4,第一,海外
1,第一,版
1,第一,电脑
1,第一,當時
4,第一,眼
1,第一,肉
1,第一,肠道
1,第一,腸道
2,第一,色
1,第一,行為
1,第一,製藥
1,第一,規定
1,第一,觀眾
1,第一,設計
1,第一,課堂
1,第一,議員
1,第一,设计
1,第一,课堂
1,第一,路線
1,第一,路线
1,第一,邊境
1,第一,部分
1,第一,鐵路
1,第一,铁路
2,第一,际
3,第一,階段
2,第一,際
1,第一,電腦
1,第一,颱風
2,第一,首
2,第一,點
2,第七,年
1,第七,言
1,第七,題
1,第七十一,條
1,第三,個
1,第三,唱片
1,第三,大學
1,第三,天
1,第三,工人
2,第三,年
1,第三,建筑
1,第三,建築
1,第三,張
2,第三,方
1,第三,次
1,第三,秘書長
1,第三,車
1,第三,點
1,第二,下
2,第二,个
1,第二,事
1,第二,人
1,第二,位
1,第二,信
2,第二,個
1,第二,則
1,第二,卡
1,第二,名
2,第二,問題
1,第二,塊
4,第二,天
1,第二,季
2,第二,年
1,第二,後
1,第二,政府
1,第二,故
2,第二,方蟹
1,第二,旅
4,第二,次
1,第二,款
1,第二,正義
1,第二,民
1,第二,滴
1,第二,獻
2,第二,现在
1,第二,船体
1,第二,船體
1,第二,裡面
1,第二,足
1,第二,邊界
1,第二,邦
1,第二,部分
1,第二,里面
2,第二,金字
2,第二,階段
1,第二,首
1,第二,點
2,第十二,措施
1,第十二,斂
2,第十二,條
1,第十二,父
1,第四,天
1,第四,家
1,第四,服务
1,第四,服務
2,第四,條
4,等位,基因
1,简单,手枪
1,简单,手槍
1,简单,游戏
1,简单,矩阵
1,简单,矩陣
1,简单,遊戲
1,简易,密码
1,简易,密碼
1,简约,剧场
1,简约,劇場
1,簡單,手枪
1,簡單,手槍
1,簡單,游戏
1,簡單,矩阵
1,簡單,矩陣
1,簡單,程序
1,簡單,遊戲
1,簡易,密码
1,簡易,密碼
1,簡約,剧场
1,簡約,劇場
2,类似,型式
2,类似,外形
1,粗疏,情況
2,精密,制造
2,精密,製造
2,精彩,行政
1,精彩,表現
4,精彩绝伦,比赛
4,精心,安排
1,精确,打击
1,精确,打擊
2,精确,解
1,精確,打击
1,精確,打擊
2,精確,解
1,精確,計時
4,精美,器物
4,精采,人生
1,精銳,母亲
1,精銳,母親
2,精銳,等
1,精銳,騎兵
1,精銳,骑兵
1,精锐,母亲
1,精锐,母親
2,精锐,等
1,精锐,騎兵
1,精锐,骑兵
2,糟糕,主席
4,糟糕,事
1,糟糕,事业
1,糟糕,事業
2,糟糕,声誉
4,糟糕,天气
1,糟糕,天氣
1,糟糕,头条
2,糟糕,彩色
4,糟糕,月
1,糟糕,狀況
2,糟糕,聲譽
2,糟糕,鞹
2,糟糕,音
1,糟糕,頭條
1,紧密,個
2,紧密,联系
1,紧密,聯系
1,紧密,聯繫
1,紧张,局势
1,紧张,局勢
1,紧张,情势
1,紧张,情勢
1,細,横带
1,細,橫帶
2,細小,喙
1,細小,学者
1,細小,學者
1,細小,木
2,細小,狐狸
2,細小,狗
1,細小,猎物
1,細小,獵物
1,細小,震盪
1,細小,震荡
1,細微,变化
1,細微,變化
1,細微,顆粒
1,細緻,理論
1,細緻,理论
1,細緻,設計
1,細緻,设计
1,細膩,描写
1,細膩,描寫
1,絕佳,時間段
2,絕佳,法庭
1,絕大,子
1,絕大,建筑
1,絕大,建築
1,絕妙,挑戰
2,絕妙,时候
2,絕對,年
2,絕對,度
8,絕對,星等
2,絕對,月
1,絕對,面积
1,絕對,面積
2,絕望,先生
1,經典,司鐸
1,經典,司铎
1,經典,譯名
1,經典,译名
1,緊密,個
2,緊密,联系
1,緊密,聯系
1,緊密,聯繫
1,緊張,局势
1,緊張,局勢
1,緊張,情势
1,緊張,情勢
1,緊張,關係
1,緊急,情況
2,緊湊,元
1,緊湊,車型
2,緩慢,速度
2,繁忙,賽事
2,繁忙,赛事
1,繼續,推进
1,繼續,推進
4,红色,运动衣
1,细,横带
1,细,橫帶
2,细小,喙
1,细小,学者
1,细小,學者
1,细小,木
2,细小,狐狸
2,细小,狗
1,细小,猎物
1,细小,獵物
1,细小,震盪
1,细小,震荡
1,细微,变化
1,细微,變化
1,细腻,描写
1,细腻,描寫
1,细致,理論
1,细致,理论
1,细致,設計
1,细致,设计
1,经典,司鐸
1,经典,司铎
1,经典,譯名
1,经典,译名
1,绝大,子
1,绝大,建筑
1,绝大,建築
2,绝对,年
2,绝对,度
8,绝对,星等
2,绝对,月
1,绝对,面积
1,绝对,面積
2,绝望,先生
1,继续,推进
1,继续,推進
2,缓慢,速度
2,罕有,矿石
2,罕有,礦石
2,罕見,家
1,罕見,情況
1,罕見,现象
1,罕見,現象
1,罕见,现象
1,罕见,現象
1,美丽,园丁
1,美丽,園丁
2,美丽,城鎮
2,美丽,城镇
4,美丽,天气
2,美丽,惡
4,美丽,景色
4,美丽,物流
2,美丽,玩具
4,美丽,风景
1,美麗,代
1,美麗,园丁
1,美麗,園丁
2,美麗,玩具
4,羞怯,人
1,老,輩
2,老式,专辑
2,老式,專輯
4,老弱,道士
2,肥硕,蛋糕
2,肥碩,蛋糕
4,肥胖,男子
1,肮脏,市区
1,肮脏,市區
2,脆弱,批
2,脆弱,月
1,脆弱,系統
1,臨時,大綱
1,臨時,大纲
1,臨時,建筑
1,臨時,建築
1,臨時,总统
1,臨時,戏院
1,臨時,戲院
2,臨時,房屋
4,臨時,政府
1,臨時,總統
2,臨時,首都
1,自动,心
2,自动,格档
2,自动,格檔
1,自动,證書
1,自动,轉移
1,自动,转移
1,自動,地
1,自動,心
2,自動,格档
2,自動,格檔
1,自動,證書
1,自動,轉移
1,自動,转移
1,自滿,精英
2,自然,写作
2,自然,寫作
2,自然,月
2,自然,条件
2,自然,條件
2,自然,邑
4,自由,作家
8,自由,粒子
1,自負,人
1,自負,后来
1,自負,後來
2,自負,性格
1,自负,后来
1,自负,後來
2,自负,性格
1,臭,乞丐
1,臭,學習
1,至亲,壮汉
1,至亲,壯漢
2,至亲,骨肉
1,至关重要,头槌
1,至关重要,頭槌
1,至親,壮汉
1,至親,壯漢
2,至親,骨肉
1,至關重要,头槌
1,至關重要,頭槌
1,致命,后段
4,致命,呼叫
1,致命,後段
1,致命,擊
4,致命,武器
2,興奮,心情
1,舉世矚目,创新
1,舉世矚目,創新
1,舉世矚目,家
2,舒适,座椅
1,舒适,食
2,舒適,座椅
1,舒適,食
2,良好,关系
2,良好,委員會
4,良好,年
1,良好,形勢
1,良好,心
4,良好,效果
8,良好,教育
2,良好,机制
2,良好,機制
1,良好,過程
2,良好,關係
2,良性,互动
2,良性,互動
2,艰巨,使命
2,艰苦,生活
1,艰难,时期
1,艰难,時期
1,艰难,选区
1,艰难,選區
2,艱巨,使命
2,艱苦,生活
1,艱難,时期
1,艱難,時期
1,艱難,选区
1,艱難,選區
2,色情,教学
2,色情,教學
4,色情,物品
4,英俊,手下
2,英勇,将领
2,英勇,將領
1,草根,新军
1,草根,新軍
1,草根,起源
2,荒芜,世界
2,荒蕪,世界
1,莊嚴,同盟
1,莊嚴,地方
1,莊嚴,弥撒
1,莊嚴,彌撒
1,莫大,關係
3,著名,人
4,著名,人物
4,著名,公司
1,著名,变化
4,著名,喙
2,著名,地点
2,著名,地點
4,著名,城市
2,著名,大学
2,著名,大學
2,著名,学者
2,著名,學者
2,著名,导演
2,著名,導演
4,著名,成员
4,著名,成員
1,著名,文明
2,著名,木
2,著名,演员
2,著名,演員
4,著名,狐狸
2,著名,电影
4,著名,眼前
1,著名,肃宗
1,著名,肅宗
4,著名,草甸
1,著名,變化
2,著名,輿
2,著名,電影
2,著名,領袖
2,著名,领袖
2,蓝宝石色,实数
2,蓝宝石色,實數
4,蓝宝石色,水
2,蓝宝石色,联赛
2,蓝宝石色,聯賽
2,虔誠,教徒
2,虔诚,教徒
2,虚拟,主角
2,虚拟,基底
1,虚拟,换乘
1,虚拟,換乘
2,虛擬,主角
2,虛擬,基底
1,虛擬,换乘
1,虛擬,換乘
2,複合,母音
1,複雜,內容
1,複雜,内容
1,複雜,問題
1,複雜,情緒
1,複雜,情绪
1,複雜,问题
1,親密,关系
1,親密,關係
1,詳細,檢查
2,諸多,湖泊
1,諸多,責難
1,諸多,责难
4,详细,性能
2,详细,秘书
2,详细,秘書
2,详细,聯邦
4,详细,计划
2,诸多,湖泊
1,诸多,責難
1,诸多,责难
1,豐厚,品牌
1,豐厚,奖金
1,豐厚,獎金
2,豐富,成分
1,豐盛,奖品
1,豐盛,汽車
1,豐盛,獎品
1,豪华,人
1,豪华,单位
1,豪华,單位
2,豪华,洋房
1,豪華,人
1,豪華,单位
1,豪華,單位
2,豪華,洋房
1,負面,影响
1,負面,影響
1,貧乏,內容
1,貧乏,内容
2,貼身,侍女
1,資深,专家
1,資深,專家
1,資深,师傅
1,資深,師傅
1,資深,投票
1,负面,影响
1,负面,影響
1,贫乏,內容
1,贫乏,内容
2,贴身,侍女
1,资深,专家
1,资深,專家
1,资深,师傅
1,资深,師傅
1,资深,投票
2,超导,特性
2,超導,特性
2,超強,引力
2,超强,引力
4,超然,幸福
1,超級,人
2,超級,北京人
2,超級,名模
2,超級,市场
2,超級,市場
2,超級,年
2,超級,月
2,超級,楼下
1,超級,母
1,超級,球会
1,超級,球會
1,超級,英雄
1,超級,車迷
1,超級,车迷
1,超級,錦標賽
2,超级,北京人
2,超级,名模
2,超级,市场
2,超级,市場
1,超级,球会
1,超级,球會
1,超级,車迷
1,超级,车迷
2,越低,水温
2,越低,水溫
2,足够,其中
1,足够,时间
1,足够,時間
1,足夠,丝绸
1,足夠,保護
2,足夠,其中
1,足夠,时间
1,足夠,時間
1,足夠,絲綢
1,跨国,企业
1,跨国,企業
2,跨国,公司
2,跨国,凌晨
1,跨國,企业
1,跨國,企業
2,跨國,公司
2,跨國,凌晨
2,躁动,年代
2,躁動,年代
1,較低,收入
1,較低,收益
1,較低,說法
1,較低,说法
2,較厚,油脂
1,較大,动物
1,較大,動物
2,較大,市
2,較大,盆子
1,較大,貢獻
1,較大,贡献
1,較小,車窗
1,較小,车窗
1,較早,为数
1,較早,時候
1,較早,為數
2,較晚,名
1,較晚,日期
1,較晚,类
2,較晚,身材
1,較晚,類
1,較舊,區域
2,較長,航程
1,較高,制造
1,較高,档次
1,較高,檔次
2,較高,糖份
1,較高,职位
1,較高,職位
1,較高,製造
2,较厚,油脂
1,较大,动物
1,较大,動物
2,较大,市
2,较大,盆子
1,较大,貢獻
1,较大,贡献
1,较小,車窗
1,较小,车窗
2,较长,航程
1,较高,制造
1,较高,档次
1,较高,檔次
2,较高,糖份
1,较高,职位
1,较高,職位
1,较高,製造
4,迅速,发展
4,迅速,發展
2,迅速,過往
1,过冷,液态
1,过冷,液態
1,过多,干預
1,过多,干预
1,过度,兴奋
1,过度,興奮
1,过敏,症状
1,过敏,癥狀
2,近期,說法
2,近期,说法
1,连环,图画
1,连环,圖畫
1,连续,出賽
1,连续,出赛
1,连续,剧情
1,连续,劇情
2,连续,身份
2,连续,集合
1,连身,動物
2,连身,扼止
2,连锁,反映
1,迥异,風格
1,迥异,风格
1,迥異,風格
1,迥異,风格
2,迷幻,乐团
2,迷幻,搖滾
2,迷幻,摇滚
2,迷幻,樂團
1,适当,年
1,适当,軟體
1,适当,软体
2,透明,审判
2,透明,審判
2,通俗,演义
2,通俗,演義
2,通常,变数
4,通常,情况
4,通常,情況
4,通常,祖先
2,通常,變數
2,通用,解释
2,通用,解釋
1,連環,图画
1,連環,圖畫
1,連續,出賽
1,連續,出赛
1,連續,剧情
1,連續,劇情
2,連續,身份
2,連續,集合
1,連身,動物
2,連身,扼止
1,連鎖,反應
2,連鎖,反映
1,過冷,液态
1,過冷,液態
1,過多,干預
1,過多,干预
1,過多,理解
1,過度,兴奋
1,過度,崇拜
1,過度,興奮
1,過敏,症状
1,過敏,癥狀
1,道德,学院
1,道德,學院
1,道德,行為
2,道德,零部件
1,適當,年
1,適當,軟體
1,適當,软体
1,適當,鼓勵
1,邪恶,統治
1,邪恶,统治
1,邪惡,會議
1,邪惡,統治
1,邪惡,统治
1,邪惡,薩諾斯
2,醉醺醺,父亲
2,醉醺醺,父親
1,重叠,障碍
1,重叠,障礙
2,重型,卡車
2,重型,卡车
2,重型,地表
1,重大,回歸
4,重大,嫌疑
1,重大,影響
2,重大,改进
2,重大,改進
4,重大,改革
4,重大,疫情
2,重大,貪瀆
2,重大,贪渎
2,重大,进攻
2,重大,進攻
1,重大,錯誤
4,重大,面板
1,重疊,障碍
1,重疊,障礙
2,重要,个
2,重要,乡
4,重要,事
4,重要,事件
2,重要,产区
6,重要,人
6,重要,任务
2,重要,任務
1,重要,位
1,重要,作用
4,重要,來源
2,重要,依据
2,重要,依據
4,重要,信息
2,重要,個
1,重要,元素
2,重要,內容
2,重要,内容
2,重要,军衔
1,重要,功課
4,重要,助手
2,重要,升起
2,重要,南
4,重要,原因
4,重要,古迹
2,重要,史跡
2,重要,史迹
4,重要,合作
2,重要,吏
4,重要,因素
2,重要,國家
4,重要,地位
2,重要,场所
8,重要,城市
4,重要,基地
1,重要,報告
2,重要,場所
2,重要,处
4,重要,女
4,重要,左
1,重要,差異
2,重要,店
4,重要,影响
4,重要,影響
2,重要,意义
2,重要,意義
1,重要,慶典
2,重要,成長
2,重要,成长
2,重要,据点
2,重要,據點
4,重要,文本
4,重要,旅行
1,重要,明星
2,重要,景点
2,重要,景點
4,重要,朋友
4,重要,来源
2,重要,枢纽
2,重要,树木
2,重要,樞紐
2,重要,樹木
4,重要,步
2,重要,水体
2,重要,水體
2,重要,派別
2,重要,派别
2,重要,点
4,重要,现在
2,重要,產區
2,重要,皇家
4,重要,糖尿
2,重要,細節
2,重要,組合
2,重要,結構
2,重要,组合
2,重要,细节
2,重要,结构
4,重要,能力
2,重要,荷尔蒙
2,重要,荷爾蒙
2,重要,處
2,重要,行业
2,重要,行星
2,重要,行業
13,重要,角色
4,重要,課題
4,重要,课题
4,重要,貢獻
2,重要,資源
2,重要,賓
4,重要,贡献
2,重要,资源
2,重要,車站
2,重要,軍銜
2,重要,车站
2,重要,过程
8,重要,通道
2,重要,過程
2,重要,遗产
2,重要,遺產
9,重要,部分
2,重要,部門
2,重要,部门
2,重要,鄉
4,重要,酒精
2,重要,醫院
2,重要,錦標
2,重要,锦标
2,重要,題材
2,重要,题材
2,重要,風險
2,重要,风险
1,重要,養分
3,重要,點
2,野心勃勃,計劃
2,野心勃勃,计划
6,野生,动物
2,野生,動物
2,野生,熊猫
2,野生,熊貓
2,野生,虎鯨
2,野生,虎鲸
2,錯,公民
1,錯,決定
1,錯誤,密码
1,錯誤,密碼
1,錯誤,情報
1,錯誤,情报
1,錯誤,投資
1,错误,密码
1,错误,密碼
1,错误,情報
1,错误,情报
1,長,从句
2,長,外套
1,長,從句
1,長,时间
1,長,時間
2,長,跑道
1,長久,时间
1,長久,時間
1,長遠,增長
1,长,从句
2,长,外套
1,长,從句
5,长,时间
1,长,時間
2,长,跑道
1,长久,时间
1,长久,時間
1,門當戶對,个
1,門當戶對,個
2,門當戶對,婚姻
1,門當戶對,时间
1,門當戶對,時間
1,門當戶對,西人
2,開心,少女
2,開放,心態
2,關鍵,人物
2,關鍵,定局
1,關鍵,紀錄
1,關鍵,纪录
1,门当户对,个
1,门当户对,個
2,门当户对,婚姻
1,门当户对,时间
1,门当户对,時間
1,门当户对,西人
4,闻所未闻,小吃
2,阴暗,性格
2,附属,建物
1,附属,石矿
1,附属,石礦
2,附屬,建物
1,附屬,石矿
1,附屬,石礦
2,附近,动画
2,附近,動畫
4,附近,餐厅
2,陰暗,性格
1,随后,民
1,随后,飛行
1,随后,飞行
2,随机,事件
1,随机,变数
1,随机,地图
1,随机,地圖
1,随机,实验
1,随机,實驗
1,随机,變數
1,随机,过程
1,随机,過程
1,隐性,机制
1,隐性,機製
1,隨後,民
1,隨後,飛行
1,隨後,飞行
2,隨機,事件
1,隨機,变数
1,隨機,地图
1,隨機,地圖
1,隨機,实验
1,隨機,實驗
1,隨機,變數
1,隨機,过程
1,隨機,過程
1,隱性,机制
1,隱性,機製
4,难忘,事
2,难忘,先驅
2,难忘,先驱
2,难忘,关系
4,难忘,同意
12,难忘,回忆
2,难忘,图集
2,难忘,圖集
2,难忘,当年
4,难忘,旅行
2,难忘,时代
4,难忘,时光
2,难忘,時代
2,难忘,期間
2,难忘,期间
2,难忘,本
4,难忘,爸爸
2,难忘,當年
8,难忘,经历
2,难忘,關係
2,雜錦,北面
2,雜錦,套
1,雜錦,錄音帶
4,零星,案例
4,零星,田地
1,電動,楼梯
1,電動,樓梯
1,露天,劇場
1,靈異,现象
1,靈異,現象
1,非,建制
2,非宗教,公司
4,非宗教,式
2,非法,女巫
1,非法,徵兵
1,非法,联姻
1,非法,聯姻
2,非法,計畫
2,非法,计划
2,非法,集資
2,非法,集资
1,頂尖,大学
1,頂尖,大學
2,頹廢,代
2,頹廢,古代
1,頹廢,山区
1,頹廢,山區
2,頹廢,时候
1,頹廢,門票
1,額外,個
2,額外,地震
1,額外,学院
1,額外,學院
1,額外,控制
2,額外,效果
1,額外,費用
1,額外,费用
2,類似,型式
2,類似,外形
1,類似,局面
1,類似,方式
1,顯然,属
1,顯然,屬
1,顯然,藝術性
2,顯著,人
1,顯著,影響
2,顯著,提升
1,顯著,缺点
1,顯著,缺點
2,顯著,能力
2,顯赫,家族
1,顶尖,大学
1,顶尖,大學
2,颓废,代
2,颓废,古代
1,颓废,山区
1,颓废,山區
2,颓废,时候
1,颓废,門票
2,额外,效果
1,额外,費用
1,额外,费用
4,风雨交加,夜晚
1,飽和,状态
1,飽和,狀態
1,飽和,資格
1,饱和,状态
1,饱和,狀態
1,饱和,資格
1,首要,任務
2,驚人,一致
1,驚人,举
1,驚人,舉
1,骯髒,市区
1,骯髒,市區
2,高,大楼
2,高,大樓
1,高,文艺
1,高,文藝
2,高,桌子
4,高,水平
1,高,要求
2,高,評價
2,高,评价
4,高,震波
1,高,頻率
4,高傲,表姐
1,高大,石碑
2,高度,讚揚
2,高度,讚賞
2,高度,赞扬
2,高度,赞赏
4,高效,事故
2,高效,咸水
2,高效,惑
2,高效,課堂
2,高效,课堂
4,高效,部分
4,高效,青年旅社
2,高效,鹹水
1,高温,岩浆
1,高温,岩漿
1,高温,星期
1,高溫,岩浆
1,高溫,岩漿
1,高溫,星期
2,高等,中学
2,高等,中學
1,高等,分鐘
2,高等,大型
2,高等,大道
2,高等,学府
2,高等,学校
2,高等,學府
2,高等,學校
2,高等,应用
2,高等,應用
13,高等,法院
4,高等,生死
4,高等,生活
4,高等,科技
2,高等,行會
4,高等,院校
1,高級,专员
2,高級,中学
2,高級,中學
1,高級,女仆
1,高級,女僕
1,高級,專員
2,高級,职务
2,高級,職務
2,高級,警官
1,高級,領導
1,高級,领导
1,高级,专员
2,高级,中学
2,高级,中學
1,高级,女仆
1,高级,女僕
1,高级,專員
2,高级,职务
2,高级,職務
2,高级,警官
1,高级,領導
1,高级,领导
1,高耸,建筑
1,高耸,建築
1,高聳,建筑
1,高聳,建築
2,高質,外援
2,高质,外援
20,高速,公路
2,高速,列車
2,高速,列车
2,高速,數
2,高速,机车
2,高速,機車
2,高速,程度
4,高速,能力
2,高速,課程
2,高速,课程
8,高速,隧道
1,鬆散,传统
1,鬆散,傳統
2,鬆散,土石
1,魔幻,勇
1,魔幻,時刻
1,鮮明,个性
1,鮮明,個性
2,鮮明,特色
1,鲜明,个性
1,鲜明,個性
2,鲜明,特色
2,點,意味
2,鼎盛,时期
2,鼎盛,時期
1,龐大,年譜
1,龐大,年谱
1,龐大,牺牲
1,龐大,犧牲
1,龐大,軍隊
1,龐大,雨季
2,龐大,黑奴
