velikim/ADJ,svjetskim/ADJ,gradovima/NOUN
bivšeg/ADJ,komunističkog/ADJ,disidenta/NOUN
Prljavi/ADJ,izborni/ADJ,trikovi/NOUN
najvećih/ADJ,svjetskih/ADJ,događanja/NOUN
Kosovski/ADJ,svjetski/ADJ,biennale/NOUN
međunarodni/ADJ,folklorni/ADJ,festival/NOUN
popularnih/ADJ,folklornih/ADJ,skupina/NOUN
novog/ADJ,Pravosudnog/ADJ,vijeća/NOUN
novog/ADJ,pravosudnog/ADJ,sustava/NOUN
Putnički/ADJ,željeznički/ADJ,promet/NOUN
Svečano/ADJ,ponovno/ADJ,pokretanje/NOUN
ogromnoj/ADJ,romskoj/ADJ,zajednici/NOUN
međunarodni/ADJ,krizni/ADJ,menadžment/NOUN
najveću/ADJ,etničku/ADJ,manjinu/NOUN
beogradske/ADJ,nevladine/ADJ,udruge/NOUN
paralelne/ADJ,srpske/ADJ,institucije/NOUN
Hrvatski/ADJ,olimpijski/ADJ,skijaš/NOUN
švedska/ADJ,kraljevska/ADJ,obitelj/NOUN
neizbježnim/ADJ,književnim/ADJ,teritorijem/NOUN
lokalne/ADJ,amaterske/ADJ,trupe/NOUN
Europski/ADJ,glavni/ADJ,grad/NOUN
vodeće/ADJ,političke/ADJ,stranke/NOUN
glavnu/ADJ,glazbenu/ADJ,temu/NOUN
manjinske/ADJ,grčke/ADJ,stranke/NOUN
relevantna/ADJ,izborna/ADJ,povjerenstva/NOUN
bivšeg/ADJ,kosovskog/ADJ,ministra/NOUN
bivšem/ADJ,kosovskom/ADJ,premijeru/NOUN
bivšeg/ADJ,kosovskog/ADJ,ministra/NOUN
Bivši/ADJ,kosovski/ADJ,ministar/NOUN
bivšem/ADJ,kosovskom/ADJ,premijeru/NOUN
glavni/ADJ,UN-ov/ADJ,tužitelj/NOUN
šestogodišnja/ADJ,zatvorska/ADJ,kazna/NOUN
Istanbulskom/ADJ,modnom/ADJ,akademijom/NOUN
najnovije/ADJ,modne/ADJ,trendove/NOUN
hrvatska/ADJ,pjevačka/ADJ,zvijezda/NOUN
Novi/ADJ,europski/ADJ,povjerenici/NOUN
nova/ADJ,Europska/ADJ,komisija/NOUN
bivši/ADJ,portugalski/ADJ,premijer/NOUN
vodećih/ADJ,političkih/ADJ,stranaka/NOUN
neodlučnom/ADJ,međunarodnom/ADJ,zajednicom/NOUN
različitu/ADJ,političku/ADJ,situaciju/NOUN
ostalih/ADJ,međunarodnih/ADJ,agencija/NOUN
jedinstvenih/ADJ,registarskih/ADJ,oznaka/NOUN
novu/ADJ,državnu/ADJ,zastavu/NOUN
Najveći/ADJ,rani/ADJ,uspjesi/NOUN
kompetentne/ADJ,domaće/ADJ,institucije/NOUN
učinkovitih/ADJ,lokalnih/ADJ,tijela/NOUN
ključnih/ADJ,međunarodnih/ADJ,institucija/NOUN
kompetentne/ADJ,državne/ADJ,institucije/NOUN
najdulje/ADJ,kontinuirano/ADJ,razdoblje/NOUN
najmoćniji/ADJ,autoritarni/ADJ,režimi/NOUN
intenzivnog/ADJ,novog/ADJ,procesa/NOUN
ožujskih/ADJ,parlamentarnih/ADJ,izbora/NOUN
Posljednji/ADJ,međunarodni/ADJ,napori/NOUN
preostala/ADJ,pregovoračka/ADJ,poglavlja/NOUN
nove/ADJ,neovisne/ADJ,države/NOUN
posebnih/ADJ,transportnih/ADJ,vozila/NOUN
oštećenih/ADJ,željezničkih/ADJ,pruga/NOUN
najgorim/ADJ,kišnim/ADJ,olujama/NOUN
procijenjena/ADJ,materijalna/ADJ,šteta/NOUN
neposrednoj/ADJ,zdravstvenoj/ADJ,procjeni/NOUN
Državna/ADJ,željeznička/ADJ,kompanija/NOUN
obilne/ADJ,kišne/ADJ,padaline/NOUN
manji/ADJ,silazni/ADJ,trend/NOUN
ukupnog/ADJ,informatičkog/ADJ,tržišta/NOUN
NPR-ovom/ADJ,Znanstvenom/ADJ,petku/NOUN
cjelokupno/ADJ,svjetsko/ADJ,tržište/NOUN
Annanovo/ADJ,pozitivno/ADJ,izvješće/NOUN
turbulentnim/ADJ,političkim/ADJ,zbivanjima/NOUN
3./ADJ,siječnja/NOUN,2000./ADJ
tadašnje/ADJ,oporbene/ADJ,čelnike/NOUN
revolucionarnim/ADJ,programskim/ADJ,rješenjima/NOUN
važnijih/ADJ,online/ADJ,medija/NOUN
masnim/ADJ,bijelim/ADJ,fontom/NOUN
jedini/ADJ,neovisni/ADJ,medij/NOUN
završenom/ADJ,srednjom/ADJ,školom/NOUN
uobičajenim/ADJ,strastvenim/ADJ,poljupcima/NOUN
američkog/ADJ,ratnog/ADJ,zrakoplovstva/NOUN
američkog/ADJ,Nacionalnog/ADJ,ureda/NOUN
45./ADJ,svemirske/ADJ,eskadrile/NOUN
novog/ADJ,špijunskog/ADJ,satelita/NOUN
umirovljeni/ADJ,zrakoplovni/ADJ,general/NOUN
nisku/ADJ,Zemljinu/ADJ,orbitu/NOUN
sljedećeg/ADJ,britanskog/ADJ,kralja/NOUN
sljedeći/ADJ,britanski/ADJ,kralj/NOUN
Charlesova/ADJ,sadašnja/ADJ,supruga/NOUN
vodeći/ADJ,hrvatski/ADJ,osiguravatelj/NOUN
novu/ADJ,poslovnu/ADJ,zgradu/NOUN
nove/ADJ,poslovne/ADJ,zgrade/NOUN
novih/ADJ,radnih/ADJ,mjesta/NOUN
ovogodišnji/ADJ,uzlazni/ADJ,trend/NOUN
selektivnog/ADJ,kasko/ADJ,osiguranja/NOUN
svi/ADJ,registrirani/ADJ,turisti/NOUN
Jedinstveni/ADJ,snažni/ADJ,glas/NOUN
međunarodnim/ADJ,financijskim/ADJ,institucijama/NOUN
globalnim/ADJ,ekonomskim/ADJ,pitanjima/NOUN
europske/ADJ,ekonomske/ADJ,probleme/NOUN
mudru/ADJ,makroekonomsku/ADJ,politiku/NOUN
jeftina/ADJ,uvozna/ADJ,čokolada/NOUN
Sve/ADJ,domaće/ADJ,sirovine/NOUN
dobrovoljnu/ADJ,mirovinsku/ADJ,štednju/NOUN
ljetošnjim/ADJ,poreznim/ADJ,izmjenama/NOUN
veća/ADJ,socijalna/ADJ,sigurnost/NOUN
Domaći/ADJ,mirovinski/ADJ,fondovi/NOUN
Nedavne/ADJ,zakonske/ADJ,promjene/NOUN
dobrovoljnu/ADJ,mirovinsku/ADJ,štednju/NOUN
obveznog/ADJ,mjesečnog/ADJ,izdvajanja/NOUN
II./ADJ,mirovinski/ADJ,stup/NOUN
otvorenih/ADJ,investicijskih/ADJ,fondova/NOUN
domaći/ADJ,mirovinski/ADJ,fondovi/NOUN
domaće/ADJ,dioničko/ADJ,tržište/NOUN
sitni/ADJ,kadrovski/ADJ,interesi/NOUN
kunska/ADJ,jednomjesečna/ADJ,oročenja/NOUN
najstimulativnija/ADJ,kamatna/ADJ,stopa/NOUN
nepromjenjivu/ADJ,kamatnu/ADJ,stopu/NOUN
domaćoj/ADJ,financijskoj/ADJ,instituciji/NOUN
kratkoročnu/ADJ,kunsku/ADJ,štednju/NOUN
dodatnih/ADJ,financijskih/ADJ,izdvajanja/NOUN
kompletna/ADJ,knjižarska/ADJ,djelatnost/NOUN
sve/ADJ,tražene/ADJ,podatke/NOUN
zagrebačke/ADJ,metropolitanske/ADJ,zone/NOUN
dopunsko/ADJ,zdravstveno/ADJ,osiguranje/NOUN
Hrvatskog/ADJ,dizajnerskog/ADJ,društva/NOUN
zadarskom/ADJ,Županijskom/ADJ,sudu/NOUN
sirijskoga/ADJ,građanskog/ADJ,rata/NOUN
njemačkog/ADJ,financijskog/ADJ,spašavanja/NOUN
privremeni/ADJ,županijski/ADJ,odbor/NOUN
drugih/ADJ,organiziranih/ADJ,aktivnosti/NOUN
međunarodnoj/ADJ,nogometnoj/ADJ,karti/NOUN
novom/ADJ,književnoteorijskom/ADJ,knjigom/NOUN
suvremenu/ADJ,hrvatsku/ADJ,liriku/NOUN
ugodne/ADJ,rumeno-zlaćane/ADJ,boje/NOUN
najgoru/ADJ,moguću/ADJ,alternativu/NOUN
nepunim/ADJ,radnim/ADJ,vremenom/NOUN
Skraćeno/ADJ,radno/ADJ,vrijeme/NOUN
prve/ADJ,četvrtfinalne/ADJ,utakmice/NOUN
potrebna/ADJ,novčana/ADJ,sredstva/NOUN
lokalnom/ADJ,fašističkom/ADJ,pokretu/NOUN
zajedničke/ADJ,vizne/ADJ,politike/NOUN
Vizni/ADJ,informacijski/ADJ,sustav/NOUN
nepromijenjenom/ADJ,zadnjom/ADJ,cijenom/NOUN
stanovite/ADJ,denuncijantske/ADJ,aktivnosti/NOUN
etička/ADJ,crkvena/ADJ,pravila/NOUN
dominantnog/ADJ,društvenog/ADJ,poretka/NOUN
dugolančane/ADJ,masne/ADJ,kiseline/NOUN
bivši/ADJ,engleski/ADJ,reprezentativac/NOUN
strateške/ADJ,nacionalne/ADJ,važnosti/NOUN
androginog/ADJ,alter/ADJ,ega/NOUN
Istaknuti/ADJ,portugalski/ADJ,trener/NOUN
tadašnjoj/ADJ,Komunističkoj/ADJ,partiji/NOUN
II./ADJ,svjetskog/ADJ,rata/NOUN
5./ADJ,listopada/NOUN,1981./ADJ
visoku/ADJ,životnu/ADJ,dob/NOUN
prestižnog/ADJ,sportskog/ADJ,automobila/NOUN
prekrasnom/ADJ,mirisnom/ADJ,događanju/NOUN
vjerni/ADJ,Pavlov/ADJ,suradnik/NOUN
ostale/ADJ,slične/ADJ,troškove/NOUN
obavezan/ADJ,radni/ADJ,ponedjeljak/NOUN
uređenih/ADJ,dječjih/ADJ,igrališta/NOUN
svim/ADJ,dobnim/ADJ,skupinama/NOUN
najpoznatije/ADJ,nuklearne/ADJ,elektrane/NOUN
mogućim/ADJ,grubim/ADJ,startovima/NOUN
Prvoj/ADJ,osnovnoj/ADJ,školi/NOUN
hrvatskim/ADJ,kulturnim/ADJ,ustanovama/NOUN
Svjetskom/ADJ,kupu/NOUN,2010./ADJ
cijelog/ADJ,Svjetskog/ADJ,kupa/NOUN
posljednjih/ADJ,lokalnih/ADJ,izbora/NOUN
novosakupljeni/ADJ,komunalni/ADJ,otpad/NOUN
najbolji/ADJ,dokumentarni/ADJ,film/NOUN
velike/ADJ,manevarske/ADJ,sposobnosti/NOUN
rumunjske/ADJ,kriminalne/ADJ,skupine/NOUN
jedinstvene/ADJ,europske/ADJ,valute/NOUN
Šminkerski/ADJ,gradski/ADJ,SUV/NOUN
najvećoj/ADJ,talijanskoj/ADJ,glumici/NOUN
glavnim/ADJ,praktičnim/ADJ,predmetom/NOUN
najvećih/ADJ,političkih/ADJ,stranaka/NOUN
svjetski/ADJ,filmski/ADJ,redatelj/NOUN
poznate/ADJ,američke/ADJ,spisateljice/NOUN
prvom/ADJ,službenom/ADJ,natjecanju/NOUN
Studentskim/ADJ,sportskim/ADJ,susretima/NOUN
Studentska/ADJ,sportska/ADJ,udruga/NOUN
besplatnih/ADJ,plastičnih/ADJ,vrećica/NOUN
brojnih/ADJ,drugih/ADJ,udruga/NOUN
makedonske/ADJ,parlamentarne/ADJ,stranke/NOUN
privremene/ADJ,registarske/ADJ,oznake/NOUN
novu/ADJ,političku/ADJ,situaciju/NOUN
većeg/ADJ,političkog/ADJ,angažmana/NOUN
najveći/ADJ,svjetski/ADJ,etruskolog/NOUN
najveće/ADJ,hrvatske/ADJ,banke/NOUN
širokom/ADJ,političkom/ADJ,potporom/NOUN
najveće/ADJ,oporbene/ADJ,stranke/NOUN
novu/ADJ,neovisnu/ADJ,državu/NOUN
dovoljnu/ADJ,parlamentarnu/ADJ,potporu/NOUN
vladajuće/ADJ,turske/ADJ,stranke/NOUN
Turski/ADJ,glavni/ADJ,tužitelj/NOUN
konzervativnu/ADJ,demokratsku/ADJ,stranku/NOUN
različite/ADJ,Erdoganove/ADJ,izjave/NOUN
čvrstu/ADJ,gospodarsku/ADJ,politiku/NOUN
normalnoj/ADJ,europskoj/ADJ,demokraciji/NOUN
beogradskom/ADJ,središnjem/ADJ,groblju/NOUN
organizirane/ADJ,kriminalne/ADJ,bande/NOUN
Đinđićevoj/ADJ,političkoj/ADJ,karijeri/NOUN
kratak/ADJ,dokumentarni/ADJ,film/NOUN
organiziranih/ADJ,kriminalnih/ADJ,skupina/NOUN
lokalne/ADJ,kablovske/ADJ,operatere/NOUN
crnogorski/ADJ,televizijski/ADJ,distributer/NOUN
lokalne/ADJ,kablovske/ADJ,operatere/NOUN
lokalni/ADJ,kablovski/ADJ,operateri/NOUN
Nedavni/ADJ,nagli/ADJ,pad/NOUN
imovinskih/ADJ,kaznenih/ADJ,djela/NOUN
veće/ADJ,političke/ADJ,stabilnosti/NOUN
prošlogodišnjih/ADJ,izravnih/ADJ,razgovora/NOUN
buduće/ADJ,međunarodno/ADJ,angažiranje/NOUN
zapaljivu/ADJ,nacionalističku/ADJ,retoriku/NOUN
vodećih/ADJ,etničkih/ADJ,zajednica/NOUN
ostalih/ADJ,ključnih/ADJ,operativaca/NOUN
slabim/ADJ,središnjim/ADJ,institucijama/NOUN
ostalim/ADJ,visokim/ADJ,dužnosnicima/NOUN
Svjetskog/ADJ,trgovačkog/ADJ,centra/NOUN
najviši/ADJ,američki/ADJ,dužnosnik/NOUN
američka/ADJ,državna/ADJ,tajnica/NOUN
međunarodnog/ADJ,civilnog/ADJ,predstavnika/NOUN
američka/ADJ,državna/ADJ,tajnica/NOUN
kosovskog/ADJ,pregovaračkog/ADJ,tima/NOUN
Sjedinjenim/ADJ,Američkim/ADJ,Državama/NOUN
najviši/ADJ,međunarodni/ADJ,dužnosnici/NOUN
najviši/ADJ,međunarodni/ADJ,predstavnik/NOUN
europskim/ADJ,sigurnosnim/ADJ,strukturama/NOUN
ostalih/ADJ,istaknutih/ADJ,članova/NOUN
sarajevskom/ADJ,dnevnom/ADJ,listu/NOUN
pojačana/ADJ,međunarodna/ADJ,suradnja/NOUN
bivši/ADJ,vladin/ADJ,dužnosnik/NOUN
Vladajuća/ADJ,muslimanska/ADJ,Stranka/NOUN
glomaznog/ADJ,administrativnog/ADJ,aparata/NOUN
velika/ADJ,javna/ADJ,potrošnja/NOUN
najplodnije/ADJ,poljoprivredno/ADJ,područje/NOUN
američkim/ADJ,energetskim/ADJ,divom/NOUN
samih/ADJ,istraživačkih/ADJ,radova/NOUN
konvencionalnog/ADJ,prirodnog/ADJ,plina/NOUN
jedinstven/ADJ,tehnološki/ADJ,postupak/NOUN
ozbiljne/ADJ,znanstvene/ADJ,rasprave/NOUN
najozbiljnija/ADJ,unutarnja/ADJ,prijetnja/NOUN
drugi/ADJ,strani/ADJ,diplomati/NOUN
sličnog/ADJ,raketnog/ADJ,napada/NOUN
konstitutivnih/ADJ,etničkih/ADJ,zajednica/NOUN
Novu/ADJ,počasnu/ADJ,postrojbu/NOUN
konstitutivnih/ADJ,etničkih/ADJ,skupina/NOUN
državnim/ADJ,zapovjednim/ADJ,lancem/NOUN
različite/ADJ,maskirne/ADJ,uniforme/NOUN
međunarodnoj/ADJ,zračnoj/ADJ,luci/NOUN
zajedničku/ADJ,počasnu/ADJ,postrojbu/NOUN
sadašnja/ADJ,sigurnosna/ADJ,praznina/NOUN
1./ADJ,rujan/NOUN,2005./ADJ
Titova/ADJ,luksuzna/ADJ,jahta/NOUN
nekadašnjeg/ADJ,jugoslavenskog/ADJ,diktatora/NOUN
bivšeg/ADJ,egipatskog/ADJ,predsjednika/NOUN
bivšeg/ADJ,indijskog/ADJ,premijera/NOUN
dolazećoj/ADJ,pravosudnoj/ADJ,misiji/NOUN
Bugarski/ADJ,maloprodajni/ADJ,lanac/NOUN
ceremonijalnog/ADJ,zatvorenog/ADJ,stadiona/NOUN
mladi/ADJ,turski/ADJ,građanin/NOUN
hitna/ADJ,medicinska/ADJ,pomoć/NOUN
velikom/ADJ,proljetnom/ADJ,turniru/NOUN
masovan/ADJ,pričuvni/ADJ,sastav/NOUN
glavnim/ADJ,represivnim/ADJ,tijelom/NOUN
malih/ADJ,obiteljskih/ADJ,gospodarstava/NOUN
prokurdske/ADJ,kulturne/ADJ,organizacije/NOUN
lošu/ADJ,gospodarsku/ADJ,situaciju/NOUN
jače/ADJ,uzajamne/ADJ,suradnje/NOUN
makedonske/ADJ,medijske/ADJ,organizacije/NOUN
vidljivog/ADJ,drvenog/ADJ,debla/NOUN
religioznoj/ADJ,radničkoj/ADJ,obitelji/NOUN
ogromne/ADJ,bazaltne/ADJ,ravni/NOUN
Međunarodne/ADJ,sigurnosne/ADJ,snage/NOUN
8./ADJ,lipnja/NOUN,1953./ADJ
dodatnih/ADJ,mirovnih/ADJ,snaga/NOUN
glavnih/ADJ,geopolitičkih/ADJ,zbivanja/NOUN
suvremenim/ADJ,didaktičkim/ADJ,shvaćanjima/NOUN
Trenutačna/ADJ,generalna/ADJ,direktorica/NOUN
međunarodnog/ADJ,javnog/ADJ,zdravstva/NOUN
glatkih/ADJ,mišićnih/ADJ,stanica/NOUN
mladi/ADJ,bračni/ADJ,par/NOUN
novim/ADJ,Appleovim/ADJ,standardima/NOUN
Jenniferina/ADJ,navodna/ADJ,izjava/NOUN
Mali/ADJ,Dellov/ADJ,tablet/NOUN
postojeću/ADJ,financijsku/ADJ,podršku/NOUN
drugih/ADJ,europskih/ADJ,zemalja/NOUN
moguća/ADJ,razvojna/ADJ,modela/NOUN
Treći/ADJ,najlogičniji/ADJ,scenarij/NOUN
ukupnih/ADJ,smještajnih/ADJ,kapaciteta/NOUN
svih/ADJ,turističkih/ADJ,objekata/NOUN
konkurentskim/ADJ,mediteranskim/ADJ,zemljama/NOUN
jakih/ADJ,državnih/ADJ,poticaja/NOUN
određenu/ADJ,društvenu/ADJ,zajednicu/NOUN
najpopularnijih/ADJ,hrvatskih/ADJ,aplikacija/NOUN
istoimenoj/ADJ,glasovnoj/ADJ,tarifi/NOUN
zajedničko/ADJ,probno/ADJ,istraživanje/NOUN
kvalitativnim/ADJ,internetskim/ADJ,anketama/NOUN
otežane/ADJ,financijske/ADJ,intermedijacije/NOUN
godišnju/ADJ,nominalnu/ADJ,stopu/NOUN
referentnu/ADJ,kamatnu/ADJ,stopu/NOUN
granična/ADJ,obvezna/ADJ,rezerva/NOUN
samim/ADJ,kamatnim/ADJ,stopama/NOUN
prošlogodišnje/ADJ,europske/ADJ,krize/NOUN
jedini/ADJ,mogući/ADJ,način/NOUN
britanski/ADJ,pravni/ADJ,stručnjak/NOUN
bivši/ADJ,britanski/ADJ,premijer/NOUN
ostalim/ADJ,europskim/ADJ,institucijama/NOUN
bivši/ADJ,belgijski/ADJ,premijer/NOUN
bivši/ADJ,politički/ADJ,protivnik/NOUN
osmoga/ADJ,engleskog/ADJ,izdanja/NOUN
drugo/ADJ,hrvatsko/ADJ,izdanje/NOUN
svih/ADJ,životnih/ADJ,situacija/NOUN
Najskuplja/ADJ,sindikalna/ADJ,košarica/NOUN
Nacionalni/ADJ,katehetski/ADJ,ured/NOUN
jesenje/ADJ,magleno/ADJ,jutro/NOUN
iduće/ADJ,1998./ADJ,godine/NOUN
stare/ADJ,gradske/ADJ,jezgre/NOUN
američke/ADJ,savezne/ADJ,države/NOUN
vlastitih/ADJ,profesionalnih/ADJ,krugova/NOUN
dubrovačke/ADJ,prometne/ADJ,signalizacije/NOUN
ukupnih/ADJ,elektronskih/ADJ,transakcija/NOUN
Dječjeg/ADJ,folkornog/ADJ,ansambla/NOUN
različitih/ADJ,dobnih/ADJ,skupina/NOUN
zajedničkog/ADJ,upravnog/ADJ,tijela/NOUN
hrvatski/ADJ,zrakoplovni/ADJ,izričaj/NOUN
važnih/ADJ,londonskih/ADJ,ulica/NOUN
maleno/ADJ,turističko/ADJ,ljetovalište/NOUN
trenutnih/ADJ,aktualnih/ADJ,događanja/NOUN
plodnog/ADJ,političkog/ADJ,djelovanja/NOUN
prvim/ADJ,hrvatskim/ADJ,predsjednikom/NOUN
večernjoj/ADJ,političkoj/ADJ,emisiji/NOUN
dubrovačke/ADJ,Zračne/ADJ,luke/NOUN
bivši/ADJ,finski/ADJ,predsjednik/NOUN
američkog/ADJ,državnog/ADJ,tajnika/NOUN
državni/ADJ,duhanski/ADJ,monopol/NOUN
državnu/ADJ,monopolističku/ADJ,tvrtku/NOUN
prosječne/ADJ,godišnje/ADJ,razine/NOUN
jedini/ADJ,preostali/ADJ,kandidat/NOUN
jedini/ADJ,preostali/ADJ,kandidat/NOUN
europskog/ADJ,prometnog/ADJ,Koridora/NOUN
najvažniju/ADJ,prometnu/ADJ,rutu/NOUN
stalnih/ADJ,naplatnih/ADJ,objekata/NOUN
drugih/ADJ,turističkih/ADJ,objekata/NOUN
Europska/ADJ,investicijska/ADJ,banka/NOUN
tradicionalnim/ADJ,regionalnim/ADJ,idejama/NOUN
najbolju/ADJ,poslovnu/ADJ,ženu/NOUN
bugarske/ADJ,nuklearne/ADJ,elektrane/NOUN
novi/ADJ,strateški/ADJ,ulagač/NOUN
ruske/ADJ,nuklearne/ADJ,industrije/NOUN
bugarske/ADJ,desničarske/ADJ,stranke/NOUN
alternativne/ADJ,energetske/ADJ,izvore/NOUN
drugu/ADJ,nuklearnu/ADJ,elektranu/NOUN
ruski/ADJ,trojanski/ADJ,konj/NOUN
novim/ADJ,nuklearnim/ADJ,pogonom/NOUN
zastarjelu/ADJ,rusku/ADJ,tehnologiju/NOUN
visokim/ADJ,seizmičkim/ADJ,aktivnostima/NOUN
Srpske/ADJ,pravoslavne/ADJ,crkve/NOUN
potencijalne/ADJ,zaštićene/ADJ,zone/NOUN
brojnih/ADJ,autonomnih/ADJ,općina/NOUN
pravi/ADJ,europski/ADJ,film/NOUN
Poznati/ADJ,makedonski/ADJ,redatelj/NOUN
urbana/ADJ,ljubavna/ADJ,priča/NOUN
Najpoznatiji/ADJ,makedonski/ADJ,redatelj/NOUN
pravog/ADJ,europskog/ADJ,filma/NOUN
poznati/ADJ,bivši/ADJ,košarkaš/NOUN
bivšoj/ADJ,državnoj/ADJ,zajednici/NOUN
neovisne/ADJ,revizorske/ADJ,tvrtke/NOUN
najprodavanije/ADJ,mineralne/ADJ,vode/NOUN
zajedničkoj/ADJ,tiskovnoj/ADJ,konferenciji/NOUN
dvodnevni/ADJ,službeni/ADJ,posjet/NOUN
višegodišnje/ADJ,kriminalne/ADJ,aktivnosti/NOUN
zajedničke/ADJ,radne/ADJ,skupine/NOUN
španjolskog/ADJ,glavnog/ADJ,grada/NOUN
bivši/ADJ,bugarski/ADJ,kralj/NOUN
američkog/ADJ,državnog/ADJ,tajništva/NOUN
američkog/ADJ,državnog/ADJ,tajništva/NOUN
američkog/ADJ,državnog/ADJ,tajništva/NOUN
bivših/ADJ,vojnih/ADJ,generala/NOUN
bivših/ADJ,policijskih/ADJ,generala/NOUN
sve/ADJ,međunarodne/ADJ,obveze/NOUN
Najviši/ADJ,državni/ADJ,dužnosnici/NOUN
prvog/ADJ,službenog/ADJ,posjeta/NOUN
optuženog/ADJ,umirovljenog/ADJ,generala/NOUN
zajedničke/ADJ,morske/ADJ,granice/NOUN
dvodnevnom/ADJ,međunarodnom/ADJ,forumu/NOUN
posebne/ADJ,državne/ADJ,skrbi/NOUN
Druga/ADJ,rumunjska/ADJ,gimnastičarka/NOUN
antičkog/ADJ,trakijskog/ADJ,kompleksa/NOUN
Poznata/ADJ,makedonska/ADJ,glumica/NOUN
makedonskoj/ADJ,kazališnoj/ADJ,sceni/NOUN
prestižnih/ADJ,festivalskih/ADJ,nagrada/NOUN
europskom/ADJ,opernom/ADJ,natjecanju/NOUN
Mlada/ADJ,turska/ADJ,sopranistica/NOUN
najbolji/ADJ,dugometražni/ADJ,film/NOUN
međusobnog/ADJ,slobodnog/ADJ,kretanja/NOUN
biometrijskim/ADJ,identifikacijskim/ADJ,ispravama/NOUN
biometrijskim/ADJ,identifikacijskim/ADJ,ispravama/NOUN
novog/ADJ,regionalnog/ADJ,ozračja/NOUN
Odlična/ADJ,politička/ADJ,suradnja/NOUN
biometrijskim/ADJ,identifikacijskim/ADJ,ispravama/NOUN
šestomjesečno/ADJ,rotirajuće/ADJ,predsjedavanje/NOUN
Ranije/ADJ,grčko/ADJ,predsjedavanje/NOUN
sadašnjim/ADJ,financijskim/ADJ,poteškoćama/NOUN
svi/ADJ,ostali/ADJ,elementi/NOUN
Balkanske/ADJ,nevladine/ADJ,udruge/NOUN
zajedničku/ADJ,regionalnu/ADJ,inicijativu/NOUN
regionalne/ADJ,ljetne/ADJ,škole/NOUN
međunarodnog/ADJ,humanitarnog/ADJ,prava/NOUN
međunarodnog/ADJ,humanitarnog/ADJ,prava/NOUN
svih/ADJ,nužnih/ADJ,preduvjeta/NOUN
međunarodno/ADJ,kazneno/ADJ,pravo/NOUN
prvi/ADJ,velik/ADJ,korak/NOUN
potpuni/ADJ,politički/ADJ,sporazum/NOUN
predloženih/ADJ,ustavnih/ADJ,reformi/NOUN
šestogodišnje/ADJ,zatvorske/ADJ,kazne/NOUN
bivšeg/ADJ,jugoslavenskog/ADJ,predsjednika/NOUN
navodne/ADJ,ratne/ADJ,zločine/NOUN
velikih/ADJ,sigurnosnih/ADJ,propusta/NOUN
respektabilnu/ADJ,međunarodnu/ADJ,karijeru/NOUN
značajnu/ADJ,međunarodnu/ADJ,karijeru/NOUN
bivši/ADJ,srpski/ADJ,ministar/NOUN
brojne/ADJ,glumačke/ADJ,nagrade/NOUN
teške/ADJ,gospodarske/ADJ,uvjete/NOUN
prosječnu/ADJ,starosnu/ADJ,dob/NOUN
globalne/ADJ,financijske/ADJ,krize/NOUN
globalne/ADJ,gospodarske/ADJ,krize/NOUN
globalna/ADJ,gospodarska/ADJ,kriza/NOUN
susjednim/ADJ,balkanskim/ADJ,zemljama/NOUN
Mirovinski/ADJ,štedni/ADJ,fond/NOUN
fiskalnu/ADJ,2009./ADJ,godinu/NOUN
Kosovskoj/ADJ,tiskovnoj/ADJ,agenciji/NOUN
nejakog/ADJ,kosovskog/ADJ,gospodarstva/NOUN
izravna/ADJ,inozemna/ADJ,ulaganja/NOUN
glavnih/ADJ,izvoznih/ADJ,proizvoda/NOUN
nedavnim/ADJ,rekordnim/ADJ,rastom/NOUN
Sjedinjenim/ADJ,Američkim/ADJ,Državama/NOUN
nova/ADJ,povijesna/ADJ,prilika/NOUN
različite/ADJ,vjerske/ADJ,skupine/NOUN
manjinskih/ADJ,vjerskih/ADJ,skupina/NOUN
Rano/ADJ,republikansko/ADJ,razdoblje/NOUN
zajedničkoj/ADJ,europskoj/ADJ,budućnosti/NOUN
istim/ADJ,demokratskim/ADJ,vrijednostima/NOUN
vjerskim/ADJ,manjinskim/ADJ,skupinama/NOUN
nemuslimanskih/ADJ,vjerskih/ADJ,zajednica/NOUN
sljedeći/ADJ,vladin/ADJ,korak/NOUN
vodeći/ADJ,rumunjski/ADJ,pisac/NOUN
bugarskom/ADJ,crnomorskom/ADJ,odmaralištu/NOUN
znameniti/ADJ,kulturni/ADJ,stručnjaci/NOUN
albanska/ADJ,dnevna/ADJ,novina/NOUN
etničkih/ADJ,albanskih/ADJ,sudaca/NOUN
rumunjsko-turskom/ADJ,poslovnom/ADJ,forumu/NOUN
ukupan/ADJ,temeljni/ADJ,ulog/NOUN
Ovogodišnji/ADJ,glazbeni/ADJ,festival/NOUN
ozbiljna/ADJ,socijalna/ADJ,pitanja/NOUN
studentskog/ADJ,protestnog/ADJ,pokreta/NOUN
novosadskoj/ADJ,austrougarskoj/ADJ,tvrđavi/NOUN
Najvećem/ADJ,glazbenom/ADJ,festivalu/NOUN
velike/ADJ,medijske/ADJ,kuće/NOUN
poslijeratnih/ADJ,srpskih/ADJ,demonstracija/NOUN
važnih/ADJ,gospodarskih/ADJ,sporazuma/NOUN
14./ADJ,godišnji/ADJ,sastanak/NOUN
najvažnije/ADJ,međunarodno/ADJ,događanje/NOUN
vodećih/ADJ,svjetskih/ADJ,banaka/NOUN
velikog/ADJ,bankarskog/ADJ,skupa/NOUN
novih/ADJ,radnih/ADJ,mjesta/NOUN
izravne/ADJ,ratne/ADJ,opasnosti/NOUN
najviših/ADJ,srpskih/ADJ,dužnosnika/NOUN
stabilne/ADJ,tržišne/ADJ,ekonomije/NOUN
represivnih/ADJ,političkih/ADJ,režima/NOUN
povoljne/ADJ,investicijske/ADJ,klime/NOUN
ciparske/ADJ,oporbene/ADJ,stranke/NOUN
najvećom/ADJ,političkom/ADJ,skupinom/NOUN
Posljednji/ADJ,međunarodni/ADJ,napori/NOUN
turske/ADJ,vojne/ADJ,invazije/NOUN
preciznim/ADJ,vremenskim/ADJ,okvirom/NOUN
Visoki/ADJ,turski/ADJ,dužnosnici/NOUN
brojni/ADJ,državni/ADJ,dužnosnici/NOUN
posljednjoj/ADJ,socijalističkoj/ADJ,vladi/NOUN
visoke/ADJ,javne/ADJ,potrošnje/NOUN
drugi/ADJ,inflatorni/ADJ,čimbenik/NOUN
neučinkoviti/ADJ,državni/ADJ,monopoli/NOUN
Neslužbeni/ADJ,privatni/ADJ,karteli/NOUN
prosječne/ADJ,srbijanske/ADJ,plaće/NOUN
britanskog/ADJ,investicijskog/ADJ,fonda/NOUN
ukupne/ADJ,mljekarske/ADJ,industrije/NOUN
Bivša/ADJ,prva/ADJ,dama/NOUN
šireg/ADJ,političkog/ADJ,spektra/NOUN
euroatlantski/ADJ,sigurnosni/ADJ,sustav/NOUN
umirovljeni/ADJ,vojni/ADJ,general/NOUN
federalnoj/ADJ,jugoslavenskoj/ADJ,vladi/NOUN
globalna/ADJ,financijska/ADJ,kriza/NOUN
važan/ADJ,financijski/ADJ,izvor/NOUN
slabom/ADJ,obrazovnom/ADJ,sustavu/NOUN
dugotrajnog/ADJ,mirovnog/ADJ,procesa/NOUN
dugotrajnog/ADJ,mirovnog/ADJ,procesa/NOUN
europskim/ADJ,nogometnim/ADJ,ligama/NOUN
vlastitu/ADJ,detaljnu/ADJ,istragu/NOUN
europskih/ADJ,klupskih/ADJ,natjecanja/NOUN
javnog/ADJ,međunarodnog/ADJ,prava/NOUN
brojnim/ADJ,obalnim/ADJ,područjima/NOUN
najizoliranijih/ADJ,kontinentalnih/ADJ,mora/NOUN
najizoliranijih/ADJ,kontinentalnih/ADJ,mora/NOUN
bogatom/ADJ,morskom/ADJ,florom/NOUN
izraženih/ADJ,negativnih/ADJ,trendova/NOUN
neodržive/ADJ,ljudske/ADJ,aktivnosti/NOUN
potrebnu/ADJ,političku/ADJ,volju/NOUN
otpadnim/ADJ,hranjivim/ADJ,tvarima/NOUN
Prekograničnoj/ADJ,dijagnostičkoj/ADJ,analizi/NOUN
određene/ADJ,kemijske/ADJ,zagađivače/NOUN
Europskoj/ADJ,investicijskoj/ADJ,banci/NOUN
Nacionalnog/ADJ,statističkog/ADJ,instituta/NOUN
Srbijanska/ADJ,elektroenergetska/ADJ,kompanija/NOUN
Najveći/ADJ,investicijski/ADJ,planovi/NOUN
novih/ADJ,političkih/ADJ,stranaka/NOUN
najuspješnija/ADJ,politička/ADJ,stranka/NOUN
ljevičarska/ADJ,nacionalistička/ADJ,stranka/NOUN
normalna/ADJ,demokratska/ADJ,država/NOUN
jedina/ADJ,politička/ADJ,stranka/NOUN
sadašnje/ADJ,političko/ADJ,vodstvo/NOUN
daljnje/ADJ,pogrešno/ADJ,upravljanje/NOUN
posljednjeg/ADJ,rumunjskog/ADJ,kralja/NOUN
talijanskog/ADJ,filharmonijskog/ADJ,orkestra/NOUN
američke/ADJ,državne/ADJ,tajnice/NOUN
bugarskom/ADJ,konzultantskom/ADJ,tvrtkom/NOUN
glavnih/ADJ,političkih/ADJ,stranaka/NOUN
Barrosov/ADJ,predloženi/ADJ,tim/NOUN
međunarodnoj/ADJ,poslovnoj/ADJ,školi/NOUN
turske/ADJ,vanjske/ADJ,politike/NOUN
manjinska/ADJ,albanska/ADJ,stranka/NOUN
ostalim/ADJ,visokim/ADJ,dužnosnicima/NOUN
ključnih/ADJ,stranačkih/ADJ,čelnika/NOUN
nove/ADJ,islamske/ADJ,države/NOUN
najveći/ADJ,inozemni/ADJ,ulagač/NOUN
jakih/ADJ,kišnih/ADJ,oborina/NOUN
međunarodni/ADJ,pogranični/ADJ,izgred/NOUN
Vijetnamski/ADJ,zoološki/ADJ,vrt/NOUN
rumunjskoj/ADJ,tiskovnoj/ADJ,agenciji/NOUN
ručnog/ADJ,raketnog/ADJ,bacača/NOUN
malobrojnih/ADJ,ekstremističkih/ADJ,skupina/NOUN
stare/ADJ,piramidalne/ADJ,građevine/NOUN
pokojnom/ADJ,staljinističkom/ADJ,diktatoru/NOUN
poznati/ADJ,albanski/ADJ,arhitekt/NOUN
jedino/ADJ,javno/ADJ,mjesto/NOUN
druge/ADJ,vojne/ADJ,naprave/NOUN
privatnim/ADJ,osiguravateljskim/ADJ,tvrtkama/NOUN
državnog/ADJ,zdravstvenog/ADJ,proračuna/NOUN
drugi/ADJ,protuteroristički/ADJ,pretres/NOUN
međunarodnoj/ADJ,zračnoj/ADJ,luci/NOUN
bivši/ADJ,glavni/ADJ,tajnik/NOUN
središnji/ADJ,kurdski/ADJ,pokret/NOUN
Vladine/ADJ,kulturne/ADJ,inicijative/NOUN
utjecajnog/ADJ,političkog/ADJ,komentatora/NOUN
ruskog/ADJ,naftnog/ADJ,diva/NOUN
novih/ADJ,benzinskih/ADJ,crpki/NOUN
Ruski/ADJ,naftni/ADJ,div/NOUN
Međunarodna/ADJ,zračna/ADJ,luka/NOUN
Nova/ADJ,zračna/ADJ,luka/NOUN
Egejskoj/ADJ,slobodnoj/ADJ,zoni/NOUN
Turski/ADJ,državni/ADJ,ministar/NOUN
Vodeće/ADJ,svjetske/ADJ,tvrtke/NOUN
dvostrukim/ADJ,sigurnosnim/ADJ,rizikom/NOUN
bivšu/ADJ,srpsku/ADJ,pokrajinu/NOUN
potencijalan/ADJ,sigurnosni/ADJ,rizik/NOUN
određene/ADJ,političke/ADJ,probleme/NOUN
velik/ADJ,sigurnosni/ADJ,rizik/NOUN
ogroman/ADJ,sigurnosni/ADJ,rizik/NOUN
Kosovske/ADJ,carinske/ADJ,službe/NOUN
moguće/ADJ,ulične/ADJ,prosvjede/NOUN
Poznati/ADJ,politički/ADJ,čelnik/NOUN
sadašnjih/ADJ,carinskih/ADJ,davanja/NOUN
velik/ADJ,industrijski/ADJ,rast/NOUN
Kosovske/ADJ,carinske/ADJ,službe/NOUN
novi/ADJ,srbijanski/ADJ,parlament/NOUN
srbijanske/ADJ,izvozne/ADJ,stope/NOUN
Srbijanski/ADJ,trgovinski/ADJ,manjak/NOUN
temeljne/ADJ,računalne/ADJ,vještine/NOUN
vladina/ADJ,novog/ADJ,programa/NOUN
albanske/ADJ,uvozne/ADJ,tvrtke/NOUN
različitih/ADJ,starosnih/ADJ,skupina/NOUN
nove/ADJ,terorističke/ADJ,napade/NOUN
četverodnevnog/ADJ,muslimanskog/ADJ,praznika/NOUN
čestitim/ADJ,islamskim/ADJ,učenjima/NOUN
zabrinuto/ADJ,lokalno/ADJ,stanovništvo/NOUN
nedeklariranu/ADJ,stvarnu/ADJ,vrijednost/NOUN
sjevernog/ADJ,graničnog/ADJ,prijelaza/NOUN
Bivši/ADJ,rumunjski/ADJ,astronaut/NOUN
Bivši/ADJ,rumunjski/ADJ,astronaut/NOUN
Bivši/ADJ,rumunjski/ADJ,astronaut/NOUN
Bivši/ADJ,rumunjski/ADJ,astronaut/NOUN
gradskog/ADJ,građevinskog/ADJ,zemljišta/NOUN
staroj/ADJ,sudskoj/ADJ,proceduri/NOUN
bivši/ADJ,rumunjski/ADJ,ministar/NOUN
europskih/ADJ,post-komunističkih/ADJ,zemalja/NOUN
dobre/ADJ,gospodarske/ADJ,rezultate/NOUN
Najveći/ADJ,ideološki/ADJ,suparnik/NOUN
praktičnih/ADJ,zajedničkih/ADJ,interesa/NOUN
konkretne/ADJ,gospodarske/ADJ,suradnje/NOUN
Ciljni/ADJ,datum/NOUN,2007./ADJ
prijetećih/ADJ,međuetničkih/ADJ,netrpeljivosti/NOUN
dugoročni/ADJ,gospodarski/ADJ,napredak/NOUN
tekućeg/ADJ,graničnog/ADJ,spora/NOUN
prošlogodišnju/ADJ,kobnu/ADJ,misiju/NOUN
srbijanskom/ADJ,vojnom/ADJ,industrijom/NOUN
Makedonska/ADJ,informativna/ADJ,agencija/NOUN
izravnih/ADJ,inozemnih/ADJ,ulaganja/NOUN
globalne/ADJ,financijske/ADJ,krize/NOUN
novih/ADJ,radnih/ADJ,mjesta/NOUN
značajnih/ADJ,poreznih/ADJ,olakšica/NOUN
nezdravo/ADJ,tursko/ADJ,gospodarstvo/NOUN
jedinstvenoj/ADJ,poreznoj/ADJ,stopi/NOUN
oštre/ADJ,javne/ADJ,rasprave/NOUN
brojnim/ADJ,europskim/ADJ,zemljama/NOUN
jedinstvena/ADJ,porezna/ADJ,stopa/NOUN
brojni/ADJ,ekonomski/ADJ,stručnjaci/NOUN
Bivši/ADJ,bugarski/ADJ,ministar/NOUN
Bivši/ADJ,bugarski/ADJ,ministar/NOUN
Bivši/ADJ,bugarski/ADJ,ministar/NOUN
Bivši/ADJ,bugarski/ADJ,ministar/NOUN
tročlanoj/ADJ,koalicijskoj/ADJ,vladi/NOUN
Zloglasni/ADJ,poslovni/ADJ,ljudi/NOUN
velike/ADJ,policijske/ADJ,operacije/NOUN
tadašnji/ADJ,tajni/ADJ,agent/NOUN
drugim/ADJ,privatnim/ADJ,tvrtkama/NOUN
bugarske/ADJ,carinske/ADJ,agencije/NOUN
prijevremene/ADJ,parlamentarne/ADJ,izbore/NOUN
ogromnog/ADJ,medijskog/ADJ,skandala/NOUN
najvišoj/ADJ,demokratskoj/ADJ,razini/NOUN
namještene/ADJ,automobilske/ADJ,nesreće/NOUN
Daytonskog/ADJ,mirovnog/ADJ,sporazuma/NOUN
grčkoj/ADJ,akademskoj/ADJ,zajednici/NOUN
predstojećoj/ADJ,školskoj/ADJ,godini/NOUN
dubljim/ADJ,gospodarskim/ADJ,reformama/NOUN
Nedavnom/ADJ,francusko-njemačkom/ADJ,idejom/NOUN
srbijanskoj/ADJ,vladajućoj/ADJ,koaliciji/NOUN
Nacionalni/ADJ,investicijski/ADJ,plan/NOUN
nova/ADJ,inozemna/ADJ,ulaganja/NOUN
ključnih/ADJ,regionalnih/ADJ,aktera/NOUN
tursku/ADJ,vanjsku/ADJ,politiku/NOUN
novih/ADJ,turskih/ADJ,ulagača/NOUN
postojećeg/ADJ,privatnog/ADJ,sektora/NOUN
izravnih/ADJ,stranih/ADJ,ulaganja/NOUN
preostale/ADJ,državne/ADJ,imovine/NOUN
sitne/ADJ,uslužne/ADJ,djelatnosti/NOUN
privatnih/ADJ,investicijskih/ADJ,fondova/NOUN
najvećem/ADJ,bugarskom/ADJ,pružatelju/NOUN
privatnih/ADJ,austrijskih/ADJ,investitora/NOUN
američkog/ADJ,investicijskog/ADJ,fonda/NOUN
najveće/ADJ,albanske/ADJ,banke/NOUN
UN-ovog/ADJ,nadzornog/ADJ,tijela/NOUN
iranskog/ADJ,nuklearnog/ADJ,programa/NOUN
najpopularniji/ADJ,portabilni/ADJ,programi/NOUN
raznim/ADJ,sigurnosnim/ADJ,softverom/NOUN
raznorazni/ADJ,korisni/ADJ,alati/NOUN
Legendarna/ADJ,Googleova/ADJ,usluga/NOUN
internetska/ADJ,otvorena/ADJ,enciklopedija/NOUN
povijesni/ADJ,nacionalni/ADJ,projekt/NOUN
privremene/ADJ,e-mail/ADJ,adrese/NOUN
sve/ADJ,računalne/ADJ,korisnike/NOUN
sve/ADJ,potrebne/ADJ,informacije/NOUN
prilagođenog/ADJ,startnog/ADJ,izbornika/NOUN
mnogih/ADJ,drugih/ADJ,kolekcija/NOUN
mnogi/ADJ,računalni/ADJ,gurui/NOUN
mnogim/ADJ,korisnim/ADJ,dodacima/NOUN
internetskim/ADJ,antivirusnim/ADJ,alatom/NOUN
dostupni/ADJ,antivirusni/ADJ,alat/NOUN
najpoznatijih/ADJ,antivirusnih/ADJ,enginea/NOUN
vodeći/ADJ,operativni/ADJ,sustav/NOUN
dorađenu/ADJ,mrežnu/ADJ,makljažu/NOUN
Komšićev/ADJ,nagli/ADJ,potez/NOUN
njemačkim/ADJ,obrambenim/ADJ,generalom/NOUN
hrvatski/ADJ,politički/ADJ,čelnici/NOUN
Najpopularnija/ADJ,nova/ADJ,platforma/NOUN
uobičajenoj/ADJ,mrežnoj/ADJ,infrastrukturi/NOUN
HP-ova/ADJ,sljedeća/ADJ,generacija/NOUN
hrvatski/ADJ,politički/ADJ,čelnici/NOUN
sve/ADJ,praktične/ADJ,svrhe/NOUN
sve/ADJ,moderne/ADJ,razine/NOUN
kompletnog/ADJ,diskovnog/ADJ,prostora/NOUN
odličan/ADJ,poslovni/ADJ,model/NOUN
predstojećim/ADJ,parlamentarnim/ADJ,izborima/NOUN
novo/ADJ,softversko/ADJ,čedo/NOUN
cjelokupnu/ADJ,distribuiranu/ADJ,arhitekturu/NOUN
nevelike/ADJ,komprimirane/ADJ,datoteke/NOUN
standardnim/ADJ,relacijskim/ADJ,bazama/NOUN
viša/ADJ,logička/ADJ,jedinica/NOUN
zadnju/ADJ,moguću/ADJ,inačicu/NOUN
pomoćni/ADJ,klijentski/ADJ,alat/NOUN
nekompleksan/ADJ,podatkovni/ADJ,model/NOUN
Dvodnevni/ADJ,regionalni/ADJ,forum/NOUN
20./ADJ,studenog/NOUN,1985./ADJ
prvi/ADJ,operativni/ADJ,sustav/NOUN
najpopularniji/ADJ,operativni/ADJ,sustav/NOUN
vlastitom/ADJ,kineskom/ADJ,rješenju/NOUN
DOHC/ADJ,benzinskim/ADJ,motorom/NOUN
novoga/ADJ,antivirusnog/ADJ,alata/NOUN
tradicionalnih/ADJ,antivirusnih/ADJ,programa/NOUN
poznata/ADJ,sigurnosna/ADJ,tvrtka/NOUN
prvi/ADJ,antivirusni/ADJ,alat/NOUN
punokrvno/ADJ,antivirusno/ADJ,rješenje/NOUN
manja/ADJ,lokalna/ADJ,baza/NOUN
dodatnog/ADJ,sigurnosnog/ADJ,alata/NOUN
dodatnu/ADJ,alatnu/ADJ,traku/NOUN
raznovrsne/ADJ,maliciozne/ADJ,gamadi/NOUN
stolnog/ADJ,sistemskog/ADJ,čipa/NOUN
32-bitnim/ADJ,operacijskim/ADJ,sustavom/NOUN
jednaku/ADJ,internu/ADJ,propusnost/NOUN
različitog/ADJ,etničkog/ADJ,podrijetla/NOUN
punu/ADJ,QWERTZ/ADJ,tipkovnicu/NOUN
jedini/ADJ,mobilni/ADJ,uređaj/NOUN
najveći/ADJ,europski/ADJ,sajam/NOUN
najveći/ADJ,svjetski/ADJ,proizvođači/NOUN
glomaznog/ADJ,berlinskog/ADJ,sajmišta/NOUN
brojne/ADJ,svjetske/ADJ,premijere/NOUN
jake/ADJ,Bugove/ADJ,snage/NOUN
Googleov/ADJ,operacijski/ADJ,sustav/NOUN
svojevrsnom/ADJ,uvećanom/ADJ,verzijom/NOUN
Samsungovog/ADJ,mobilnog/ADJ,telefona/NOUN
dvoznamenkastim/ADJ,postotnim/ADJ,rastom/NOUN
komercijalnih/ADJ,3D/ADJ,televizora/NOUN
prvi/ADJ,3D/ADJ,kamkorder/NOUN
pravilnim/ADJ,vremenskim/ADJ,razmacima/NOUN
nove/ADJ,pozadinske/ADJ,slike/NOUN
visokim/ADJ,tehničkim/ADJ,školama/NOUN
vladajuće/ADJ,socijalističke/ADJ,stranke/NOUN
vodeće/ADJ,oporbene/ADJ,stranke/NOUN
vodeća/ADJ,oporbena/ADJ,stranka/NOUN
širokom/ADJ,političkom/ADJ,konsenzusu/NOUN
veliki/ADJ,ulični/ADJ,prosvjed/NOUN
najbolji/ADJ,svjetski/ADJ,vozač/NOUN
Ferrarijevih/ADJ,limenih/ADJ,ljepotana/NOUN
krupnim/ADJ,građevinskim/ADJ,radovima/NOUN
raznih/ADJ,društvenih/ADJ,grupa/NOUN
drugih/ADJ,oporbenih/ADJ,stranaka/NOUN
novi/ADJ,investicijski/ADJ,ciklus/NOUN
grčkih/ADJ,sveučilišnih/ADJ,studenata/NOUN
ranih/ADJ,osamdesetih/ADJ,godina/NOUN
novoizabrana/ADJ,socijalistička/ADJ,vlada/NOUN
donji/ADJ,desni/ADJ,dio/NOUN
internetskih/ADJ,medijskih/ADJ,servisa/NOUN
Glavna/ADJ,upravljačka/ADJ,ploča/NOUN
gornjem/ADJ,lijevom/ADJ,dijelu/NOUN
gornjem/ADJ,središnjem/ADJ,dijelu/NOUN
novi/ADJ,protuvirusni/ADJ,softver/NOUN
vanjski/ADJ,tvrdi/ADJ,disk/NOUN
starijeg/ADJ,operacijskog/ADJ,sustava/NOUN
privremene/ADJ,internetske/ADJ,datoteke/NOUN
svim/ADJ,novim/ADJ,funkcijama/NOUN
Svim/ADJ,hardverskim/ADJ,uređajima/NOUN
bivši/ADJ,albanski/ADJ,diplomat/NOUN
mnogi/ADJ,antivirusni/ADJ,programi/NOUN
posljednjim/ADJ,općim/ADJ,izborima/NOUN
brojnim/ADJ,drugim/ADJ,djelima/NOUN
Šoljanovo/ADJ,esejističko/ADJ,djelo/NOUN
popularnih/ADJ,pustolovnih/ADJ,romana/NOUN
25./ADJ,veljače/NOUN,1842./ADJ
novi/ADJ,džepni/ADJ,sat/NOUN
24./ADJ,prosinca/NOUN,1861./ADJ
isti/ADJ,džepni/ADJ,sat/NOUN
američkom/ADJ,Divljem/ADJ,zapadu/NOUN
8./ADJ,lipnja/NOUN,1865./ADJ
zatvoreničkog/ADJ,crkvenog/ADJ,kora/NOUN
velikog/ADJ,indijanskog/ADJ,poglavice/NOUN
26./ADJ,ožujka/NOUN,1899./ADJ
blagdansku/ADJ,potrošačku/ADJ,groznicu/NOUN
Svjetske/ADJ,hokejaške/ADJ,federacije/NOUN
čudnovati/ADJ,obiteljski/ADJ,karavan/NOUN
drugih/ADJ,mediteranskih/ADJ,zemalja/NOUN
dvostruke/ADJ,okrugle/ADJ,maglenke/NOUN
Novi/ADJ,svjetlosni/ADJ,sklopovi/NOUN
modernih/ADJ,elektronskih/ADJ,pomagala/NOUN
mnogi/ADJ,današnji/ADJ,automobili/NOUN
plavom/ADJ,rumunjskom/ADJ,maratoncu/NOUN
suvremenih/ADJ,tehnoloških/ADJ,dostignuća/NOUN
6./ADJ,listopada/NOUN,2008./ADJ
redovnih/ADJ,servisnih/ADJ,zahvata/NOUN
ostalog/ADJ,potrošnog/ADJ,materijala/NOUN
Renaultov/ADJ,benzinski/ADJ,motor/NOUN
brojne/ADJ,Renaultove/ADJ,modele/NOUN
druge/ADJ,bivše/ADJ,supruge/NOUN
prvoga/ADJ,bivšeg/ADJ,braka/NOUN
bezolovne/ADJ,motorne/ADJ,benzine/NOUN
druga/ADJ,društvena/ADJ,skupina/NOUN
Antički/ADJ,termalni/ADJ,grad/NOUN
najopasnija/ADJ,zarazna/ADJ,bolest/NOUN
veći/ADJ,broj/NOUN,mrtvih/ADJ
uobičajenih/ADJ,sezonskih/ADJ,gripa/NOUN
opasnog/ADJ,novog/ADJ,virusa/NOUN
velike/ADJ,svjetske/ADJ,pandemije/NOUN
međunarodne/ADJ,nevladine/ADJ,udruge/NOUN
tzv./ADJ,bubonske/ADJ,kuge/NOUN
tadašnje/ADJ,europske/ADJ,populacije/NOUN
planiranog/ADJ,akumulacijskog/ADJ,jezera/NOUN
značajnu/ADJ,povijesnu/ADJ,lokaciju/NOUN
hrvatski/ADJ,gospodarski/ADJ,sustav/NOUN
konzistentni/ADJ,makroekonomski/ADJ,sustav/NOUN
bruto/ADJ,domaćeg/ADJ,proizvoda/NOUN
vlastite/ADJ,ekonomske/ADJ,politike/NOUN
nova/ADJ,radna/ADJ,mjesta/NOUN
svih/ADJ,europskih/ADJ,zemalja/NOUN
najmanji/ADJ,radni/ADJ,kontingent/NOUN
Ostale/ADJ,tranzicijske/ADJ,zemlje/NOUN
mali/ADJ,broj/NOUN,zaposlenih/ADJ
bruto/ADJ,domaći/ADJ,proizvod/NOUN
bruto/ADJ,domaći/ADJ,proizvod/NOUN
vlastitu/ADJ,makroekonomsku/ADJ,politiku/NOUN
osobnih/ADJ,političkih/ADJ,ambicija/NOUN
navodnim/ADJ,konkretnim/ADJ,planovima/NOUN
velikom/ADJ,njemačkom/ADJ,gradu/NOUN
neupadljiv/ADJ,zapadnjački/ADJ,način/NOUN
njemačkim/ADJ,željezničkim/ADJ,kolodvorima/NOUN
cestovnim/ADJ,graničnim/ADJ,prijelazima/NOUN
uobičajenim/ADJ,prirodnim/ADJ,dokazima/NOUN
turskog/ADJ,kulturnog/ADJ,naslijeđa/NOUN
visokokvalificiranom/ADJ,radnom/ADJ,snagom/NOUN
iznimnog/ADJ,ljekovitog/ADJ,središta/NOUN
ljekovitom/ADJ,prosječnom/ADJ,temperaturom/NOUN
Mnoge/ADJ,mlađe/ADJ,žene/NOUN
najveći/ADJ,starački/ADJ,dom/NOUN
treći/ADJ,zajednički/ADJ,album/NOUN
kultne/ADJ,radijske/ADJ,emisije/NOUN
velikoj/ADJ,europskoj/ADJ,turneji/NOUN
svu/ADJ,potrebnu/ADJ,dokumentaciju/NOUN
hrvatska/ADJ,poslovna/ADJ,zajednica/NOUN
velikim/ADJ,svjetskim/ADJ,kompanijama/NOUN
hrvatske/ADJ,nogometne/ADJ,reprezentacije/NOUN
Uzoriti/ADJ,prvi/ADJ,ministre/NOUN
Odgovarajući/ADJ,pravni/ADJ,okvir/NOUN
I./ADJ,izbornoj/ADJ,jedinici/NOUN
gradskih/ADJ,intervencijskih/ADJ,postrojbi/NOUN
Najboljeg/ADJ,novog/ADJ,izvođača/NOUN
irski/ADJ,kreditni/ADJ,rejting/NOUN
Međunarodni/ADJ,monetarni/ADJ,fond/NOUN
irskom/ADJ,bankovnom/ADJ,sustavu/NOUN
spasonosnog/ADJ,financijskog/ADJ,paketa/NOUN
irske/ADJ,javne/ADJ,financije/NOUN
irski/ADJ,bankarski/ADJ,sustav/NOUN
irske/ADJ,državne/ADJ,obveznice/NOUN
teške/ADJ,psihičke/ADJ,krize/NOUN
razvijenim/ADJ,europskim/ADJ,zemljama/NOUN
Svakodnevne/ADJ,bioenergetske/ADJ,kure/NOUN
službene/ADJ,liječničke/ADJ,prakse/NOUN
Konzervativno/ADJ,hrvatsko/ADJ,zakonodavstvo/NOUN
mnoge/ADJ,druge/ADJ,vrste/NOUN
priznati/ADJ,hrvatski/ADJ,liječnici/NOUN
vlastitim/ADJ,transcendentalnim/ADJ,iskustvima/NOUN
teškim/ADJ,ginekološkim/ADJ,problemima/NOUN
vlastiti/ADJ,zdravstveni/ADJ,karton/NOUN
17./ADJ,siječnja/NOUN,2001./ADJ
besplatnu/ADJ,pravnu/ADJ,pomoć/NOUN
neizlječive/ADJ,Parkinsonove/ADJ,bolesti/NOUN
nužne/ADJ,medicinske/ADJ,dokumentacije/NOUN
raznim/ADJ,duševnim/ADJ,tegobama/NOUN
redoviti/ADJ,četverogodišnji/ADJ,studiji/NOUN
vodeći/ADJ,izraelski/ADJ,liječnici/NOUN
mnogim/ADJ,razvijenim/ADJ,zemljama/NOUN
1./ADJ,hrvatskom/ADJ,kongresu/NOUN
londonskog/ADJ,međunarodnog/ADJ,koledža/NOUN
Svjetske/ADJ,zdravstvene/ADJ,organizacije/NOUN
starogrčkom/ADJ,Hipokratovu/ADJ,načelu/NOUN
Svjetska/ADJ,zdravstvena/ADJ,organizacija/NOUN
Mnogi/ADJ,istaknuti/ADJ,članovi/NOUN
Hrvatskom/ADJ,liječničkom/ADJ,zboru/NOUN
Svjetske/ADJ,zdravstvene/ADJ,organizacije/NOUN
tradicionalnu/ADJ,kinesku/ADJ,medicinu/NOUN
privatnu/ADJ,liječničku/ADJ,ordinaciju/NOUN
mnoge/ADJ,zdravstvene/ADJ,tegobe/NOUN
veliki/ADJ,znanstveno-istraživački/ADJ,centri/NOUN
Prve/ADJ,znanstvene/ADJ,rezultate/NOUN
opće/ADJ,zdravstveno/ADJ,stanje/NOUN
hrvatskog/ADJ,javnog/ADJ,života/NOUN
Odgovarajući/ADJ,pravni/ADJ,okvir/NOUN
Hrvatske/ADJ,liječničke/ADJ,komore/NOUN
kontrolirani/ADJ,klinički/ADJ,pokusi/NOUN
drugom/ADJ,kontrolnom/ADJ,grupom/NOUN
stvarna/ADJ,državna/ADJ,kontrola/NOUN
tzv./ADJ,monopolističkom/ADJ,sustavu/NOUN
alternativnoga/ADJ,medicinskog/ADJ,djelovanja/NOUN
službene/ADJ,medicinske/ADJ,tretmane/NOUN
pobunjenu/ADJ,gruzijsku/ADJ,regiju/NOUN
šestomjesečnog/ADJ,rotirajućeg/ADJ,predsjedništva/NOUN
stabilne/ADJ,emocionalne/ADJ,veze/NOUN
važne/ADJ,poslovne/ADJ,ugovore/NOUN
sve/ADJ,intelektualne/ADJ,aktivnosti/NOUN
crnomorskoj/ADJ,gruzijskoj/ADJ,luci/NOUN
ugodne/ADJ,društvene/ADJ,kontakte/NOUN
općom/ADJ,životnom/ADJ,situacijom/NOUN
svjetsku/ADJ,stručnu/ADJ,literaturu/NOUN
cijenjenim/ADJ,svjetskim/ADJ,časopisima/NOUN
međunarodnim/ADJ,dizajnerskim/ADJ,festivalima/NOUN
najuspješniji/ADJ,noviji/ADJ,studiji/NOUN
ruskih/ADJ,vojnih/ADJ,operacija/NOUN
Američka/ADJ,državna/ADJ,tajnica/NOUN
Beskrajni/ADJ,samoljepivi/ADJ,kalendar/NOUN
univerzalni/ADJ,trajni/ADJ,kalendar/NOUN
kompletan/ADJ,vizualni/ADJ,identitet/NOUN
najvećim/ADJ,dizajnerskim/ADJ,imenima/NOUN
mobilnim/ADJ,uredskim/ADJ,namještajem/NOUN
solidnog/ADJ,slavonskog/ADJ,hrasta/NOUN
poznatim/ADJ,talijanskim/ADJ,kućama/NOUN
novootvoreni/ADJ,zagrebački/ADJ,studij/NOUN
prvi/ADJ,cjeloviti/ADJ,projekt/NOUN
zajednička/ADJ,hrvatsko-mađarska/ADJ,tvrtka/NOUN
najpoznatijih/ADJ,talijanskih/ADJ,kuća/NOUN
realiziranih/ADJ,marketinških/ADJ,projekata/NOUN
kompletan/ADJ,vizualni/ADJ,identitet/NOUN
brojnim/ADJ,uspješnim/ADJ,tvrtkama/NOUN
globalne/ADJ,financijske/ADJ,krize/NOUN
uglednom/ADJ,europskom/ADJ,natječaju/NOUN
specijalno/ADJ,godišnje/ADJ,izdanje/NOUN
Hrvatsko/ADJ,dizajnersko/ADJ,društvo/NOUN
globalne/ADJ,financijske/ADJ,krize/NOUN
prestižnim/ADJ,svjetskim/ADJ,festivalima/NOUN
najpoznatije/ADJ,svjetske/ADJ,publikacije/NOUN
brojne/ADJ,hrvatske/ADJ,kompanije/NOUN
najjačih/ADJ,hrvatskih/ADJ,firmi/NOUN
vodećih/ADJ,dizajnerskih/ADJ,publikacija/NOUN
brojna/ADJ,međunarodna/ADJ,priznanja/NOUN
najuspješnijih/ADJ,mladih/ADJ,kreativaca/NOUN
prestižna/ADJ,europska/ADJ,baza/NOUN
Hrvatskog/ADJ,dizajnerskog/ADJ,društva/NOUN
različite/ADJ,životne/ADJ,svjetonazore/NOUN
Nacionalnu/ADJ,dizajnersku/ADJ,konvenciju/NOUN
hrvatskih/ADJ,aromaterapeutskih/ADJ,proizvoda/NOUN
tzv./ADJ,informacijskog/ADJ,dizajna/NOUN
boljim/ADJ,grafičkim/ADJ,dizajnom/NOUN
hrvatski/ADJ,grafički/ADJ,dizajneri/NOUN
profesionalnu/ADJ,dizajnersku/ADJ,infrastrukturu/NOUN
prestižne/ADJ,dizajnerske/ADJ,poslove/NOUN
poznate/ADJ,šminkerske/ADJ,šampone/NOUN
zvučnog/ADJ,američkog/ADJ,posla/NOUN
odgovornog/ADJ,dizajnerskog/ADJ,posla/NOUN
najpoznatije/ADJ,svjetske/ADJ,publikacije/NOUN
atraktivnim/ADJ,kazališnim/ADJ,scenografijama/NOUN
najznačajniju/ADJ,svjetsku/ADJ,nagradu/NOUN
najbolja/ADJ,idejna/ADJ,rješenja/NOUN
hrvatskih/ADJ,aromaterapeutskih/ADJ,proizvoda/NOUN
odgovornog/ADJ,dizajnerskog/ADJ,posla/NOUN
najvažnijih/ADJ,teorijskih/ADJ,saznanja/NOUN
novu/ADJ,farmaceutsku/ADJ,tvornicu/NOUN
4./ADJ,Temeljna/ADJ,načela/NOUN
izabranih/ADJ,izdvojenih/ADJ,tema/NOUN
iznesenih/ADJ,teorijskih/ADJ,načela/NOUN
Znatnu/ADJ,ukupnu/ADJ,poznatost/NOUN
pojedinim/ADJ,konkretnim/ADJ,lancima/NOUN
pojedinim/ADJ,dodatnim/ADJ,servisima/NOUN
novih/ADJ,radnih/ADJ,mjesta/NOUN
ukupni/ADJ,proizvodni/ADJ,kapacitet/NOUN
dobre/ADJ,poslovne/ADJ,rezultate/NOUN
Murdochovo/ADJ,medijsko/ADJ,carstvo/NOUN
mala/ADJ,prijenosna/ADJ,računala/NOUN
bilateralnu/ADJ,gospodarsku/ADJ,suradnju/NOUN
prašnjavoj/ADJ,pristupnoj/ADJ,cesti/NOUN
toplijih/ADJ,srpanjskih/ADJ,dana/NOUN
druge/ADJ,istarske/ADJ,krajeve/NOUN
makedonsko-češkom/ADJ,poslovnom/ADJ,forumu/NOUN
najvećeg/ADJ,domaćeg/ADJ,telekoma/NOUN
bilateralnih/ADJ,gospodarskih/ADJ,veza/NOUN
integrirane/ADJ,operacijske/ADJ,dvorane/NOUN
makedonsko-češkog/ADJ,poslovnog/ADJ,vijeća/NOUN
Hrvatske/ADJ,narodne/ADJ,banke/NOUN
Hrvatska/ADJ,naftna/ADJ,tvrtka/NOUN
cijelog/ADJ,bankovnog/ADJ,sustava/NOUN
listopadskih/ADJ,lokalnih/ADJ,izbora/NOUN
vodeću/ADJ,financijsku/ADJ,instituciju/NOUN
svim/ADJ,pravnim/ADJ,subjektima/NOUN
veće/ADJ,europske/ADJ,metropole/NOUN
nova/ADJ,kreditna/ADJ,linija/NOUN
Ostali/ADJ,trgovački/ADJ,lanci/NOUN
najveća/ADJ,hrvatska/ADJ,pilana/NOUN
Prvo/ADJ,kogeneracijsko/ADJ,postojenje/NOUN
Crnogorski/ADJ,vaterpolski/ADJ,tim/NOUN
minimalni/ADJ,pravni/ADJ,mehanizam/NOUN
preliminarnog/ADJ,vaterpolskog/ADJ,susreta/NOUN
redovnom/ADJ,mjesečnom/ADJ,izvješću/NOUN
poboljšana/ADJ,energetska/ADJ,učinkovitost/NOUN
očekivana/ADJ,pojačana/ADJ,potrošnja/NOUN
kineskoj/ADJ,energetskoj/ADJ,politici/NOUN
neizvjesnog/ADJ,gospodarskog/ADJ,oporavka/NOUN
Crnogorski/ADJ,vaterpolski/ADJ,tim/NOUN
jasnoga/ADJ,regulativnog/ADJ,okvira/NOUN
najbolji/ADJ,grčki/ADJ,strijelac/NOUN
svih/ADJ,parlamentarnih/ADJ,stranaka/NOUN
Srpskoj/ADJ,pravoslavnoj/ADJ,crkvi/NOUN
Ostale/ADJ,vjerske/ADJ,zajednice/NOUN
starija/ADJ,izvršna/ADJ,potpredsjednica/NOUN
novog/ADJ,investicijskog/ADJ,ciklusa/NOUN
novih/ADJ,radnih/ADJ,mjesta/NOUN
Sve/ADJ,razvojne/ADJ,strategije/NOUN
hrvatski/ADJ,porezni/ADJ,obveznici/NOUN
Međunarodnog/ADJ,monetarnog/ADJ,fonda/NOUN
najvažnijem/ADJ,svjetskom/ADJ,događaju/NOUN
ruske/ADJ,kapitalističke/ADJ,revolucije/NOUN
jedine/ADJ,hrvatske/ADJ,novine/NOUN
čvrsta/ADJ,autokratska/ADJ,država/NOUN
Najbolji/ADJ,njemački/ADJ,strijelac/NOUN
dotadašnji/ADJ,ekonomski/ADJ,sustav/NOUN
današnje/ADJ,rusko/ADJ,poimanje/NOUN
aktualnim/ADJ,ekonomskim/ADJ,odnosima/NOUN
hrvatska/ADJ,državna/ADJ,politika/NOUN
Duže/ADJ,radno/ADJ,vrijeme/NOUN
prosječna/ADJ,mala/ADJ,trgovina/NOUN
svih/ADJ,engleskih/ADJ,transakcija/NOUN
malih/ADJ,kvartovskih/ADJ,samoposluga/NOUN
postojanu/ADJ,temeljnu/ADJ,ponudu/NOUN
mjesečnim/ADJ,apsolutnim/ADJ,podacima/NOUN
ukupno/ADJ,posljednje/ADJ,tromjesečje/NOUN
jedini/ADJ,balkanski/ADJ,predstavnik/NOUN
vjerodostojnih/ADJ,fiskalnih/ADJ,mehanizama/NOUN
najvećim/ADJ,europskim/ADJ,bankama/NOUN
pozitivni/ADJ,financijski/ADJ,izvještaji/NOUN
neizbježne/ADJ,sljedeće/ADJ,krize/NOUN
mnoge/ADJ,bolne/ADJ,mjere/NOUN
nužnih/ADJ,javnih/ADJ,ulaganja/NOUN
velike/ADJ,trgovinske/ADJ,viškove/NOUN
novih/ADJ,fiskalnih/ADJ,pravila/NOUN
Hrvatski/ADJ,povijesni/ADJ,atlas/NOUN
razdijelnom/ADJ,godinom/NOUN,1918./ADJ
sjeverne/ADJ,geografske/ADJ,širine/NOUN
istočne/ADJ,geografske/ADJ,dužine/NOUN
hrvatskih/ADJ,povijesnih/ADJ,zemalja/NOUN
četvrtim/ADJ,prodajnim/ADJ,mjestom/NOUN
najsofisticiraniji/ADJ,poslovni/ADJ,planovi/NOUN
sva/ADJ,potrebna/ADJ,znanja/NOUN
loš/ADJ,selekcijski/ADJ,postupak/NOUN
prave/ADJ,profesionalne/ADJ,kompetentnosti/NOUN
redovnom/ADJ,školskom/ADJ,sustavu/NOUN
potrebne/ADJ,stručne/ADJ,kompetencije/NOUN
druga/ADJ,raširena/ADJ,predrasuda/NOUN
svakodnevne/ADJ,otvorene/ADJ,komunikacije/NOUN
Poznati/ADJ,uspješan/ADJ,menadžer/NOUN
mnogim/ADJ,suvremenim/ADJ,rukovoditeljima/NOUN
svim/ADJ,poslovnim/ADJ,izazovima/NOUN
stalna/ADJ,praktična/ADJ,primjena/NOUN
Novi/ADJ,distributivni/ADJ,centar/NOUN
novi/ADJ,distributivni/ADJ,centar/NOUN
najnovijih/ADJ,svjetskih/ADJ,trendova/NOUN
domaćeg/ADJ,bruto/ADJ,proizvoda/NOUN
ukupnog/ADJ,agencijskog/ADJ,prometa/NOUN
učinkovitom/ADJ,tržišnom/ADJ,komuniciranju/NOUN
Hrvatske/ADJ,poštanske/ADJ,banke/NOUN
dnevnim/ADJ,tržišnim/ADJ,cijenama/NOUN
Prvoj/ADJ,stambenoj/ADJ,štedionici/NOUN
fiksnu/ADJ,kamatnu/ADJ,stopu/NOUN
Promijenjene/ADJ,štedne/ADJ,navike/NOUN
fiksna/ADJ,kamatna/ADJ,stopa/NOUN
Hrvatske/ADJ,narodne/ADJ,banke/NOUN
svih/ADJ,stambenih/ADJ,štedionica/NOUN
bivših/ADJ,državnih/ADJ,deficita/NOUN
Europska/ADJ,središnja/ADJ,banka/NOUN
maloj/ADJ,balkanskoj/ADJ,državi/NOUN
znatne/ADJ,industrijske/ADJ,potencijale/NOUN
svi/ADJ,propisani/ADJ,doprinosi/NOUN
drugoj/ADJ,poslovnoj/ADJ,jedinici/NOUN
dosadašnjoj/ADJ,poslovnoj/ADJ,praksi/NOUN
velikom/ADJ,božićnom/ADJ,drvcu/NOUN
puno/ADJ,radno/ADJ,vrijeme/NOUN
puno/ADJ,radno/ADJ,vrijeme/NOUN
puno/ADJ,radno/ADJ,vrijeme/NOUN
novih/ADJ,ekoloških/ADJ,proizvođača/NOUN
kriznoj/ADJ,2009./ADJ,godini/NOUN
austrijski/ADJ,ekološki/ADJ,proizvodi/NOUN
navedeni/ADJ,pozitivni/ADJ,trendovi/NOUN
prepoznatljivi/ADJ,AMA-in/ADJ,ekoznak/NOUN
štetna/ADJ,mineralna/ADJ,gnojiva/NOUN
temeljnih/ADJ,prirodnih/ADJ,elemenata/NOUN
bogatu/ADJ,kulturnu/ADJ,baštinu/NOUN
sve/ADJ,hrvatske/ADJ,bitke/NOUN
Hrvatski/ADJ,rukometni/ADJ,savez/NOUN
UN-ovu/ADJ,prijelaznu/ADJ,upravu/NOUN
netipične/ADJ,dječje/ADJ,reakcije/NOUN
najdramatičnijih/ADJ,ratnih/ADJ,zona/NOUN
naoružanih/ADJ,srpskih/ADJ,dobrovoljaca/NOUN
sve/ADJ,referentne/ADJ,parametre/NOUN
vlastite/ADJ,telekomunikacijske/ADJ,infrastrukture/NOUN
određenim/ADJ,stranim/ADJ,jezikom/NOUN
dobre/ADJ,prijateljske/ADJ,veze/NOUN
sve/ADJ,zainteresirane/ADJ,momke/NOUN
prestižna/ADJ,Plava/ADJ,zastava/NOUN
prvi/ADJ,kompjuterski/ADJ,program/NOUN
istoj/ADJ,izbornoj/ADJ,jedinici/NOUN
fascinantnog/ADJ,znanstvenog/ADJ,područja/NOUN
suvremenim/ADJ,kazališnim/ADJ,oblicima/NOUN
indirektan/ADJ,pozitivan/ADJ,efekt/NOUN
sve/ADJ,neophodne/ADJ,lijekove/NOUN
Općinskom/ADJ,državnom/ADJ,odvjetništvu/NOUN
punim/ADJ,radnim/ADJ,vremenom/NOUN
zadnjim/ADJ,lokalnim/ADJ,izborima/NOUN
novonastalih/ADJ,hormonalnih/ADJ,zbivanja/NOUN
minimalne/ADJ,zajedničke/ADJ,pričuve/NOUN
određene/ADJ,korekcijske/ADJ,koeficijente/NOUN
glavnu/ADJ,ciljanu/ADJ,skupinu/NOUN
standardni/ADJ,navigacijski/ADJ,sustav/NOUN
udbaške/ADJ,tajne/ADJ,službe/NOUN
Glavni/ADJ,vatrogasni/ADJ,zapovjednik/NOUN
njemačko/ADJ,Vrhovno/ADJ,zapovjedništvo/NOUN
zagrebačkoj/ADJ,skupštinskoj/ADJ,koliciji/NOUN
istu/ADJ,moralističku/ADJ,logiku/NOUN
Hrvatskog/ADJ,liječničkog/ADJ,sindikata/NOUN
lokalnih/ADJ,srpskih/ADJ,prosvjednika/NOUN
jedina/ADJ,nedjeljiva/ADJ,ljubav/NOUN
Posljednji/ADJ,Sergeyev/ADJ,kontakt/NOUN
jedinstvena/ADJ,konavoska/ADJ,nošnja/NOUN
talijanskim/ADJ,vojnim/ADJ,instancama/NOUN
talijanskoj/ADJ,okupacijskoj/ADJ,zoni/NOUN
nesretni/ADJ,bračni/ADJ,par/NOUN
mogući/ADJ,strateški/ADJ,partner/NOUN
pripadajuće/ADJ,pobočne/ADJ,prostorije/NOUN
francuski/ADJ,mirovni/ADJ,vojnici/NOUN
stare/ADJ,bolesne/ADJ,roditelje/NOUN
šireg/ADJ,globalnog/ADJ,konteksta/NOUN
tankih/ADJ,foto-senzitivnih/ADJ,dioda/NOUN
brojnim/ADJ,negativnim/ADJ,kritikama/NOUN
Njemački/ADJ,savezni/ADJ,tužitelji/NOUN
lokalne/ADJ,policijske/ADJ,snage/NOUN
modernog/ADJ,iranskog/ADJ,pjesništva/NOUN
30./ADJ,studenog/NOUN,2004./ADJ
Prevladavajući/ADJ,glazbeni/ADJ,žanr/NOUN
pretijesnog/ADJ,parkirališnog/ADJ,prostora/NOUN
tradicionalnih/ADJ,samurajskih/ADJ,mačeva/NOUN
drevnim/ADJ,Japanskim/ADJ,običajima/NOUN
Hrvatski/ADJ,filmski/ADJ,savez/NOUN
izravnih/ADJ,stranih/ADJ,ulaganja/NOUN
najveća/ADJ,nogometna/ADJ,kluba/NOUN
pokoji/ADJ,stručni/ADJ,savjet/NOUN
bogata/ADJ,kulturna/ADJ,ponuda/NOUN
Rovinjski/ADJ,ljetni/ADJ,festival/NOUN
intenzivna/ADJ,galerijska/ADJ,aktivnost/NOUN
najgorim/ADJ,noćnim/ADJ,morama/NOUN
susjedne/ADJ,građevne/ADJ,čestice/NOUN
drugu/ADJ,javnu/ADJ,površinu/NOUN
21./ADJ,Građevni/ADJ,pravac/NOUN
isključivu/ADJ,administrativnu/ADJ,nadležnost/NOUN
jedini/ADJ,pravni/ADJ,okvir/NOUN
Crne/ADJ,klasične/ADJ,sandale/NOUN
domaćem/ADJ,turističkom/ADJ,tržištu/NOUN
svim/ADJ,drugim/ADJ,bendovima/NOUN
zamršenim/ADJ,životnim/ADJ,rebusima/NOUN
zagrebačkom/ADJ,teološkom/ADJ,fakultetu/NOUN
brojne/ADJ,theta/ADJ,aktivnosti/NOUN
sutrašnji/ADJ,Ivanjski/ADJ,krijes/NOUN
novu/ADJ,plodnu/ADJ,zemlju/NOUN
jedino/ADJ,gradsko/ADJ,sklonište/NOUN
visokorazvijenim/ADJ,manipulatorskim/ADJ,vještinama/NOUN
glavnu/ADJ,žensku/ADJ,ulogu/NOUN
64-godišnji/ADJ,bivši/ADJ,sudac/NOUN
Najbolji/ADJ,aktualni/ADJ,primjer/NOUN
buduće/ADJ,gladne/ADJ,prosvjetare/NOUN
novi/ADJ,kazališni/ADJ,biser/NOUN
odlično/ADJ,drugo/ADJ,vrijeme/NOUN
dugovalne/ADJ,infracrvene/ADJ,zrake/NOUN
drugim/ADJ,životnim/ADJ,ulogama/NOUN
neidentificirani/ADJ,leteći/ADJ,objekt/NOUN
vodičkog/ADJ,Jedriličarskog/ADJ,kluba/NOUN
koprivničkom/ADJ,gradskom/ADJ,klizalištu/NOUN
uskraćene/ADJ,zdravstvene/ADJ,zaštite/NOUN
najnasilniju/ADJ,militantnu/ADJ,skupinu/NOUN
svim/ADJ,mladim/ADJ,pjesnicima/NOUN
pojedinog/ADJ,telefonskog/ADJ,razgovora/NOUN
glavna/ADJ,kreativna/ADJ,snaga/NOUN
Svjetske/ADJ,zdravstvene/ADJ,organizacije/NOUN
apriorni/ADJ,negativni/ADJ,stav/NOUN
Novi/ADJ,glavni/ADJ,urednik/NOUN
legendarnih/ADJ,Divljih/ADJ,jagoda/NOUN
alpinistička/ADJ,viseća/ADJ,platforma/NOUN
intenzivnog/ADJ,zajedničkog/ADJ,rada/NOUN
krajiških/ADJ,imovnih/ADJ,općina/NOUN
hormonskih/ADJ,nadomjesnih/ADJ,terapija/NOUN
Solaninim/ADJ,presudnim/ADJ,utjecajem/NOUN
drugih/ADJ,zanimljivih/ADJ,priloga/NOUN
stlačeni/ADJ,prirodni/ADJ,plin/NOUN
najbolji/ADJ,mogući/ADJ,materijal/NOUN
najvećim/ADJ,školskim/ADJ,natjecanjem/NOUN
eventualnoj/ADJ,patentnoj/ADJ,zaštiti/NOUN
neprekidnom/ADJ,36-satnom/ADJ,radu/NOUN
svjetskim/ADJ,sigurnosnim/ADJ,standardima/NOUN
Svjetske/ADJ,zdravstvene/ADJ,organizacije/NOUN
objavljene/ADJ,foto/ADJ,montaže/NOUN
novog/ADJ,stalnog/ADJ,postava/NOUN
obećanom/ADJ,ženskom/ADJ,poduzetništvu/NOUN
Regionalni/ADJ,ekspertski/ADJ,forum/NOUN
rastućeg/ADJ,turističkog/ADJ,sektora/NOUN
antičke/ADJ,rimske/ADJ,autore/NOUN
najsloženijim/ADJ,svjetskim/ADJ,standardima/NOUN
sveukupnoj/ADJ,hrvatskoj/ADJ,povijesti/NOUN
prvoga/ADJ,svjetskog/ADJ,rata/NOUN
jedina/ADJ,neporažena/ADJ,ekipa/NOUN
privremenoga/ADJ,plesnog/ADJ,centra/NOUN
preostalih/ADJ,plesnih/ADJ,projekata/NOUN
najvidljivije/ADJ,gay/ADJ,naselje/NOUN
vrhunski/ADJ,njemački/ADJ,materijali/NOUN
Sve/ADJ,druge/ADJ,kategorije/NOUN
ponovnim/ADJ,travanjskim/ADJ,izborima/NOUN
razne/ADJ,dodatne/ADJ,aktivnosti/NOUN
Visoka/ADJ,žuta/ADJ,žita/NOUN
svakodnevne/ADJ,političke/ADJ,događaje/NOUN
Bushovu/ADJ,političku/ADJ,strategiju/NOUN
svih/ADJ,malih/ADJ,udjelničara/NOUN
snažniji/ADJ,osnovni/ADJ,model/NOUN
10./ADJ,ožujak/NOUN,1963./ADJ
najraširenija/ADJ,podatkovna/ADJ,usluga/NOUN
suvremenih/ADJ,njemačkih/ADJ,kompozitora/NOUN
posljednji/ADJ,Severinin/ADJ,spot/NOUN
zajednički/ADJ,većinski/ADJ,vlasnici/NOUN
prva/ADJ,zdravstvena/ADJ,institucija/NOUN
svi/ADJ,mogući/ADJ,alarmi/NOUN
glavnu/ADJ,opozicijsku/ADJ,stranku/NOUN
bogat/ADJ,ministrantski/ADJ,rad/NOUN
jedini/ADJ,vanjski/ADJ,znak/NOUN
drevne/ADJ,regulacijske/ADJ,mreže/NOUN
barokne/ADJ,stare/ADJ,žene/NOUN
sanitarnih/ADJ,otpadnih/ADJ,voda/NOUN
manji/ADJ,zajednički/ADJ,uređaj/NOUN
teškim/ADJ,gospodarskim/ADJ,reformama/NOUN
vodećih/ADJ,Levisovih/ADJ,kontraktora/NOUN
proljetnom/ADJ,njujorškom/ADJ,tjednu/NOUN
najvjernijim/ADJ,biračkim/ADJ,tijelom/NOUN
obiteljska/ADJ,poljoprivredna/ADJ,gospodarstva/NOUN
18./ADJ,svibnja/NOUN,2012./ADJ
rekordni/ADJ,javni/ADJ,deficit/NOUN
formalnog/ADJ,fakultetskog/ADJ,obrazovanja/NOUN
dodatna/ADJ,praktična/ADJ,znanja/NOUN
splitskom/ADJ,Županijskom/ADJ,sudu/NOUN
Dodatne/ADJ,planirane/ADJ,mjere/NOUN
konkretnim/ADJ,kemijskim/ADJ,putem/NOUN
vanjska/ADJ,deblja/ADJ,ljuska/NOUN
mogućih/ADJ,masovnih/ADJ,okupljanja/NOUN
razmijenjenim/ADJ,telefonskim/ADJ,brojevima/NOUN
poznatom/ADJ,turističkom/ADJ,mjestu/NOUN
12./ADJ,listopada/NOUN,2004./ADJ
daljnji/ADJ,normalan/ADJ,život/NOUN
krovna/ADJ,svjetska/ADJ,organizacija/NOUN
potrebna/ADJ,studijsko-projektna/ADJ,dokumentacija/NOUN
veće/ADJ,strano/ADJ,tijelo/NOUN
pojedinim/ADJ,mišićnim/ADJ,skupinama/NOUN
dodatni/ADJ,kromirani/ADJ,elementi/NOUN
automatskog/ADJ,dvozonskog/ADJ,klima-uređaja/NOUN
bogatoj/ADJ,slavonskoj/ADJ,ravnici/NOUN
stranih/ADJ,financijskih/ADJ,institucija/NOUN
posrednom/ADJ,stranom/ADJ,vlasništvu/NOUN
podjednak/ADJ,vlasnički/ADJ,udio/NOUN
obveznim/ADJ,mirovinskim/ADJ,fondom/NOUN
velik/ADJ,medijski/ADJ,interes/NOUN
obližnje/ADJ,nacionalne/ADJ,parkove/NOUN
Treći/ADJ,glazbeno-scenski/ADJ,recital/NOUN
Bivši/ADJ,jugoslavenski/ADJ,predsjednik/NOUN
visokih/ADJ,srbijanskih/ADJ,generala/NOUN
najvećih/ADJ,sportskih/ADJ,suparništava/NOUN
skraćeno/ADJ,radno/ADJ,vrijeme/NOUN
najduže/ADJ,kontinuirano/ADJ,praćenje/NOUN
aktualne/ADJ,jezične/ADJ,promjene/NOUN
novome/ADJ,svjetskom/ADJ,poretku/NOUN
aktualnim/ADJ,europskim/ADJ,prvakom/NOUN
Hrvatske/ADJ,malonogometne/ADJ,reprezentacije/NOUN
sezonsku/ADJ,avionsku/ADJ,liniju/NOUN
hrvatska/ADJ,zrakoplovna/ADJ,kompanija/NOUN
francuske/ADJ,nacionalne/ADJ,televizije/NOUN
srbijanska/ADJ,nacionalna/ADJ,obveza/NOUN
Dobrovoljnom/ADJ,vatrogasnom/ADJ,društvu/NOUN
Kulturno/ADJ,umjetničko/ADJ,društvo/NOUN
Dobrovoljno/ADJ,vatrogasno/ADJ,društvo/NOUN
svim/ADJ,prethodnim/ADJ,zbirkama/NOUN
kliničkih/ADJ,sociomedicinskih/ADJ,znanosti/NOUN
ostale/ADJ,baranjske/ADJ,restorane/NOUN
muške/ADJ,dobne/ADJ,kategorije/NOUN
ranijim/ADJ,evaluacijskim/ADJ,istraživanjem/NOUN
značajne/ADJ,ekološke/ADJ,aktivnosti/NOUN
Državni/ADJ,zdravstveni/ADJ,zavodi/NOUN
novo/ADJ,proizvodno/ADJ,područje/NOUN
Hrvatski/ADJ,filmski/ADJ,savez/NOUN
svim/ADJ,zimskim/ADJ,uvjetima/NOUN
prijavljeni/ADJ,studijski/ADJ,program/NOUN
labinskog/ADJ,Dječjeg/ADJ,vrtića/NOUN
svih/ADJ,hrvatskih/ADJ,banaka/NOUN
kasnijeg/ADJ,dodatnog/ADJ,ispitivanja/NOUN
najboljih/ADJ,svjetskih/ADJ,skijašica/NOUN
radikalna/ADJ,sunitska/ADJ,organizacija/NOUN
četverostruka/ADJ,olimpijska/ADJ,prvakinja/NOUN
američke/ADJ,Savezne/ADJ,države/NOUN
samog/ADJ,anticelulitnog/ADJ,tretmana/NOUN
mnogobrojnih/ADJ,folklornih/ADJ,grupa/NOUN
interesantne/ADJ,akustičke/ADJ,pojave/NOUN
tradicionalni/ADJ,uskrsni/ADJ,kruh/NOUN
bolja/ADJ,prekogranična/ADJ,suradnja/NOUN
otkrivenih/ADJ,korupcijskih/ADJ,afera/NOUN
europskom/ADJ,pravnom/ADJ,stečevinom/NOUN
najvećih/ADJ,balkanskih/ADJ,pisaca/NOUN
Prvi/ADJ,značajniji/ADJ,zapisi/NOUN
nadzemne/ADJ,komunikacijske/ADJ,mreže/NOUN
Hrvatskog/ADJ,helsinškog/ADJ,odbora/NOUN
napetom/ADJ,prvom/ADJ,dijelu/NOUN
svakodnevnoj/ADJ,kliničkoj/ADJ,praksi/NOUN
svim/ADJ,stručnim/ADJ,smjernicama/NOUN
ATP-osjetljive/ADJ,kalijske/ADJ,kanale/NOUN
kardinalova/ADJ,osobnog/ADJ,dnevnika/NOUN
važan/ADJ,dijagnostički/ADJ,podatak/NOUN
drugih/ADJ,nacionalnih/ADJ,korpusa/NOUN
emotivnog/ADJ,plaćenog/ADJ,ubojicu/NOUN
hrvatsko-slovenske/ADJ,kulturne/ADJ,veze/NOUN
druge/ADJ,aktualne/ADJ,teme/NOUN
kemijska/ADJ,zaštitna/ADJ,sredstva/NOUN
specifičan/ADJ,apsorpcijski/ADJ,spektar/NOUN
Presvetom/ADJ,Oltarskom/ADJ,Sakramentu/NOUN
svi/ADJ,ostali/ADJ,objekti/NOUN
brojnih/ADJ,novih/ADJ,kategorija/NOUN
starih/ADJ,poganskih/ADJ,vjerovanja/NOUN
mlade/ADJ,makedonske/ADJ,slikarice/NOUN
matičnu/ADJ,Osnovnu/ADJ,školu/NOUN
zadnjem/ADJ,Plišanom/ADJ,Medi/NOUN
mnogim/ADJ,humanitarnim/ADJ,koncertima/NOUN
dvotjednim/ADJ,intenzivnim/ADJ,tečajevima/NOUN
hitne/ADJ,medicinske/ADJ,pomoći/NOUN
sve/ADJ,završne/ADJ,detalje/NOUN
prva/ADJ,katastarska/ADJ,izmjera/NOUN
teretnim/ADJ,zračnim/ADJ,prijevozom/NOUN
zimskoga/ADJ,sunčeva/ADJ,zračenja/NOUN
petcilindarski/ADJ,3.2-litren/ADJ,benzinac/NOUN
revolucionarnim/ADJ,svemirskim/ADJ,tehnologijama/NOUN
nove/ADJ,kulturne/ADJ,pojave/NOUN
temeljna/ADJ,ljudska/ADJ,prava/NOUN
brojnim/ADJ,novinskim/ADJ,tekstovima/NOUN
Kinseyeve/ADJ,dječje/ADJ,Tablice/NOUN
1./ADJ,Nogometnu/ADJ,ligu/NOUN
niskotransparentnih/ADJ,nacionalnih/ADJ,tržišta/NOUN
izravnih/ADJ,misijskih/ADJ,dojmova/NOUN
UN-ovog/ADJ,Populacijskog/ADJ,fonda/NOUN
američki/ADJ,rock/ADJ,bend/NOUN
Srpska/ADJ,državna/ADJ,televizija/NOUN
lijepu/ADJ,košarkašku/ADJ,predstavu/NOUN
stare/ADJ,Tehničke/ADJ,škole/NOUN
svim/ADJ,drugim/ADJ,službama/NOUN
svih/ADJ,značajnijih/ADJ,događanja/NOUN
Maxovu/ADJ,poljuljanu/ADJ,karijeru/NOUN
brojne/ADJ,hrvatske/ADJ,intelektualce/NOUN
željezničkih/ADJ,elektroenergetskih/ADJ,vodova/NOUN
ukradenim/ADJ,kreditnim/ADJ,karticama/NOUN
bivšeg/ADJ,maldivskog/ADJ,predsjednika/NOUN
domaćih/ADJ,modnih/ADJ,znalaca/NOUN
ovogodišnjeg/ADJ,Modnog/ADJ,ormara/NOUN
viši/ADJ,znanstveni/ADJ,suradnik/NOUN
jeftinih/ADJ,političkih/ADJ,bodova/NOUN
Sportsko/ADJ,ribolovno/ADJ,društvo/NOUN
uspješna/ADJ,poslovnog/ADJ,čovjeka/NOUN
mobilnog/ADJ,operativnog/ADJ,sustava/NOUN
Nova/ADJ,zimska/ADJ,linija/NOUN
nadležnog/ADJ,trgovačkog/ADJ,suda/NOUN
čarobnom/ADJ,dječjem/ADJ,kutku/NOUN
određenih/ADJ,ribolovnih/ADJ,alata/NOUN
suvremeno/ADJ,gradsko/ADJ,središte/NOUN
različitih/ADJ,prapovijesnih/ADJ,razdoblja/NOUN
mlađeg/ADJ,kamenog/ADJ,doba/NOUN
Središnji/ADJ,njemački/ADJ,ured/NOUN
značajnih/ADJ,financijskih/ADJ,poteškoća/NOUN
najdramatičnijih/ADJ,glazbenih/ADJ,spotova/NOUN
republičke/ADJ,strukovne/ADJ,udruge/NOUN
profesionalnih/ADJ,baletnih/ADJ,umjetnika/NOUN
Međunarodnog/ADJ,baletnog/ADJ,natjecanja/NOUN
budućih/ADJ,profesionalnih/ADJ,igrača/NOUN
8-godišnjim/ADJ,predsjedničkim/ADJ,stažem/NOUN
Hrvatska/ADJ,obrtnička/ADJ,komora/NOUN
novi/ADJ,gradski/ADJ,trg/NOUN
najbolje/ADJ,otvoreno/ADJ,vino/NOUN
trenutni/ADJ,pomodni/ADJ,hir/NOUN
vodeće/ADJ,hollywoodske/ADJ,zvijezde/NOUN
Dvodijelni/ADJ,kupaći/ADJ,kostim/NOUN
ELFS/ADJ,party/ADJ,djevojke/NOUN
konstitutivne/ADJ,etničke/ADJ,skupine/NOUN
kompletna/ADJ,projektna/ADJ,dokumentacija/NOUN
strateški/ADJ,energetski/ADJ,savez/NOUN
zdravu/ADJ,logičku/ADJ,diskusiju/NOUN
nedjeljnim/ADJ,prijepodnevnim/ADJ,satima/NOUN
najbolja/ADJ,prirodna/ADJ,rješenja/NOUN
Policijska/ADJ,uprava/NOUN,zagrebačka/ADJ
pozitivni/ADJ,zakonski/ADJ,propisi/NOUN
glazbene/ADJ,stilske/ADJ,odrednice/NOUN
zajedničkoj/ADJ,tiskovnoj/ADJ,konferenciji/NOUN
drugih/ADJ,parlamentarnih/ADJ,stranaka/NOUN
Klupske/ADJ,olimpijske/ADJ,uzdanice/NOUN
sama/ADJ,fotografska/ADJ,zabilježba/NOUN
prijateljske/ADJ,nove/ADJ,odnose/NOUN
psihološki/ADJ,imuni/ADJ,sistem/NOUN
redovitog/ADJ,četverogodišnjeg/ADJ,mandata/NOUN
zatucani/ADJ,komunjarski/ADJ,okot/NOUN
Mala/ADJ,franjevačka/ADJ,obitelj/NOUN
mrtvome/ADJ,crnogoričnom/ADJ,drveću/NOUN
tradicionalni/ADJ,Osječki/ADJ,sajam/NOUN
prvoj/ADJ,radnoj/ADJ,sjednici/NOUN
ubijene/ADJ,srpske/ADJ,obitelji/NOUN
indijansko/ADJ,sveto/ADJ,groblje/NOUN
polovnim/ADJ,teretnim/ADJ,vozilima/NOUN
najveća/ADJ,politička/ADJ,suparnika/NOUN
provjereno/ADJ,domaće/ADJ,porijeklo/NOUN
uglednim/ADJ,gastronomskim/ADJ,markama/NOUN
Visoke/ADJ,hranjive/ADJ,vrijednosti/NOUN
neugodne/ADJ,depresivne/ADJ,misli/NOUN
novog/ADJ,Kolektivnog/ADJ,ugovora/NOUN
ovogodišnjoj/ADJ,Svjetskoj/ADJ,konferenciji/NOUN
sam/ADJ,animirani/ADJ,film/NOUN
razne/ADJ,organske/ADJ,nečistoće/NOUN
Nizozemsko/ADJ,zlatno/ADJ,doba/NOUN
potrebnu/ADJ,prateću/ADJ,infrastrukturu/NOUN
regionalnom/ADJ,atletskom/ADJ,natjecanju/NOUN
ženskom/ADJ,atletskom/ADJ,finalu/NOUN
svi/ADJ,javni/ADJ,poslovi/NOUN
slavonskog/ADJ,akademskog/ADJ,slikara/NOUN
44./ADJ,pješadijsku/ADJ,pukovniju/NOUN
nova/ADJ,školska/ADJ,godina/NOUN
glavni/ADJ,svjetlosni/ADJ,sklop/NOUN
dominantna/ADJ,okrugla/ADJ,svjetla/NOUN
Najupečatljivije/ADJ,dizajnerske/ADJ,promjene/NOUN
adekvatne/ADJ,roditeljske/ADJ,skrbi/NOUN
svježe/ADJ,pokošene/ADJ,trave/NOUN
međunarodnim/ADJ,financijskim/ADJ,odnosima/NOUN
Hrvatske/ADJ,narodne/ADJ,banke/NOUN
većinski/ADJ,vlasnički/ADJ,udio/NOUN
odlično/ADJ,drugo/ADJ,mjesto/NOUN
brojnim/ADJ,životinjskim/ADJ,vrstama/NOUN
županijskog/ADJ,volonterskog/ADJ,centra/NOUN
nastalom/ADJ,postdomovinskom/ADJ,siromaštvu/NOUN
nekonvencionalnom/ADJ,životnom/ADJ,stilu/NOUN
Vindijinu/ADJ,mliječnom/ADJ,asortimanu/NOUN
kvalitetnih/ADJ,poslovnih/ADJ,partnera/NOUN
pojedinih/ADJ,američkih/ADJ,liječnika/NOUN
sljedeća/ADJ,sv./ADJ,misa/NOUN
drugi/ADJ,slavenski/ADJ,jezik/NOUN
prvog/ADJ,upisnog/ADJ,kruga/NOUN
najveće/ADJ,umirovljeničke/ADJ,udruge/NOUN
slijedećim/ADJ,parlamentarnim/ADJ,izborima/NOUN
Međunarodni/ADJ,olimpijski/ADJ,odbor/NOUN
zadanih/ADJ,graničnih/ADJ,vrijednosti/NOUN
nadležnog/ADJ,Konzervatorskog/ADJ,odjela/NOUN
velikog/ADJ,povijesnog/ADJ,značaja/NOUN
nagrađivani/ADJ,španjolski/ADJ,arhitekt/NOUN
trokatnoj/ADJ,staklenoj/ADJ,strukturi/NOUN
velika/ADJ,trapezoidna/ADJ,dvorana/NOUN
najvažnija/ADJ,suvremena/ADJ,struktura/NOUN
ranog/ADJ,21./ADJ,stoljeća/NOUN
partenonskih/ADJ,mramornih/ADJ,kipova/NOUN
partenonskih/ADJ,mramornih/ADJ,kipova/NOUN
drugim/ADJ,međunarodnim/ADJ,organizacijama/NOUN
drugim/ADJ,ključnim/ADJ,dokumentima/NOUN
praktične/ADJ,opsežne/ADJ,mjere/NOUN
drugih/ADJ,međunarodnih/ADJ,organizacija/NOUN
uspješno/ADJ,tržišno/ADJ,gospodarstvo/NOUN
prijevremeni/ADJ,predsjednički/ADJ,izbori/NOUN
jednogodišnjeg/ADJ,rotirajućeg/ADJ,predsjedatelja/NOUN
bivšeg/ADJ,nizozemskog/ADJ,ministra/NOUN
novog/ADJ,glavnog/ADJ,tajnika/NOUN
bivše/ADJ,državne/ADJ,zajednice/NOUN
visoki/ADJ,irački/ADJ,dužnosnik/NOUN
novog/ADJ,transbalkanskog/ADJ,naftovoda/NOUN
složenog/ADJ,infrastrukturnog/ADJ,projekta/NOUN
složenog/ADJ,infrastrukturnog/ADJ,projekta/NOUN
sirova/ADJ,kaspijska/ADJ,nafta/NOUN
preopterećenog/ADJ,Bosporskog/ADJ,tjesnaca/NOUN
Planirani/ADJ,godišnji/ADJ,kapacitet/NOUN
Zajednička/ADJ,britansko-ruska/ADJ,kompanija/NOUN
britanske/ADJ,naftne/ADJ,kompanije/NOUN
svjetskom/ADJ,dvoranskom/ADJ,prvenstvu/NOUN
makedonski/ADJ,međunarodni/ADJ,festival/NOUN
dugometražnih/ADJ,igranih/ADJ,filmova/NOUN
najveća/ADJ,kinematografska/ADJ,manifestacija/NOUN
veću/ADJ,političku/ADJ,stabilnost/NOUN
visoki/ADJ,bruxelleski/ADJ,dužnosnik/NOUN
nedavnih/ADJ,stručnih/ADJ,procjena/NOUN
Sljedeće/ADJ,promatračko/ADJ,izvješće/NOUN
novog/ADJ,glavnog/ADJ,tužitelja/NOUN
planiranim/ADJ,strukturnim/ADJ,promjenama/NOUN
ostale/ADJ,poznate/ADJ,osobe/NOUN
međunarodnog/ADJ,humanitarnog/ADJ,prava/NOUN
sva/ADJ,moguća/ADJ,sredstva/NOUN
ozbiljne/ADJ,štetne/ADJ,učinke/NOUN
Sve/ADJ,vodeće/ADJ,stranke/NOUN
razvijenim/ADJ,zapadnim/ADJ,demokracijama/NOUN
skupno/ADJ,psihološko/ADJ,napastovanje/NOUN
preciznije/ADJ,statističke/ADJ,podatke/NOUN
svi/ADJ,politički/ADJ,akteri/NOUN
osjetljiv/ADJ,diplomatski/ADJ,proces/NOUN
cijele/ADJ,međunarodne/ADJ,zajednice/NOUN
konkretnih/ADJ,tehničkih/ADJ,pitanja/NOUN
većinsko/ADJ,srpsko/ADJ,stanovništvo/NOUN
novih/ADJ,kosovskih/ADJ,vlasti/NOUN
nova/ADJ,etnička/ADJ,razilaženja/NOUN
Sadašnje/ADJ,političke/ADJ,elite/NOUN
