count,awf,nwf
4,1.,april
3,1.,december
2,1.,januar
1,1.,juli
1,1.,juni
1,1.,klasse
1,1.,maj
3,1.,oktober
1,1.,salen
3,1.,september
3,1.,sæt
1,10-årige,søn
1,10.,klasse
1,10.,klassens
1,10.,klasses
1,10.,sammenhæng
2,12.,december
1,12.,januar
1,12.,november
1,13.,oktober
1,14-årige,japaneres
1,15-årige,pige
1,15.,april
1,15.,maj
1,15.,marts
1,16.,august
1,16.,børn
1,16.,marts
1,17.,album
2,17.,september
1,18.,år
1,19-årige,producer
2,2.,division
1,2.,fælledklubben
4,2.,juni
1,2.,klasse
2,2.,kontor
1,2.,semester
2,2.,sæt
1,2.,udgave
1,2.,vare
1,2.,verdenskrig
1,2.,år
1,20.,maj
1,20.,år
1,21.,januar
1,21.,marts
1,22.,august
1,22.,juni
1,22.,svar
1,23-årige,dansker
1,23.,afsnit
1,23.,direktør
2,23.,juni
2,25.,november
1,25.,september
1,26-årig,lærer
1,26-årige,fodboldspiller
1,26.,januar
1,27-årige,målkonge
1,28.,juli
1,29.,marts
1,29.,september
1,3.,august
1,3.,maj
1,3.,marts
1,30-årig,bilist
1,30-årig,kvinde
1,30-årige,kvinde
1,30.,december
1,30.,oktober
1,31.,august
1,31.,oktober
1,34-årig,snedker
1,34-årige,haitianer
1,4.,klasse
1,41-årig,japaner
1,42-årige,borgmester
1,42-årige,jurist
1,42-årige,sag
1,43.,minut
1,5-årig,periode
1,52-årige,overenskomstresultat
1,6.,juli
1,6.,rådet
1,7.,klasse
1,8-årige,knægt
1,8.,november
1,9.,august
1,9.,maj
1,9.,marts
1,absurd,tekst
1,adelig,barns
1,adelig,ridderorden
1,administrativ,opgave
1,administrativ,skjorten
1,administrative,afgørelser
1,administrative,vindruekerneolie
1,adresseløse,forsendelser
1,adskillige,anholdelser
1,adskillige,beredskabssygehuse
2,adskillige,mål
1,adskillige,måneder
1,adskillige,pladser
1,afdæmpet,overenskomstresultat
1,afdøde,præsident
1,afghanske,flyvevåben
1,afghanske,grænse
1,afghanske,hær
1,afghanske,problem
1,afgørende,fase
1,afgørende,gennembrud
1,afgørende,går
1,afgørende,midterpartier
2,afgørende,rolle
1,afgørende,sejr
1,afgørende,skridt
1,afgørende,tresserne
1,afgørende,trods
1,afgørende,vægt
1,aflåseligt,bagagerum
1,afskyelige,sko
1,afslappet,brystben
1,afslappet,måde
1,afslappet,påklædning
1,afsmittende,virkning
1,aggressiv,boksning
1,aggressiv,linje
2,aktiv,erhvervsindsats
1,aktiv,indsats
1,aktiv,kræftforsker
1,aktiv,solcentre
1,aktiv,sport
1,aktive,nej-folk
1,aktivt,ton
1,aktuel,information
1,aktuel,interesse
1,aktuelle,bøger
1,aktuelle,gæld
1,aktuelle,holdningsskift
1,aktuelle,stande
1,akut,skrivekrampe
1,al,fodbold
1,al,frøforædling
1,al,kraft
1,al,kritik
1,al,kærlighed
1,al,post
1,al,publicityen
1,al,slags
1,al,sædvane
1,al,tale
1,al,teknikere
1,al,toggang
2,al,tydelighed
1,al,ære
1,aldrende,mand
1,alle-mod-alle,sigt
1,alle-mod-alle,slutspil
1,alle,afskygninger
1,alle,amts
1,alle,analyseresultater
1,alle,angreb
1,alle,anmeldere
1,alle,ansøgere
1,alle,ansøgninger
1,alle,aspekter
1,alle,billetter
1,alle,bolde
1,alle,boligminister
1,alle,byer
1,alle,børnene
1,alle,dag
1,alle,dage
1,alle,deltagerne
2,alle,driftsforstyrrelser
1,alle,egne
1,alle,elever
1,alle,ender
1,alle,fagforeningsafdelinger
1,alle,faldgruber
1,alle,fedtstænk
1,alle,folkeskoleelever
1,alle,folketingets
1,alle,foranstaltninger
1,alle,fordele
1,alle,former
1,alle,forudsigelser
1,alle,fyrene
1,alle,grænser
1,alle,halsen
1,alle,hestekræfter
1,alle,hjul
1,alle,husstande
1,alle,kampe
1,alle,kapitler
1,alle,knapper
1,alle,knasterne
1,alle,knogler
1,alle,konference
1,alle,krige
2,alle,kræfter
1,alle,kunder
1,alle,kæmpekolbøtte
1,alle,lande
1,alle,landene
1,alle,lastbiler
1,alle,løsninger
2,alle,mennesker
1,alle,mormØdre
1,alle,mormødre
1,alle,mulighederne
1,alle,mænd
1,alle,mændene
1,alle,mønstre
1,alle,ofrene
4,alle,omstændigheder
1,alle,opgaver
1,alle,oplysninger
1,alle,parter
3,alle,partier
1,alle,passagererne
1,alle,patienter
1,alle,regler
1,alle,restauranter
1,alle,rygterne
1,alle,rædsler
1,alle,sas-piloter
1,alle,serberne
1,alle,sider
1,alle,situationer
1,alle,socialinspektører
1,alle,soldater
1,alle,spekulationer
1,alle,sprog
1,alle,spædbørn
1,alle,steder
1,alle,sten
1,alle,stjernebilleder
1,alle,stoffer
1,alle,studie-optagelser
1,alle,tabere
1,alle,tegninger
1,alle,tider
1,alle,ting
1,alle,tæpper
1,alle,uddannelser
1,alle,udlandsproffer
1,alle,unger
1,alle,union
1,alle,valgmandsstemmerne
1,alle,vegne
1,alle,veje
1,alle,vennerne
1,alle,vildtstatistikker
1,alle,vinde
1,alle,vindere
1,alle,Østersølande
1,alle,år
1,allerstørste,problemer
1,alm.,spsk.
1,almen,dannelse
1,almene,stof
1,almennyttig,udlejningsvirksomhed
1,alment,kvalitetsstof
1,almindelig,erfaring
1,almindelig,familieforsikring
1,almindelig,forkølelse
1,almindelig,fredag
1,almindelig,hverdagshistorie
1,almindelig,næse
2,almindelig,opførsel
1,almindelig,personbil
1,almindelig,reaktion
1,almindelig,trafik
1,almindelig,ugers
1,almindelig,voksensvømning
1,almindelige,abonnent
1,almindelige,forhold
1,almindelige,holdning
1,almindelige,kroatere
1,almindelige,kulturbrugere
1,almindelige,mand
1,almindelige,rigets
2,almindelige,samtaler
1,almindelige,sundhedstilstand
1,almindelige,øl
1,almindeligste,symptom
1,alt,armod
1,alt,drømme
1,alt,krone
1,alt,smilet
1,alt,tøj
1,alternative,byplaner
1,alternative,finanslovforslag
1,alternative,investorer
1,alternative,kosmetologer
1,alternative,kosmetologskole
1,alternative,løsninger
1,alvorlig,belastning
1,alvorlig,forskrækkelse
1,alvorlig,opposition
1,alvorlig,sindssygdom
1,alvorlige,angreb
1,ambitiøse,plade-projekter
1,amerikansk,deltagelse
1,amerikansk,eksport
1,amerikansk,organisation
1,amerikansk,præsident
1,amerikanske,ambassade
1,amerikanske,bladverden
1,amerikanske,borgmestre
1,amerikanske,engagement
1,amerikanske,hvidløgs-læger
1,amerikanske,narkopoliti
1,amerikanske,præsident
1,amerikanske,præsidentvalg
1,amerikanske,trommehinde
1,amerikanske,valgkamp
1,amerikanske,valgkampe
1,anatolske,nyhedsbureau
1,anatomiske,konsekvenser
1,anden,del
1,anden,europa-cup-runde
1,anden,gaden
3,anden,gang
2,anden,generations
1,anden,grads
2,anden,halvleg
1,anden,partisanhelt
1,anden,regnskabslinie
1,anden,runde
1,anden,række
1,anden,slutningen
1,anden,turneringens
1,anden,udsendelse
6,anden,verdenskrig
1,anderledes,familiebilleder
1,anderledes,vejr
1,andet,geled
1,andet,oplag
1,andet,årets
1,anonym,rådgivning
1,ansvarlig,lærling
1,antikke,par
1,antikke,tapperhed
2,arabiske,emirater
1,arbejdsgiverbetalte,forretningsmænd
1,arbejdsgiverbetalte,ledighedsdage
1,arkæologisk,museum
1,arme,lærere
1,armenske,huse
1,armenske,kilde
1,armenske,kvarter
1,arvelige,egenskaber
1,aseptisk,hospital
1,aserbajdsjanske,grupper
1,aserbajdsjanske,udenrigsministerium
1,asiatiske,forretningsmænd
1,asiatiske,ledighedsdage
1,asocial,adfærd
2,atlantiske,alliance
1,atlantiske,perspektiv
1,attraktive,spisesvampe
1,australske,masse
1,autoritært,regime
1,avanceret,letvægts-teknologi
1,avanceret,udstyr
1,avanceret,vinden
1,bageste,ende
1,baltisk,udstilling
1,baltiske,landes
1,bankansattes,fagblad
1,bar,bund
1,bar,sted
1,bare,tæer
1,barndommelige,sindelag
1,barnløs,kvinde
1,barokke,udnævnelse
1,barske,graviditet
1,barske,løjer
1,barske,virkelighed
1,bastante,udseende
1,bedre,arbejdsvilkår
2,bedre,behandling
1,bedre,egenskaber
1,bedre,fodring
1,bedre,job
1,bedre,konsolidering
1,bedre,kvalitet
1,bedre,miljøbestemmelser
1,bedre,planlægning
1,bedre,resultat
1,bedre,samvittighed
1,bedre,sikkerhed
1,bedre,stimulation
1,bedre,verdens
1,bedre,vildt
1,bedste,angriber
1,bedste,duet
1,bedste,film
2,bedste,gruppe
1,bedste,idé
1,bedste,kamp
1,bedste,konstellation
1,bedste,middel
1,bedste,miljølov
1,bedste,musik
1,bedste,måltid
1,bedste,producenter
1,bedste,svampeÅr
1,bedste,svampeår
1,bedste,tidspunkt
1,bedste,traditioner
2,bedste,venner
1,begavede,børn
1,begavede,fremfærd
1,begavet,journalistik
1,begivenhedsrige,feature-uge
1,behåret,bryst
1,bekendt,manden
1,bekendt,socialdemokratiet
1,bekymrede,lyrikklub
1,benhård,konkurrence
1,bergske,blade
1,bergske,nyhedstjeneste
1,berømt,billedkunstner
1,berømte,film
1,berømte,indkomster
1,berømte,skrædder
1,besindiges,kreds
1,beskedent,håb
1,beskedent,nederlag
1,beskedent,sanger
1,beskidte,arbejde
1,beskidte,krig
1,bestemt,bog
1,bestemt,destruktion
1,bestemt,grav
1,bestemt,grotte
1,bestemt,person
1,bestemt,verdensopfattelse
1,bestemte,grupper
1,bestemte,solcentre
1,bestialske,forbrydelse
1,besværlige,medarbejdere
1,besværlige,mor
1,besværligt,liv
1,betragtelig,milliongæld
1,betragtelige,poser
1,betryggende,forhold
1,betryggende,vis
1,betrængte,republik
1,betydelig,del
1,betydelig,indflydelse
1,betydelig,tilværelse
1,betydelig,træghed
1,betydelige,problemer
1,betydningsfulde,mål
1,betydningsløs,indrømmelse
1,bevidst,handling
1,bevidst,led
1,bevidst,udsættelse
1,bevæbnede,oprørere
1,billig,hushjælp
1,billigste,middagsmad
1,biodynamisk,læbestift
1,biografiske,mosaik
1,biologiske,far
1,bioteknisk,forsknings-
1,bioteknologisk,laboratorium
1,bioteknologisk,selskab
1,bitre,styrt
1,bitreste,lidelse
1,bitte,folk
1,bitter,lugt
1,blankpolerede,facade
1,blankpolerede,slags
2,blind,tro
1,blinde,passager
1,blodige,opkastninger
1,blonde,væbner
1,blyfri,kanaløer
1,blyfri,procent
1,blyholdig,benzin
1,blyholdige,benzin
1,blyholdige,oktan
1,blå,avis
1,blå,mønstre
1,blå,røg
1,blågrønne,alger
1,blågrønne,mørke
1,blågule,eks-mesterklub
1,blågule,superliga-supermagt
1,blød,brusk
1,blød,krop
1,bløde,fag
1,bløde,hud
1,bløde,knæskaller
1,bløde,løg
1,bløde,strimler
1,blødere,sider
1,boglige,trang
1,borgerkrigshærget,u-land
2,borgerlig,regering
1,borgerlige,midterpartier
2,borgerlige,parti
2,borgerlige,partier
1,borgerlige,politikere
1,borgerlige,regeringer
1,borgerlige,sag
1,borgerlige,side
1,borgerlige,sprog
1,borgerlige,stemmer
1,bosniske,baghold
1,bosniske,hjemmeværn
1,bosniske,hovedstad
1,bosniske,præsident
1,bosniske,sagen
1,bosniske,serberes
1,bosniske,side
1,botanisk,museum
1,bred,ryg
1,brede,befolkning
1,brede,forlig
1,brede,publikum
1,brede,smil
1,bredere,del
1,bredt,flertal
1,bredt,samarbejde
1,bredt,udsnit
1,britiske,kongehus
1,britiske,tradition
1,britiske,ørige
1,brogede,medier
1,brugte,bil
1,brugte,par
1,brugte,tidspunkt
1,brun,sæbe
1,byggefaglig,kursus
1,bæltetrukket,snemobil
1,børsnoterede,selskaber
1,børsnoteret,selskab
1,centrale,figurer
1,centrale,myndigheder
1,centrale,tv-udsendelse
1,civile,aktieselskaber
1,civile,dødsofre
1,civilt,lov
1,civilt,samfund
1,daglig,kalorienedsættelse
1,daglig,tale
1,dagligdags,ting
1,daglige,arbejde
1,daglige,bilvæddeløb
1,daglige,kostplan
1,danisco-ejede,virksomhed
1,dansk,aftale
1,dansk,anerkendelse
1,dansk,arbejderhistorie
1,dansk,bog
1,dansk,boksning
1,dansk,brødre
1,dansk,cheddar
1,dansk,eksport
1,dansk,energigruppe
1,dansk,etiknævn
1,dansk,ferie
1,dansk,flegma
1,dansk,flyvning
1,dansk,frøavlerkompagni
1,dansk,hold
2,dansk,humor
1,dansk,håb
2,dansk,industri
1,dansk,journalist
1,dansk,komité
1,dansk,koordinator
1,dansk,krone
1,dansk,kultur
1,dansk,købstadkommune
1,dansk,pige
1,dansk,pilotforening
1,dansk,planteforædling
2,dansk,politik
1,dansk,pool
1,dansk,produktion
1,dansk,reporter
1,dansk,rock
1,dansk,sas-pilot
1,dansk,scene
1,dansk,skib
1,dansk,skiguide
1,dansk,skov
1,dansk,softwareudvikling
1,dansk,spark
1,dansk,spillefilm
1,dansk,supermarked
1,dansk,tekstilkunstner
2,dansk,tid
1,dansk,topfodbold
1,dansk,tv
1,dansk,union
2,dansk,økonomi
1,dansk,ønsker
1,danske,afgiftsnedsættelser
1,danske,aktiemarked
1,danske,ambassade
1,danske,amts
1,danske,arbejdspladser
1,danske,atombrændsel
3,danske,bank
1,danske,banker
1,danske,banks
1,danske,beboerbladet
1,danske,befolkning
1,danske,biografer
1,danske,byfornyelse
1,danske,culotter
1,danske,dansen
1,danske,datterselskaber
1,danske,divisionsspillere
1,danske,druerne
1,danske,ef-udspil
1,danske,ejere
1,danske,eksperter
2,danske,encyklopædi
1,danske,engagementer
1,danske,enhedsskole
1,danske,erhvervsinteresser
1,danske,fabrikshaller
2,danske,farvande
1,danske,ferieland
3,danske,film
2,danske,filminstitut
1,danske,filminstruktør
1,danske,filmskole
1,danske,filmtrailere
1,danske,fn-soldater
4,danske,folk
1,danske,folkeafstemning
1,danske,folketingsmedlem
1,danske,forbrugere
3,danske,forening
1,danske,forskere
1,danske,forundersøgelser
2,danske,hold
1,danske,hovedperson
1,danske,hundeejere
1,danske,illustratorer
2,danske,importør
1,danske,industrivirksomheder
1,danske,interesser
1,danske,journalist
1,danske,kollektiv
1,danske,kroner
1,danske,kultfilm
1,danske,kunder
1,danske,kvinde
1,danske,lagre
1,danske,landsholds
1,danske,leder
1,danske,luftfartsmyndigheder
1,danske,markedsandel
1,danske,medlem
1,danske,modelprogram
1,danske,mærker
1,danske,navne
1,danske,nisser
1,danske,niveau
2,danske,par
1,danske,politi
1,danske,producent
1,danske,projekter
1,danske,promotor
1,danske,rente
2,danske,retssystem
1,danske,rigsfællesskab
1,danske,rockmusikere
2,danske,samfund
1,danske,selskaber
1,danske,situationen
1,danske,skoler
1,danske,slagtehuse
1,danske,snes
1,danske,spisesvampe
1,danske,straffelov
1,danske,støttepenge
1,danske,sundhedsmyndigheder
1,danske,særkrav
1,danske,søfolk
1,danske,teknikere
1,danske,tid
1,danske,udenrigsministerium
1,danske,udlandsproffer
1,danske,virksomheder
1,danske,ål
1,daværende,departementschef
1,daværende,landstræner
1,daværende,leder
1,daværende,styrke
1,deciderede,lærebøger
1,dejlig,dag
1,dejlig,musik
1,dejlig,sodavand
1,dejlige,damer
1,dejlige,pige
1,dejlige,piger
1,demokratisk,forbund
2,demokratiske,ideal
1,demokratiske,nationer
1,demokratiske,parti
1,demokratiske,reformer
1,demokratiske,regering
1,demokratiske,republik
1,demokratiske,teaters
1,desperate,mor
1,diktatoriske,beføjelser
1,diktatoriske,styre
1,direkte,angreb
1,direkte,ansvar
1,direkte,henvisning
1,direkte,kontrol
1,direkte,lys
1,direkte,medansvar
1,direkte,tv-program
1,direkte,tv-udsendelse
1,disciplineret,spil
1,diset,vejr
1,diverse,mænd
1,diverse,tv
1,diverse,udgifter
1,diverse,ægteskaber
1,dobbelte,hensyn
1,dramatiske,begivenheder
1,dramatiske,nedkæmpning
1,dramatiske,optagelser
1,dramatiske,sammenstød
1,dramatiske,udvikling
1,drastisk,forøgelse
1,drengede,attitude
1,drevne,mindretalsregering
1,dristige,spørgsmål
1,dristige,uge
1,dugvåde,græs
1,dum,kontakt
1,dum,lov
1,dum,telefon
1,dumme,fejl
1,dyb,armod
1,dyb,hule
1,dyb,lænestol
1,dybe,ben-vener
1,dybfrosne,grøntsager
1,dybt,afhændelse
1,dybt,krater
1,dybt,million
1,dygtig,stedet
1,dygtige,spillere
1,dygtigste,fugle
1,dygtigt,kor
1,dyr,hotelovernatning
1,dyre,bøger
1,dyre,gave
1,dyrere,vejrliget
1,dyreste,hoteller
1,dystert,billede
1,dystre,prognose
1,dystre,toner
1,dårlig,heling
1,dårlig,mave
1,dårlig,samvittighed
1,dårlig,service
1,dårlig,trøst
1,dårlige,karakterer
2,dårlige,vener
1,dårligt,blodomløb
1,død,by
1,død,klippe
2,døde,børn
1,dødes,rige
1,døve,øre
1,effektiv,belæring
1,effektiv,stødpude
1,efterfølgende,samråd
1,efterfølgende,tilsyn
1,eftertragtede,stormagasiner
1,egen,avis
1,egen,bil
1,egen,café
1,egen,familieforsikring
1,egen,gråd
1,egen,hale
1,egen,hjerne
2,egen,hånd
1,egen,indsats
1,egen,kappe
1,egen,lomme
1,egen,mtx75-gearkasse
1,egen,organisation
1,egen,regning
1,egen,renselse
1,egen,rolle
1,egen,sikkerhed
2,egen,søn
1,egen,vilje
1,egen,virksomhed
1,egen,yndlingsnisse
1,egen,zone
1,egen,æstetik
1,egentlig,afstemning
1,egentlig,gennemgang
1,egentlige,jobs
1,egentlige,krigshandlinger
1,egentlige,svøbe
1,egentlige,uddannelse
1,eget,eventyr
1,eget,hus
1,eget,kommuner
1,eget,kontor
2,eget,land
1,eget,liv
1,eget,ministerium
1,eget,parti
1,eget,publikum
1,eget,udsagn
1,eget,værk
1,egne,analyser
1,egne,ben
1,egne,drømme
1,egne,koncerter
1,egne,opgaver
1,egne,rækker
1,egne,scener
1,egne,selskaber
1,egne,undersøgelser
1,egne,unger
1,egne,vegne
1,egoistisk,idé
1,eksisterende,verdensorden
1,eksklusiv,vogn
1,eksotiske,sjældenheder
1,eksplosionsagtig,hast
1,ekstra,billygter
1,ekstra,bladet
1,ekstra,gang
1,ekstra,kys
1,ekstra,materiel
1,ekstra,motorkraft
1,ekstra,rose
1,ekstra,sprøjtning
1,ekstra,sæt
1,ekstra,vand
1,ekstra,årsindtægt
1,ekstraordinær,betaling
1,ekstraordinær,generalforsamling
1,elektrisk,kapitalens
1,elektrisk,musik
1,elektrisk,strøm
1,elektriske,ost
1,elektriske,snakketøj
1,elektriske,strømme
1,elektriske,stød
1,elektriske,tressernes
1,elektronisk,indsprøjtning
1,elektronisk,komité
1,elektronisk,lak
2,elektronisk,netværk
1,elektronisk,post
1,elektronisk,verden
1,elektroniske,brevskrivning
1,elementære,forhold
1,eminent,læser
1,endelig,godkendelse
1,endelige,punktum
1,endelige,ratifikationsprocess
1,endelige,sygdomme
1,endeligt,ja
1,ene,belastningen
1,ene,ben
2,ene,dag
1,ene,dollargrin
1,ene,formål
1,ene,forældrene
1,ene,fred
1,ene,halvdel
2,ene,hånd
1,ene,mand
1,ene,maskine
1,ene,måde
3,ene,side
2,ene,sted
1,energiske,forsøg
1,energiske,oprørere
1,eneste,barn
1,eneste,børnefængsel
1,eneste,figur
1,eneste,komponent
1,eneste,kræftforsker
1,eneste,omstændighed
1,eneste,premiere
1,eneste,producent
1,eneste,udvej
1,enestående,bil
1,enestående,effektivitet
1,enestående,grad
1,engelsk,tradition
1,engelske,agenter
1,engelske,juvelér
1,engelske,marked
1,engelske,mesterskab
1,engelske,monopolmyndigheder
1,engelske,skuespiller
1,engleagtig,tålmodighed
1,enige,dommere
1,enige,størrelse
1,enkel,låsetype
1,enkelt,blik
1,enkelt,gang
1,enkelt,hotelværelse
1,enkelt,mand
1,enkelt,pølse
1,enkelt,skæring
1,enkelte,ef-lande
1,enkelte,maskiner
1,enkelte,patient
1,enkelte,statsminister
1,enkelte,steder
1,enkelte,tilfælde
1,enkelte,uddannelsesinstitutioner
1,enkeltes,behov
1,enkeltstående,tilfælde
1,enkeltstående,uddannelsestilbud
1,enkle,applikationer
1,enkle,følelser
1,enlige,forsørgere
1,enlige,polak
1,enorme,arbejde
1,enorme,hastigheder
1,enorme,mængder
1,ensfarvet,udgave
1,ensom,dame
1,ensomme,forsker
1,ensomme,læge
1,ensomme,mand
1,ensomme,samfundslivet
1,entydigt,svar
1,erotisk,udtryk
1,et-motorede,fly
1,etiske,foreningens
1,etiske,konflikter
1,etniske,befolkningens
1,etniske,opgør
1,etniske,renselse
1,etniske,udrensninger
1,euforiserende,stoffer
1,europæisk,eufori
1,europæisk,forsvarspolitik
1,europæisk,land
1,europæisk,landsby
2,europæisk,sikkerhed
1,europæiske,fartøjer
1,europæiske,forsvarssøjle
1,europæiske,kompositionsmusiks
1,europæiske,kulturer
1,europæiske,producentlande
1,europæiske,råd
1,europæiske,stater
1,europæiske,stålfabrikker
1,europæiske,stålindustri
1,europæiske,søjle
1,europæiske,udviklingsbank
2,europæiske,union
1,eventuel,mast
1,eventuel,årsag
1,eventuelle,aggressioner
1,evindelige,dronning
1,faglig,stolthed
1,faglige,viden
1,faglærte,arbejdere
1,fagre,tider
1,fair,chance
1,fair,ting
1,faktiske,adfærd
1,faktuelle,fejl
1,faktuelle,oplysninger
1,falsk,tyverianmeldelse
1,falske,dokumenter
1,falske,melodi
1,familiemæssige,pige
1,famøse,tillægskontrakter
1,fanatiske,tilhængere
1,fanden-i-voldsk,optimisme
1,fantastisk,sejr
1,fantastiske,litteratur
1,fantastiske,stemning
1,farceagtige,benyttelse
1,farlig,indoktrinering
1,farlige,faldgruber
1,farvede,linser
1,farveløs,væske
1,farvesprudlende,drømmebilleder
1,fast,ansættelse
1,fast,arbejde
1,fast,bund
1,fast,holdepunkt
1,fast,job
2,fast,rutefart
1,fast,udstyr
1,fast,vagt
1,faste,elskere
1,faste,forbindelser
1,faste,holdepunkt
1,faste,lampesteder
1,faste,tillidsmænd
1,faste,tæpper
1,fastskruet,badeværelsesudstyr
1,fattig,familie
1,fattige,lande
1,fattigste,kvarterer
1,fed,video
1,fede,båd
1,fede,år
1,fejlslagne,års
1,feminine,bil
1,feminine,præg
1,femte,tiden
1,femte,år
1,festberuste,brøndby'ere
1,festberuste,lære
1,festberuste,støvler
1,fiks,finansierings-model
1,filantropiske,aktiviteter
1,filippinsk,malerkunst
1,filippinske,nation
1,filippinske,par
1,fin,biskop
1,fin,chef
1,finansielle,problemer
1,finanspolitisk,lempelse
1,finanspolitisk,år
1,fine,felt
1,fine,forlydender
1,fine,køreegenskaber
1,fine,tøj
1,finere,ciseleringer
1,finske,spørgsmål
1,fint,støv
1,fintfølende,volt-meter
1,fire-årige,storesøster
1,firkantede,granitbrosten
1,firkantet,tomat
1,fjendtlige,styrker
1,fjerde,dag
1,fjerde,år
1,fjern,fortid
1,fjerne,kamp
1,fjerne,sted
1,fjernt,land
1,flad,flegma
1,flad,hånd
1,flade,bygning
1,flade,forbindelse
1,fladere,momentkurve
1,flatterende,måde
1,flere,aktionærer
1,flere,apoteker
1,flere,bakterier
1,flere,bekymringerne
1,flere,biler
1,flere,brugere
1,flere,brødproducent
1,flere,chancer
2,flere,dage
1,flere,dages
1,flere,danskere
1,flere,drivhuse
1,flere,dusin
1,flere,dyrlæge
1,flere,firmaer
1,flere,folkeafstemninger
1,flere,forslag
1,flere,gader
7,flere,gange
1,flere,gulvet
1,flere,hemmeligheder
1,flere,indstilling
1,flere,interesser
1,flere,journalister
1,flere,kilder
1,flere,klokken
1,flere,kommuner
1,flere,kraftreserver
1,flere,kunderne
2,flere,lande
1,flere,led
3,flere,lejligheder
1,flere,løgne
1,flere,muligheder
1,flere,mål
1,flere,måneder
1,flere,møder
1,flere,nummer
1,flere,penge
1,flere,personer
1,flere,publikum
1,flere,rækker
1,flere,skuespilleres
1,flere,slags
1,flere,sponsorer
1,flere,stemmer
1,flere,studerende
1,flere,sygehuse
1,flere,tamiler
1,flere,tilbud
1,flere,timer
2,flere,ting
1,flere,tog
1,flere,udgaver
1,flere,uger
1,flere,varer
1,flere,veje
1,flere,vittigheder
3,flere,år
1,flere,århundreder
1,flere,års
1,flerumættede,fedtsyrer
1,flest,aviser
1,flest,piger
1,flest,seere
1,fleste,arealer
1,fleste,danskere
1,fleste,danskeres
1,fleste,feber
1,fleste,færger
1,fleste,infektioner
1,fleste,mennesker
1,fleste,mænd
1,fleste,punkter
1,fleste,selskaber
1,fleste,steder
4,fleste,tilfælde
2,fleste,uddannelser
1,fleste,uddannelsesinstitutioner
1,fleste,udsendelser
1,fleste,valgsteder
1,flink,fyr
1,flittig,sag
1,flittig,studerende
1,flittige,livsindsats
1,flossede,regering
1,flot,bog
1,flot,boks-sæt
1,flot,interiør-blad
1,flot,plads
1,flotte,anlæggelse
1,flotte,fotografier
1,flotte,landskab
1,flotte,par
2,flotte,præmier
1,flotte,show
1,flotte,spil
1,flydende,kerne
1,flydende,svensk
1,flygtige,blikkontakt
1,flygtige,informationsstrøm
1,folkelig,enhed
1,folkelig,kontrol
2,folkelig,støtte
1,folkeretlige,status
1,forbilledlig,vis
1,forbitrede,ror
1,forbitrede,vendinger
1,forbudt,ord
1,fordomsfri,bedømmelse
1,foregående,antagelser
1,foregående,prøver
1,foregående,sejr
1,foregående,år
1,foreliggende,planer
1,foreliggende,tilfælde
1,forestående,spionudveksling
1,forestående,tur
1,forestående,vinter
1,forfærdelige,hus
1,forfærdelige,oplevelse
1,forhandlingstaktisk,synspunkt
1,forhenværende,bistandsklient
1,forhenværende,stor-smugler
1,forhåndenværende,hund
1,forkert,dom
1,forkerte,kilder
1,forkerte,måde
1,forkerte,retning
1,forløbne,tid
1,formelle,ting
1,fornemme,hestevæddeløb
1,fornemme,post
1,fornemme,takter
1,fornemme,udmærkelse
1,fornemste,talerstol
1,fornuftig,finanslov
1,fornuftstridige,vejrlig
2,fornærmet,barn
1,forreste,række
1,forretningsmæssige,argumenter
1,forretningsmæssige,bekæmpelses
1,forretningsmæssige,kollegers
1,forrige,valg
1,forrygende,parringsritual
1,forskellig,art
1,forskellig,etikette
1,forskellig,måde
1,forskellig,politiet
1,forskellig,stimulation
1,forskellige,atomkerner
1,forskellige,evner
1,forskellige,fald
1,forskellige,flerbrugersystemer
1,forskellige,forretter
1,forskellige,forudsætninger
1,forskellige,hundrede
1,forskellige,hånden
1,forskellige,interesser
1,forskellige,kernemodeller
1,forskellige,koncentrationslejre
1,forskellige,koncerter
1,forskellige,kulturer
1,forskellige,kurser
1,forskellige,myndigheder
1,forskellige,opgaver
1,forskellige,perioder
2,forskellige,række
1,forskellige,sektioner
1,forskellige,småting
1,forskellige,sprog
2,forskellige,steder
1,forskellige,stoffer
1,forskellige,varer
1,forskellige,vinkler
1,forskellige,vægt
1,forskningspolitiske,holdninger
1,forståeligt,svar
1,forsvarsmæssige,komponent
1,fortrinlige,aftale
1,fortrinlige,literflasker
1,fortrolig,stykket
1,fortrolige,oplysninger
1,fotografisk,galleri
2,fransk,cocktail
1,fransk,film
1,fransk,fodbold
1,fransk,storklub
1,franske,brokker
1,franske,fremmedlegion
1,franske,studerende
1,fredelig,måde
1,fredelige,folk
1,fredsbevarende,landstræner
2,fredsbevarende,styrke
1,fremherskende,holdninger
1,fremherskende,selskab
1,fremherskende,ulyst
1,fremmede,cigaret
1,fremmede,elementer
1,fremmede,mennesker
1,fremmeste,håb
1,fremmeste,spark
1,fremmødte,piger
1,fremragende,arbejde
1,fremragende,kampe
1,fremragende,restauranter
1,fremrullende,ddr-kampvogne
1,fremtidige,investeringsstrategi
1,fremtidige,kommunen
1,fremtidige,massefyringer
1,fremtidige,struktur
1,fremtidige,trænere
1,fremtidige,union
1,fremtrædende,embedsmænd
1,fremtrædende,skikkelse
1,fremtrædende,socialdemokrat
1,fri,aktionærerne
1,fri,bosættelse
1,fri,ferie
1,fri,flugt
1,fri,spillestil
1,fri,vilje
1,frie,konkurrence
1,frie,nationer
1,frie,valg
1,frigjort,had
1,frisk,fed
1,frisk,frugt
1,frisk,ministeriet
2,frisk,pasta
1,frisk,pust
1,frisk,salvie
1,friske,fed
1,friske,fremstød
2,friske,jordbær
1,friskt,pust
1,frit,løb
1,frivillige,hold
1,frosne,skiftespor
1,frugtbar,går
1,frugtbar,kroppen
1,frugtbar,vej
1,frugtbare,interaktion
1,frække,ikke-streg
1,fuld,fart
1,fuld,flor
1,fuld,tid
1,fuldgyldig,del
1,fuldt,april
1,fuldt,felt
1,fuldt,program
1,fundamentale,godhed
1,fyldestgørende,redegørelse
1,fynske,lokalopgør
1,fynske,skoler
1,fysisk,energi
1,fysisk,Østlandepuljen
1,fØrste,smØger
2,få,dage
1,få,dages
1,få,følelser
2,få,måneder
1,få,ord
1,få,portræt
1,få,pressefotos
1,få,ressourcer
1,få,skanningsbilleder
1,få,succeshistorier
1,få,symboler
1,få,undtagelser
1,få,år
1,fælles,afkom
1,fælles,billedanalysegruppe
1,fælles,bryggeri
1,fælles,erfaringer
1,fælles,forligs-skitse
2,fælles,forsvar
2,fælles,forsvarspolitik
1,fælles,fredag
1,fælles,gruppe-
1,fælles,gruppemøde
1,fælles,gruppemøder
1,fælles,interesse
1,fælles,kaffekasse
1,fælles,kapitler
1,fælles,kæreste
1,fælles,køn
1,fælles,møntfod
1,fælles,nutidskultur
1,fælles,passion
1,fælles,problem
1,fælles,rapport
2,fælles,redaktion
1,fælles,række
1,fælles,udbud
1,fælles,udvalg
1,færdige,resultat
1,færdige,retter
1,følelsesmæssigt,afsæt
1,følsomme,g-punkt
1,følsomme,zoner
1,førende,svampekendere
1,første,aktion
1,første,aktivitetskontrol
1,første,angreb
1,første,arbejde
1,første,bar
1,første,behandling
2,første,bind
1,første,blik
1,første,bomber
1,første,buy-out
2,første,dage
2,første,episoder
1,første,filmrolle
1,første,fodboldstøvler
1,første,forlydender
1,første,formand
1,første,forretningsfolk
1,første,forretningsmænd
1,første,forslag
15,første,gang
1,første,gange
1,første,generations
1,første,halvleg
1,første,helle-stangerup-udgivelse
1,første,herrehold
1,første,kamp
1,første,kollegium
1,første,kosmetologer
1,første,kvm.
1,første,ledighedsdage
1,første,lp
1,første,millioner
1,første,myndigheder
1,første,måneder
1,første,nat
1,første,offer
3,første,omgang
1,første,onkels
1,første,optagelse
2,første,produktion
1,første,prøve
1,første,reservelæge
1,første,række
1,første,sal
1,første,selskaber
1,første,skridt
1,første,smøger
1,første,sprog
1,første,sæson
1,første,teaterrolle
1,første,tur
1,første,uddannelse
1,første,uddannelsens
1,første,udsalgsuge
1,første,udsendelser
1,første,vaffel
1,første,værtshus
1,gale,teater
1,gamle,advokat
1,gamle,alterkalk
1,gamle,bekendte
1,gamle,bekendtgørelse
1,gamle,bil
1,gamle,bygning
1,gamle,citroën'er
3,gamle,dage
1,gamle,ef-samarbejdet
1,gamle,egetræ
1,gamle,familiehjem
1,gamle,mand
1,gamle,masterbånd
1,gamle,meter
1,gamle,mænd
1,gamle,møbler
1,gamle,optagelser
1,gamle,par
1,gamle,pensionsopsparere
1,gamle,regel
1,gamle,ry
1,gamle,ræve
1,gamle,supermagter
1,gamle,sværindustrier
1,gamle,tillægskontrakter
1,gamle,transfer-bestemmelser
1,gamle,træer
1,gamle,åre
1,gamles,krop
1,gammel,aftale
1,gammel,bygning
1,gammel,fyr
1,gammel,rotte
1,gammel,stor-smugler
1,gammel,vindjakke
1,gammeldaws,facon
1,gammelt,bindingsværkshus
1,gammelt,hyben
1,gammelt,håndsætterbly
1,gammelt,liv
1,gavnlig,virkning
1,gebrokkent,engelsk
1,gedigne,sejleregenskaber
1,generel,stigning
1,genial,forsker
1,gennemførlige,foranstaltninger
2,gennemgående,figur
1,gennemgående,træk
1,gensidige,forelskelse
1,gensidige,renselse
1,genstridigt,ukrudt
1,geografisk,henseende
1,geskæftige,kvinder
1,gift,tilladelse
1,gifte,mænd
1,giftige,familien
1,giftige,svampe
1,giftigt,ton
1,glad,kinder
1,glade,budskab
1,glade,mand
1,glade,mennesker
1,glade,tressere
1,glade,øjne
1,glimrende,rockplader
1,glimrende,turbåde
1,glimrende,vægge
1,globale,bevidsthed
1,globale,miljøproblemer
1,globale,opgaver
1,globale,år
1,globalt,ramaskrig
1,globalt,spændingsfelt
1,glædelig,jul
1,glædelige,oplysninger
1,god,baner
1,god,behold
1,god,form
1,god,grund
1,god,have
2,god,idé
1,god,indsats
1,god,mening
1,god,mistanke
1,god,mæthedsfornemmelse
1,god,opvækst
1,god,position
1,god,sag
1,god,samvittighed
1,god,skyld
2,god,solist
1,god,stemning
4,god,tid
1,god,tone
1,god,totalentreprise
1,god,tro
1,god,vilje
1,god,virkning
1,gode,billeder
1,gode,chancer
1,gode,cirkel
1,gode,dage
1,gode,faktor
1,gode,forbrug
1,gode,forretninger
1,gode,følelser
1,gode,hold
1,gode,holdninger
1,gode,idéer
1,gode,kulhydrater
1,gode,låse
1,gode,lænestole
1,gode,muligheder
3,gode,mænd
1,gode,overraskelses-angreb
1,gode,par
1,gode,ry
1,gode,salmer
1,gode,skibe
1,gode,sko
1,gode,terrænet
1,gode,tilbud
1,gode,ven
1,gode,vine
1,gode,æbler
1,godeste,fordel
1,godt,aftagerland
1,godt,bud
2,godt,eksempel
1,godt,energi
1,godt,engelsk
1,godt,forhold
1,godt,gæt
1,godt,helbred
1,godt,højttaleranlæg
1,godt,kollektiv
2,godt,råd
1,godt,samarbejde
1,godt,stof
1,gradvise,konfiskation
1,grafisk,information
1,grafiske,film
1,grafiske,tryk
1,grammy-belønnede,duet
1,grimme,biograferne
1,grimme,fyr
1,grimme,minder
1,grimme,stub
1,grimme,sår
1,grimmeste,pige
1,grofthakkede,g
1,groteske,pågribelse
1,grov,børnemishandling
1,grov,karakter
1,grov,skitse
1,grov,spsk.
1,grov,uger
1,grundig,politiindsats
1,grundige,afhøringer
1,grundtvigianske-socialdemokratiske,samarbejde
1,grusom,aften
2,grusom,proces
1,grusomme,forbrydelser
1,grå,bukser
1,grå,sider
1,grå,t-shirt
1,grå,træfrøer
1,grå,øjne
1,græsk,opfattelse
1,græske,ouzo
1,grøn,neon
1,grønlandske,gut
1,grønne,bord
1,grønne,kollegium
1,grønne,område
1,grønne,telte
1,grønne,top
1,grønne,øjne
1,grønt,kollegium
1,grønt,lys
1,grønt,område
1,gug'ske,bil
1,gug'ske,præg
1,gule,gevandter
1,gule,handsker
1,gule,låg
1,gusten,teint
1,halv,flaske
1,halv,mil
1,halv,sandhed
4,halv,snes
3,halv,time
1,halv,ugeløn
1,halvanden,procents
1,halvandet,fængsel
2,halvandet,år
1,halve,snes
1,halve,tilsagn
1,halve,år
1,halve,års
1,halvkg,krabat
1,halvt,prøvetid
1,halvt,værelses
3,halvt,år
2,halvt,århundrede
1,handicappedes,hånd
1,harmonisk,nætter
1,harmonisk,skoleår
1,hastige,konklusioner
1,hektiske,1930'ere
1,hektiske,handelstid
1,hektiske,lykkerus
3,hel,del
1,hel,familie
1,hel,generation
1,hel,kortege
1,hel,langvæg
1,hel,masse
1,hel,række
1,hel,spillefilm
1,heldig,gennemførelse
1,hele,affære
1,hele,baner
1,hele,befolkning
1,hele,bispevalg
1,hele,byen
1,hele,cocktail-parties
1,hele,dagen
1,hele,del
1,hele,døgnet
1,hele,eftermiddagen
1,hele,familie
3,hele,familien
1,hele,familiesamværet
1,hele,form
1,hele,forsiden
1,hele,gevinsten
1,hele,godbidder
1,hele,handlingen
1,hele,historien
1,hele,hus
1,hele,kamera-gangen
1,hele,kompromis
3,hele,landet
1,hele,levetid
2,hele,liv
1,hele,livet
1,hele,mandagen
1,hele,mennesker
1,hele,mill.
1,hele,molevitten
1,hele,motorerne
1,hele,mulighed
1,hele,optagelser
1,hele,opuser
1,hele,opvækst
1,hele,ruten
1,hele,samfundet
1,hele,sandheden
1,hele,situation
1,hele,spillere
1,hele,spørgsmålet
1,hele,svampe
12,hele,tiden
1,hele,træffere
1,hele,uddannelsesforløbet
1,hele,udsalgsperioden
5,hele,verden
1,hele,verdensturneen
2,hele,år
2,hele,året
1,hellig,forargelse
1,hellig,konger
1,hellige,ko
1,hellige,land
1,helliges,disfavør
1,helliges,lærebøger
1,helt,sambaorkester
1,hemmelig,agentvirksomhed
1,hemmelige,kærlighedsforhold
1,hemmelige,tv-lidenskab
1,hemmeligt,sted
1,herligt,hold
1,hidsige,udgave
1,hidtidig,kampen
1,hidtidig,praksis
1,hidtidige,direktør
2,hidtidige,erfaringer
1,himmelråbende,uvidenhed
1,himmelske,plads
1,historisk,gruppemøde
1,historisk,kæreste
1,historisk,relevans
1,historiske,perspektiver
1,historiske,udvikling
1,hiv-smittede,personer
1,hjemlige,marked
1,hollandske,luftfartsselskab
1,hollandske,selvmordsmissioner
1,hollandske,transmissionen
1,hult,melodrama
1,humanitære,opgave
1,hungerhærgede,land
1,hurtig,forøgelse
1,hurtig,opringning
1,hurtige,biler
1,hurtige,forretninger
1,hurtige,håndværkere
2,hurtige,penge
1,hurtige,svende
1,hurtigere,parti
1,hvid,atombrændsel
1,hvid,hæl
2,hvid,mand
1,hvid,måneder
1,hvide,blodlegemer
1,hvide,mellemklassevælgere
1,hvide,papir
1,hvide,plet
1,hvide,stribe
1,hvide,vatskæg
1,hvides,kvarter
1,hvidgule,pletter
1,hyggelig,andelsforening
1,hyggelig,foreteelse
1,hyggelig,stund
1,hyggelige,fødderne
1,hyggelige,side
1,hyggelige,stue
1,hyggeligt,familie-tv
1,håndgangne,masse
1,håndplukkede,effekter
1,håndskrevne,kort
1,håndværksmæssige,udførelse
1,hård,hånd
1,hård,kamp
1,hård,konkurrence
1,hård,kritik
1,hård,modstand
1,hård,træning
1,hård,vind
1,hård,vinden
1,hårde,asfaltveje
1,hårde,hug
2,hårde,kampe
1,hårde,stoffer
1,hårde,tørn
1,hårdkogt,gangster
1,hårdtpumpede,guitarer
1,hæderkronet,indsats
1,hæderkronet,krigen
2,hæderlig,opførsel
1,hændeligt,sammenstød
1,hærget,landskab
1,hæsblæsende,kamp
1,hæslige,sko
1,høj,afgift
1,høj,bronze-figur
1,høj,forrentning
4,høj,grad
1,høj,pande
1,høje,alder
1,høje,bjerge
1,høje,karakterer
2,høje,mand
1,høje,mure
1,høje,række
1,højere,gennemsnitshastigheder
2,højere,grad
1,højere,hastighedsgrænse
1,højere,læreanstalter
1,højere,læreranstalter
1,højere,niveau
1,højere,planer
1,højere,spærregrænse
1,højere,uddannelser
1,højeste,grad
1,højeste,statens
1,højlakerede,negle
1,højre,arm
1,højre,kant
1,højre,mandatsvig
1,højre,smule
1,højre,vinge
1,højt,græs
1,højt,indhold
1,højt,tag
1,igangværende,satsninger
1,ihærdig,træning
3,ikke-skyldig,punkt
1,illegal,immigrant
1,imponerende,evne
1,indadrettede,musik
1,indbyrdes,aftaler
1,indbyrdes,forhold
1,indbyrdes,tv-
1,indenlandske,konjunkturer
1,indenrigspolitiske,front
1,indenrigspolitiske,rekruttid
1,indenrigspolitiske,årsager
1,inderste,illusionen
1,indeværende,år
1,individuel,bedømmelse
1,individuel,støtte
1,individuel,vurdering
1,individuelle,krydser
1,individuelle,kvalifikationer
1,indlysende,historie
1,indlysende,svar
1,indlysende,årsager
1,indre,dualisme
1,indre,farvande
2,indre,mission
1,indre,område
1,indre,sigøjner
1,indre,stridigheder
1,indre,varme
1,indremissionske,byens
1,indremissionske,tide
1,indstukken,lås
1,industrielle,indretningsopgaver
1,industrielle,interesser
1,indvendige,side
1,indviklet,verden
1,infernalsk,larm
1,inkarneret,alkoholiker
1,inkarneret,lettelse
1,inkarneret,sejlsportsmand
1,inkommensurable,størrelser
1,innovative,lægemidler
1,intellektuelle,dyr
1,intelligent,mand
1,intens,bebyggelse
1,intens,skydning
1,intensiv,artilleribeskydning
1,interessante,synspunkter
1,international,konference
1,international,krisestyring
1,international,vandforurenings-organisation
1,internationale,afmatning
1,internationale,bankers
1,internationale,fredskonference
1,internationale,investeringer
1,internationale,kontakter
1,internationale,normer
1,internationale,opmærksomhed
1,internationale,postkasse
1,internationale,række
1,internationale,samfunds
1,internationale,socialister
1,internationale,tanker
1,internationale,vareudveksling
1,internationale,verdensbanken
1,internationale,virksomheders
1,internationale,årsberetning
1,internationalt,miljøundervisningsprojekt
1,internationalt,plan
3,internationalt,samarbejde
1,internationalt,spillecasino
1,internationalt,udsmykningsopgave
1,intimt,kendskab
1,intuitiv,fornemmelse
1,irakisk,regeringsminister
1,irakiske,kurdere
1,irakiske,partnere
1,irakiske,råolie
1,irakiske,styrker
1,irsk,skuespiller
1,irske,hær
1,irske,mål
1,islamiske,genfødselsparti
1,islamiske,lande
1,israelske,radio
1,italiensk-amerikansk,havnearbejder
1,italiensk,immigrant
1,italienske,traditioner
1,italienske,tv
1,ivrig,deltagere
1,iøjnefaldende,del
1,japansk-bygget,bil
1,japansk,topklasse
1,japanske,biler
3,japanske,mirakel
1,jugoslavisk,bande
1,jugoslavisk,fly
1,jugoslavisk,pige
1,jugoslaviske,flyvevåben
1,jugoslaviske,folkegruppers
1,jugoslaviske,hær
1,jugoslaviske,kyst
1,jugoslaviske,militærhospital
1,jugoslaviske,præsidentråd
1,jugoslaviske,sagfører
1,jugoslaviske,tilstande
1,juridisk,forbrydelse
1,juridisk,tovtrækkeri
1,juridiske,arkitekt
1,juridiske,eksperter
1,juridiske,kredse
1,juridiske,makkerparret
3,jyske,division
1,jyske,dragonregiment
1,jyske,familiefar
1,jyske,lokalopgør
1,jyske,mesterskaber
1,jyske,opera
1,jyske,operas
1,jævn,anvendelse
1,jævn,spændingskilde
1,jævnaldrende,mænd
1,jævne,mellemrum
1,jævne,skovbruget
1,jævnlige,gruppe-
1,jævnlige,tilsyn
1,jødiske,familiesammenhold
1,kammeratlig,måde
1,kammeratlig,ånd
1,karakteristiske,lugt
1,katastrofale,entré
1,katastrofale,følger
1,katastrofale,økonomi
1,katolske,slum
1,kedelig,følge
1,kedelig,institution
1,kedeligt,billede
1,kedeligt,folk
1,kemisk,lugt
1,kendt,sag
1,kendt,skikkelse
1,kendte,borgere
1,kendte,ikke-streg
1,kendte,masterbånd
1,kendte,skisportssteder
1,kgl.,kapel
1,kgl.,struktur
5,kgl.,teater
1,kgl.,teaters
1,kidnapningslignende,aktion
1,kinesisk,familie
1,kinesisk,nytår
1,kinesiske,grænse
1,kinesiske,publikum
1,kirurgisk,indgreb
1,klar,advarsel
1,klar,ansvarsplacering
1,klar,besked
1,klar,følge
1,klar,indrømmelse
1,klar,melding
1,klar,nej-siger
1,klar,sammenhæng
1,klar,succes
1,klar,tale
1,klare,beviser
1,klare,holdning
1,klare,interesse
1,klart,nederlag
2,klart,svar
1,klassisk,musik
1,klassiske,langdistanceløb
1,klimamæssige,forhold
1,klistret,masse
1,klogt,spil
1,kloløse,hummer
1,klædelig,selvforagt
1,klækkelig,bøde
1,klækkelige,bøder
1,knapt,budget
1,kold-lagrede,hvidløg
1,kold,mc-tur
1,kold,sodavand
1,kolde,bølger
1,kolde,fødder
1,kolde,krigs
1,koldt,flødeskum
2,koldt,vand
1,kolossale,udfordringer
1,kommercielle,film
1,kommercielle,gyngerne
1,kommercielle,kapacitet
1,kommercielle,løsning
1,kommercielle,opsendelser
1,kommercielle,stand
1,kommunal,hjemmehjælp
1,kommunalt,regi
1,kompetente,forretningsfolk
1,kompetente,myndigheder
1,komplet,fortegnelse
1,komplette,række
1,komplicerede,spekulationer
1,kompliceret,tid
1,kompositionelle,type
2,kongelige,kapel
1,konkrete,forslag
1,konkrete,gennemførelse
1,konkrete,opgave
1,konkrete,tilfælde
1,konservative,euroskeptikere
4,konservative,folkeparti
1,konservative,folkepartis
1,konservative,regering
1,konstant,pres
1,konstant,stigning
1,kontante,natklubber
1,kontante,rock
1,kontroversielle,synspunkt
1,korrekte,sprogbrug
1,kort,forbindelse
1,kort,hår
1,kort,optaktsperiode
1,kort,opvarmning
1,kort,pause
1,kort,periode
1,kort,sigt
4,kort,tid
1,kort,valgkamp
1,kort,varsel
1,kort,øjeblik
1,korte,samtale
1,korte,tidsrum
1,korte,ture
1,korte,øjeblikke
1,kortere,tid
1,kortere,varighed
1,kostbar,strejke
1,kraftig,bombe
1,kraftig,brandpåvirkning
1,kraftig,lærernes
1,kraftig,røg
1,kraftig,varme
1,kraftig,vækst
1,kraftige,par
1,kraftige,spørgsmålstegn
1,kraftige,stramninger
1,kraftige,såler
1,kraftigt,hår
1,kraftigt,rockmusiks
1,kraftigt,slag
1,krank,skæbne
1,kreativ,direktør
1,kreativt,gang
1,kriminel,fortid
1,kriminel,transaktion
1,kriminelle,bekendte
1,kriseramte,land
1,kriseramte,storklub
3,kristeligt,folkeparti
1,kristne,gospel-sange
1,kritisk,presse
1,kritiske,aktionærgruppe
1,kritiske,folk
1,kritiske,parlamentsdebat
1,kroatisk,by
1,kroatisk,embedsmand
1,kroatiske,nationaløkonomi
1,kroatiske,styrker
1,kronisk,bronkitis
1,krum,næse
1,kryptiske,besked
1,kryptiske,navne
1,kryptiske,telefonsamtaler
1,krævende,arbejde
1,krævende,em-turnering
1,krævende,priser
1,kuldslåede,fornuftsægteskab
1,kulturelle,forandringer
1,kulturelle,forestillinger
1,kulturelle,forhold
1,kulørt,lycra
1,kvadratisk,motor
1,kvalitetsprægede,underholdningsfilm
1,kvart,flaske
1,kvart,lastrum
1,kvikke,bemærkninger
1,kvindelig,bilist
1,kvindelig,passager
1,kvindelige,bilist
1,kvindelige,studerende
1,kvæstede,dreng
1,kvæstet,litauer
1,kyndig,person
1,kyniske,justitsministerens
1,kåde,prinsesser
1,kæmpe,ildkugle
1,kæmpe,opmærksomhed
1,kæmpe,år
1,kæmpemæssig,skygge
1,kæmpestore,forhal
1,københavnske,bispevalg
2,københavnske,bryggerier
1,københavnske,godbidder
1,københavnske,håndværkssvende
1,københavnske,koncentration
1,køkken-ukultiverede,sind
1,kølig,brise
1,kølige,brev
2,kølige,tanke
1,kønne,mænd
1,kønt,selskab
1,lade,side
1,ladede,partikler
1,lamslåede,øjenvidner
1,lang,afstand
1,lang,dagen
1,lang,fravær
1,lang,kritik
1,lang,omverdenen
2,lang,periode
1,lang,rejser
9,lang,række
1,lang,sigt
1,lang,situationen
2,lang,styrke
14,lang,tid
1,lang,tids
1,lang,vægt
1,lang,ål
1,lange,afstande
1,lange,baner
1,lange,historie
1,lange,indkøbslister
1,lange,landevej
1,lange,liste
1,lange,negle
1,lange,perioder
1,lange,scener
1,lange,togrejse
1,lange,ture
1,lange,udgave
1,langstilkede,roser
1,langt,foredrag
1,langt,sigt
1,langt,slutspil
1,langvarige,forbrugsgoder
1,langvarige,ophold
1,lav,løn-
1,lav,studentereksamenskarakter
1,lave,lerhuse
1,lave,verdensmarkedspriser
1,lavere,arbejdsløshed
1,lavere,millionbeløb
1,lavere,udbytte
1,laveste,karakter
1,laveste,resultat
1,laveste,takst
1,laveste,temperaturer
1,lavt,bord
1,lavt,tal
1,ledig,restkapacitet
1,ledig,stilling
1,ledige,job
1,ledigt,hegn
1,legendariske,filmskuespillerinde
1,legendariske,kinder
1,let,drømmer
2,let,rødme
1,let,vinden
1,letlevende,piger
1,lettere,mavesmerter
1,levende,klippe
1,levende,nålepude
1,liberale,fdp-parti
1,liberalt,forbunds
1,licensfremstillet,øl
1,liderlig,drøm
2,lidt,farve
1,lidt,feber
1,lidt,forkælelse
1,lidt,fremmedsprog
1,lidt,gang
1,lidt,kunsthåndværk
1,lidt,regn
1,lidt,slik
1,lidt,snitsår
1,lidt,valgsteder
1,lig,nul
2,lige,dele
1,lige,stykke
1,ligegyldigt,blik
1,ligesidet,trekant
1,ligestillet,person
1,ligeværdige,partnere
1,lille,apparat
1,lille,arbejder
1,lille,barn
1,lille,barns
1,lille,bevægelse
1,lille,bog
1,lille,datter
1,lille,del
1,lille,dreng
1,lille,drømmer
1,lille,fejlmargin
1,lille,fjernsyn
1,lille,folk
1,lille,forsøg
1,lille,franskmand
1,lille,frimærker
1,lille,fyr
2,lille,glas
1,lille,gods
1,lille,havn
1,lille,hummer
1,lille,krabat
1,lille,krog
1,lille,land
1,lille,lejlighed
1,lille,liv
2,lille,mand
4,lille,pige
1,lille,piges
1,lille,plasticetui
1,lille,ridderorden
1,lille,rs'er
1,lille,skabning
1,lille,skovløberhus
2,lille,smule
1,lille,soveværelse
1,lille,svind
1,lille,sygestue
1,lille,telt
1,lille,tone
1,lille,uge
1,livgivende,vekslen
1,livsfarligt,stof
1,livskraftig,krabat
1,logisk,konsekvens
1,logiske,del
1,lokal,løsning
1,lokal,satsning
1,lokal,udvikling
1,lokale,afdelinger
1,lokale,bordel
1,lokale,dommere
1,lokale,effekt
1,lokale,fagforeningsafdelinger
1,lokale,foreninger
1,lokale,forsvarsmyndigheder
1,lokale,håndværkstraditioner
1,lokale,levnedsmiddelkontrol
1,lokale,løsning
1,lokale,olieforureningsberedskab
1,lokale,pilsner
2,lokale,politi
1,lokale,redningskorps
1,lokale,seminarium
1,lokale,tegninger
1,lollandske,afdeling
1,lollandske,virksomhed
1,lommefilosofiske,betragtninger
1,lousy,fart
1,lousy,rockmusiker
1,lovende,produktioner
1,lovlydige,borgere
1,luftige,omgivelser
1,lukrativ,årsagerne
1,luksuriøse,butikker
1,lumsk,virkning
1,lunt,g
1,lydeligt,snøft
1,lykkelige,øjeblikke
1,lykkeligste,stunder
1,lys,lue
1,lysebrune,gavesæk
1,lyssky,cigaret
1,lyssky,elementer
2,lyst,hår
1,lystne,småpiger
1,lårkorte,nederdele
1,længere,angrebet
1,længere,lovprisning
1,længere,perioder
4,længere,sigt
2,længere,tid
1,lærerigt,indblik
1,løse,chancer
1,løse,ender
2,magre,år
1,magtfuldt,smØger
1,maks.,drejningsmoment
1,maksimale,benstræk
1,maksimale,betaling
1,mandlig,speaker
1,mandlige,løbere
1,mange,anklager
1,mange,arbejdsfunktioner
1,mange,armeniere
1,mange,autograf-skriverier
1,mange,bank
1,mange,bispevalg
1,mange,bistands-kroner
1,mange,blodårer
1,mange,brandbælter
1,mange,bygninger
3,mange,børn
3,mange,danskere
1,mange,eksemplarer
1,mange,facetter
2,mange,fag
1,mange,farver
1,mange,fedtsyrer
1,mange,fejl
1,mange,folk
1,mange,folkeslag
1,mange,forklaringer
1,mange,forsikringsselskaber
1,mange,fædre
2,mange,gange
1,mange,godbidder
1,mange,gæster
1,mange,hemmeligheder
1,mange,hovedretter
1,mange,hånden
1,mange,indvandrere
1,mange,japan-ting
1,mange,kalorier
1,mange,kilometer
1,mange,km
1,mange,kommentarer
1,mange,krydser
1,mange,kulturer
1,mange,kunder
1,mange,kvinder
1,mange,labour-politikere
1,mange,lag
1,mange,lande
1,mange,landsbyer
1,mange,lempelse
1,mange,meldinger
3,mange,mennesker
1,mange,meter
1,mange,millioner
1,mange,misforståelser
1,mange,muslimer
3,mange,måder
2,mange,mænd
2,mange,områder
1,mange,pct.
1,mange,penge
1,mange,præmier
1,mange,reaktioner
1,mange,restauranter
1,mange,resultater
1,mange,rygere
1,mange,salmer
1,mange,sejlere
1,mange,sendinger
1,mange,signalstoffer
1,mange,soldaters
2,mange,sprog
4,mange,steder
1,mange,stemmer
1,mange,stoffer
1,mange,sygdomme
1,mange,synspunkter
3,mange,tilfælde
1,mange,tillidsposter
4,mange,timer
2,mange,ting
1,mange,ture
1,mange,tusinde
1,mange,tyskere
1,mange,uge
1,mange,vejbanens
1,mange,virksomheder
11,mange,år
1,mange,års
1,mangefarvede,regnbue
1,manges,virkelighed
1,markant,forskel
1,markante,aktion
1,markante,partiets
1,maskulin,sport
1,massiv,mediedækning
1,massiv,modvilje
1,materielle,overflod
1,medicinsk,behandling
1,medicinsk,fakultetsbygning
1,medicinske,grunde
1,medicinske,hjerteafdeling
1,megen,glæde
1,megen,ilt
1,megen,indlæring
1,megen,inside-viden
1,megen,overfladeopmærksomhed
1,megen,tilsmudsning
1,meget,spørgsmålet
1,mellemfolkeligt,formand
1,mellemfolkeligt,perioden
1,mellemfolkeligt,samvirke
1,mellemstatsligt,samarbejde
1,menige,bestyrelsesmedlemmer
1,meningsfyldt,arbejde
1,menneskelig,reaktion
1,menneskelige,grænseløshed
1,menneskelige,lidelse
1,menneskelige,situation
1,mentale,styrke
1,mere,mavesmerter
1,midaldrende,kvinder
1,middelalderlige,ceremonier
1,middelalderlige,ridderorden
1,middelmådige,sparringspartnere
1,middelmådigt,landshold
1,milde,himmel
1,mildt,væsen
1,militær,garnison
1,militær,gruppe
1,militær,magtanvendelse
1,militær,tobakken
1,militære,aktioner
1,militære,karriere
1,militære,planlæggere
1,militære,rækker
1,militære,sejr
1,militært,diskussion
1,militært,tøj
1,miljøbevidste,postfolk
1,milliard-dyre,vandmiljøplan
1,mindre,bidrag
1,mindre,biler
1,mindre,del
1,mindre,eftertryk
1,mindre,flerbrugersystemer
1,mindre,kabine
1,mindre,klub
1,mindre,numre
1,mindre,omfang
1,mindre,prisforskel
1,mindre,sandsynlighed
1,mindre,stemmespild
3,mindre,stykker
1,mindre,udgave
1,mindreårige,million
1,mindste,børn
1,mindste,del
1,mindste,detalje
1,mindste,glimt
1,mistænkelige,eksistenser
1,moderate,politik
1,moderne,dans'
2,moderne,dans
1,moderne,markedsføringsmetoder
1,moderne,passionsdrama
1,moderne,rammer
1,moderne,samfunds
1,moderne,stillingerne
1,modsatte,side
1,modvillige,ef-medlemmer
1,mondæne,række
1,monomættede,fedtsyrer
1,moralsk,forstand
1,mulige,mål
1,mulige,opkøb
1,muligt,bevægelser
1,munter,klang
1,muntre,side
1,musikalsk,show
1,musikalske,idol
1,musikalske,ståsted
1,muskuløs,krop
1,muslimsk-kontrolleret,område
1,muslimske,befolkning
1,muslimske,strømninger
1,myreflittige,trafikminister
1,mystisk,morder
1,mystisk,regeringer
1,mystisk,sag
1,mystiske,mand
1,målrettet,professionalisme
2,månedligt,vægttab
1,mægtig,stemme
1,mælkeagtigt,udseende
1,mærkelige,bondeknold
1,mønstrede,dynevår
1,mørk,fortvivlelse
1,mørke,retssal
1,mørkt,hår
1,naiv,drømmer
1,naive,overbevisning
1,national,mester
1,national,skandale
2,nationale,kompromis
1,nationale,ordenskapitler
1,nationale,selvstændighed
1,nationalsocialistiske,ideal
1,nationalt,forsvar
1,nationalt,tilhørsforhold
1,natlig,uro
1,naturlig,følge
1,naturlig,proces
1,naturlig,udvikling
1,naturlige,begrænsning
1,naturlige,grunde
2,naturlige,lederevner
1,naturlige,økosystemer
1,naturligt,forhold
1,naturligt,tiltrækningsobjekt
1,naturmæssige,årsager
1,navngivne,personer
1,navngivne,venner
1,nedslidte,jeans
1,nedslidte,klasseværelse
1,negative,signal
1,negative,udvikling
1,nem,opgave
1,nemme,gulv
1,nemme,gæstemad
1,nemmeste,4-hjulstræk
1,nemmeste,måde
1,nigeriansk,forretningsmand
1,nobel,forretningsmand
1,nordisk,blokdannelse
1,nordisk,film
1,nordisk,konference
1,nordisk,råd
1,nordisk,samarbejde
1,nordisk,tider
1,nordiske,brødre
1,nordiske,kontakter
2,nordiske,lande
1,nordiske,samarbejde
1,nordiske,økonomi
1,nordjyske,landsforenings
1,nordlige,område
1,nordtyske,nato-styrker
1,normale,ddr-fængsler
1,normale,erhvervskredse
1,normale,satellitter
1,normale,spædbørn
1,normale,ungdomsinstitutioner
1,norsk,accent
1,norsk,avis
1,norsk,rejsebureau
1,norsk,swahili
1,norske,fjeldluft
1,norske,piger
1,norske,politi
1,nuværende,kontrakt
1,nuværende,regering
1,ny-nazistisk,kamp
1,ny-nazistiske,parti
1,ny,aftale
1,ny,album
1,ny,belægning
1,ny,besætning
1,ny,bevidsthed
1,ny,bog
1,ny,butik
1,ny,chance
2,ny,chef
1,ny,fase
1,ny,flådeindsatsen
2,ny,folkeafstemning
1,ny,fuldmægtig
1,ny,funktion
1,ny,guitaristen
1,ny,justitsminister
1,ny,kim
1,ny,kontrakt
1,ny,krumtapaksel
1,ny,kvalitet
1,ny,leder
1,ny,linje
1,ny,masse-opblomstring
1,ny,mellemklassemodel
1,ny,metode
1,ny,måde
1,ny,omgang
1,ny,opgørelse
1,ny,oplysningskampagne
1,ny,pedel
1,ny,regering
1,ny,revisor
1,ny,sang
1,ny,skuespilchef
1,ny,standardkontrakt
1,ny,stilling
1,ny,strategi
2,ny,styrelseslov
1,ny,teaterchef
1,ny,teori
1,ny,tv-serie
1,ny,type
1,ny,tænketank
1,ny,tøjhusgrunden
1,ny,uddannelse
1,ny,version
1,ny,viden
1,ny,vignet
1,ny,Ørestadsbanen
1,nyansat,kollega
1,nye,80'er
1,nye,afslØringer
2,nye,afsløringer
1,nye,aktier
1,nye,andelsbolig
1,nye,assistent
1,nye,bank-opkøb
1,nye,bestyrelse
1,nye,bombemål
1,nye,digtsamlinger
1,nye,ejerstruktur
1,nye,familiebilleder
1,nye,farvande
1,nye,film
1,nye,forhandlinger
1,nye,forlag
1,nye,grimasse
1,nye,hjemland
1,nye,job
1,nye,kartofler
1,nye,kommunikationsinstitut
2,nye,kontrakter
1,nye,kurs
1,nye,lov
2,nye,lægemidler
1,nye,markeder
1,nye,markedsforhold
1,nye,meters
1,nye,mor
1,nye,muligheder
1,nye,nummer
1,nye,nutrio-division
1,nye,opdagelse
1,nye,ordning
1,nye,overboss
1,nye,pensionsopsparere
1,nye,produkter
1,nye,rammer
1,nye,reaktionsstyrker
1,nye,regering
1,nye,regler
2,nye,række
1,nye,selskab
1,nye,selskaber
1,nye,series
1,nye,situationen
1,nye,sko
2,nye,spillere
1,nye,steder
1,nye,stolthed
1,nye,stormagt
1,nye,super-brugser
1,nye,super-butikker
1,nye,svende
2,nye,talenter
1,nye,tanker
1,nye,tid
1,nye,tider
1,nye,tryghedsaftaler
1,nye,udfordringer
3,nye,veje
1,nye,venner
1,nye,verdensorden
1,nye,vinkler
1,nye,virksomheder
1,nye,ål
1,nye,år
1,nye,øjne
1,nyere,dato
1,nyere,mærker
1,nyere,sange
1,nyere,tid
1,nyerhvervede,status
1,nyeste,bud
1,nyeste,hit
1,nyeste,litografier
1,nyeste,plade
1,nyeste,turistattraktion
1,nyfigne,blikke
1,nyindrettede,jersey-museum
1,nylig,landsretsbeslutning
1,nylige,afgiftsnedsættelser
1,nyoprykkede,sjællændere
1,nysgerrig,velvillighed
1,nystartede,dagblad
1,nyt,afstemningsgrundlag
1,nyt,anfald
1,nyt,benzinprodukt
1,nyt,bronze-vinder
1,nyt,bryggeri
1,nyt,gab
1,nyt,hostemiddel
1,nyt,køkkenhaven
1,nyt,møde
1,nyt,nederlag
1,nyt,parti
1,nyt,pitanlæg
1,nyt,skib
1,nyt,skuespilhus
1,nyt,spændingsfelt
1,nyt,udvalg
1,nytilkomne,mavesmerter
1,nyudråbte,kreijna-republik
1,nyvalgte,præsident
1,nær,kontakt
1,nær,ven
1,nære,forhold
1,nære,veninde
1,nære,venner
1,nærmere,forklaring
1,nærmere,præsentation
1,nærmeste,hold
1,nærmeste,vej
1,nært,venskab
1,næste,børn
1,næste,dag
1,næste,fredag
1,næste,gange
1,næste,le-mans-race
1,næste,liv
1,næste,mål
1,næste,race
1,næste,rejse
1,næste,ruten
1,næste,side
1,næste,skoleår
1,næste,skridt
1,næste,stop
2,næste,torsdag
4,næste,uge
1,næste,uger
4,næste,år
2,næste,øjeblik
1,næstlaveste,niveau
1,nødstedte,banker
1,nødvendige,forholdsregler
1,nødvendige,vej
1,nødvendige,vilje
1,nøgne,anklagestolene
1,objektivt,fænomen
1,obligatoriske,undervisning
1,offensiv,kulturpolitik
2,offentlig,adgang
1,offentlig,kampagne
1,offentlige,deltagelse
1,offentlige,mening
1,offentlige,område
4,offentlige,sektor
1,offentligt,embede
1,offentligt,hold
1,offentligt,underskud
1,officiel,rapport
1,officielle,forklaring
1,officielle,førerbunker
1,officielle,hyldest
1,officielle,række
1,officielle,synspunkt
1,officielle,tv-kanal
1,officielle,vægt
1,olympisk,super-sværvægter
1,olympisk,turnering
1,olympiske,bronze-vinder
1,olympiske,hostemiddel
1,olympiske,lege
1,olympiske,spillere
1,omfangsrige,kosan-gruppe
1,omfattende,hjælpe-operation
1,omfattende,overflødiggørelse
1,omstridte,kalundborg-Århus-rute
1,omstændelige,omveje
1,ond,journalist
1,ond,rod
1,ondartet,svulst
1,onde,talrække
1,op-pløjede,brandbælter
1,opblæst,koncertsanger
1,operationelle,rolle
1,ophugningsmodne,fartøjer
1,ophugningsmodne,hukommelsen
1,oplagt,mulighed
1,oplagte,salgsemner
1,oplevelsesstærke,kommentarer
1,oplevelsesstærke,lønforhøjelse
1,oprigtige,anerkendelse
1,oprindelige,fyringsliste
1,oprindelige,niveau
1,opslidende,sag
1,opslidende,spillere
1,opslidende,tempospil
1,opsmøgede,ærmer
1,opsparede,bonusudjævnings-fond
1,optimal,vis
1,optimale,forhold
1,optimale,sukkerroe
1,orange,par
1,ordentlig,statistik
1,ordentlig,styring
1,ordentligt,liv
1,ordførende,Ørestadsbanen
1,organisk,klasse
1,organisk,sammenhæng
1,originale,indspilninger
1,originale,produktioner
1,ortopædisk,hospital
1,ovennævnte,dato
1,ovennævnte,liste
1,overdreven,ekspansion
1,overflødigt,slim
1,overnationalt,stater
1,overskydende,dej
1,overvældende,drive
1,overvældende,succes
1,ovnfast,cm
1,ovnfast,fad
1,ovnstegt,lammebov
1,pakistanske,model
1,pansrede,køretøjer
1,papirbaseret,emballage
1,para-militære,grupper
1,para-militære,organisationer
1,parat,skrammer
2,parlamentarisk,opførsel
1,passende,afstand
1,passende,antal
1,passende,motion
1,passionerede,overlegenhed
1,passiv,investor
1,patriotiske,nødvendighed
1,permanente,4-hjulstræk
1,permanente,måde
1,personlig,pleje
1,personlig,skepsis
1,personlig,vinding
1,personlige,breve
1,personlige,hilsner
1,personlige,konkurs
1,personlige,mening
1,personlige,suppleringslås
1,personlige,tider
1,pikant,dag
2,pikant,problem
1,pikante,boller
1,pikante,courgette
1,pinefulde,tanker
1,pink,soltoppe
1,pinlig,situation
1,pittoresk,turistattraktion
1,pletfri,magtovertagelse
1,pludseligt,ryk
1,polare,mål
1,politisk,dialog
1,politisk,faktor
1,politisk,logik
1,politisk,makværk
1,politisk,nederlag
1,politisk,opbakning
1,politisk,revy
1,politisk,rival
1,politisk,samarbejde
1,politisk,vilje
1,politiske,aktivister
2,politiske,bevægelser
1,politiske,ciseleringer
1,politiske,debatter
1,politiske,dispositioner
1,politiske,dynamo
1,politiske,fløj
1,politiske,idol
1,politiske,incitament
1,politiske,intuition
1,politiske,ledere
1,politiske,lederes
1,politiske,områder
1,politiske,parti
3,politiske,partier
1,politiske,situation
1,politiske,struktur
1,politiske,uenigheder
1,politiske,vilje
2,polske,lærere
1,polske,matros
1,populære,disfavør
1,populære,forgænger
1,populære,lærebøger
1,populære,pige
1,positiv,adfærdsregulering
1,positiv,virkning
1,positive,reaktioner
1,positive,tilkendegivelser
1,postkasserøde,par
1,pragmatisk,folk
1,pragtfuldt,drømme
1,praktisk,markarbejde
1,praktiske,hverdags-biler
1,primære,driftsresultat
1,privat,byfornyelse
1,privat,efterretningsvirksomhed
1,privat,efterretningsvæsen
1,privat,gruppe
1,privat,illustratorer
1,privat,soldater
1,privat,telefonen
1,private,arbejdsmarked
1,private,erhvervsliv
1,private,eventyr
1,private,forbrug
1,private,forskningsinstitutioner
1,private,fortjeneste
1,private,indstilling
1,private,interviews
3,private,jægere
1,private,laboratorier
1,private,ry
1,private,sag
1,private,skove
1,private,slagtehuse
1,private,spekulationer
1,private,sponsorer
1,private,svar
1,private,unitron-team
1,private,vogne
1,private,årsager
1,pro-demokratiske,studenteroprør
1,problematiske,par
1,professionel,bande
1,professionel,interesse
1,professionel,medfølelse
1,profitorienteret,erhvervsvirksomhed
1,prohibitiv,karakter
1,protestantiske,organisationer
1,provinsielt,samfund
1,præcis,forklaring
1,præcise,informationer
1,præcise,oplysninger
1,præcist,antal
1,psykedelisk-mønstret,klokkehat
1,psykedelisk-mønstret,paryk-blækhat
1,psykiatriske,hospitaler
1,psykiske,lidelser
1,psykiske,problemer
1,psykologisk,thriller
1,psykologiske,aspekt
1,publikumsmæssige,magneter
1,pudsig,episode
1,pågældende,dreng
1,pågældende,effekter
1,pågældende,forskningsområde
1,pågældende,lande
1,pågældende,levnedsmiddelvirksomhed
1,pågældende,mænd
1,påklistret,hagekors
1,påsvejset,lugejern
1,pædagogiske,metode
1,pædagogiske,udvalg
1,pæn,forretningsmand
1,pæn,fyr
1,pæn,redegørelsen
1,pæn,skilling
1,pæn,varer
1,pæne,afslag
1,pæne,drenge
1,pæne,kombinationer
1,pæne,pige
1,pæne,rammer
1,pæne,sølvbryllupskvarter
1,pænt,navn
1,rabiate,tilhængere
1,racistisk,klassesamfund
1,radikale,forslag
2,radikale,venstre
1,radioaktivt,atombrændsel
1,radioaktivt,hæl
1,rar,plads
1,rasende,fart
1,rasende,grupper
1,rasende,medierne
1,raske,atleter
1,reaktionære,kræfter
1,redelige,retsbelæring
1,reel,eksistens
1,reelle,magt
1,reelt,nærhedsprincip
1,regnvåde,marskland
1,regulært,citatfusk
1,relevante,oplysninger
1,religiøse,trommedans
1,ren,dynamitpulje
1,ren,eventyrlyst
1,ren,finale
1,ren,misundelse
1,ren,pedanteri
1,ren,tågesnak
1,ren,ønsketænkning
1,rene,helvede
1,rene,misbrug
1,rene,paradis
1,renere,miljø
1,rent,13-tal
1,rent,alliance
1,rent,punktering
1,rent,snit
1,rent,stof
1,rent,tilfælde
1,rent,uheld
1,repertoiremæssige,enemærker
1,republikanske,hær
1,respektive,ledninger
1,ret,køl
1,retfærdige,dag
1,retfærdige,samfund
1,retslige,samarbejde
1,riflede,zinkplade
2,rig,lejlighed
1,rige,købmænd
1,rige,lande
1,rigt,marked
1,rigtig,gyser
1,rigtig,instrumentering
1,rigtig,krig
1,rigtige,argumenter
1,rigtige,august
1,rigtige,knæet
1,rigtige,mand
3,rigtige,niveau
1,rigtige,par
1,rigtige,sigøjnere
1,rigtige,stil
2,rigtige,svar
1,rigtige,teaterrolle
1,rigtigste,løsning
1,rigtigt,arbejde
1,rigtigt,hyggehjørne
1,rigtigt,julebryllup
1,rigtigt,ord
1,rigtigt,svar
1,rimelig,forklaring
1,rimelig,løn
1,rimelig,tvivl
1,rimelige,forklaringer
1,rimeligt,vægttab
1,ringe,dybde
1,ringere,støjniveau
1,risikabelt,forøgelse
1,rockmusikalske,skridtgang
1,rodet,manuskript
1,rolig,del
1,rolige,middagsstilhed
1,rolige,scener
1,romantisk,julebryllup
1,romantisk,musik
1,royal,ro
1,ru,betongulv
1,rummelige,lokaler
1,rund,krop
1,russiske,antal
1,russiske,demokrati
1,russiske,fn-ambassadør
1,russiske,krigsfanger
1,russiske,politikere
1,russiske,præsident
1,russiske,regering
1,rusten,ståltråd
1,rustne,sakse
1,rutineprægede,opgaver
1,rytmiske,aftenskole
1,rå,hvidløg
1,rå,svampekød
1,rådvilde,modstandere
1,rød,havørred
1,rød,lædervest
1,rød,mund
1,rød,rose
1,rød,tunge
1,røde,hav
1,røde,kinder
2,røde,kors
1,røde,låger
1,røde,mærker
1,røde,negle
1,røde,pølser
1,røde,ruskindssko
1,rødgrødsfarvet,sag
1,rødt,karton
1,rødt,støv
1,rødternede,forklæder
1,røgfarvet,masse
1,røgfri,miljøer
1,sadistiske,skolelærer
1,sadistiske,tilbøjeligheder
1,saftige,flippen
1,saftige,lunser
1,saftige,samfund
1,sagkyndig,bistand
1,sagsorienteret,valgkamp
1,sagte,latter
1,salte,vand
1,saltholdigt,vand
1,samfundsmæssige,besparelser
1,samfundsskadelige,virksomhed
1,samme,bagagerum
1,samme,butik
1,samme,båd
1,samme,chance
1,samme,cifre
2,samme,dag
1,samme,dame
1,samme,dato
1,samme,del
1,samme,dumhed
1,samme,ensartethed
1,samme,fart
1,samme,fodbold-hold
1,samme,forbindelse
1,samme,formål
1,samme,forudsætninger
1,samme,forældre
1,samme,fremgangen
4,samme,grund
1,samme,gøglere
1,samme,henvendelser
1,samme,hold
1,samme,hospital
1,samme,huse
1,samme,huset
1,samme,kedel
1,samme,lektor
1,samme,litteraturen
1,samme,materiale
1,samme,midler
4,samme,måde
1,samme,mål
1,samme,nedvurdering
1,samme,omfang
1,samme,opstilling
2,samme,pige
1,samme,rolle
2,samme,sang
1,samme,sendetid
1,samme,situation
1,samme,skuffe
1,samme,skæbne
1,samme,spilleres
1,samme,spillerstab
1,samme,steder
1,samme,størrelsesorden
1,samme,sætning
1,samme,tid
1,samme,tidspunkt
1,samme,tidsrum
1,samme,tidsrums
2,samme,udfald
2,samme,uge
1,samme,vilkår
5,samme,år
2,samme,øjeblik
1,sammenlignelige,sager
1,sammenrullet,tunge
1,sammenstyrtet,fakultetsbygning
1,sande,gentlemen
1,sandfærdig,beretning
1,sandsynlige,mand
1,sarkastiske,bemærkninger
1,satanisk,had
1,schweizisk,guldpistol
1,sej,stolthed
1,seje,vikinger
1,sekscifret,beløb
1,seksuelle,fantasier
1,seksuelle,samliv
1,selskabeligt,samvær
1,selve,beklædningen
1,selve,gravgruben
1,selve,handlingen
1,selve,operationen
1,selve,optagelsen
1,selve,rammen
1,selve,vendingerne
1,selve,åstedet
1,selveste,november
1,selvforstærkende,effekt
1,selvsamme,partier
1,senere,kapitler
1,senere,præsidentkandidat
3,senere,år
1,seneste,bevidsthed
2,seneste,dage
1,seneste,eksplosionsskade
1,seneste,gange
1,seneste,gebyr
1,seneste,meddelelser
1,seneste,regnskab
1,seneste,tid
1,seneste,tids
8,seneste,år
1,seneste,års
1,sensationelle,optagelse
1,sent,tidspunkt
1,sentimental,alderen
1,serbisk,infanteriangreb
1,serbisk,undertrykkelse
1,serbiske,forsøg
2,serbiske,ledere
1,serbiske,militsers
1,serbiske,minoritetsgrupper
1,serbiske,omlægning
1,serbiske,soldater
1,serbiske,styrker
1,seriøs,debat
1,seriøs,musik
1,seriøs,racerkører
1,seriøst,alternativ
1,sexet,stemme
1,sexistisk,klassesamfund
1,sexuel,ophidselse
1,sidste,afsnit
1,sidste,angreb
1,sidste,bog
1,sidste,computerhånd
1,sidste,del
1,sidste,efterår
3,sidste,ende
1,sidste,fløjt
1,sidste,forlydender
1,sidste,forsamlingshusene
3,sidste,gang
1,sidste,håb
1,sidste,hånd
1,sidste,juleudflugt
1,sidste,lettelse
1,sidste,magtovertagelse
1,sidste,meter
1,sidste,moral
1,sidste,nætter
1,sidste,opgaven
1,sidste,opsang
4,sidste,par
1,sidste,pift
2,sidste,prøvevalg
1,sidste,skoleår
1,sidste,snes
1,sidste,sommer
1,sidste,spark
1,sidste,stykke
1,sidste,toldmure
1,sidste,udvisning
5,sidste,uge
2,sidste,ugers
1,sidste,weekend
24,sidste,år
1,sidste,århundreder
3,sidste,års
3,sidste,øjeblik
1,sikke,hormonbøffer
1,sikker,viden
1,sikkerhedsmæssige,opgaver
1,sikkerhedspolitiske,problemer
1,simpel,opstilling
1,simple,opgave
1,simpleste,adfærdsnormer
1,sjove,nyheder
1,sjove,opgaver
1,sjælden,gang
1,sjældne,elvis-fotos
2,sjældne,tilfælde
1,sjældnere,familieudbrud
1,sjællandske,mesterskab
1,sjællandske,mesterskaber
1,skandinaviske,komikere
1,skarp,påtale
1,skarpe,dræber-krystaller
2,skarpere,profil
1,skattefrit,område
1,skattefrit,referee
1,skattetekniske,problemer
1,skivede,kartofler
1,skotske,sækkepibe
1,skrappe,miljøregler
1,skriftlige,klager
1,skrækkelige,selvmordsmissioner
1,skrækkelige,transmissionen
1,skrøbelige,belæring
1,skyet,vejr
1,skyggefuldt,træ
1,skæbnefyldt,fejlvurdering
1,skæg,pige
1,skæve,gang
1,skønne,desserter
1,skønneste,svane
1,skør,teatermaler
1,slanke,væbner
1,slappe,vagina
1,slem,tåbe
1,slovakiske,nationalisme
1,smalle,remme
1,smart,tøj
1,smarteste,modeforretning
1,smattede,strøg
1,smertestillende,håndkøbsmedicin
2,smertestillende,medicin
1,smuk,bygning
1,smuk,luder
1,smuk,overensstemmelse
1,smuk,tradition
1,smukke,by
1,smukke,kvinder
1,smukke,udspil
1,smukt,dbu-papir
1,smukt,show
1,små,borde
1,små,børn
1,små,egotrippere
1,små,flasker
1,små,forretter
1,små,indrømmelser
1,små,kl.
1,små,klubber
1,små,kv-regeringen
1,små,lyspunkter
1,små,motorer
1,små,nisser
1,små,nåle
1,små,partier
1,små,pengeinstitutter
1,små,plasticbiler
1,små,sandaler
1,små,skrubber
1,små,spidskål
1,små,systemer
1,små,terninger
1,små,ture
1,småkriminelle,vaner
1,smørbagte,kartofler
1,snarlig,forbedring
1,snavsede,klasseværelse
1,snavset,affære
1,snedækkede,amter
1,snedækkede,bjerge
1,snedækkede,have
1,snehvide,propagandapalads
1,snepudrede,træer
1,snub-næsede,sko
1,snæver,forstand
1,snævre,steder
1,socialdemokratiske,formand
1,socialdemokratiske,gruppe
1,socialdemokratiske,interesser
1,socialdemokratiske,partifælle
1,socialdemokratiske,ungdom
1,sociale,grupperinger
2,sociale,myndigheder
1,sociale,tabere
1,socialistiske,lande
1,socialistiske,republik
1,solbrunt,bryst
1,solidt,grundspil
1,solidt,spil
1,sort-hvid,vignet
1,sort,guld
1,sort,hår
1,sort,lædervest
1,sort,røg
1,sorte,figurer
1,sorte,hund
1,sorte,shorts
2,sorte,svin
1,sorte,tjenere
1,sorte,øjne
1,sovjetisk,inspiration
1,sovjetisk,kuppet
1,sovjetisk,soldat
1,sovjetiske,folkekongres
1,sovjetiske,gulag
1,sovjetiske,lønmodtagernes
1,sovjetiske,soldater
1,sovjetiske,udenrigsministeriums
1,spansk,bil
1,spanske,lån
1,spanske,myndigheder
1,spanske,politi
1,spanske,politifolk
1,spanske,tv-folk
1,sparsomme,madrationer
1,spastiske,lammelser
1,specialbyggede,biler
1,speciel,sektion
1,specielle,accept
1,specielle,disciplin
1,specielle,form
1,specielle,mordene
1,specielle,stil
1,specielle,tone
1,specielt,museum
1,specifik,træning
1,spidse,sko
1,spinkel,skabning
1,spontane,bemærkninger
1,spontane,udfoldelse
1,sportslig,professionalisme
1,sportslige,cykel
1,sportslige,skrammer
1,sportslige,tilbud
1,sprængfarlige,områder
1,sprøde,trin
1,spændende,aften
1,spændende,biler
1,spændende,historie
1,spændende,måde
1,spændende,opdagelser
1,spændende,smagsprøver
1,spøgelsesagtigt,landskab
1,stakkels,kvinder
1,statelige,træer
1,statistisk,del
1,statistisk,sandsynlighed
1,statsansatte,dages
1,statsansatte,dyrlæge
1,statslige,lokaler
1,statslige,myndigheder
1,stejle,bagsæde-ryglæn
1,stenede,strand
1,stenrige,ejer
1,stift,bind
1,stilfuld,vignet
1,stille,dage
1,stille,sind
1,stiveste,puds
1,stolte,traditioner
1,stor,betydning
1,stor,blanding
1,stor,boring
1,stor,bypark
5,stor,del
1,stor,fordel
1,stor,fornøjelse
1,stor,glæde
1,stor,gruppe
1,stor,hemmelighed
1,stor,indsats
1,stor,lov
1,stor,masse
1,stor,medfØlelse
1,stor,medfølelse
1,stor,meteor
1,stor,næse
1,stor,opbakning
1,stor,opmærksomhed
1,stor,opsigt
1,stor,overblik
1,stor,pande
1,stor,park
1,stor,pris
1,stor,reklameværdi
1,stor,respekt
1,stor,rolle
1,stor,ros
1,stor,rustklump
1,stor,sandsynlighed
1,stor,slurk
1,stor,spand
1,stor,stil
1,stor,støtte
1,stor,succes
1,stor,udstilling
1,stor,uvidenhed
1,stor,vægt
1,stor,ære
1,storbundet,stegegryde
2,store,aktiepost
1,store,aktieposter
1,store,ambitioner
1,store,arbejde
1,store,bananer
1,store,bankhemmelighed
1,store,beatles-musik
1,store,befolkning
1,store,behandlingsudgift
1,store,bestræbelser
1,store,betydning
1,store,blikfang
1,store,boxermotor
1,store,brancheorganisationer
1,store,brugser
1,store,børn
1,store,chance
1,store,charme
1,store,dannebrogsflag
1,store,del
1,store,deltagelse
1,store,dollargrin
1,store,drama
1,store,dusin
1,store,dørmænd
1,store,eksportslagterier
2,store,encyklopædi
1,store,festivitas
1,store,fidus
1,store,flæse-forklæder
1,store,forbrug
1,store,forventninger
1,store,gadelampe
1,store,grupper
1,store,halefinner
1,store,hoteller
1,store,hund
1,store,ihærdighed
1,store,investeringer
1,store,kar
2,store,konsekvenser
1,store,kroner
1,store,kursfald
1,store,kursgevinster
1,store,land
1,store,lande
1,store,lego-klodser
1,store,leksikon
1,store,meddelelser
1,store,mediedækning
1,store,miljøtopmøde
1,store,mindretal
1,store,mistænkeliggørelse
1,store,muskler
1,store,mængder
1,store,møder
1,store,opmærksomhed
1,store,partier
1,store,pengesummer
1,store,planer
1,store,pletter
1,store,popularitet
1,store,presse-opbud
2,store,problemer
1,store,regnskab
1,store,retssal
1,store,risiko
1,store,rødspætter
1,store,sag
1,store,sale
1,store,scener
1,store,sejlbåde
1,store,selskaber
1,store,skub
1,store,skurk
1,store,skygger
1,store,småting
1,store,solfangere
1,store,sorger
1,store,spisesal
2,store,spørgsmål
1,store,stenkugler
1,store,stål-konstruktion
1,store,sår
1,store,tournéer
1,store,verden
1,store,vikingegravplads
1,store,virksomhed
1,store,værdier
1,store,år
1,store,æggeblommer
1,storstilet,udveksling
2,stort,antal
1,stort,behov
1,stort,beløb
1,stort,besvær
1,stort,bjørn-wiinblad-fad
1,stort,brød
1,stort,etagekvm.
1,stort,forbrug
1,stort,forsvar
1,stort,held
1,stort,marked
1,stort,omfang
1,stort,ord
1,stort,overskud
1,stort,pres
2,stort,problem
1,stort,smykkekup
1,stort,sætternisse
1,stort,tv-program
1,stort,ærinde
1,straffrit,spørgsmålet
1,stram,kjole
1,stramme,kjoler
1,stramme,skede
1,stramt,tidsskema
1,strategisk,interesse
1,strategiske,poster
1,strenge,vinter
1,stribede,badebukser
1,strømførende,ledning
1,stumme,ministerier
1,stærk,ophidselse
1,stærk,tilgang
1,stærk,tradition
1,stærk,åbningshånd
1,stærke,efterspørgsel
1,stærke,forlydender
1,stærke,følelser
1,stærke,nyresmerter
1,stærke,piger
1,stærke,portræt
1,stærke,smerter
1,stærke,spændinger
1,stærke,tøj
1,stærkt,fingerpeg
1,stærkt,udskejelser
1,større,albuerum
1,større,andel
2,større,antal
1,større,beskæftigelsesmuligheder
1,større,betydning
1,større,brødproducent
1,større,flysikkerhed
1,større,forræder
1,større,hold
1,større,indkøb
1,større,interesser
1,større,naturglæde
1,større,overraskelser
1,større,politiaktion
1,større,problemer
1,større,risiko
2,større,rum
1,større,satellit
1,større,udskiftning
1,større,udvalg
1,større,underskud
1,større,undersøgelser
1,større,vanskeligheder
1,større,villa
1,største,afspærringer
1,største,aftagere
1,største,avis
1,største,brølere
1,største,chance
1,største,fodboldnavne
1,største,fødevaremesse
1,største,gruppe
1,største,hensyntagen
1,største,industrivirksomheder
1,største,kernevåbennedrustning
1,største,kærlighed
1,største,luksus
1,største,nederlag
1,største,opsætning
4,største,parti
1,største,spillecasino
1,største,stranding
1,største,udsmykningsopgave
1,støvede,børn
1,succesfuld,slagteriets
1,succesfuld,tv-instruktør
1,succesfulde,bestræbelser
1,succesrige,musical
1,succesrige,politik
1,sultne,børn
1,sund,tørst
1,sund,økonomi
1,sunde,pengeinstitutter
1,sundhedsfarlige,alger
1,sundhedsskadelig,virkning
1,sundt,hus
1,superstramme,nederdele
1,sur,mine
1,svage,forudsætninger
1,svage,indicierne
1,svage,spor
1,svagt,vågeblus
1,svedigt,kys
1,svensk,kyllingeproducent
1,svensk,radio
1,svensk,undersøgelse
1,svenske,aviser
1,svenske,filminstitut
1,svenske,forfatter
1,svenske,lovgivning
1,svenske,nyhedsbureau
1,svenske,nyhedsbureaus
1,svovlbehandlede,ton
1,svÆr,tv-genre
1,svær,skjul
1,svære,ansvar
1,svære,kunst
1,svære,sager
1,swingende,boogie-guitarstil
1,sydfynske,købstad
1,sydlandske,balkoner
1,sydlige,egne
1,sydvestlige,hjørne
1,sydøstasiatiske,lande
1,sydøstlige,del
1,syge,børn
1,syge,pilgrimme
1,sympatisk,pige
1,sympatiske,studievært
1,syriske,leder
1,syrlige,drops
1,syv-årige,pode
1,syv-årige,sønner
1,syvende,måned
2,så,fald
1,så,henseende
1,sådan,aften
1,sådan,dag
1,sådan,fyr
1,sådan,indsats
1,sådan,karakter
1,sådan,måde
1,sådan,program
1,sådan,tourné
1,sådan,tur
1,sådan,tyksak
1,sådan,weekendkæreste-forhold
1,sådanne,sager
1,sådanne,tilfælde
1,sådanne,udtryk
1,sådanne,vilkår
1,sådant,projekt
1,såkaldt,artroskopi
1,såkaldt,hardback
1,såkaldte,brobelægning
1,såkaldte,destillationsanlæg
1,såkaldte,familieudbrud
1,såkaldte,gebyr-sag
1,såkaldte,grænsebeløb
1,såkaldte,hinde
1,såkaldte,mirakel
1,såkaldte,normalsider
1,såkaldte,nødbremse
1,såkaldte,privatliv
1,såkaldte,referees
1,såkaldte,stønne-ydelser
1,sædvanlige,fortolkning
1,sædvanlige,receptionsløver
1,sædvanlige,sted
1,sædvanlige,tabere
1,sær,blanding
1,sære,instrumenter
1,særlig,aftale
1,særlig,forestilling
1,særlig,grad
1,særlig,kombination
1,særlig,mikrobe
1,særlig,måde
1,særlige,ansættelsesvilkår
1,særlige,effekter
1,særlige,forhold
1,særlige,pressevisninger
1,særlige,problem
1,særlige,problemer
1,særlige,udsending
1,særligt,besætningen
2,særligt,indbo
1,sært,sted
1,søde,pige
1,sølle,kryds
1,sølvtrådsomviklet,træskaft
1,sørgelig,historie
1,søvnige,kvinde
1,tabuoverskridende,tegneseriehæfter
1,taknemmelig,tanke
1,taktiske,grunde
1,taktiske,kernevåben
1,taktiske,spil
1,talentfulde,ynglinge
1,tamilske,familiesammenføringssager
2,tamilske,flygtninge
1,tapre,ihærdighed
1,tavs,erhvervsvirksomhed
1,tavse,generation
1,tekniske,beviser
1,tekniske,chefer
1,tekniske,eksperter
1,tekniske,raffinement
1,tekniske,skoler
1,teknologi-kritiske,70'ere
1,teknologi-optimistiske,60'ere
1,teknologiske,udvikling
1,tendentiøs,omtale
1,teoretiske,indlæring
1,terapeutiske,fremskridt
1,ternede,flag
1,thailandsk,fængsel
1,thailandske,specialiteter
1,tidl.,statsminister
1,tidlige,morgentimer
1,tidlige,sprogudvikling
1,tidligere,afløser
1,tidligere,beslutning
1,tidligere,direktøren
1,tidligere,efterårsfriskhed
1,tidligere,fald
1,tidligere,formand
1,tidligere,generationer
1,tidligere,industriminister
1,tidligere,investeringer
1,tidligere,kejserslot
1,tidligere,kolleger
1,tidligere,kone
1,tidligere,kontorchef
1,tidligere,læge
1,tidligere,mand
1,tidligere,ministerpræsident
1,tidligere,nazister
1,tidligere,par
1,tidligere,partner
1,tidligere,politistation
1,tidligere,regeringsminister
1,tidligere,rekord
1,tidligere,samarbejde
1,tidligere,systemer
1,tidligere,tobakskampagner
1,tidligste,drengeår
1,tilbagestrøget,hår
1,tilbagetrukket,indflydelse
1,tilbagetrukket,tilværelse
2,tilbagevirkende,kraft
1,tilfredse,tilkendegivelser
1,tilfældig,pige
1,tilfældig,smule
1,tilfældige,katolikker
1,tilgængelig,journal
1,tilknappet,erhvervsvirksomhed
1,tilrejsende,hold
1,tilstrækkelig,ilt
1,tilsvarende,beredskabssygehus
1,tilsvarende,instrumenter
1,tilsvarende,række
1,tilsvarende,sag
1,tilsvarende,udgave
1,tilsvarende,vis
1,tilsvarende,åremål
1,tiltrængt,ministeriet
1,tiltrængt,pust
1,to-årig,pige
1,tomme,bygninger
1,tomme,redningsflåder
1,tomme,øldåser
1,toneangivende,stormagt
1,toneangivende,strømninger
1,toptrænede,sportsfolk
1,tostribede,bog
1,totale,afvisning
1,totale,investering
2,totale,salg
1,totalt,overblik
1,traditionelle,atb-jobs
1,traditionelle,krydsningsmetoder
1,traditionelle,række
1,trafikerede,gader
1,tragisk,søndag
1,transcontinentale,rallyrute
1,travle,mænd
1,travlt,forretningsliv
1,tredie,kvartal
1,tredje,angst
1,tredje,bind
1,tredje,generation
1,tredje,mand
1,tredje,sejr
1,tredje,socialdemokrat
1,tredje,staten
1,tredje,stiftstidende
1,tredje,synspunkt
1,tredje,variant
1,tredje,år
1,tredjesidste,plads
1,trekvart,dtm-sæson
1,trinde,medlemmer
1,trinde,tvebak
1,triste,landskab
1,tro,traditionen
1,trodsige,attitude
1,trofast,bestræbelser
1,troløse,aerobic
1,troløse,tilskuere
1,troværdigt,forsvar
1,trælse,gang
1,trætte,mænd
1,tunge,drenge
1,tunge,pligt
1,tunge,retssal
1,tungere,roller
1,tvivlsom,værdi
1,tværrådslige,initiativer
1,tydelige,påvirkning
1,tyk,hinde
1,tykke,brilleglas
1,tykke,prøvekuvert
1,tykkere,væsker
1,tykt,filter
1,tynde,flager
1,tynde,gummisko
1,tynde,madammer
1,tynde,porrer
2,tynde,skiver
1,tyrkisk,avis
1,tyrkisk,fjernsyn
1,tyrkisk,fodbold
1,tyrkiske,fjernsyns
1,tyrkiske,hovedretter
1,tyrkiske,mænd
1,tysk,ruhårshund
1,tyske,finansminister
1,tyske,fly
1,tyske,gruppe-a-serie
1,tyske,landshold
1,tyske,medborgere
1,tyske,nato-hær
1,tyske,nederlag
1,tyske,partier
1,tyske,republik
1,tyske,stabilitets-
1,tyske,støtteprogrammer
1,tårnhøje,græsart
1,tænkelige,kræfter
1,tænksomt,svar
1,tæt,kontakt
1,tæt,samarbejde
1,tæt,telefon
1,tætte,kontakt
1,tør,stemme
1,tørre,timbre
1,uafhængigt,laboratorium
1,ubearbejdede,råvarer
1,ubehagelig,lugt
1,ubehandlet,trægulv
1,ubestemmelig,rustklump
1,ubetalt,arbejdskraft
1,ubetalt,grundlæggerne
1,ubetalt,sex-arbejder
1,ubetinget,fordel
1,ubetinget,krav
1,ubetydelig,årsag
1,udadvendte,facade
1,uddannelsesmæssige,forudsætninger
1,udendørs,lamper
1,udenlandske,aktier
1,udenlandske,erfaringer
1,udenlandske,forretningsfolk
1,udenlandske,kolleger
1,udenlandske,myndigheder
1,udenlandske,regeringer
1,udenlandske,selskaber
1,udenlandske,værdipapirer
1,udenlandske,værker
1,udenrigspolitiske,nævn
1,udmærket,sigte
1,udsatte,steder
1,udsolgte,koncerter
1,udsædvanlig,personlighed
1,udtjente,beredskabssygehuse
1,udækket,behov
1,uegnet,princip
1,ufolkeligt,leksikon
1,uforglemmelige,kulmination
1,uforsvarlig,långivning
1,uforudsigelig,måde
1,ufrivillige,ledighed
1,ufrugtbare,møde
1,uhelbredelig,alkoholiker
1,uheldig,debutkamp
1,uheldige,spiller
1,uheldige,sportsmand
1,uheldige,vendinger
1,uhensigtsmæssige,finansieringsformer
1,uhensigtsmæssige,klokken
1,uhyggelige,affære
1,uhyggelige,kvæleroverfald
1,uhæmmede,kopieringslyst
1,uhørt,brutalitet
1,uigennemsigtige,str.
1,uigennemsigtige,støvtågeverden
1,uinteressante,stykker
1,ujævne,skovstier
1,ukendt,fænomen
1,ukendt,måde
1,ukendt,ord
1,ukendte,magter
1,ulovligt,fortolkning
1,ulykkelig,kærlighed
1,ulykkelig,tvangsfjernelse
1,ulykkelige,engel
1,umiddelbart,udtryk
1,unavngiven,kilde
1,underjordisk,hospital
1,underjordiske,hospital
1,underliggende,forsikringsselskaber
1,underligt,glimt
1,underligt,skumreder
1,ung,ansvar
1,ung,dansker
1,ung,freelancer
1,ung,inspiration
1,ung,kuppet
2,ung,pige
1,ung,skuespiller
1,ung,snøre-støvletter
1,ung,soldat
1,ungarske,mindretal
1,ungdommelige,seere
1,unge,jægere
1,unge,knægte
1,unge,kvinder
1,unge,kvindes
1,unge,kærlighed
2,unge,mand
1,unge,mor
2,unge,mænd
1,unge,partier
1,unge,pige
1,unge,piger
1,unge,skuespillere
1,unge,spillere
1,unges,interesse
1,ungt,menneske
1,unikke,sprog
1,unikke,varelager
1,upassende,folkekongressen
1,uplettet,visitkort
1,urenset,kg
1,urenset,sår
1,urimelige,indbildning
1,urimelige,konsekvenser
1,urimelige,vilkår
1,usa-ledede,alliance
1,usikker,kurs
1,uskadelig,pige
1,uskyldige,forældre
1,uskyldigt,udseende
1,uslikket,ske
1,usunde,kostvaner
1,usunde,muslimer
1,usædvanlig,enhed
1,usædvanlig,åbenhed
1,usædvanligt,talent
1,utallige,bevis
1,utallige,eksempler
1,utallige,gange
1,utallige,kunstnere
1,utallige,områder
1,utallige,planen
1,utallige,sportsgrene
1,utallige,stillinger
1,utilfredse,Ötv-medlemmer
1,utilpasse,time
1,utrolig,disciplin
1,utrolig,opbakning
1,utrolig,stædighed
1,utroligt,pres
1,utugtige,stønne-ydelser
1,utåleligt,levn
1,uundværlige,kone
1,uventede,gæster
1,uvildig,person
1,uvildig,undersøgelse
1,uvurderlig,egenskab
1,uværdig,stolen
1,uvæsentlig,detalje
1,uændret,antal
1,uændret,sædehøjde
1,uønskede,post
1,vagthavende,tjenestemand
1,vandkølede,pissoir
1,vanskelige,konjunkturer
1,vanskelige,situation
1,vanskelige,tilværelse
1,vanskelige,vilkår
1,vant,verden
1,vante,demokrati
1,vanvittige,kørsel
1,varigt,mønster
1,varm,kartoffel
1,varme,burgerkæden
1,varme,ros
1,varme,sommeraftener
1,varme,vafler
1,varme,vande
1,varmere,klimaforhold
1,varmt,brugsvand
1,vedkommende,myndighed
1,vedvarende,dunkraft-virkning
1,vedvarende,reprimander
1,velbevarede,mønter
1,velbevæbnede,minoritetsgrupper
1,velbyggede,væbner
1,veldrejet,forløb
1,velduftende,skovbund
1,velegnede,ofre
1,velfunderet,firma
1,velinformeret,kilde
1,vellidt,ansigt
1,vellydende,digitalisering
1,vellykket,medieshow
1,vellykket,udveksling
1,velmenende,mennesker
1,velmenende,side
1,velplejede,image
1,velplejede,pressen
1,velsignet,træthed
1,veltrimmede,muskler
1,veltrimmede,veteran
1,veludviklet,sparketeknik
1,velvillig,interesse
1,velvoksen,unge
1,venlig,betjening
1,venlige,filmselskaber
1,venstre,hånd
1,venstre,landsforeningen
1,venstre,partierne
1,venstre,side
1,venstre,vinge
1,venstreorienterede,ekstremister
1,venstreorienterede,tradition
1,ventillerede,skiver
1,vesteuropæiske,samfund
1,vestindisk,handelskompagni
1,vestjysk,konsortium
1,vestlige,firmaer
1,vestlige,krigsskibe
1,vestlige,samfund
1,vestre,embedets
1,vestre,landsret
1,vesttyske,tv-selskaber
1,videnskabelig,konference
1,videnskabelig,rapport
1,videnskabelig,tider
1,videnskabeligt,fænomen
1,vidt,omfang
1,vidtgående,træk
1,vidtstrakt,landskab
1,vidunderlig,verden
1,vidunderlige,bøger
1,vigtig,andel
1,vigtig,behandlingsform
1,vigtig,beslutning
2,vigtig,del
1,vigtig,meddelelse
1,vigtig,rolle
1,vigtige,dale-pas
2,vigtige,emner
1,vigtige,midterparti
1,vigtige,prøve
1,vigtigste,arbejdssprog
1,vigtigste,mål
1,vigtigt,skoleår
1,vild,operette-parodi
1,vild,tidendes
1,vilde,hjerter
1,villige,deltagere
1,villige,konsekvens
1,villige,måde
1,vis,effekt
1,vis,forsigtighed
1,vis,grad
1,vis,indflydelse
1,vis,optimisme
1,vis,tendens
1,vis,underholdningsværdi
1,visse,cancertyper
1,visse,producentlande
1,vissent,blad
1,voksen,afløser
1,voksen,mill.
2,voksent,publikum
1,voldsom,brand
1,voldsom,debat
1,voldsom,masse
1,voldsomme,stigning
1,voldsomme,udseende
1,voldsommere,udtryk
1,voldsomste,angreb
1,voldsomste,håb
1,voldsomt,snefald
1,volumenmæssig,henseende
1,vovede,roller
1,vrede,kolleger
1,vrede,sagen
1,vrede,tilråb
1,våd,luft
1,våd,omfavnelse
1,våd,periode
1,våde,varer
1,vågent,øje
1,værdifulde,arbejde
1,værdifuldt,middel
1,værdifuldt,skibsladning
1,værste,land
1,værste,nedgang
1,væsentlig,del
2,væsentlig,grund
1,væsentligste,koncernens
1,væsentligt,element
1,yderligere,forbedringer
1,yderligere,muligheder
1,yderligere,udvikling
1,yderligere,voldshandlinger
2,yderste,stilling
1,ydre,kerne
1,ydre,muligheder
1,yndigt,gods
1,yndigt,ord
1,yngre,generation
1,yngre,ægtepar
1,yngste,page
1,ypperlige,artikler
1,ypperste,bevis
1,ypperste,sportsgrene
1,Ømme,ben
2,Østre,landsret
1,åbenbare,grænsetilfælde
1,åbenhjertig,fodboldklub
1,åbenlyse,hashmarked
1,åbenlyse,snobberi
1,åbenlyst,pragthumør
1,åbent,hus
1,åbne,del
1,åbne,dør
2,åbne,kraniebrud
1,åbne,systemer
2,åndeligt,armod
1,åndeligt,hule
1,åndssvag,pige
1,årlig,mennesker
1,årlig,omsætning
1,årlige,skitur
1,årlige,sommerferie
1,ædle,givere
1,ædru,finanslov
1,ægte,akrobater
1,ægte,vare
2,ældre,bror
1,ældre,dame
1,ældre,dukker
2,ældre,mennesker
1,ældre,omsætning
1,ældres,behov
1,øde,huse
1,øde,område
1,økologisk,katastrofe
1,økonomisk-monetære,sprog
1,økonomisk-monetære,union
1,økonomisk,henseende
2,økonomisk,opgang
1,økonomisk,rival
1,økonomisk,synsvinkel
1,økonomisk,udviklings-bistand
1,økonomisk,uføre
1,økonomiske,afmatning
1,økonomiske,bummelumliv
1,økonomiske,disciplin
1,økonomiske,engagement
1,økonomiske,faktorer
2,økonomiske,mirakel
2,økonomiske,politik
1,økonomiske,regnestykke
1,økonomiske,samarbejde
1,økonomiske,situation
1,økonomiske,stabilitet
2,økonomiske,union
3,økonomiske,vækst
1,ønskelig,tydelighed
1,østeuropæiske,lande
1,østfrisiske,ø
1,østlige,del
2,øverste,del
1,øverste,embedsmænd
1,øverste,skuffe
1,øverste,sponsorluftlag
1,øvrige,ansættelsesudvalg
1,øvrige,besætningsmedlemmer
1,øvrige,bevægelser
1,øvrige,brøndby'ere
1,øvrige,dagspresses
1,øvrige,dele
1,øvrige,ef-lande
1,øvrige,initiativer
1,øvrige,lære
1,øvrige,milliarder
1,øvrige,numre
2,øvrige,partier
1,øvrige,portører
1,øvrige,støvler
