northern/ADJ,Israeli/ADJ,city/NOUN
new/ADJ,political/ADJ,voice/NOUN
Palestinian/ADJ,militant/ADJ,organisation/NOUN
own/ADJ,political/ADJ,agenda/NOUN
many/ADJ,different/ADJ,ways/NOUN
new/ADJ,best/ADJ,friend/NOUN
first/ADJ,Smart/ADJ,Phone/NOUN
first/ADJ,Smart/ADJ,Phone/NOUN
other/ADJ,nearby/ADJ,cities/NOUN
tiny/ADJ,little/ADJ,kitten/NOUN
bright/ADJ,blue/ADJ,eyes/NOUN
yound/ADJ,newlywed/ADJ,bride/NOUN
small/ADJ,indoor/ADJ,pet/NOUN
best/ADJ,square/ADJ,slice/NOUN
homestyle/ADJ,Japanese/ADJ,food/NOUN
average/ADJ,crappy/ADJ,chain/NOUN
best/ADJ,Mediterranean/ADJ,Restaurant/NOUN
Best/ADJ,yellow/ADJ,curry/NOUN
Nice/ADJ,warm/ADJ,water/NOUN
many/ADJ,spontaneous/ADJ,images/NOUN
chronic/ADJ,intractable/ADJ,pain/NOUN
past/ADJ,few/ADJ,years/NOUN
Fantastic/ADJ,fresh/ADJ,food/NOUN
New/ADJ,Solar/ADJ,System/NOUN
brave/ADJ,new/ADJ,world/NOUN
Good/ADJ,honest/ADJ,wrok/NOUN
typical/ADJ,indie/ADJ,outfit/NOUN
dark/ADJ,ulterior/ADJ,motives/NOUN
classical/ADJ,logical/ADJ,fallacy/NOUN
militant/ADJ,Palestinian/ADJ,group/NOUN
perverted/ADJ,old/ADJ,man/NOUN
young/ADJ,Muslim/ADJ,men/NOUN
local/ADJ,Palestinian/ADJ,leaders/NOUN
Iraqi/ADJ,political/ADJ,forces/NOUN
conventional/ADJ,first/ADJ,name/NOUN
Radical/ADJ,Shiite/ADJ,cleric/NOUN
new/ADJ,fun/ADJ,contest/NOUN
Ordinary/ADJ,Least/ADJ,Squares/NOUN
cute/ADJ,little/ADJ,stunt/NOUN
several/ADJ,vital/ADJ,clues/NOUN
Sunni/ADJ,Arab/ADJ,regions/NOUN
other/ADJ,useful/ADJ,things/NOUN
sophisticated/ADJ,conversational/ADJ,language/NOUN
former/ADJ,Iraqi/ADJ,leader/NOUN
last/ADJ,few/ADJ,years/NOUN
multiple/ADJ,planetary/ADJ,afflictions/NOUN
Indian/ADJ,national/ADJ,chart/NOUN
new/ADJ,nuclear/ADJ,weapons/NOUN
nice/ADJ,silky/ADJ,nightgown/NOUN
Promotional/ADJ,discount/ADJ,airfare/NOUN
excellent/ADJ,discount/ADJ,airfare/NOUN
few/ADJ,short/ADJ,months/NOUN
light/ADJ,sweet/ADJ,crude/NOUN
Interim/ADJ,Palestinian/ADJ,leader/NOUN
succesfull/ADJ,arab/ADJ,attacks/NOUN
new/ADJ,upper/ADJ,stage/NOUN
Sunni/ADJ,Muslim/ADJ,clerics/NOUN
best/ADJ,italian/ADJ,food/NOUN
best/ADJ,italian/ADJ,food/NOUN
free/ADJ,French/ADJ,champagne/NOUN
many/ADJ,other/ADJ,airlines/NOUN
past/ADJ,few/ADJ,days/NOUN
good/ADJ,waterproof/ADJ,raincoats/NOUN
bland/ADJ,white/ADJ,rice/NOUN
many/ADJ,inside/ADJ,exhibits/NOUN
Good/ADJ,clean/ADJ,store/NOUN
Good/ADJ,local/ADJ,steakhouse/NOUN
Wonderful/ADJ,Wonderful/ADJ,People/NOUN
new/ADJ,mobile/ADJ,number/NOUN
modern/ADJ,Islamic/ADJ,thought/NOUN
better/ADJ,vegetarian/ADJ,sandwiches/NOUN
nasty/ADJ,rude/ADJ,attitude/NOUN
best/ADJ,Thai/ADJ,food/NOUN
Fantastic/ADJ,professional/ADJ,service/NOUN
happy/ADJ,new/ADJ,year/NOUN
great/ADJ,white/ADJ,whale/NOUN
Excellent/ADJ,medical/ADJ,care/NOUN
better/ADJ,mexican/ADJ,place/NOUN
new/ADJ,military/ADJ,government/NOUN
few/ADJ,new/ADJ,ones/NOUN
imminent/ADJ,cold/ADJ,weather/NOUN
last/ADJ,few/ADJ,months/NOUN
same/ADJ,basic/ADJ,form/NOUN
Senior/ADJ,Regulatory/ADJ,Counsel/NOUN
Senior/ADJ,Regulatory/ADJ,Counsel/NOUN
few/ADJ,short/ADJ,weeks/NOUN
first/ADJ,few/ADJ,times/NOUN
live/ADJ,financial/ADJ,deals/NOUN
little/ADJ,integrated/ADJ,amp/NOUN
upcoming/ADJ,Parliamentary/ADJ,elections/NOUN
Lebanese/ADJ,political/ADJ,process/NOUN
other/ADJ,key/ADJ,allies/NOUN
several/ADJ,different/ADJ,techniques/NOUN
last/ADJ,few/ADJ,nights/NOUN
affordable/ADJ,traditional/ADJ,photos/NOUN
Great/ADJ,out/ADJ,night/NOUN
mere/ADJ,political/ADJ,advantage/NOUN
early/ADJ,20th/ADJ,Century/NOUN
anywere/NOUN,else/ADJ,local/ADJ
many/ADJ,fond/ADJ,memories/NOUN
same/ADJ,old/ADJ,stuff/NOUN
overall/ADJ,great/ADJ,guy/NOUN
many/ADJ,other/ADJ,palces/NOUN
next/ADJ,few/ADJ,months/NOUN
BEST/ADJ,CHINESE/ADJ,RESTAURANT/NOUN
best/ADJ,Chinese/ADJ,food/NOUN
authentic/ADJ,Mexican/ADJ,food/NOUN
wonderful/ADJ,great/ADJ,places/NOUN
tricky/ADJ,short/ADJ,guy/NOUN
only/ADJ,bad/ADJ,one/NOUN
calm/ADJ,loving/ADJ,atmosphere/NOUN
cozy/ADJ,little/ADJ,spot/NOUN
Kindly/ADJ,young/ADJ,men/NOUN
worst/ADJ,rental/ADJ,agency/NOUN
Disgusting/ADJ,french/ADJ,fries/NOUN
cheap/ADJ,Chinese/ADJ,food/NOUN
fast/ADJ,food/NOUN,Chinese/ADJ
many/ADJ,European/ADJ,cafes/NOUN
New/ADJ,Italian/ADJ,Kid/NOUN
tall/ADJ,bloody/ADJ,mary/NOUN
bella/ADJ,Sicilian/ADJ,culture/NOUN
ancient/ADJ,Egyptian/ADJ,gods/NOUN
many/ADJ,good/ADJ,reviews/NOUN
flashy/ADJ,fancy/ADJ,food/NOUN
few/ADJ,exquisite/ADJ,ingredients/NOUN
authentic/ADJ,Cuban/ADJ,cuisine/NOUN
enough/ADJ,good/ADJ,things/NOUN
whole/ADJ,other/ADJ,topic/NOUN
little/ADJ,padded/ADJ,pyramid/NOUN
large/ADJ,multi-nation/ADJ,corporation/NOUN
common/ADJ,continental/ADJ,affair/NOUN
most/ADJ,cheap/ADJ,hotels/NOUN
large/ADJ,multi-national/ADJ,corporation/NOUN
authentic/ADJ,Jamaican/ADJ,food/NOUN
own/ADJ,personal/ADJ,view/NOUN
other/ADJ,EXPERIENCED/ADJ,vets/NOUN
own/ADJ,immediate/ADJ,neighborhood/NOUN
Great/ADJ,first/ADJ,experience/NOUN
Arab/ADJ,Moslem/ADJ,regime/NOUN
black/ADJ,Christian/ADJ,citizens/NOUN
real/ADJ,asian/ADJ,restaurant/NOUN
entire/ADJ,Arab/ADJ,world/NOUN
next/ADJ,wealthy/ADJ,part/NOUN
few/ADJ,different/ADJ,businesses/NOUN
vast/ADJ,silent/ADJ,majority/NOUN
last/ADJ,few/ADJ,years/NOUN
few/ADJ,appetizing/ADJ,options/NOUN
few/ADJ,more/ADJ,years/NOUN
real/ADJ,direct/ADJ,impact/NOUN
adorable/ADJ,little/ADJ,store/NOUN
good/ADJ,high/ADJ,school/NOUN
best/ADJ,little/ADJ,motel/NOUN
fabulous/ADJ,little/ADJ,motel/NOUN
other/ADJ,medical/ADJ,tests/NOUN
fantastic/ADJ,beautiful/ADJ,cake/NOUN
many/ADJ,other/ADJ,ideas/NOUN
enough/ADJ,innocent/ADJ,people/NOUN
Nice/ADJ,local/ADJ,pub/NOUN
numerous/ADJ,desperate/ADJ,people/NOUN
good/ADJ,few/ADJ,minutes/NOUN
other/ADJ,options/NOUN,available/ADJ
pure/ADJ,delicious/ADJ,extract/NOUN
other/ADJ,rear/ADJ,tire/NOUN
single/ADJ,female/ADJ,travellers/NOUN
many/ADJ,pleasant/ADJ,surprises/NOUN
same/ADJ,great/ADJ,food/NOUN
such/ADJ,preposterous/ADJ,statements/NOUN
next/ADJ,big/ADJ,thing/NOUN
worst/ADJ,chinese/ADJ,food/NOUN
gross/ADJ,mousey/ADJ,brown/NOUN
several/ADJ,Arab/ADJ,leaders/NOUN
other/ADJ,Chinese/ADJ,restaurant/NOUN
numerous/ADJ,other/ADJ,examples/NOUN
such/ADJ,Orwellian/ADJ,nomenclature/NOUN
bicuspid/ADJ,aortic/ADJ,valve/NOUN
critical/ADJ,aortic/ADJ,stenosis/NOUN
many/ADJ,social/ADJ,problems/NOUN
soft/ADJ,vulnerable/ADJ,targets/NOUN
second/ADJ,wider/ADJ,circle/NOUN
fine/ADJ,little/ADJ,restaurant/NOUN
other/ADJ,religious/ADJ,establishments/NOUN
many/ADJ,golden/ADJ,reviews/NOUN
good/ADJ,medical/ADJ,care/NOUN
certain/ADJ,Moslem/ADJ,communities/NOUN
other/ADJ,rear/ADJ,tire/NOUN
same/ADJ,outer/ADJ,circle/NOUN
best/ADJ,private/ADJ,schools/NOUN
typical/ADJ,local/ADJ,ringleader/NOUN
deliberate/ADJ,multiple/ADJ,murders/NOUN
entire/ADJ,new/ADJ,set/NOUN
remaining/ADJ,top/ADJ,leadership/NOUN
total/ADJ,absolute/ADJ,unity/NOUN
few/ADJ,more/ADJ,years/NOUN
other/ADJ,pre-war/ADJ,argument/NOUN
significant/ADJ,strategic/ADJ,change/NOUN
elaborate/ADJ,terrorist/ADJ,acts/NOUN
certain/ADJ,Shiite/ADJ,elements/NOUN
most/ADJ,European/ADJ,countries/NOUN
forceful/ADJ,economic/ADJ,measures/NOUN
other/ADJ,European/ADJ,countries/NOUN
democratic/ADJ,Arab/ADJ,world/NOUN
free/ADJ,international/ADJ,travel/NOUN
better/ADJ,temporary/ADJ,solution/NOUN
immediate/ADJ,sudden/ADJ,democracy/NOUN
additional/ADJ,innocent/ADJ,lives/NOUN
fundamentalist/ADJ,religious/ADJ,party/NOUN
certain/ADJ,limited/ADJ,information/NOUN
key/ADJ,Russian/ADJ,scientist/NOUN
Former/ADJ,Russian/ADJ,bioweaponeer/NOUN
top/ADJ,Iraqi/ADJ,scientists/NOUN
Egyptian/ADJ,militant/ADJ,islamists/NOUN
many/ADJ,false/ADJ,premises/NOUN
coincidental/ADJ,Malaysian/ADJ,connection/NOUN
Sunni/ADJ,Arab/ADJ,nationalists/NOUN
local/ADJ,Sunni/ADJ,radicals/NOUN
other/ADJ,Sr./ADJ,Spec./NOUN
unexercised/ADJ,vested/ADJ,options/NOUN
Republican/ADJ,presidential/ADJ,nomination/NOUN
new/ADJ,Pakistani/ADJ,general/NOUN
radical/ADJ,religious/ADJ,politics/NOUN
smaller/ADJ,fat/ADJ,women/NOUN
enormous/ADJ,moral/ADJ,authority/NOUN
Lebanese/ADJ,Shiite/ADJ,radicals/NOUN
such/ADJ,populist/ADJ,currents/NOUN
aggressive/ADJ,near/ADJ,annexation/NOUN
Sunni/ADJ,Arab/ADJ,guerrillas/NOUN
Sunni/ADJ,Arab/ADJ,clan/NOUN
such/ADJ,great/ADJ,parents/NOUN
such/ADJ,loving/ADJ,homes/NOUN
latest/ADJ,commercial/ADJ,laptops/NOUN
top/ADJ,military/ADJ,brass/NOUN
present/ADJ,difficult/ADJ,circumstances/NOUN
own/ADJ,dirty/ADJ,work/NOUN
good/ADJ,neighborly/ADJ,help/NOUN
final/ADJ,final/ADJ,form/NOUN
tiny/ADJ,jihadi/ADJ,segment/NOUN
other/ADJ,coastal/ADJ,towns/NOUN
few/ADJ,other/ADJ,questions/NOUN
Senior/ADJ,Legal/ADJ,Specialist/NOUN
Senior/ADJ,Legal/ADJ,Specialist/NOUN
Senior/ADJ,Legal/ADJ,Specialist/NOUN
other/ADJ,legal/ADJ,rules/NOUN
Australian/ADJ,financial/ADJ,power/NOUN
sufficient/ADJ,accurate/ADJ,information/NOUN
personal/ADJ,best/ADJ,awards/NOUN
Several/ADJ,related/ADJ,issues/NOUN
full/ADJ,substantive/ADJ,reconciliation/NOUN
additional/ADJ,electric/ADJ,cost/NOUN
international/ADJ,medical/ADJ,convention/NOUN
wrong/ADJ,legal/ADJ,name/NOUN
correct/ADJ,legal/ADJ,name/NOUN
shrill/ADJ,public/ADJ,attacks/NOUN
former/ADJ,double/ADJ,agent/NOUN
correct/ADJ,legal/ADJ,name/NOUN
only/ADJ,commonsense/ADJ,solution/NOUN
local/ADJ,legal/ADJ,counsel/NOUN
other/ADJ,historical/ADJ,examples/NOUN
other/ADJ,pertinent/ADJ,information/NOUN
alternative/ADJ,foreign/ADJ,power/NOUN
next/ADJ,few/ADJ,months/NOUN
real/ADJ,political/ADJ,risks/NOUN
such/ADJ,burdensome/ADJ,requirements/NOUN
single/ADJ,long/ADJ,form/NOUN
single/ADJ,American/ADJ,reporter/NOUN
many/ADJ,new/ADJ,Analysts/NOUN
Average/ADJ,Annual/ADJ,Load/NOUN
minor/ADJ,fine/ADJ,tuning/NOUN
own/ADJ,spiritual/ADJ,journey/NOUN
last/ADJ,few/ADJ,days/NOUN
other/ADJ,legal/ADJ,rules/NOUN
good/ADJ,cross-functional/ADJ,feedback/NOUN
few/ADJ,good/ADJ,things/NOUN
collective/ADJ,bad/ADJ,behaviour/NOUN
Holistic/ADJ,Viral/ADJ,Specialist/NOUN
More/ADJ,personal/ADJ,freedom/NOUN
Amazing/ADJ,Scientific/ADJ,Breakthrough/NOUN
tremendous/ADJ,positive/ADJ,effects/NOUN
Beautiful/ADJ,NEW/ADJ,House/NOUN
most/ADJ,other/ADJ,bears/NOUN
other/ADJ,Canadian/ADJ,recipient/NOUN
pro-India/ADJ,political/ADJ,leader/NOUN
virtual/ADJ,absolute/ADJ,monarchy/NOUN
small/ADJ,integral/ADJ,object/NOUN
legit/ADJ,honorable/ADJ,guilds/NOUN
many/ADJ,different/ADJ,guilds/NOUN
own/ADJ,select/ADJ,guild/NOUN
past/ADJ,few/ADJ,years/NOUN
northeastern/ADJ,Indian/ADJ,states/NOUN
other/ADJ,unlawful/ADJ,activities/NOUN
few/ADJ,technical/ADJ,skills/NOUN
unnamed/ADJ,naval/ADJ,officer/NOUN
huge/ADJ,strategic/ADJ,importance/NOUN
dear/ADJ,sick/ADJ,friend/NOUN
pro-India/ADJ,political/ADJ,leader/NOUN
virtual/ADJ,absolute/ADJ,monarchy/NOUN
wonderful/ADJ,young/ADJ,children/NOUN
Chinese/ADJ,nuclear/ADJ,submarine/NOUN
Japanese/ADJ,territorial/ADJ,waters/NOUN
difficult/ADJ,political/ADJ,issue/NOUN
special/ADJ,inner/ADJ,quietness/NOUN
greater/ADJ,universal/ADJ,Mind/NOUN
Indian/ADJ,naval/ADJ,vessels/NOUN
other/ADJ,human/ADJ,beings/NOUN
basic/ADJ,human/ADJ,right/NOUN
common/ADJ,civic/ADJ,life/NOUN
second/ADJ,manned/ADJ,spacecraft/NOUN
next/ADJ,several/ADJ,years/NOUN
poor/ADJ,beautiful/ADJ,creatures/NOUN
poor/ADJ,innocent/ADJ,animals/NOUN
useless/ADJ,pre-fabricated/ADJ,crap/NOUN
Many/ADJ,large/ADJ,corporations/NOUN
fleeting/ADJ,lone/ADJ,wolves/NOUN
veritable/ADJ,ecological/ADJ,cascade/NOUN
More/ADJ,streamside/ADJ,willow/NOUN
new/ADJ,regional/ADJ,equations/NOUN
Central/ADJ,Asian/ADJ,Republics/NOUN
non-human/ADJ,natural/ADJ,world/NOUN
uninterrupted/ADJ,phenological/ADJ,records/NOUN
important/ADJ,commercial/ADJ,species/NOUN
important/ADJ,non-commercial/ADJ,animals/NOUN
limited/ADJ,economic/ADJ,sense/NOUN
many/ADJ,affluent/ADJ,people/NOUN
new/ADJ,societal/ADJ,trends/NOUN
new/ADJ,creative/ADJ,project/NOUN
whole/ADJ,new/ADJ,network/NOUN
whole/ADJ,new/ADJ,space/NOUN
whole/ADJ,new/ADJ,start/NOUN
possible/ADJ,new/ADJ,partnership/NOUN
hopeless/ADJ,romantic/ADJ,streak/NOUN
other/ADJ,important/ADJ,aspects/NOUN
tight/ADJ,financial/ADJ,binds/NOUN
whole/ADJ,new/ADJ,peaks/NOUN
whole/ADJ,new/ADJ,view/NOUN
Neoplatonic/ADJ,Italian/ADJ,painter/NOUN
serious/ADJ,political/ADJ,fallout/NOUN
major/ADJ,covert/ADJ,attempts/NOUN
Portugese/ADJ,Jewish/ADJ,doctor/NOUN
several/ADJ,eminent/ADJ,players/NOUN
own/ADJ,particular/ADJ,office/NOUN
tripartite/ADJ,military/ADJ,meetings/NOUN
other/ADJ,main/ADJ,puppets/NOUN
lucky/ADJ,bad/ADJ,musician/NOUN
many/ADJ,different/ADJ,versions/NOUN
little/ADJ,musical/ADJ,quality/NOUN
real/ADJ,quality/ADJ,musicians/NOUN
twisted/ADJ,moral/ADJ,values/NOUN
corrupt/ADJ,social/ADJ,outlines/NOUN
possible/ADJ,military/ADJ,strike/NOUN
similar/ADJ,earlier/ADJ,suggestions/NOUN
major/ADJ,regional/ADJ,shift/NOUN
disgruntled/ADJ,Sunni/ADJ,factions/NOUN
little/ADJ,political/ADJ,power/NOUN
substantial/ADJ,military/ADJ,strength/NOUN
small/ADJ,asymmetrical/ADJ,tactics/NOUN
new/ADJ,anti-ship/ADJ,missiles/NOUN
mountainous/ADJ,Iranian/ADJ,coastline/NOUN
fastest/ADJ,anti-ship/ADJ,weapons/NOUN
vaunted/ADJ,American/ADJ,military/NOUN
strongest/ADJ,military/ADJ,force/NOUN
significant/ADJ,military/ADJ,strength/NOUN
last/ADJ,several/ADJ,months/NOUN
American/ADJ,real/ADJ,incomes/NOUN
potential/ADJ,economic/ADJ,catastrophe/NOUN
damaging/ADJ,political/ADJ,news/NOUN
marvelous/ADJ,political/ADJ,cover/NOUN
modern/ADJ,American/ADJ,politics/NOUN
widest/ADJ,possible/ADJ,audience/NOUN
Afghan/ADJ,Pashtun/ADJ,tribes/NOUN
fluid/ADJ,political/ADJ,situation/NOUN
largest/ADJ,simultaneous/ADJ,protest/NOUN
Actual/ADJ,monthly/ADJ,cost/NOUN
major/ADJ,chemical/ADJ,facilities/NOUN
total/ADJ,hard/ADJ,money/NOUN
Republican/ADJ,federal/ADJ,judges/NOUN
Republican/ADJ,federal/ADJ,judges/NOUN
new/ADJ,mental/ADJ,ward/NOUN
Presidential/ADJ,Daily/ADJ,Briefing/NOUN
big/ADJ,Republican/ADJ,donor/NOUN
American/ADJ,electoral/ADJ,history/NOUN
American/ADJ,young/ADJ,adults/NOUN
American/ADJ,young/ADJ,adults/NOUN
American/ADJ,young/ADJ,adults/NOUN
Canadian/ADJ,young/ADJ,adults/NOUN
American/ADJ,young/ADJ,adults/NOUN
most/ADJ,custom/ADJ,ROMs/NOUN
lonely/ADJ,eerie/ADJ,place/NOUN
wide/ADJ,optical/ADJ,zoom/NOUN
large/ADJ,corporate/ADJ,chains/NOUN
slow/ADJ,painful/ADJ,death/NOUN
Chinese/ADJ,new/ADJ,year/NOUN
exact/ADJ,same/ADJ,sensor/NOUN
funny/ADJ,young/ADJ,woman/NOUN
more/ADJ,unset/ADJ,plaster/NOUN
handsome/ADJ,young/ADJ,man/NOUN
few/ADJ,big/ADJ,ones/NOUN
good/ADJ,warm/ADJ,blanket/NOUN
Many/ADJ,online/ADJ,stores/NOUN
many/ADJ,rural/ADJ,counties/NOUN
lovely/ADJ,first/ADJ,anniversary/NOUN
cheapest/ADJ,plastic/ADJ,surgeons/NOUN
better/ADJ,nutritional/ADJ,value/NOUN
several/ADJ,close/ADJ,encounters/NOUN
live/ADJ,carribean/ADJ,sand/NOUN
beautiful/ADJ,young/ADJ,woman/NOUN
Newer/ADJ,semi-automatic/ADJ,wangs/NOUN
canadian/ADJ,wireless/ADJ,company/NOUN
next/ADJ,few/ADJ,years/NOUN
many/ADJ,small/ADJ,details/NOUN
own/ADJ,natural/ADJ,rock/NOUN
fabulous/ADJ,French/ADJ,toast/NOUN
international/ADJ,maritime/ADJ,treaty/NOUN
proper/ADJ,French/ADJ,manners/NOUN
numerous/ADJ,other/ADJ,forms/NOUN
harshest/ADJ,mainstream/ADJ,critics/NOUN
possible/ADJ,renal/ADJ,failure/NOUN
great/ADJ,cultural/ADJ,change/NOUN
early/ADJ,nineteenth/ADJ,century/NOUN
few/ADJ,iconic/ADJ,works/NOUN
persistent/ADJ,negative/ADJ,tendencies/NOUN
lower/ADJ,right/ADJ,corner/NOUN
few/ADJ,great/ADJ,shots/NOUN
only/ADJ,notable/ADJ,difference/NOUN
several/ADJ,different/ADJ,legs/NOUN
few/ADJ,good/ADJ,souls/NOUN
large/ADJ,Asian/ADJ,presence/NOUN
fewer/ADJ,social/ADJ,benefits/NOUN
Small/ADJ,polygamous/ADJ,groups/NOUN
several/ADJ,southwestern/ADJ,communities/NOUN
gay/ADJ,black/ADJ,male/NOUN
satisfactory/ADJ,financial/ADJ,history/NOUN
large/ADJ,outstanding/ADJ,debts/NOUN
nice/ADJ,clean/ADJ,hotel/NOUN
more/ADJ,fun/ADJ,activities/NOUN
huge/ADJ,unknown/ADJ,house/NOUN
Major/ADJ,bad/ADJ,behaviors/NOUN
Male/ADJ,German/ADJ,Shepherd/NOUN
other/ADJ,MAJOR/ADJ,problem/NOUN
few/ADJ,dead/ADJ,soldiers/NOUN
next/ADJ,few/ADJ,weeks/NOUN
own/ADJ,small/ADJ,territory/NOUN
huge/ADJ,international/ADJ,music/NOUN
cold/ADJ,wet/ADJ,morning/NOUN
most/ADJ,rural/ADJ,places/NOUN
Live/ADJ,Earthworms/NOUN,uncut/ADJ
many/ADJ,nice/ADJ,options/NOUN
many/ADJ,good/ADJ,options/NOUN
many/ADJ,such/ADJ,facilities/NOUN
many/ADJ,online/ADJ,sites/NOUN
small/ADJ,magnetic/ADJ,whiteboard/NOUN
Right/ADJ,front/ADJ,hoof/NOUN
possible/ADJ,nerve/ADJ,damage/NOUN
only/ADJ,neurological/ADJ,sign/NOUN
neurological/ADJ,physical/ADJ,exam/NOUN
qualified/ADJ,medical/ADJ,treatment/NOUN
big/ADJ,long/ADJ,trotters/NOUN
great/ADJ,big/ADJ,trotters/NOUN
hard/ADJ,economic/ADJ,times/NOUN
past/ADJ,several/ADJ,months/NOUN
moral/ADJ,high/ADJ,ground/NOUN
Best/ADJ,Chineese/ADJ,food/NOUN
deep/ADJ,blue/ADJ,valley/NOUN
such/ADJ,ill-mannered/ADJ,yells/NOUN
long/ADJ,fine-knuckled/ADJ,hands/NOUN
first/ADJ,few/ADJ,years/NOUN
Mandatory/ADJ,mass/ADJ,evacuations/NOUN
own/ADJ,original/ADJ,content/NOUN
tiny-tiny/ADJ,private/ADJ,school/NOUN
American/ADJ,communal/ADJ,space/NOUN
adult-learned/ADJ,second/ADJ,language/NOUN
Dutch/ADJ,academic/ADJ,libraries/NOUN
basic/ADJ,methodological/ADJ,competencies/NOUN
basic/ADJ,technical/ADJ,skills/NOUN
good/ADJ,long/ADJ,time/NOUN
peer-reviewed/ADJ,academic/ADJ,journals/NOUN
conventional/ADJ,medical/ADJ,treatment/NOUN
conventional/ADJ,medical/ADJ,doctor/NOUN
busy/ADJ,social/ADJ,schedule/NOUN
healthy/ADJ,person/NOUN,undiluted/ADJ
basic/ADJ,well-understood/ADJ,concepts/NOUN
most/ADJ,European/ADJ,countries/NOUN
other/ADJ,neurological/ADJ,problems/NOUN
first/ADJ,pre-historic/ADJ,settlements/NOUN
new/ADJ,social/ADJ,revolution/NOUN
entire/ADJ,urban/ADJ,area/NOUN
major/ADJ,lasting/ADJ,changes/NOUN
modern/ADJ,Greek/ADJ,State/NOUN
small/ADJ,provincial/ADJ,village/NOUN
grand/ADJ,neoclassical/ADJ,homes/NOUN
abundant/ADJ,neoclassical/ADJ,architecture/NOUN
extensive/ADJ,urban/ADJ,planning/NOUN
great/ADJ,Greek/ADJ,architects/NOUN
such/ADJ,native-like/ADJ,levels/NOUN
attractive/ADJ,post-modern/ADJ,buildings/NOUN
charming/ADJ,neoclassical/ADJ,buildings/NOUN
countless/ADJ,other/ADJ,travelers/NOUN
most/ADJ,sunny/ADJ,days/NOUN
better/ADJ,atmospheric/ADJ,conditions/NOUN
new/ADJ,digital/ADJ,scholars/NOUN
magnificent/ADJ,public/ADJ,square/NOUN
beautiful/ADJ,hand-painted/ADJ,tiling/NOUN
early/ADJ,formal/ADJ,education/NOUN
prosperous/ADJ,Armenian/ADJ,town/NOUN
many/ADJ,Armenian/ADJ,Churches/NOUN
first/ADJ,Islamic/ADJ,building/NOUN
Early/ADJ,17th/ADJ,Century/NOUN
deep/ADJ,circular/ADJ,niches/NOUN
adult/ADJ,sexual/ADJ,feelings/NOUN
countless/ADJ,other/ADJ,jokes/NOUN
sour/ADJ,lime/ADJ,vodka/NOUN
full/ADJ,military/ADJ,regalia/NOUN
many/ADJ,other/ADJ,performances/NOUN
Czech/ADJ,national/ADJ,spirit/NOUN
modern/ADJ,Structural/ADJ,linguistics/NOUN
large/ADJ,American/ADJ,sample/NOUN
international/ADJ,linguistic/ADJ,community/NOUN
Thin/ADJ,translucent/ADJ,shadows/NOUN
Current/ADJ,personal/ADJ,squatright/NOUN
chaste/ADJ,yellow/ADJ,dress/NOUN
unfamiliar/ADJ,dusty/ADJ,classroom/NOUN
little/ADJ,hand-written/ADJ,labels/NOUN
wise/ADJ,third-party/ADJ,governor/NOUN
vibrant/ADJ,public/ADJ,domain/NOUN
new/ADJ,short/ADJ,poem/NOUN
additional/ADJ,demographic/ADJ,variables/NOUN
many/ADJ,dedicated/ADJ,volunteers/NOUN
potential/ADJ,bivariate/ADJ,associations/NOUN
Sensitive/ADJ,Canadian/ADJ,document/NOUN
several/ADJ,other/ADJ,notables/NOUN
first/ADJ,few/ADJ,neighborhoods/NOUN
many/ADJ,pleasant/ADJ,stops/NOUN
full/ADJ,romantic/ADJ,evening/NOUN
original/ADJ,Victorian/ADJ,houses/NOUN
working-class/ADJ,residential/ADJ,neighborhood/NOUN
normal/ADJ,western/ADJ,dress/NOUN
good/ADJ,pragmatic/ADJ,choice/NOUN
most/ADJ,top-end/ADJ,establishments/NOUN
other/ADJ,sacred/ADJ,sites/NOUN
long/ADJ,sleeved/ADJ,tops/NOUN
former/ADJ,administrative/ADJ,region/NOUN
nearby/ADJ,coral/ADJ,atolls/NOUN
superb/ADJ,sandy/ADJ,beaches/NOUN
small/ADJ,coastal/ADJ,wetland/NOUN
great/ADJ,vegan/ADJ,cupcake/NOUN
electric/ADJ,hand-held/ADJ,mixer/NOUN
Well-food/ADJ,indoor/ADJ,kitties/NOUN
first/ADJ,public/ADJ,performances/NOUN
several/ADJ,made-for-television/ADJ,films/NOUN
recitation-based/ADJ,experimental/ADJ,evidence/NOUN
joint/ADJ,charitable/ADJ,fund/NOUN
wealthy/ADJ,Christian/ADJ,family/NOUN
several/ADJ,new/ADJ,monasteries/NOUN
ambitious/ADJ,young/ADJ,man/NOUN
several/ADJ,Pachomian/ADJ,monasteries/NOUN
few/ADJ,crumpled/ADJ,bills/NOUN
own/ADJ,utter/ADJ,confusion/NOUN
weird/ADJ,retarded/ADJ,girl/NOUN
concerned/ADJ,big/ADJ,brother/NOUN
Nice/ADJ,big/ADJ,brother/NOUN
so-called/ADJ,predatory/ADJ,journals/NOUN
cloudless/ADJ,blue/ADJ,sky/NOUN
Heavy/ADJ,oily/ADJ,drops/NOUN
genuine/ADJ,borderline/ADJ,cases/NOUN
hard/ADJ,polished/ADJ,blue/NOUN
great/ADJ,whiskered/ADJ,head/NOUN
bright/ADJ,pink/ADJ,dress/NOUN
important/ADJ,new/ADJ,things/NOUN
such/ADJ,epistemic/ADJ,pollution/NOUN
little/ADJ,white/ADJ,table/NOUN
Cognitive/ADJ,Digital/ADJ,Games/NOUN
basic/ADJ,visual/ADJ,skills/NOUN
cognitive/ADJ,digital/ADJ,games/NOUN
translucent/ADJ,little/ADJ,head/NOUN
own/ADJ,wet/ADJ,footprints/NOUN
huge/ADJ,goddamn/ADJ,help/NOUN
blue/ADJ,button-down/ADJ,shirt/NOUN
plain/ADJ,white/ADJ,underwear/NOUN
sodden/ADJ,blue/ADJ,spine/NOUN
other/ADJ,brilliant/ADJ,remarks/NOUN
cognitive/ADJ,digital/ADJ,games/NOUN
conventional/ADJ,lexical/ADJ,sign/NOUN
perfect/ADJ,unleavened/ADJ,wafer/NOUN
common/ADJ,black/ADJ,ant/NOUN
big/ADJ,red/ADJ,box/NOUN
open/ADJ,other-initiated/ADJ,repair/NOUN
potential/ADJ,Soviet/ADJ,aggression/NOUN
hostile/ADJ,military/ADJ,alliance/NOUN
phenomenal/ADJ,military/ADJ,power/NOUN
offensive/ADJ,military/ADJ,capacity/NOUN
Western/ADJ,military/ADJ,alliance/NOUN
other/ADJ,military/ADJ,alliance/NOUN
subtle/ADJ,citrus/ADJ,pucker/NOUN
same/ADJ,conversational/ADJ,structure/NOUN
last/ADJ,few/ADJ,months/NOUN
same/ADJ,compound/ADJ,scope/NOUN
other/ADJ,sequential/ADJ,environments/NOUN
only/ADJ,significant/ADJ,finding/NOUN
detailed/ADJ,step-by-step/ADJ,instructions/NOUN
universal/ADJ,how-to/ADJ,manual/NOUN
comprehensive/ADJ,how-to/ADJ,manual/NOUN
insufficient/ADJ,statistical/ADJ,power/NOUN
same/ADJ,virtuous/ADJ,cycle/NOUN
same/ADJ,virtuous/ADJ,circle/NOUN
stronger/ADJ,social/ADJ,orientations/NOUN
many/ADJ,social/ADJ,institutions/NOUN
third/ADJ,important/ADJ,factor/NOUN
superb/ADJ,athletic/ADJ,performances/NOUN
large/ADJ,Canadian/ADJ,tournament/NOUN
few/ADJ,new/ADJ,girls/NOUN
several/ADJ,important/ADJ,factors/NOUN
whole/ADJ,editorial/ADJ,staff/NOUN
hackneyed/ADJ,political/ADJ,humor/NOUN
different/ADJ,creative/ADJ,process/NOUN
many/ADJ,many/ADJ,years/NOUN
Compact/ADJ,Fluorescent/ADJ,Light/NOUN
compact/ADJ,light-emitting/ADJ,diode/NOUN
first/ADJ,solid/ADJ,samples/NOUN
local/ADJ,interstellar/ADJ,medium/NOUN
local/ADJ,interstellar/ADJ,medium/NOUN
global/ADJ,social/ADJ,movement/NOUN
substantive/ADJ,national/ADJ,conversation/NOUN
many/ADJ,key/ADJ,aspects/NOUN
various/ADJ,scattered/ADJ,debris/NOUN
mandatory/ADJ,religious/ADJ,duty/NOUN
major/ADJ,political/ADJ,reforms/NOUN
Other/ADJ,anti-establishment/ADJ,candidates/NOUN
pan-democratic/ADJ,veteran/ADJ,politicians/NOUN
Other/ADJ,pro-Beijing/ADJ,candidates/NOUN
compact/ADJ,fluorescent/ADJ,light/NOUN
pro-Beijing/ADJ,veteran/ADJ,politician/NOUN
traditional/ADJ,functional/ADJ,constituencies/NOUN
new/ADJ,national/ADJ,flag/NOUN
different/ADJ,national/ADJ,flag/NOUN
antiquated/ADJ,10-year-old/ADJ,browser/NOUN
older/ADJ,out-of-date/ADJ,technology/NOUN
central/ADJ,western/ADJ,sector/NOUN
such/ADJ,reckless/ADJ,action/NOUN
few/ADJ,stray/ADJ,photographers/NOUN
several/ADJ,important/ADJ,factors/NOUN
past/ADJ,few/ADJ,days/NOUN
other/ADJ,educational/ADJ,galleries/NOUN
chief/ADJ,financial/ADJ,officer/NOUN
popular/ADJ,American/ADJ,culture/NOUN
other/ADJ,well-known/ADJ,photographers/NOUN
ancient/ADJ,Greek/ADJ,deities/NOUN
ancient/ADJ,Greek/ADJ,religion/NOUN
ancient/ADJ,Greek/ADJ,religions/NOUN
Many/ADJ,neo-pagan/ADJ,religions/NOUN
nice/ADJ,rental/ADJ,vans/NOUN
short/ADJ,easy/ADJ,walk/NOUN
wonderful/ADJ,national/ADJ,treasure/NOUN
major/ADJ,cultural/ADJ,resources/NOUN
effective/ADJ,public-private/ADJ,partnership/NOUN
other/ADJ,first-rate/ADJ,attractions/NOUN
large/ADJ,residential/ADJ,community/NOUN
strong/ADJ,Korean/ADJ,presence/NOUN
warm/ADJ,local/ADJ,atmosphere/NOUN
French/ADJ,overseas/ADJ,department/NOUN
different/ADJ,topological/ADJ,restrictions/NOUN
beautiful/ADJ,still/ADJ,stripe/NOUN
beautiful/ADJ,Caribbean/ADJ,panorama/NOUN
Recent/ADJ,local/ADJ,investment/NOUN
long-standing/ADJ,cultural/ADJ,scene/NOUN
rapid/ADJ,economic/ADJ,growth/NOUN
grand/ADJ,artistic/ADJ,traditions/NOUN
large/ADJ,central/ADJ,market/NOUN
numerous/ADJ,small/ADJ,shops/NOUN
rich/ADJ,cultural/ADJ,life/NOUN
Many/ADJ,free/ADJ,concerts/NOUN
late/ADJ,20th/ADJ,century/NOUN
several/ADJ,large/ADJ,reservoirs/NOUN
year-round/ADJ,irrigated/ADJ,agriculture/NOUN
highest/ADJ,average/ADJ,temperature/NOUN
large/ADJ,Hispanic/ADJ,population/NOUN
breathtaking/ADJ,natural/ADJ,beaches/NOUN
dark/ADJ,red/ADJ,liquid/NOUN
first/ADJ,half-hour/NOUN,free/ADJ
slow/ADJ,scenic/ADJ,route/NOUN
north-south/ADJ,numbered/ADJ,street/NOUN
east-west/ADJ,numbered/ADJ,street/NOUN
alleged/ADJ,low/ADJ,rates/NOUN
major/ADJ,urban/ADJ,revival/NOUN
regular/ADJ,cultural/ADJ,festivals/NOUN
main/ADJ,north-south/ADJ,motorways/NOUN
main/ADJ,arterial/ADJ,roads/NOUN
perfect/ADJ,little/ADJ,world/NOUN
crucial/ADJ,first/ADJ,step/NOUN
Many/ADJ,arrogant/ADJ,people/NOUN
perfect/ADJ,little/ADJ,world/NOUN
plain/ADJ,black/ADJ,leotard/NOUN
tight/ADJ,fitting/ADJ,clothing/NOUN
enough/ADJ,open/ADJ,space/NOUN
knee-driven/ADJ,bipedal/ADJ,locomotion/NOUN
bipedal/ADJ,non-avian/ADJ,dinosaurs/NOUN
many/ADJ,different/ADJ,varieties/NOUN
pretty/ADJ,blue/ADJ,veins/NOUN
pretty/ADJ,little/ADJ,bushes/NOUN
first/ADJ,green/ADJ,tendrils/NOUN
extinct/ADJ,bipedal/ADJ,dinosaurs/NOUN
many/ADJ,scientific/ADJ,fields/NOUN
tiny/ADJ,little/ADJ,leaves/NOUN
simple/ADJ,morphological/ADJ,parameters/NOUN
mid-shaft/ADJ,cross-sectional/ADJ,properties/NOUN
cross-sectional/ADJ,femoral/ADJ,geometry/NOUN
simple/ADJ,morphological/ADJ,correlates/NOUN
great/ADJ,American/ADJ,novel/NOUN
music-related/ADJ,small/ADJ,talk/NOUN
different/ADJ,artificial/ADJ,tails/NOUN
most/ADJ,European/ADJ,languages/NOUN
many/ADJ,basic/ADJ,words/NOUN
regular/ADJ,English/ADJ,language/NOUN
single/ADJ,professional/ADJ,society/NOUN
other/ADJ,little/ADJ,things/NOUN
careful/ADJ,phenotypic/ADJ,manipulation/NOUN
average/ADJ,global/ADJ,viewership/NOUN
other/ADJ,fan-based/ADJ,creations/NOUN
single/ADJ,all-encompassing/ADJ,organization/NOUN
many/ADJ,disjoint/ADJ,lists/NOUN
contemporary/ADJ,postdigital/ADJ,society/NOUN
main/ADJ,wizarding/ADJ,sport/NOUN
many/ADJ,different/ADJ,ways/NOUN
last/ADJ,few/ADJ,years/NOUN
small/ADJ,yellow/ADJ,ball/NOUN
medium/ADJ,high/ADJ,heat/NOUN
many/ADJ,prominent/ADJ,mathematicians/NOUN
earliest/ADJ,mathematical/ADJ,work/NOUN
various/ADJ,mechanical/ADJ,questions/NOUN
noisy/ADJ,traditional/ADJ,wedding/NOUN
entire/ADJ,academic/ADJ,field/NOUN
smallest/ADJ,applicable/ADJ,unit/NOUN
many/ADJ,notable/ADJ,students/NOUN
many/ADJ,academic/ADJ,fields/NOUN
scant/ADJ,historical/ADJ,details/NOUN
conflicting/ADJ,information/NOUN,available/ADJ
British/ADJ,romantic/ADJ,comedy/NOUN
additional/ADJ,Christian/ADJ,name/NOUN
only/ADJ,Scottish/ADJ,soldier/NOUN
upper-class/ADJ,Iraqi/ADJ,family/NOUN
significant/ADJ,political/ADJ,organisation/NOUN
tiny/ADJ,little/ADJ,pieces/NOUN
first/ADJ,important/ADJ,writers/NOUN
classical/ADJ,literary/ADJ,training/NOUN
promising/ADJ,new/ADJ,author/NOUN
worthwhile/ADJ,literary/ADJ,subjects/NOUN
different/ADJ,stylistic/ADJ,effects/NOUN
medial/ADJ,collateral/ADJ,ligament/NOUN
specific/ADJ,syntactic/ADJ,units/NOUN
first/ADJ,walk-off/ADJ,hit/NOUN
Latin/ADJ,Catholic/ADJ,priest/NOUN
Christian/ADJ,moral/ADJ,life/NOUN
affluent/ADJ,senatorial/ADJ,families/NOUN
automatic/ADJ,metrical/ADJ,analyses/NOUN
many/ADJ,Christian/ADJ,friends/NOUN
chief/ADJ,executive/ADJ,officer/NOUN
other/ADJ,general/ADJ,topics/NOUN
early/ADJ,classical/ADJ,poetry/NOUN
Best/ADJ,Foreign/ADJ,Actress/NOUN
several/ADJ,successful/ADJ,films/NOUN
other/ADJ,notable/ADJ,directors/NOUN
first/ADJ,full-scale/ADJ,analysis/NOUN
only/ADJ,thorough/ADJ,introduction/NOUN
closest/ADJ,natural/ADJ,equivalent/NOUN
bright/ADJ,unearthly/ADJ,colors/NOUN
taciturn/ADJ,old/ADJ,man/NOUN
little/ADJ,white/ADJ,paper/NOUN
plump/ADJ,young/ADJ,woman/NOUN
Grand/ADJ,Central/ADJ,Station/NOUN
first/ADJ,intelligent/ADJ,person/NOUN
short/ADJ,strong/ADJ,beard/NOUN
Spanish/ADJ,Civil/ADJ,War/NOUN
Such/ADJ,intelligent/ADJ,discussion/NOUN
great/ADJ,Golden/ADJ,Gate/NOUN
Russian/ADJ,Orthodox/ADJ,church/NOUN
many/ADJ,external/ADJ,sources/NOUN
little/ADJ,cherub-like/ADJ,child/NOUN
certain/ADJ,Vautrin-admiring/ADJ,romanticism/NOUN
starched/ADJ,white/ADJ,affair/NOUN
same/ADJ,quick/ADJ,glance/NOUN
unconcerned/ADJ,old/ADJ,eyes/NOUN
unshaven/ADJ,little/ADJ,man/NOUN
last/ADJ,decent/ADJ,cup/NOUN
long/ADJ,quiet/ADJ,chat/NOUN
high/ADJ,starched/ADJ,collar/NOUN
big/ADJ,white/ADJ,hand/NOUN
probable/ADJ,future/ADJ,trend/NOUN
European/ADJ,agricultural/ADJ,exports/NOUN
Joint/ADJ,Parliamentary/ADJ,Committee/NOUN
Union-wide/ADJ,harmonising/ADJ,directive/NOUN
whole/ADJ,political/ADJ,class/NOUN
new/ADJ,High/ADJ,Representative/NOUN
own/ADJ,speaking/ADJ,time/NOUN
stale/ADJ,cool/ADJ,air/NOUN
little/ADJ,crusty/ADJ,tunnels/NOUN
old/ADJ,black/ADJ,Labrador/NOUN
new/ADJ,young/ADJ,men/NOUN
piddling/ADJ,little/ADJ,job/NOUN
similar/ADJ,good/ADJ,reasons/NOUN
sorrowful/ADJ,black/ADJ,eyes/NOUN
flamboyant/ADJ,national/ADJ,dress/NOUN
local/ADJ,African/ADJ,women/NOUN
Oriental-looking/ADJ,little/ADJ,girl/NOUN
new/ADJ,national/ADJ,anthem/NOUN
bright/ADJ,slanting/ADJ,sun/NOUN
same/ADJ,unanswerable/ADJ,questions/NOUN
wavy/ADJ,blond/ADJ,hair/NOUN
bright/ADJ,blue/ADJ,eyes/NOUN
big/ADJ,green/ADJ,pond/NOUN
horny/ADJ,little/ADJ,feet/NOUN
long/ADJ,green/ADJ,robes/NOUN
bright/ADJ,brown/ADJ,eyes/NOUN
bright/ADJ,orange/ADJ,robes/NOUN
fat/ADJ,grey/ADJ,rat/NOUN
local/ADJ,Catholic/ADJ,school/NOUN
fateful/ADJ,decisive/ADJ,thing/NOUN
wild/ADJ,strong/ADJ,son/NOUN
interior/ADJ,vertical/ADJ,line/NOUN
nearest/ADJ,parallel/ADJ,line/NOUN
nearest/ADJ,parallel/ADJ,line/NOUN
particular/ADJ,red/ADJ,notebook/NOUN
deft/ADJ,little/ADJ,twist/NOUN
proper/ADJ,literary/ADJ,form/NOUN
great/ADJ,Armenian/ADJ,musician/NOUN
good/ADJ,long/ADJ,time/NOUN
Russian/ADJ,dental/ADJ,art/NOUN
finest/ADJ,Israeli/ADJ,writers/NOUN
dear/ADJ,enthusiastic/ADJ,soul/NOUN
immense/ADJ,double/ADJ,doors/NOUN
large/ADJ,shining/ADJ,map/NOUN
white-haired/ADJ,secretarial/ADJ,head/NOUN
calculated/ADJ,total/ADJ,control/NOUN
several/ADJ,abandoned/ADJ,villages/NOUN
another/ADJ,brief/ADJ,comment/NOUN
harmful/ADJ,psychological/ADJ,effects/NOUN
certain/ADJ,European/ADJ,kind/NOUN
young/ADJ,black/ADJ,man/NOUN
own/ADJ,established/ADJ,residence/NOUN
youthful/ADJ,black/ADJ,official/NOUN
huge/ADJ,Roman/ADJ,emperor/NOUN
little/ADJ,tiny/ADJ,thing/NOUN
jutting/ADJ,glassy/ADJ,sections/NOUN
single/ADJ,stray/ADJ,strand/NOUN
pink/ADJ,inner/ADJ,lip/NOUN
gallant/ADJ,good/ADJ,humour/NOUN
nice/ADJ,young/ADJ,man/NOUN
many/ADJ,decent/ADJ,wizards/NOUN
only/ADJ,remaining/ADJ,chair/NOUN
single/ADJ,stuttered/ADJ,words/NOUN
black/ADJ,warm/ADJ,coat/NOUN
little/ADJ,black/ADJ,suit/NOUN
first/ADJ,serious/ADJ,emotion/NOUN
partisan/ADJ,paramilitary/ADJ,arm/NOUN
fewest/ADJ,possible/ADJ,number/NOUN
same/ADJ,romantic/ADJ,conviction/NOUN
prime/ADJ,revolutionary/ADJ,country/NOUN
illusionless/ADJ,tough/ADJ,guy/NOUN
nation-making/ADJ,American/ADJ,plenipotentiary/NOUN
American/ADJ,political/ADJ,science/NOUN
small/ADJ,Italian/ADJ,girl/NOUN
reactionary/ADJ,small/ADJ,country/NOUN
Israeli/ADJ,financial/ADJ,swindles/NOUN
terrible/ADJ,old/ADJ,guy/NOUN
interesting/ADJ,brief/ADJ,book/NOUN
new/ADJ,huge/ADJ,tankers/NOUN
American/ADJ,Sixth/ADJ,Fleet/NOUN
clean/ADJ,young/ADJ,soul/NOUN
only/ADJ,ancient/ADJ,city/NOUN
many/ADJ,other/ADJ,families/NOUN
decent/ADJ,young/ADJ,citizen/NOUN
small/ADJ,green/ADJ,flames/NOUN
many/ADJ,blank/ADJ,spaces/NOUN
mighty/ADJ,big/ADJ,river/NOUN
immense/ADJ,snake/NOUN,uncoiled/ADJ
silly/ADJ,little/ADJ,bird/NOUN
long/ADJ,eight-inch/ADJ,guns/NOUN
little/ADJ,white/ADJ,smoke/NOUN
little/ADJ,sea-going/ADJ,steamer/NOUN
miserable/ADJ,little/ADJ,wharf/NOUN
wooden/ADJ,barrack-like/ADJ,structures/NOUN
vast/ADJ,artificial/ADJ,hole/NOUN
various/ADJ,tropical/ADJ,diseases/NOUN
overfed/ADJ,young/ADJ,negro/NOUN
absurd/ADJ,long/ADJ,staves/NOUN
forked/ADJ,little/ADJ,beard/NOUN
only/ADJ,real/ADJ,feeling/NOUN
European/ADJ,Single/ADJ,Market/NOUN
actual/ADJ,driving/ADJ,force/NOUN
many/ADJ,other/ADJ,speakers/NOUN
existing/ADJ,positive/ADJ,actions/NOUN
approved/ADJ,testing/ADJ,centre/NOUN
proper/ADJ,balanced/ADJ,way/NOUN
common/ADJ,agricultural/ADJ,policy/NOUN
private/ADJ,digital/ADJ,copies/NOUN
common/ADJ,agricultural/ADJ,policy/NOUN
common/ADJ,agricultural/ADJ,policy/NOUN
competitive/ADJ,revenue-raising/ADJ,services/NOUN
further/ADJ,necessary/ADJ,steps/NOUN
slow/ADJ,shy/ADJ,smile/NOUN
quick/ADJ,black/ADJ,man/NOUN
tall/ADJ,rank/ADJ,weed/NOUN
white/ADJ,wooden/ADJ,chairs/NOUN
funny/ADJ,stuffed/ADJ,toys/NOUN
comfortable/ADJ,private/ADJ,income/NOUN
filthy/ADJ,cleaning/ADJ,rag/NOUN
crinkly/ADJ,grey/ADJ,hair/NOUN
dazzling/ADJ,white/ADJ,ruins/NOUN
brilliant/ADJ,blue/ADJ,sea/NOUN
bare/ADJ,black/ADJ,feet/NOUN
tired/ADJ,vacant/ADJ,stare/NOUN
cool/ADJ,metallic/ADJ,taste/NOUN
fine/ADJ,Nordic/ADJ,cheekbones/NOUN
long/ADJ,coarse/ADJ,strands/NOUN
baldish/ADJ,fair/ADJ,man/NOUN
another/ADJ,large/ADJ,meal/NOUN
round/ADJ,flat/ADJ,bottle/NOUN
democratic/ADJ,social/ADJ,system/NOUN
whole/ADJ,Lambala-speaking/ADJ,crowd/NOUN
contented/ADJ,little/ADJ,minds/NOUN
furry/ADJ,black/ADJ,band/NOUN
international/ADJ,cigarette-making/ADJ,firm/NOUN
elderly/ADJ,English/ADJ,princess/NOUN
other/ADJ,official/ADJ,occasions/NOUN
few/ADJ,African/ADJ,doctors/NOUN
new/ADJ,international/ADJ,character/NOUN
Many/ADJ,other/ADJ,people/NOUN
narrow/ADJ,black/ADJ,hand/NOUN
fair/ADJ,stocky/ADJ,man/NOUN
own/ADJ,free/ADJ,will/NOUN
sulky/ADJ,outraged/ADJ,attention/NOUN
short/ADJ,high/ADJ,nose/NOUN
handsome/ADJ,dark/ADJ,blonde/NOUN
long/ADJ,curly/ADJ,hair/NOUN
clean/ADJ,white/ADJ,shirt/NOUN
interior/ADJ,horizontal/ADJ,line/NOUN
enormous/ADJ,black/ADJ,moustache/NOUN
brilliant/ADJ,green/ADJ,eyes/NOUN
greatest/ADJ,dark/ADJ,sorcerer/NOUN
enormous/ADJ,green/ADJ,eyes/NOUN
interior/ADJ,vertical/ADJ,line/NOUN
bulging/ADJ,green/ADJ,eyes/NOUN
long/ADJ,thin/ADJ,nose/NOUN
interior/ADJ,horizontal/ADJ,line/NOUN
sudden/ADJ,loud/ADJ,screech/NOUN
faint/ADJ,pinkish/ADJ,glow/NOUN
brilliant/ADJ,red/ADJ,sun/NOUN
nasty/ADJ,greenish/ADJ,colour/NOUN
scrubbed/ADJ,wooden/ADJ,table/NOUN
large/ADJ,black/ADJ,cabinet/NOUN
gigantic/ADJ,black/ADJ,spiders/NOUN
whole/ADJ,human/ADJ,fingernails/NOUN
bushy/ADJ,brown/ADJ,hair/NOUN
glistening/ADJ,bald/ADJ,patch/NOUN
large/ADJ,black/ADJ,camera/NOUN
Another/ADJ,dizzy/ADJ,round/NOUN
cold/ADJ,red/ADJ,mouth/NOUN
several/ADJ,different/ADJ,boxes/NOUN
wild/ADJ,dark/ADJ,men/NOUN
own/ADJ,free/ADJ,will/NOUN
frightened/ADJ,small/ADJ,boy/NOUN
huge/ADJ,full-length/ADJ,apron/NOUN
own/ADJ,dead/ADJ,son/NOUN
small/ADJ,balding/ADJ,man/NOUN
long/ADJ,brown/ADJ,overcoat/NOUN
sundry/ADJ,other/ADJ,clumps/NOUN
several/ADJ,different/ADJ,methods/NOUN
certain/ADJ,extreme/ADJ,measures/NOUN
first/ADJ,few/ADJ,blocks/NOUN
old/ADJ,shuffling/ADJ,pace/NOUN
tall/ADJ,dark/ADJ,fellow/NOUN
several/ADJ,long/ADJ,corridors/NOUN
frayed/ADJ,upholstered/ADJ,chair/NOUN
certain/ADJ,ironic/ADJ,pleaure/NOUN
same/ADJ,ironic/ADJ,smile/NOUN
another/ADJ,busy/ADJ,signal/NOUN
good-hearted/ADJ,young/ADJ,man/NOUN
big/ADJ,British/ADJ,eyes/NOUN
new/ADJ,reserved/ADJ,words/NOUN
new/ADJ,international/ADJ,order/NOUN
massive/ADJ,white/ADJ,clouds/NOUN
ancient/ADJ,tombed/ADJ,caverns/NOUN
Arabic/ADJ,Political/ADJ,Memoirs/NOUN
other/ADJ,American/ADJ,ambassadors/NOUN
new/ADJ,political/ADJ,realm/NOUN
fresh/ADJ,financial/ADJ,burdens/NOUN
new/ADJ,soft/ADJ,target/NOUN
bigger/ADJ,economical/ADJ,development/NOUN
coastal/ADJ,Greek/ADJ,cities/NOUN
multi-ethnic/ADJ,Achaemenid/ADJ,army/NOUN
limited/ADJ,French/ADJ,protection/NOUN
African/ADJ,Traditional/ADJ,Religion/NOUN
Several/ADJ,ancient/ADJ,civilisations/NOUN
Danish/ADJ,public/ADJ,opinion/NOUN
prominent/ADJ,topographic/ADJ,features/NOUN
other/ADJ,military/ADJ,hardware/NOUN
Major/ADJ,European/ADJ,rivers/NOUN
Various/ADJ,private/ADJ,interests/NOUN
Numerous/ADJ,indigenous/ADJ,peoples/NOUN
late/ADJ,15th/ADJ,century/NOUN
common/ADJ,alternative/ADJ,name/NOUN
various/ADJ,European/ADJ,languages/NOUN
major/ADJ,tactical/ADJ,error/NOUN
first/ADJ,scholarly/ADJ,report/NOUN
several/ADJ,aggressive/ADJ,negotiations/NOUN
large/ADJ,standing/ADJ,stones/NOUN
Thai/ADJ,auspicious/ADJ,colours/NOUN
Holy/ADJ,Roman/ADJ,Emperor/NOUN
Macedonian/ADJ,eastern/ADJ,border/NOUN
large/ADJ,Macedonian/ADJ,army/NOUN
profound/ADJ,economic/ADJ,growth/NOUN
extensive/ADJ,statistical/ADJ,analysis/NOUN
British/ADJ,heavy/ADJ,cavalry/NOUN
new/ADJ,indigenous/ADJ,quarters/NOUN
white/ADJ,male/ADJ,identity/NOUN
first/ADJ,non-white/ADJ,princess/NOUN
further/ADJ,public/ADJ,recognition/NOUN
prehistoric/ADJ,Mesoamerican/ADJ,iconography/NOUN
other/ADJ,German/ADJ,officials/NOUN
Sudeten/ADJ,German/ADJ,farmers/NOUN
such/ADJ,bad/ADJ,shape/NOUN
male/ADJ,hormonal/ADJ,contraceptives/NOUN
male/ADJ,hormonal/ADJ,contraception/NOUN
National/ADJ,Natural/ADJ,Heritage/NOUN
first/ADJ,female/ADJ,president/NOUN
anti-fascist/ADJ,Catholic/ADJ,family/NOUN
militant/ADJ,socialist/ADJ,father/NOUN
fourth/ADJ,American/ADJ,company/NOUN
many/ADJ,other/ADJ,socialists/NOUN
early/ADJ,5th/ADJ,century/NOUN
old/ADJ,colonial/ADJ,powers/NOUN
first/ADJ,Greek/ADJ,texts/NOUN
own/ADJ,political/ADJ,systems/NOUN
large/ADJ,new/ADJ,emitters/NOUN
intense/ADJ,royal/ADJ,livestock/NOUN
several/ADJ,different/ADJ,menhirs/NOUN
many/ADJ,prehistoric/ADJ,artifacts/NOUN
various/ADJ,cinematic/ADJ,scores/NOUN
many/ADJ,lateral/ADJ,chapels/NOUN
private/ADJ,Metropolitan/ADJ,Club/NOUN
major/ADJ,financial/ADJ,centers/NOUN
little/ADJ,British/ADJ,manufacturing/NOUN
democratic/ADJ,literary/ADJ,form/NOUN
many/ADJ,fine/ADJ,houses/NOUN
many/ADJ,extraordinary/ADJ,circumstances/NOUN
new/ADJ,critical/ADJ,approaches/NOUN
subsidiary/ADJ,national/ADJ,policies/NOUN
sixth/ADJ,major/ADJ,extinction/NOUN
next/ADJ,few/ADJ,days/NOUN
strong/ADJ,political/ADJ,commitment/NOUN
genuine/ADJ,fiscal/ADJ,union/NOUN
respective/ADJ,constitutional/ADJ,requirements/NOUN
several/ADJ,possible/ADJ,explanations/NOUN
increased/ADJ,fiscal/ADJ,cost/NOUN
recent/ADJ,technological/ADJ,innovations/NOUN
recent/ADJ,technological/ADJ,innovations/NOUN
adequate/ADJ,maternal/ADJ,nutrition/NOUN
specific/ADJ,nutritional/ADJ,deficiencies/NOUN
strong/ADJ,domestic/ADJ,support/NOUN
considerable/ADJ,economic/ADJ,progress/NOUN
first/ADJ,female/ADJ,President/NOUN
multiple/ADJ,part-time/ADJ,positions/NOUN
increasing/ADJ,temporary/ADJ,employment/NOUN
talented/ADJ,young/ADJ,women/NOUN
increased/ADJ,female/ADJ,labor/NOUN
entrenched/ADJ,cultural/ADJ,norms/NOUN
essential/ADJ,economic/ADJ,partners/NOUN
International/ADJ,Monetary/ADJ,Fund/NOUN
international/ADJ,economic/ADJ,cooperation/NOUN
other/ADJ,big/ADJ,countries/NOUN
racy/ADJ,personal/ADJ,dimension/NOUN
last/ADJ,few/ADJ,years/NOUN
sensible/ADJ,legislative/ADJ,tactics/NOUN
huge/ADJ,analytical/ADJ,mistakes/NOUN
International/ADJ,Monetary/ADJ,Fund/NOUN
real/ADJ,economic/ADJ,pain/NOUN
sovereign/ADJ,Ukrainian/ADJ,territory/NOUN
Russian/ADJ,white/ADJ,paper/NOUN
new/ADJ,federal/ADJ,units/NOUN
current/ADJ,interim/ADJ,government/NOUN
new/ADJ,constitutional/ADJ,order/NOUN
promising/ADJ,new/ADJ,technology/NOUN
molecular/ADJ,genetic/ADJ,engineering/NOUN
greater/ADJ,European/ADJ,solidarity/NOUN
inspiring/ADJ,political/ADJ,structure/NOUN
dubious/ADJ,economic/ADJ,value/NOUN
many/ADJ,subsequent/ADJ,novelists/NOUN
ancient/ADJ,noble/ADJ,family/NOUN
widespread/ADJ,popular/ADJ,support/NOUN
despondent/ADJ,young/ADJ,man/NOUN
first/ADJ,best-selling/ADJ,novel/NOUN
troubled/ADJ,young/ADJ,secretary/NOUN
massive/ADJ,temporal/ADJ,rift/NOUN
deep/ADJ,personal/ADJ,reflections/NOUN
American/ADJ,expatriate/ADJ,novelist/NOUN
few/ADJ,other/ADJ,verses/NOUN
affluent/ADJ,landowning/ADJ,farmer/NOUN
Latin/ADJ,classical/ADJ,authors/NOUN
few/ADJ,historical/ADJ,traces/NOUN
many/ADJ,apocryphal/ADJ,stories/NOUN
second/ADJ,best/ADJ,bed/NOUN
first/ADJ,recorded/ADJ,works/NOUN
other/ADJ,Elizabethan/ADJ,dramatists/NOUN
precise/ADJ,comic/ADJ,sequences/NOUN
vengeful/ADJ,Jewish/ADJ,moneylender/NOUN
charming/ADJ,rural/ADJ,setting/NOUN
famous/ADJ,romantic/ADJ,tragedy/NOUN
best/ADJ,known/ADJ,tragedies/NOUN
other/ADJ,Shakespearean/ADJ,character/NOUN
last/ADJ,major/ADJ,tragedies/NOUN
popular/ADJ,comic/ADJ,actor/NOUN
most/ADJ,modern/ADJ,editions/NOUN
third/ADJ,narrative/ADJ,poem/NOUN
fair/ADJ,young/ADJ,man/NOUN
standard/ADJ,poetic/ADJ,form/NOUN
traditional/ADJ,blank/ADJ,verse/NOUN
last/ADJ,poetic/ADJ,style/NOUN
classic/ADJ,tragic/ADJ,hero/NOUN
first/ADJ,serious/ADJ,work/NOUN
everyday/ADJ,English/ADJ,speech/NOUN
pious/ADJ,Catholic/ADJ,family/NOUN
several/ADJ,fake/ADJ,portraits/NOUN
Eastern/ADJ,European/ADJ,countries/NOUN
happy/ADJ,new/ADJ,year/NOUN
European/ADJ,Structural/ADJ,Funds/NOUN
important/ADJ,potential/ADJ,provider/NOUN
European/ADJ,Social/ADJ,Fund/NOUN
European/ADJ,Social/ADJ,Fund/NOUN
annual/ADJ,national/ADJ,plans/NOUN
other/ADJ,political/ADJ,groups/NOUN
complicated/ADJ,administrative/ADJ,processes/NOUN
gross/ADJ,domestic/ADJ,product/NOUN
European/ADJ,Regional/ADJ,Development/NOUN
European/ADJ,Social/ADJ,Fund/NOUN
other/ADJ,comparable/ADJ,authorship/NOUN
highest/ADJ,common/ADJ,denominator/NOUN
unified/ADJ,capital/ADJ,tax/NOUN
appropriate/ADJ,detailed/ADJ,guidance/NOUN
best/ADJ,possible/ADJ,use/NOUN
similar/ADJ,functional/ADJ,performances/NOUN
overall/ADJ,environmental/ADJ,impact/NOUN
negative/ADJ,environmental/ADJ,impacts/NOUN
genuine/ADJ,new/ADJ,opportunities/NOUN
overall/ADJ,environmental/ADJ,impact/NOUN
appropriate/ADJ,applicable/ADJ,goals/NOUN
relevant/ADJ,thematic/ADJ,strategies/NOUN
potential/ADJ,environmental/ADJ,impact/NOUN
sound/ADJ,economic/ADJ,activity/NOUN
new/ADJ,scientific/ADJ,evidence/NOUN
major/ADJ,innovative/ADJ,element/NOUN
other/ADJ,self-regulation/ADJ,measures/NOUN
applicable/ADJ,implementing/ADJ,measures/NOUN
relevant/ADJ,international/ADJ,standards/NOUN
certain/ADJ,hazardous/ADJ,substances/NOUN
certain/ADJ,dangerous/ADJ,substances/NOUN
burning/ADJ,gaseous/ADJ,fuels/NOUN
other/ADJ,applicable/ADJ,law/NOUN
National/ADJ,Central/ADJ,Offices/NOUN
following/ADJ,main/ADJ,conclusions/NOUN
broader/ADJ,European/ADJ,law/NOUN
following/ADJ,main/ADJ,recommendations/NOUN
high/ADJ,level/ADJ,training/NOUN
happy/ADJ,new/ADJ,year/NOUN
pleasant/ADJ,festive/ADJ,period/NOUN
closer/ADJ,professional/ADJ,ties/NOUN
other/ADJ,financial/ADJ,institutions/NOUN
South/ADJ,American/ADJ,countries/NOUN
National/ADJ,Central/ADJ,Offices/NOUN
fundamental/ADJ,human/ADJ,rights/NOUN
competent/ADJ,national/ADJ,tribunals/NOUN
same/ADJ,social/ADJ,protection/NOUN
fundamental/ADJ,legal/ADJ,principle/NOUN
lovely/ADJ,little/ADJ,chocolates/NOUN
first/ADJ,calf/NOUN,born/ADJ
great/ADJ,scientific/ADJ,discovery/NOUN
global/ADJ,financial/ADJ,markets/NOUN
few/ADJ,fundamental/ADJ,lessons/NOUN
own/ADJ,common/ADJ,interests/NOUN
so-called/ADJ,quantitative/ADJ,easing/NOUN
huge/ADJ,monthly/ADJ,purchases/NOUN
strong/ADJ,prudential/ADJ,controls/NOUN
new/ADJ,local/ADJ,companies/NOUN
late/ADJ,last/ADJ,year/NOUN
continued/ADJ,financial/ADJ,deepening/NOUN
global/ADJ,financial/ADJ,business/NOUN
outsize/ADJ,domestic/ADJ,banks/NOUN
huge/ADJ,financial/ADJ,center/NOUN
global/ADJ,financial/ADJ,center/NOUN
global/ADJ,financial/ADJ,system/NOUN
severe/ADJ,social/ADJ,costs/NOUN
complex/ADJ,mathematical/ADJ,models/NOUN
successful/ADJ,popular/ADJ,insurrection/NOUN
International/ADJ,Monetary/ADJ,Fund/NOUN
resilient/ADJ,democratic/ADJ,institutions/NOUN
foreign/ADJ,direct/ADJ,investment/NOUN
intensified/ADJ,financial/ADJ,contagion/NOUN
Asian/ADJ,financial/ADJ,crisis/NOUN
Periodic/ADJ,political/ADJ,rebalancing/NOUN
peaceful/ADJ,capitalist/ADJ,economy/NOUN
potential/ADJ,geopolitical/ADJ,disruptions/NOUN
many/ADJ,other/ADJ,markets/NOUN
significant/ADJ,negative/ADJ,impact/NOUN
