count,awf,nwf
1,Алкуксонь,лемензэ
1,Ашо,ловонть
1,Васенце,мирдензэ
1,Васень,сёрмадовксонзо
1,Васень,тевесь
1,Вить,кедест
1,Вить,коморсо
1,Вишка,партизан
1,Вишкинька,партизан
1,Германской,войнасонть
1,Гражданской,войнанть
1,Збой,чизэ
1,Идем,ракшась
1,Икелень,сёрмадовкссонзо
1,Ине,вальгей
1,Кедровой,шишканзояк
1,Кодамо,свадьба
1,Кодамо,сельме
1,Кодат,тевть
1,Кувака,пеельсэ
1,Лужаня,вайгелезэ
1,Мазы,шапка
1,Мазый,валтнэ
1,Мазый,цецясь
1,Малавикс,ялгакс
1,Меельце,иетнестэ
1,Меельце,кирьксэнть
1,Начко,прячерензэ
1,Неень,шкась
1,Неень,ёвтнеманзо
2,Од,бороциця
1,Од,боруциця
1,Од,ломань
1,Од,партизан
1,Од,сёрмадыцятненень
1,Омбоце,кирьксэсь
2,Омбоце,недля
1,Омбоце,чи
1,Паро,службанзо
1,Паро,цёрась
1,Пиже,чекеренть
1,Покш,баягась
1,Покш,шишка
1,Рижой,бандитэнть
1,Рижой,бандитэсь
1,Рыжой,бандитэсь
1,Рябой,бандитэсь
2,Сэрей,бандитэсь
1,Якстере,цецятне
1,апаро,вайгельсэ
1,апокш,губор
1,ашо,ватка
1,ашо,моронь
1,ашо,руця
1,ашо,цецятне
1,ашо,чувар
1,башка,кирьксстэ
1,башка,чувтс
1,бедной,эрицятнень
1,берянь,тарканок
1,берянь,тевензэ
1,берянь,ёндо
1,боевой,тетязо
1,боевой,ялгантень
1,вадря,вайгелензэ
1,вадря,он
1,вадря,ялгам
1,ванькс,мельть
1,ванькс,пракстат
1,васенце,мирденстэнь
1,васень,валсонзо
1,васень,кинигам
1,васень,мирдезэ
1,васень,мирдем
1,васень,мирденть
1,васень,мирдесь
1,васень,руця
1,васень,читнень
1,верек,сёвонень
1,верчке,таркастонть
1,взводной,Господин
1,виде,лемесь
1,виде,мельсэ
1,виде,сельме
1,виев,розть
2,вить,кедензэ
1,вишка-вишка,пингстэть
1,вишка,ведрынезэ
1,вишка,эйднекс
1,вишка,эйкаш
1,вишкине,кудосонть
1,вишькинька,эйденьть
1,военной,ломать
1,глухой,велетненень
1,домка,арсемадо
1,домка,каштомонтень
1,домка,коцькерявксонзо
1,епархиальной,соборсо
1,здоров,цёра
1,идем,олень
1,идем,ракшадо
2,идем,ракшань
1,идем,ракшатнеде
1,идем,туво
1,икелень,сёрмадовксонзо
1,ине,Октябрясь
1,ине,вайгель
1,ине,партиянтень
1,ине,пешть
1,исень,вене
1,кадовикс,коморонть
1,кадовикс,партизантнэ
1,кадовикс,удоманть
1,кедровой,пеште
1,кедровой,пештензэяк
1,кедровой,пештнень
2,кедровой,пешть
2,кедровой,шишканть
1,кедровой,шишкаяк
1,кежей,валт
1,кежей,варматнеде
1,келей,лавтово
1,келей,лопа
1,келей,пеельсэ
1,келей,пире
1,кельме,ведь
1,кеме,здыйсэ
1,кеме,кедь
1,кеме,кенкштнень
1,кеме,удомасо
1,кичкере,пеельтне
1,кодамо,вал
1,кодамо,кедьге
1,кодамо,киява
1,кодамо,сельмсэ
1,кодамо,смусть
3,кодамо,тев
1,кодамо,чи
1,кодамояк,авине
1,кодамояк,кажо
1,кодамояк,пе
1,кодамояк,чи
1,кодамояк,чопача
1,кодат,шкат
1,кодаткак,сельведть
1,кодмо,лем
1,кол,вармась
1,кондямо,ватка
1,коньдят,пихтатне
2,коське,тарат
1,коське,тикшенть
1,крута,крыльцянть
1,крута,крыльцянь
1,лапужа,алкс
1,лапужа,кевенть
1,лапужа,кирькст
1,лапужа,кирьксэсь
1,лембе,ведьсэ
1,лембе,каштом
1,лембе,масторт
1,ловажав,коморос
1,мазы,лентат
1,мазы,урнэ
2,мазы,шишка
1,мазый,валт
1,мазый,крыльцянть
1,мазый,рунгонзо
1,мазый,тейтерь
1,мазый,шканзо
1,мазый,шкасто
1,малавикс,ялга
1,маней,пиземе
1,маней,чистэ
1,маштовикс,таштонть
1,меельце,вирьбулыненть
1,меельць,валонть
1,мокей,ломань
1,наксадо,таштонть
1,начко,кедьсэ
1,начко,коцтсо
1,начко,моданть
1,начко,сурсонзо
1,начко,сёвоненть
1,нерукотворенный,образ
1,нирькине,усынеть
1,нулав,пальта
1,нурька,недь
1,од,авась
1,од,арсемат
1,од,валт
1,од,иень
1,од,ильведевкстнэ
1,од,козиканзо
1,од,кудояк
1,од,кулязо
1,од,лементь
1,од,ломантне
2,од,ломанть
1,од,патронт
1,од,председателеньтень
1,од,пушкадо
2,од,сёрмадыцятне
1,од,сёрмадыцятненень
1,од,цёра
1,од,цёрась
1,од,цёрат
1,од,ялганть
1,ожо,цецятне
1,омбоце,лишмесь
1,омбоце,партизанось
1,омбоце,цёразо
1,паро,вайгельсэ
1,паро,валонь
1,паро,мазыльмат
1,паро,мелень
1,паро,невтемат
1,паро,орудият
1,паро,тарканзояк
1,паро,тевень
1,паро,шинельсэ
1,паро,шка
1,паро,ёжодонть
1,паро,ёжот
1,паро,ёндо
1,певтеме,мазычидест
1,певтеме,менелень
1,пезеря,чувар
1,пертьпельгань,вирьганть
1,пешксе,кужос
1,пешксе,куймесь
1,пешксе,пизэнзэ
1,пиже-ожо,вайгельсэ
1,пиже,ваткасо
1,пиже,кудря
1,пиже,лопатне
1,пиже,лопатнень
1,пиже,лугась
1,пиже,нарось
1,пиже,пакшань
1,пиже,пичетне
1,пиже,сюротне
1,пиже,эйкакшонь
1,плотна,удомасо
1,покш,вайгельсэ
1,покш,валонь
1,покш,велесэ
1,покш,дивавкс
1,покш,зыян
1,покш,кевенть
1,покш,кинть
1,покш,мелезэ
1,покш,мельс
1,покш,найман
1,покш,нучконь
1,покш,пежеть
1,покш,пире
2,покш,пря
1,покш,тев
1,покш,чугун
1,покш,шишка
1,покш,шкань
1,покш,шум
1,покшт,мельс
1,пондакш,прянзо
1,пондакш,черензэ
2,пси,ведь
1,пси,лампанть
1,пси,налкшкенть
1,пси,оскантень
1,пшти,нерне
1,пшти,пеель
1,пшти,пей
1,пшти,сельме
1,пшти,шашканть
1,раужо,куля
1,раужо,кулядонть
1,раужо,лаз
1,раужо,пологсо
1,раужо,сёвонень
1,раужо,штельксэнзэ
2,рижой,сакало
1,родной,паморькскенть
1,рудазов,чов
1,рыжой,бандитэнтень
3,рыжой,бандитэсь
1,рыжой,сакало
2,рябой,бандитэсь
1,сакалов,бандитэсь
1,салавинькань,пейдема
1,содавикс,касынькадонть
1,содавикс,нудей
1,содов,чайниксэ
1,содов,чайниксэнть
1,стака,сёвоненть
1,стака,таркат
1,стяко,чинь
2,стяко,чись
1,стяконь,тевсэнть
1,сыре,бабань
1,сыре,чувто
1,сэнь,цецятне
1,сэрей,бандитэсь
1,сэрей,здыйсэ
1,сэрей,пандо
1,сэрей,пандтнэ
1,сэрей,тикшесь
1,сёрмав,нимилявнеть
1,тантей,чине
1,ташто,ружиятнень
2,тедидень,троицясь
1,теине,тропава
1,тесэнь,эрямось
1,тея,лазкскеванть
1,тиринь,келенек
1,тусто,роштя
3,тусто,роштятнень
1,тусто,роштятнэнь
1,тусто,тайганть
1,тусто,таркантень
1,тусто,таркас
1,тусто,чопудась
1,тюжа,гуйкс
1,тюжа,конёвсо
1,тюжа,чакштнэ
1,удалсе,лукантень
1,умонь,куломанть
1,умонь,читне
1,умонь,шкатнень
1,ундов,пекше
1,уцяскав,шкасто
1,цела,промкс
1,чаво,вирьс
1,чаво,тарка
1,чевте,вайгельсэ
1,чевте,кумбонть
1,чова,баяга
1,чова,канзёркстнэсэ
1,чова,кенденть
1,чова,ловажине
1,чова,сансто
1,човине,вайгельне
1,чопода,вене
1,чопода,весь
1,чопода,таркас
1,чопода,тевть
1,шожда,куйменть
1,шожда,увт
1,штадонь,прят
1,шумбра,чинзэ
1,эрьгана,паморьксэкс
1,эряза,ялгась
1,эчке,вайгельсэ
1,эчке,тарад
1,якстере,армеец
1,якстере,армеецнэ
1,якстере,армеецэсь
1,якстере,ведьме
1,якстере,лентанк
3,якстере,лентат
1,якстере,лентаяк
1,якстере,панкскеть
1,якстере,пуло
1,якстере,сволоч
1,якстере,сельмензэ
1,якстере,фатасо
1,якшамо,вармат
1,якшамо,читнеде
1,ёндонь,кулят
