Сэрей/ADJ,рябой/ADJ,бандитэсь/NOUN
Сэрей/ADJ,рябой/ADJ,бандитэсь/NOUN
Рябой/ADJ,сэрей/ADJ,бандитэсь/NOUN
мазы/ADJ,покш/ADJ,шишка/NOUN
покш/ADJ,лапужа/ADJ,кевенть/NOUN
Омбоце/ADJ,лапужа/ADJ,кирьксэсь/NOUN
Кувака/ADJ,келей/ADJ,пеельсэ/NOUN
ашо/ADJ,пезеря/ADJ,чувар/NOUN
Кодамо/ADJ,виде/ADJ,сельме/NOUN
тусто/ADJ,чопода/ADJ,таркас/NOUN
келей/ADJ,покш/ADJ,пире/NOUN
