ebaotstarbekas/ADJ,administratiivne/ADJ,jaotus/NOUN
rõskes/ADJ,kahetoalises/ADJ,korteris/NOUN
raskeid/ADJ,koduseid/ADJ,ülesandeid/NOUN
tüüpilise/ADJ,hollandliku/ADJ,vastuse/NOUN
puhtalt/ADJ,valgelt/ADJ,lehelt/NOUN
ühine/ADJ,välispoliitiline/ADJ,kurss/NOUN
kulissidetagust/ADJ,intriigirikast/ADJ,kaadri-/NOUN
endine/ADJ,aravõitu/ADJ,dissident/NOUN
laiaulatuslikust/ADJ,funktsionaalsest/ADJ,teabevõrgustikust/NOUN
täpse/ADJ,kolmemõõtmelise/ADJ,kujutise/NOUN
tegelike/ADJ,füüsiliste/ADJ,isikute/NOUN
nn/ADJ,pruunis/ADJ,vees/NOUN
sedasorti/ADJ,vaimset/ADJ,ollust/NOUN
kõikvõimalikud/ADJ,vastastikused/ADJ,asendid/NOUN
esimene/ADJ,taoline/ADJ,õppus/NOUN
poola/ADJ,nimekas/ADJ,stsenarist/NOUN
lühiajalist/ADJ,mehhaanilist/ADJ,survet/NOUN
tihedaid/ADJ,punaseid/ADJ,kriipse/NOUN
uut/ADJ,eesti/ADJ,mööblit/NOUN
samalaadseid/ADJ,ümarnurkseid/ADJ,asju/NOUN
emane/ADJ,tume/ADJ,tiigerpüüton/NOUN
korralikku/ADJ,tehnilist/ADJ,taipu/NOUN
pikantne/ADJ,prantsuse/ADJ,film/NOUN
abstraktse/ADJ,noore/ADJ,muusa-modelli/NOUN
halle/ADJ,harevaid/ADJ,juukseid/NOUN
tormiseid/ADJ,pilvealuseid/ADJ,öid/NOUN
väikeses/ADJ,turvalises/ADJ,agulimajas/NOUN
müstilised/ADJ,mahlakad/ADJ,laukaaurud/NOUN
suur/ADJ,hall/ADJ,kivi/NOUN
avaras/ADJ,hämaras/ADJ,ruumis/NOUN
üksikuid/ADJ,valjuhäälseid/ADJ,hõikeid/NOUN
paksu/ADJ,uduse/ADJ,klaasi/NOUN
Hägused/ADJ,valged/ADJ,laigud/NOUN
terava/ADJ,kongus/ADJ,nokaga/NOUN
suured/ADJ,tumedad/ADJ,silmad/NOUN
Eesti/ADJ,obstsöönsete/ADJ,mõistatuste/NOUN
tavaline/ADJ,inimlik/ADJ,hääl/NOUN
pikk/ADJ,sirge/ADJ,tee/NOUN
lühikese/ADJ,põrguliku/ADJ,pimeduse/NOUN
suur/ADJ,hall/ADJ,kivi/NOUN
pikki/ADJ,heledaid/ADJ,juukseid/NOUN
pikkade/ADJ,pehmete/ADJ,juustega/NOUN
kummalisest/ADJ,eredast/ADJ,unenäost/NOUN
esimesi/ADJ,sellelaadseid/ADJ,ideid/NOUN
uus/ADJ,välismaine/ADJ,suuromanik/NOUN
lai/ADJ,beebilik/ADJ,naeratus/NOUN
suurele/ADJ,nahksele/ADJ,toolile/NOUN
pikad/ADJ,siidised/ADJ,juuksed/NOUN
väikesest/ADJ,valgest/ADJ,kuklast/NOUN
suurem/ADJ,nullfaasiline/ADJ,elektriväli/NOUN
siidisele/ADJ,mustale/ADJ,saapapaelale/NOUN
sagedasemaks/ADJ,geneetiliseks/ADJ,põhjuseks/NOUN
asjakohast/ADJ,meditsiinigeneetilist/ADJ,nõustamist/NOUN
6päevase/ADJ,sanatoorse/ADJ,ravi/NOUN
pikk/ADJ,ajalooline/ADJ,kogemus/NOUN
3-4nädalase/ADJ,sanatoorse/ADJ,ravi/NOUN
pikaaegne/ADJ,kliiniline/ADJ,kogemus/NOUN
kuuepäevase/ADJ,sanatoorse/ADJ,ravi/NOUN
ravieelne/ADJ,kliiniline/ADJ,seisund/NOUN
Ravieelsete/ADJ,kliiniliste/ADJ,algandmete/NOUN
suurem/ADJ,positiivne/ADJ,dünaamika/NOUN
raskemale/ADJ,kliinilisele/ADJ,algseisundile/NOUN
positiivne/ADJ,kliiniline/ADJ,kogemus/NOUN
6päevase/ADJ,sanatoorse/ADJ,ravi/NOUN
suurte/ADJ,punaste/ADJ,huultega/NOUN
raskemale/ADJ,ravieelsele/ADJ,seisundile/NOUN
mitmenädalane/ADJ,sanatoorne/ADJ,ravi/NOUN
väiksem/ADJ,keskmine/ADJ,vanus/NOUN
komplekssel/ADJ,sanatoorsel/ADJ,ravil/NOUN
subkortikaalne/ADJ,vaskulaarne/ADJ,dementsus/NOUN
uued/ADJ,histoloogilised/ADJ,värvimismeetodid/NOUN
subkortikaalset/ADJ,vaskulaarset/ADJ,entsefalopaatiat/NOUN
mitmepalgeline/ADJ,kliiniline/ADJ,väljendus/NOUN
pärilikud/ADJ,vaskulaarsed/ADJ,dementsused/NOUN
olulise/ADJ,sensomotoorse/ADJ,kõnehäire/NOUN
Milline/ADJ,neuroloogiline/ADJ,sümptomaatika/NOUN
väiksemate/ADJ,ishee-miliste/ADJ,episoodide/NOUN
lühiaegsed/ADJ,neuroloogilised/ADJ,häired/NOUN
kortikaalse/ADJ,multiinfarktse/ADJ,dementsusega/NOUN
subkortikaalse/ADJ,multiinfarktse/ADJ,dementsusega/NOUN
Subkortikaalne/ADJ,vaskulaarne/ADJ,dementsus/NOUN
sisemine/ADJ,elastne/ADJ,kest/NOUN
mitmeste/ADJ,väikeste/ADJ,infarktide/NOUN
Sümptomaatilised/ADJ,lakunaarsed/ADJ,infarktid/NOUN
iseloomulik/ADJ,kliiniline/ADJ,sündroom/NOUN
väikesed/ADJ,ebakindlad/ADJ,sammud/NOUN
mitmeste/ADJ,lakunaarsete/ADJ,infarktidega/NOUN
pikkade/ADJ,resistentsete/ADJ,lõpparterioolidega/NOUN
kerge/ADJ,psühhomotoorse/ADJ,aeglustumise/NOUN
subkortikaalse/ADJ,vaskulaarse/ADJ,dementsuse/NOUN
vanad/ADJ,lakunaarsed/ADJ,infarktid/NOUN
Multiipelne/ADJ,sensoorne/ADJ,defitsiit/NOUN
tõsisemat/ADJ,intellektuaalset/ADJ,puuet/NOUN
rutiinses/ADJ,kliinilises/ADJ,praktikas/NOUN
primaarsele/ADJ,degeneratiivsele/ADJ,dementsusele/NOUN
subkortikaalsest/ADJ,isheemilisest/ADJ,ajukahjustusest/NOUN
halvema/ADJ,kognitiivse/ADJ,võimekusega/NOUN
suhtelise/ADJ,arteriaalse/ADJ,hüpo-/NOUN
halva/ADJ,kognitiivse/ADJ,funktsiooniga/NOUN
Pikaajalised/ADJ,epidemioloogilised/ADJ,uurimused/NOUN
halvale/ADJ,kognitiivsele/ADJ,hilistulemusele/NOUN
Subkortikaalse/ADJ,vaskulaarse/ADJ,dementsuse/NOUN
hea/ADJ,kliinilise/ADJ,uuringuga/NOUN
kohaliku/ADJ,vene/ADJ,imperiaalkultuuri/NOUN
kindel/ADJ,ajaline/ADJ,seos/NOUN
linlik/ADJ,eesti/ADJ,rahvas/NOUN
stalinismilaadse/ADJ,rahvusliku/ADJ,rõhumise/NOUN
alandav/ADJ,nõukogulik/ADJ,nimetus/NOUN
elusat/ADJ,maailmakuulsat/ADJ,loojat/NOUN
soome-ugri/ADJ,noorte/ADJ,kunstnike/NOUN
peeneteralist/ADJ,valget/ADJ,heeringamarja/NOUN
Ehtsale/ADJ,mustale/ADJ,kaaviarile/NOUN
suureteralist/ADJ,punast/ADJ,forelli-/NOUN
tolleaegne/ADJ,kõrge/ADJ,ametnik/NOUN
äsjase/ADJ,veealuse/ADJ,uuringu/NOUN
sellelaadne/ADJ,aktiivne/ADJ,missioon/NOUN
vertikaalse/ADJ,optilise/ADJ,panoraamfotokaameraga/NOUN
märkimisväärne/ADJ,majanduslik/ADJ,kahju/NOUN
viimaseks/ADJ,suuremaks/ADJ,jõuprooviks/NOUN
esimene/ADJ,kohalik/ADJ,naiskombainer/NOUN
80ndate/ADJ,teisel/ADJ,poolel/NOUN
praegusele/ADJ,keskmisele/ADJ,tasemele/NOUN
senine/ADJ,ühetooniline/ADJ,krohvviimistlus/NOUN
lihtsate/ADJ,ornamentaalsete/ADJ,kaunistustega/NOUN
viimase/ADJ,järjepideva/ADJ,ehitusperioodi/NOUN
tugev/ADJ,piprane/ADJ,õhetus/NOUN
sääraseid/ADJ,ujedaid/ADJ,õppureid/NOUN
Kohli-aegsed/ADJ,räpased/ADJ,mängud/NOUN
senisest/ADJ,tugevast/ADJ,jalgealusest/NOUN
ainus/ADJ,hea/ADJ,külg/NOUN
ainus/ADJ,hea/ADJ,külg/NOUN
eesti/ADJ,professionaalset/ADJ,kunsti/NOUN
vanad/ADJ,india/ADJ,maalid/NOUN
tubli/ADJ,rahvusvaheline/ADJ,trupp/NOUN
Noor/ADJ,ameerika/ADJ,rezhissöör/NOUN
iseseisvad/ADJ,improvisatoorsed/ADJ,arendused/NOUN
olulisema/ADJ,ameerika/ADJ,luuletaja/NOUN
esimest/ADJ,suurt/ADJ,sissemakset/NOUN
varasem/ADJ,korralik/ADJ,suhtlemine/NOUN
iga-aastast/ADJ,tõsist/ADJ,rassimist/NOUN
jahe/ADJ,raskemeelne/ADJ,maailm/NOUN
mullune/ADJ,kahekordne/ADJ,maailmameister/NOUN
kõrvetav/ADJ,subtroopiline/ADJ,päike/NOUN
tervele/ADJ,20./ADJ,sajandile/NOUN
võimas/ADJ,vana/ADJ,emahunt/NOUN
külm/ADJ,selge/ADJ,aprillipäev/NOUN
puhasvalgesse/ADJ,pidulikku/ADJ,härmatisse/NOUN
seesugust/ADJ,alalhoidlikku/ADJ,käsitluslaadi/NOUN
meeterüheksakümnese/ADJ,sinisilmse/ADJ,grusiini/NOUN
seesugune/ADJ,kontseptuaalne/ADJ,defekt/NOUN
selges/ADJ,eesti/ADJ,keeles/NOUN
sitta/ADJ,hingelist/ADJ,pärandust/NOUN
parimal/ADJ,võimalikul/ADJ,viisil/NOUN
võimalikke/ADJ,omavahelisi/ADJ,mõjusid/NOUN
olulisemaid/ADJ,majanduspoliitilisi/ADJ,eesmärke/NOUN
aktiivset/ADJ,majanduspoliitilist/ADJ,sekkumist/NOUN
väiksem/ADJ,sotsiaalne/ADJ,stabiilsus/NOUN
väiksem/ADJ,sotsiaalne/ADJ,sidusus/NOUN
väiksem/ADJ,sotsiaalne/ADJ,sidusus/NOUN
üldist/ADJ,tervislikku/ADJ,seisundit/NOUN
suurem/ADJ,poliitiline/ADJ,ebastabiilsus/NOUN
Suurema/ADJ,sotsiaalse/ADJ,ebastabiilsusega/NOUN
Suurema/ADJ,üldise/ADJ,maksumäära/NOUN
suuremad/ADJ,majanduslikud/ADJ,ressursid/NOUN
võimalikule/ADJ,kaudsele/ADJ,mõjule/NOUN
võimalikud/ADJ,omavahelised/ADJ,mõjud/NOUN
pööratud/ADJ,U-kujuline/ADJ,seos/NOUN
tavapärane/ADJ,tugev/ADJ,seos/NOUN
olulise/ADJ,negatiivse/ADJ,mõju/NOUN
suurema/ADJ,etnilise/ADJ,heterogeensuse/NOUN
lugematud/ADJ,eesti/ADJ,taidlejad/NOUN
uut/ADJ,värsket/ADJ,aega/NOUN
kuulus/ADJ,soome/ADJ,kirjandusteadlane/NOUN
keerulised/ADJ,jaapanipärased/ADJ,viisakusvormelid/NOUN
tänase/ADJ,eesti/ADJ,rahva/NOUN
kohalikud/ADJ,väikesed/ADJ,asjad/NOUN
Ilusas/ADJ,sinises/ADJ,kostüümis/NOUN
kohustuslik/ADJ,suvine/ADJ,praktika/NOUN
õrna/ADJ,valge/ADJ,nina/NOUN
järjekordse/ADJ,ülivõimsa/ADJ,tippveini/NOUN
täisväärtusliku/ADJ,seitsmenda/ADJ,koha/NOUN
künklikul/ADJ,mändidealusel/ADJ,maal/NOUN
väike/ADJ,kokkupandav/ADJ,palkmaja/NOUN
viletsama/ADJ,majandusliku/ADJ,järjega/NOUN
uue/ADJ,vaskse/ADJ,kuue/NOUN
kasutuks/ADJ,deklaratiivseks/ADJ,aktiks/NOUN
lihtne/ADJ,psüühiline/ADJ,tõrge/NOUN
õhuke/ADJ,tahke/ADJ,kirme/NOUN
külma/ADJ,uduse/ADJ,ilmaga/NOUN
suur/ADJ,sajaruutmeetrine/ADJ,liivakast/NOUN
Üksikud/ADJ,väikesed/ADJ,põllumajandustootjad/NOUN
pikem/ADJ,piiritagune/ADJ,kogemus/NOUN
väheseid/ADJ,universaalseid/ADJ,meelelahutajaid/NOUN
Väiksed/ADJ,lihtsad/ADJ,asjad/NOUN
väärikaks/ADJ,sportlikuks/ADJ,harrastuseks/NOUN
sooja/ADJ,kevadise/ADJ,mullaga/NOUN
jaapani/ADJ,minimalistliku/ADJ,ruumikujundusega/NOUN
suur/ADJ,upakil/ADJ,iirlasetagumik/NOUN
pikki/ADJ,valgeid/ADJ,pruutkleite/NOUN
suur/ADJ,ingliskeelne/ADJ,kiri/NOUN
taolise/ADJ,maa-aluse/ADJ,süsteemi/NOUN
suuri/ADJ,sõjateemalisi/ADJ,plakateid/NOUN
seletamatu/ADJ,hõrk/ADJ,aroom/NOUN
mõjukaid/ADJ,noori/ADJ,tarbijaid/NOUN
tänase/ADJ,maailmakuulsa/ADJ,sherry/NOUN
Sügavatele/ADJ,perekondlikele/ADJ,traditsioonidele/NOUN
suurepärast/ADJ,valget/ADJ,veini/NOUN
kuum/ADJ,Vahemere-äärne/ADJ,rannik/NOUN
ammuse/ADJ,hea/ADJ,sõbra/NOUN
vahvaid/ADJ,metsahõngulisi/ADJ,eelroogi/NOUN
aedlinlikke/ADJ,kaarjaid/ADJ,vaateid/NOUN
ühtset/ADJ,arhitektuurilist/ADJ,ilmet/NOUN
nn/ADJ,pime/ADJ,asi/NOUN
pehmete/ADJ,valgete/ADJ,käte/NOUN
vana/ADJ,hea/ADJ,vabaduseaja/NOUN
Kitsal/ADJ,kolmnurksel/ADJ,krundil/NOUN
samalaadsed/ADJ,diplomaatilised/ADJ,sanktsioonid/NOUN
tõenäolisemalt/ADJ,maapealset/ADJ,päritolu/NOUN
salajane/ADJ,ametlik/ADJ,hoiatus/NOUN
prantsuse/ADJ,gurmaanlikku/ADJ,stiili/NOUN
uus/ADJ,rakenduslik/ADJ,kõrgkool/NOUN
praeguse/ADJ,400-numbrise/ADJ,digitaaljaama/NOUN
endiste/ADJ,suurte/ADJ,kruntide/NOUN
Järgmise/ADJ,suurema/ADJ,üritusena/NOUN
esimeseks/ADJ,ametlikuks/ADJ,teateks/NOUN
samasugune/ADJ,abitu/ADJ,kurbus/NOUN
tolerantse/ADJ,harmoonilise/ADJ,ühiskonna/NOUN
tugeva/ADJ,kultuurilise/ADJ,baasiga/NOUN
selget/ADJ,poliitilist/ADJ,otsust/NOUN
tänasel/ADJ,rassilisel/ADJ,segregatsioonil/NOUN
seesama/ADJ,sotsiaalne/ADJ,diferentseerumine/NOUN
Raskesse/ADJ,rahalisse/ADJ,seisu/NOUN
sealse/ADJ,suurima/ADJ,tööandja/NOUN
liberaalse/ADJ,haldusterritoriaalse/ADJ,reformi/NOUN
esimese/ADJ,rahvusvahelise/ADJ,Becketti-festivali/NOUN
ameerika/ADJ,kuulsaima/ADJ,popkunstniku/NOUN
tavalisest/ADJ,reedeõhtusest/ADJ,liiklusvoost/NOUN
uued/ADJ,kiired/ADJ,sõiduvahendid/NOUN
läinudnädalasest/ADJ,ootamatust/ADJ,haigushoost/NOUN
kohaliku/ADJ,palestiina/ADJ,julgeolekuväe/NOUN
ihaldusväärse/ADJ,välispoliitilise/ADJ,trofeeni/NOUN
õblukese/ADJ,blondi/ADJ,naise/NOUN
samasugust/ADJ,kehalist/ADJ,vormi/NOUN
head/ADJ,füüsilist/ADJ,vormi/NOUN
saledatel/ADJ,treenimata/ADJ,inimestel/NOUN
mõõdukas/ADJ,füüsiline/ADJ,aktiivsus/NOUN
Noortel/ADJ,tervetel/ADJ,inimestel/NOUN
viieminutilisest/ADJ,reipast/ADJ,kõnnist/NOUN
Viimast/ADJ,viieminutilist/ADJ,jooksu/NOUN
suurepärase/ADJ,tunniajalise/ADJ,materjali/NOUN
Viimase/ADJ,mängueelne/ADJ,öö/NOUN
spetsiifilist/ADJ,plekilist/ADJ,tööriietust/NOUN
suuri/ADJ,tähendusrikkaid/ADJ,kujundeid/NOUN
erakordsed/ADJ,loomingulised/ADJ,aktiviteedid/NOUN
suured/ADJ,kunstilised/ADJ,liikumised/NOUN
vanade/ADJ,tuttavate/ADJ,kivipallur/NOUN
Esimene/ADJ,heategevuslik/ADJ,kava/NOUN
parimal/ADJ,võimalikul/ADJ,viisil/NOUN
iroonilise/ADJ,pooletunnise/ADJ,saatega/NOUN
kummalisse/ADJ,postsovetlikku/ADJ,olukorda/NOUN
tihedate/ADJ,mustade/ADJ,vuntside/NOUN
karmide/ADJ,meeldivate/ADJ,näojoontega/NOUN
kaasaegse/ADJ,militaarse/ADJ,islamimaailma/NOUN
Shikki/ADJ,euroopalikku/ADJ,ülikonda/NOUN
kiired/ADJ,rebenenud/ADJ,pilved/NOUN
tähtsamaid/ADJ,eesti/ADJ,fotograafe/NOUN
kivikõvale/ADJ,külmale/ADJ,maapinnale/NOUN
kägardunud/ADJ,elutut/ADJ,keha/NOUN
uus/ADJ,noor/ADJ,peremees/NOUN
aeglased/ADJ,valged/ADJ,pilved/NOUN
jahedasse/ADJ,laia/ADJ,voodisse/NOUN
kägardunud/ADJ,elutut/ADJ,keha/NOUN
kühmulise/ADJ,kadakase/ADJ,kepiga/NOUN
pikki/ADJ,heledaid/ADJ,juukseid/NOUN
õhukest/ADJ,valget/ADJ,juuksesalku/NOUN
suur/ADJ,hall/ADJ,hobune/NOUN
heast/ADJ,eesti/ADJ,luulest/NOUN
ainuke/ADJ,tõsine/ADJ,väärtus/NOUN
raskete/ADJ,tuliste/ADJ,äärtega/NOUN
üksainus/ADJ,täpne/ADJ,kehaliigutus/NOUN
viimaseid/ADJ,valgeid/ADJ,laike/NOUN
sügav/ADJ,sinine/ADJ,rahu/NOUN
märja/ADJ,villase/ADJ,riide/NOUN
omaaegset/ADJ,ilmutuslikku/ADJ,tähendust/NOUN
pehme/ADJ,valge/ADJ,lume/NOUN
suure/ADJ,sisemise/ADJ,vabadusega/NOUN
selges/ADJ,eesti/ADJ,keeles/NOUN
suure/ADJ,verise/ADJ,tüki/NOUN
esimeste/ADJ,soojade/ADJ,nirede/NOUN
esimest/ADJ,ettevaatlikku/ADJ,suudlust/NOUN
hiiglasliku/ADJ,kaarja/ADJ,väravaga/NOUN
uute/ADJ,hämarate/ADJ,koridoride/NOUN
valge/ADJ,linane/ADJ,ülikond/NOUN
paksu/ADJ,valge/ADJ,vatitekiga/NOUN
üksik/ADJ,lumivalge/ADJ,hammas/NOUN
kerge/ADJ,vene/ADJ,aktsendiga/NOUN
tihedad/ADJ,mustad/ADJ,karvad/NOUN
pikkade/ADJ,narmastega/NOUN,punane/ADJ
ühtlase/ADJ,niiske/ADJ,massi/NOUN
suurest/ADJ,tühjast/ADJ,saalist/NOUN
esimese/ADJ,suurema/ADJ,ehitisena/NOUN
imeilus/ADJ,noor/ADJ,naine/NOUN
valgest/ADJ,magusast/ADJ,lögast/NOUN
viimasteks/ADJ,olulisemateks/ADJ,ehitisteks/NOUN
tavalise/ADJ,pisikese/ADJ,lambikese/NOUN
helepunane/ADJ,villane/ADJ,rätik/NOUN
pikk/ADJ,hele/ADJ,juuksekahl/NOUN
liikumatu/ADJ,sügise-eelne/ADJ,park/NOUN
uhiuus/ADJ,pruun/ADJ,öökapp/NOUN
lühikesed/ADJ,tumedad/ADJ,juuksed/NOUN
pikk/ADJ,heledapäine/ADJ,poiss/NOUN
teravad/ADJ,valged/ADJ,hambad/NOUN
laia/ADJ,märga/ADJ,lund/NOUN
pikk/ADJ,sinine/ADJ,seelik/NOUN
Suures/ADJ,tühjas/ADJ,akvaariumis/NOUN
väiksem/ADJ,põhjapoolne/ADJ,haru/NOUN
vanad/ADJ,sanskriti/ADJ,tekstid/NOUN
suurim/ADJ,ööpäevane/ADJ,temperatuurikõikumine/NOUN
kristallpuhast/ADJ,vene/ADJ,keelt/NOUN
ainukesed/ADJ,mõistlikud/ADJ,inimesed/NOUN
lihtsatele/ADJ,venekeelsetele/ADJ,lausetele/NOUN
uhkes/ADJ,keisriaegses/ADJ,sõdurimundris/NOUN
usaldusväärne/ADJ,rahvusvaheline/ADJ,maine/NOUN
pikad/ADJ,kookus/ADJ,sabasuled/NOUN
ilusa/ADJ,pehme/ADJ,käpa/NOUN
ahne/ADJ,rohelise/ADJ,silmaga/NOUN
kaasaegse/ADJ,bossima/ADJ,muusikuga/NOUN
Suur/ADJ,kirju/ADJ,kana/NOUN
eesti/ADJ,tuntumaid/ADJ,filme/NOUN
suur/ADJ,kirju/ADJ,kana/NOUN
suur/ADJ,punane/ADJ,hari/NOUN
uus/ADJ,valge/ADJ,vaip/NOUN
Suur/ADJ,kirju/ADJ,kana/NOUN
vanad/ADJ,head/ADJ,ajad/NOUN
üksik/ADJ,vanem/ADJ,meesterahvas/NOUN
eesti/ADJ,tuntuim/ADJ,reportaazhifotograaf/NOUN
jahedasse/ADJ,laia/ADJ,voodisse/NOUN
soe/ADJ,alasti/ADJ,keha/NOUN
pulstis/ADJ,blondid/ADJ,juuksed/NOUN
põhjalikuks/ADJ,teaduslikuks/ADJ,läbimurdeks/NOUN
n-mõõtmeliste/ADJ,kõverate/ADJ,ruumide/NOUN
Kolmanda/ADJ,üheksakordse/ADJ,maja/NOUN
noor/ADJ,valgepäine/ADJ,tütarlaps/NOUN
Kõrge/ADJ,esimene/ADJ,korrus/NOUN
Väike/ADJ,kollane/ADJ,teekond/NOUN
suures/ADJ,kirevas/ADJ,teekonnas/NOUN
suurte/ADJ,selgete/ADJ,silmadega/NOUN
lähimasse/ADJ,halli/ADJ,majamürakasse/NOUN
Teine/ADJ,rõõmustav/ADJ,suundumus/NOUN
ühtsesse/ADJ,virtuaalsesse/ADJ,ettevõttesse/NOUN
järjekordsete/ADJ,uute/ADJ,arvutiviguritega/NOUN
üheülbalisi/ADJ,arhitektuurilis-struktuurseid/ADJ,lahendusi/NOUN
sisemine/ADJ,struktuurne/ADJ,korraldus/NOUN
8-kanaliline/ADJ,16-bitine/ADJ,taimerlülitus/NOUN
528-baidine/ADJ,staatiline/ADJ,register/NOUN
sisemine/ADJ,hierarhiline/ADJ,korraldus/NOUN
head/ADJ,tehnilised/ADJ,näitajad/NOUN
kolmanda/ADJ,arhitektuurse/ADJ,suuna/NOUN
individuaalsete/ADJ,riistvaraliste/ADJ,ressurssidega/NOUN
autonoomne/ADJ,rööpne/ADJ,talitlus/NOUN
õige/ADJ,ajaline/ADJ,liikumine/NOUN
keerukate/ADJ,mitmetasemeliste/ADJ,mälusüsteemide/NOUN
peenekoeline/ADJ,dünaamiline/ADJ,dubleerimine/NOUN
jämedakoeline/ADJ,staatiline/ADJ,dubleerimine/NOUN
asünkroonses/ADJ,andmeskalaarses/ADJ,protsessoris/NOUN
struktuurilis-/ADJ,topoloogiline/ADJ,korraldus/NOUN
tavapärastes/ADJ,statistilistes/ADJ,analüüsides/NOUN
terves/ADJ,pikas/ADJ,protsessis/NOUN
võimalikud/ADJ,praktilised/ADJ,rakendused/NOUN
Põhilised/ADJ,turundusalased/ADJ,rakendused/NOUN
traditsioonilise/ADJ,demograafilise/ADJ,bloki/NOUN
Tänapäevased/ADJ,keerulised/ADJ,võrguseadmed/NOUN
suuremale/ADJ,üldisele/ADJ,veale/NOUN
sõltumatute/ADJ,lokaalsete/ADJ,alarmide/NOUN
põhilisi/ADJ,tugevaid/ADJ,külgi/NOUN
vanade/ADJ,lahendamata/ADJ,kuritegudega/NOUN
analoogilisi/ADJ,mittestandardseid/ADJ,vahendeid/NOUN
sotsiaalse/ADJ,konstruktivistliku/ADJ,pedagoogika/NOUN
järgmistest/ADJ,üldistest/ADJ,ülesannetest/NOUN
mängulist/ADJ,pangateemalist/ADJ,nääklemist/NOUN
omapärasest/ADJ,matemaatilisest/ADJ,objektist/NOUN
aeglasel/ADJ,500-megahertsilisel/ADJ,arvutil/NOUN
kohalikke/ADJ,ω-3-rasvhapeterikkaid/ADJ,söötasid/NOUN
polüküllastumata/ADJ,ühe-aluselised/ADJ,karboksüülhapped/NOUN
terminaalse/ADJ,seitsmenda/ADJ,süsinikuaatomi/NOUN
võimalikke/ADJ,looduslikke/ADJ,allikaid/NOUN
võimalikku/ADJ,positiivset/ADJ,mõju/NOUN
Tüüpilises/ADJ,läänelikus/ADJ,toiduratsioonis/NOUN
Esimesed/ADJ,sellealased/ADJ,uurimused/NOUN
järgmise/ADJ,keemilise/ADJ,koostise/NOUN
tubli/ADJ,3400-grammise/ADJ,tütre/NOUN
ilus/ADJ,eesti/ADJ,nimi/NOUN
noorte/ADJ,tervete/ADJ,katsealuste/NOUN
Rutiinses/ADJ,kliinilises/ADJ,praktikas/NOUN
osaline/ADJ,proteolüütiline/ADJ,modifitseerumine/NOUN
limaskestaaluseid/ADJ,infiltratiivseid/ADJ,naaste/NOUN
sõlmelisi/ADJ,tuumorilaadseid/ADJ,moodustisi/NOUN
haruldane/ADJ,haiguslik/ADJ,seisund/NOUN
parenhümatoosse/ADJ,pulmonaalse/ADJ,amüloidoosiga/NOUN
sümptomaatiline/ADJ,trahheobronhiaalne/ADJ,amüloidoos/NOUN
Endobronhiaalse/ADJ,tumoroidse/ADJ,AL-amüloidoosi/NOUN
alveoseptaalseks/ADJ,parenhümatoosseks/ADJ,amüloidoosiks/NOUN
Difuusse/ADJ,parenhümatoosse/ADJ,amüloidoosi/NOUN
ulatusliku/ADJ,nodulaarse/ADJ,amüloidoosi/NOUN
perekondliku/ADJ,amüloidse/ADJ,polüneuropaatiaga/NOUN
pulmonaalse/ADJ,vaskulaarse/ADJ,amüloidoosi/NOUN
Positiivsele/ADJ,histoloogilisele/ADJ,leiule/NOUN
oluliseks/ADJ,prognostiliseks/ADJ,teguriks/NOUN
sõlmeline/ADJ,parenhümatoosne/ADJ,amüloidoos/NOUN
Difuusne/ADJ,alveoseptaalne/ADJ,amüloidoos/NOUN
lihtsama/ADJ,standardse/ADJ,koormustesti/NOUN
keskmisel/ADJ,füüsilisel/ADJ,koormusel/NOUN
olulisi/ADJ,patoloogilisi/ADJ,kõrvalekaldeid/NOUN
väheseid/ADJ,põletikulisi/ADJ,muutusi/NOUN
endobronhiaalsele/ADJ,pahaloomulisele/ADJ,uudismoodustisele/NOUN
vähene/ADJ,produktiivne/ADJ,köha/NOUN
Praeguste/ADJ,rahulike/ADJ,toonide/NOUN
sümptomaatiline/ADJ,trahheobronhiaalne/ADJ,amüloidoos/NOUN
limaskestaalused/ADJ,infiltratiivsed/ADJ,naastud/NOUN
Endobronhiaalne/ADJ,tumoroidne/ADJ,amüloidoos/NOUN
õigeaegset/ADJ,morfoloogilist/ADJ,diagnostikat/NOUN
visuaalne/ADJ,makroskoopiline/ADJ,leid/NOUN
võimalikud/ADJ,mitteneurogeensed/ADJ,põhjused/NOUN
valkja/ADJ,paksu/ADJ,sademe/NOUN
suurim/ADJ,kahtlusalune/ADJ,tehing/NOUN
postganglionaarseid/ADJ,parasümpaatilisi/ADJ,retseptoreid/NOUN
kallimaid/ADJ,meditsiinilisi/ADJ,kuule/NOUN
spetsiaalsed/ADJ,portatiivsed/ADJ,ultraheliaparaadid/NOUN
seedetraktiväliste/ADJ,eosinofiilsete/ADJ,infiltratsioonide/NOUN
difuusset/ADJ,eosinofiilset/ADJ,gastroenteriiti/NOUN
üksikuid/ADJ,perekondlikke/ADJ,haigusjuhte/NOUN
eosinofiilse/ADJ,põletikulise/ADJ,protsessi/NOUN
eosinofiilne/ADJ,katioonne/ADJ,proteiin/NOUN
Eosinofiilne/ADJ,katioonne/ADJ,proteiin/NOUN
Tervel/ADJ,täiskasvanud/ADJ,inimesel/NOUN
tõenduspõhised/ADJ,kliinilised/ADJ,uuringud/NOUN
pikaajalisele/ADJ,süsteemsele/ADJ,kortikosteroidravile/NOUN
ägedate/ADJ,obstruktiivsete/ADJ,tüsistuste/NOUN
optimaalse/ADJ,peroraalse/ADJ,ravi/NOUN
maladaptiivse/ADJ,neurohormonaalse/ADJ,aktivatsiooni/NOUN
kõrge/ADJ,tsentraalne/ADJ,vererõhk/NOUN
positiivne/ADJ,inotroopne/ADJ,toime/NOUN
süsteemne/ADJ,vaskulaarne/ADJ,vastupanu/NOUN
Süstoolne/ADJ,arteriaalne/ADJ,vererõhk/NOUN
keskmine/ADJ,arteriaalne/ADJ,vererõhk/NOUN
süstoolne/ADJ,arteriaalne/ADJ,vererõhk/NOUN
oluliste/ADJ,valvulaarsete/ADJ,stenoosidega/NOUN
normaalsest/ADJ,venoossest/ADJ,naasust/NOUN
kõrge/ADJ,tsentraalne/ADJ,vererõhk/NOUN
positiivne/ADJ,inotroopne/ADJ,toime/NOUN
esialgsest/ADJ,ühekordsest/ADJ,annusest/NOUN
sagedasemaid/ADJ,kroonilisi/ADJ,närvihaigusi/NOUN
varasemates/ADJ,kliinilistes/ADJ,uuringutes/NOUN
töötu/ADJ,võimaliku/ADJ,ravi/NOUN
konkreetsete/ADJ,tegelike/ADJ,kulutuste/NOUN
väikesed/ADJ,sõlmjad/ADJ,moodustised/NOUN
tõsis-tele/ADJ,somaatilistele/ADJ,haigustele/NOUN
aktiivsele/ADJ,erialasele/ADJ,tegevusele/NOUN
pikka/ADJ,rasket/ADJ,haigust/NOUN
ametliku/ADJ,katoliku/ADJ,kiriku/NOUN
sagedased/ADJ,öised/ADJ,ärkamised/NOUN
Oluline/ADJ,negatiivne/ADJ,korrelatsioon/NOUN
sagedased/ADJ,öised/ADJ,ärkamised/NOUN
pidev/ADJ,mitteinvasiivne/ADJ,registreerimine/NOUN
keskmise/ADJ,arteriaalse/ADJ,vererõhu/NOUN
igihaljal/ADJ,traditsioonilisel/ADJ,viisil/NOUN
suurte/ADJ,rahvusvaheliste/ADJ,projektide/NOUN
esimeseks/ADJ,suuremaks/ADJ,ettevõtmiseks/NOUN
esimese/ADJ,kunstliku/ADJ,taevakeha/NOUN
tähtsa/ADJ,rahvusvahelise/ADJ,kokkuleppe/NOUN
esimesed/ADJ,meteoroloogilised/ADJ,satelliidid/NOUN
komplekssed/ADJ,geofüüsikalised/ADJ,sündmused/NOUN
kindlate/ADJ,geofüüsikaliste/ADJ,suuruste/NOUN
võimalikke/ADJ,geofüüsikalisi/ADJ,vaatlusi/NOUN
regulaarseid/ADJ,kevadisi/ADJ,ekspeditsioone/NOUN
heterogeensete/ADJ,keemiliste/ADJ,protsesside/NOUN
tähtsa/ADJ,rakendusliku/ADJ,väljundiga/NOUN
aastasest/ADJ,regulaarsest/ADJ,rütmist/NOUN
Esimene/ADJ,päris/ADJ,kuu/NOUN
Põhjapoolsemad/ADJ,sõjakamad/ADJ,hõimud/NOUN
heliotsentrilise/ADJ,sfäärilise/ADJ,mudeli/NOUN
kapitaalses/ADJ,viieköitelises/ADJ,teoses/NOUN
elegantse/ADJ,matemaatilise/ADJ,arenduse/NOUN
konkreetse/ADJ,geograafilise/ADJ,piirkonnaga/NOUN
suuremad/ADJ,triangulatsioonilised/ADJ,kraadimõõtmised/NOUN
mahuka/ADJ,kaheköitelise/ADJ,töö/NOUN
sooja/ADJ,tihedasse/ADJ,gaasipilve/NOUN
keskmine/ADJ,lineaarne/ADJ,kiirus/NOUN
Põhjapoolsete/ADJ,kõrgete/ADJ,laiuskraadide/NOUN
Hilisemad/ADJ,külmad/ADJ,perioodid/NOUN
plastne/ADJ,tahke/ADJ,vahevöö/NOUN
Projektijärgseks/ADJ,peamiseks/ADJ,ülesandeks/NOUN
konkreetsest/ADJ,majanduslikust/ADJ,kontekstist/NOUN
kiirem/ADJ,tehnoloogiline/ADJ,progress/NOUN
keskne/ADJ,liikumapanev/ADJ,jõud/NOUN
otsene/ADJ,positiivne/ADJ,mõju/NOUN
aktuaalne/ADJ,madal/ADJ,majanduskasv/NOUN
väiksema/ADJ,potentsiaalse/ADJ,tootmiseni/NOUN
potentsiaalseid/ADJ,negatiivseid/ADJ,mõjusid/NOUN
eesti/ADJ,keskmine/ADJ,tööandja/NOUN
edasist/ADJ,makromajanduslikku/ADJ,dünaamikat/NOUN
seniste/ADJ,teoreetiliste/ADJ,tulemustega/NOUN
spetsiifilistest/ADJ,struktuursetest/ADJ,muutustes/NOUN
kerge/ADJ,edasine/ADJ,langus/NOUN
tähtajalise/ADJ,lepingulise/ADJ,töö/NOUN
märkimisväärne/ADJ,negatiivne/ADJ,korrelatsioon/NOUN
järgmise/ADJ,põhimõttelise/ADJ,skeemi/NOUN
kroonilisi/ADJ,obstruktiivseid/ADJ,momente/NOUN
olulisi/ADJ,empiirilisi/ADJ,seosed/NOUN
olulist/ADJ,positiivset/ADJ,mõju/NOUN
järgmised/ADJ,olulised/ADJ,järeldused/NOUN
selge/ADJ,positiivne/ADJ,seos/NOUN
tugevad/ADJ,sektoritevahelised/ADJ,piirid/NOUN
90ndate/ADJ,teisel/ADJ,poolel/NOUN
Ülemineku-spetsiifiliste/ADJ,struktuursete/ADJ,tegurite/NOUN
märkimisväärne/ADJ,negatiivne/ADJ,korrelatsioon/NOUN
töömahukate/ADJ,kohalike/ADJ,teenuste/NOUN
väärikale/ADJ,uuele/ADJ,omanikule/NOUN
laiema/ADJ,kultuurilise/ADJ,hoiaku/NOUN
Maitsekas/ADJ,valge/ADJ,kivimaja/NOUN
korraliku/ADJ,kahetoalise/ADJ,korteri/NOUN
pidev/ADJ,arhitektuuriline/ADJ,probleem/NOUN
Kuulsaim/ADJ,sellealane/ADJ,objekt/NOUN
vigases/ADJ,inglise/ADJ,keeles/NOUN
paremat/ADJ,saksa/ADJ,peret/NOUN
viimasel/ADJ,vabal/ADJ,parkimiskohal/NOUN
värske/ADJ,kohev/ADJ,lumi/NOUN
pehmem/ADJ,mereline/ADJ,ilmastik/NOUN
suur/ADJ,soe/ADJ,vann/NOUN
esimene/ADJ,täispikk/ADJ,film/NOUN
väikest/ADJ,pelglikku/ADJ,metsaelanikku/NOUN
kolmapäevaste/ADJ,parteiliste/ADJ,augukaevajate/NOUN
suuremaid/ADJ,rahvusvahelisi/ADJ,ravimimüüjaid/NOUN
järgmise/ADJ,suure/ADJ,kasti/NOUN
üldise/ADJ,ülla/ADJ,eesmärgi/NOUN
Potentsiaalsed/ADJ,eesti/ADJ,ostjad/NOUN
Vanadel/ADJ,headel/ADJ,aegadel/NOUN
silmapaistvaim/ADJ,tehniline/ADJ,lahendus/NOUN
tubli/ADJ,ukraina/ADJ,naine/NOUN
vanu/ADJ,häid/ADJ,aegu/NOUN
kohaliku/ADJ,opositsioonilise/ADJ,päevalehe/NOUN
õdusasse/ADJ,väikesesse/ADJ,kohvikusse/NOUN
vahepealsele/ADJ,punasele/ADJ,terrorile/NOUN
noor/ADJ,andekas/ADJ,peatoimetaja/NOUN
Tõeline/ADJ,noor/ADJ,kasakas/NOUN
esimeseks/ADJ,eesti/ADJ,veinikirjanikuks/NOUN
laia/ADJ,pehme/ADJ,diivani/NOUN
praktiline/ADJ,eesti/ADJ,naine/NOUN
uutel/ADJ,vapratel/ADJ,riikidel/NOUN
uute/ADJ,strateegiliste/ADJ,investoritega/NOUN
PRAEGUNE/ADJ,õIGE/ADJ,TREND/NOUN
Valged/ADJ,protestantlikud/ADJ,naised/NOUN
polüfooniline/ADJ,avalik/ADJ,arvamus/NOUN
Tubli/ADJ,eesti/ADJ,naine/NOUN
kuulus/ADJ,eestlaslik/ADJ,eneseiroonia/NOUN
kõrge/ADJ,heleda/ADJ,häälega/NOUN
Raskest/ADJ,majanduslikust/ADJ,seisust/NOUN
hõbehalli/ADJ,moodsa/ADJ,potisoenguga/NOUN
pikad/ADJ,pruunid/ADJ,nahksaapad/NOUN
ilusa/ADJ,loperguse/ADJ,ringi/NOUN
tasasel/ADJ,intelligentsel/ADJ,moel/NOUN
pimedat/ADJ,vana/ADJ,inimest/NOUN
kindla/ADJ,vaikse/ADJ,häälega/NOUN
esimene/ADJ,tõeline/ADJ,ööklubi/NOUN
toonane/ADJ,diplomaatiline/ADJ,korpus/NOUN
suur/ADJ,150kilone/ADJ,naispolitseinik/NOUN
tore/ADJ,brutaalne/ADJ,rock'n'roll-show/NOUN
Bänditagused/ADJ,sünged/ADJ,lavaillustratsioonid/NOUN
esimesel/ADJ,suurel/ADJ,filmiturul/NOUN
Temperamentne/ADJ,mustajuukseline/ADJ,neiu/NOUN
mahukas/ADJ,ovaalne/ADJ,boksirida/NOUN
avameelse/ADJ,erootilise/ADJ,ihaga/NOUN
radikaalse/ADJ,vasakpoolse/ADJ,telekanali/NOUN
iseseisev/ADJ,mässuline/ADJ,vabariik/NOUN
skandinaavia/ADJ,riiklikke/ADJ,filmiinstitutsioone/NOUN
tollane/ADJ,abstraktne/ADJ,vabadus/NOUN
varasema/ADJ,kristliku/ADJ,kasinusõpetuse/NOUN
ebamäärase/ADJ,soolise/ADJ,identsusega/NOUN
nüüdisaegsele/ADJ,eesti/ADJ,maalile/NOUN
Kümnendat/ADJ,edukat/ADJ,tegutsemisaastat/NOUN
millisesse/ADJ,suuremasse/ADJ,veekogusse/NOUN
ammusest/ADJ,sõjaeelsest/ADJ,ajast/NOUN
esimese/ADJ,teadusliku/ADJ,meetodina/NOUN
viimane/ADJ,okupatsioonieelne/ADJ,saadik/NOUN
uusi/ADJ,miljööväärtuslikke/ADJ,alasid/NOUN
järjekordne/ADJ,tähtis/ADJ,päev/NOUN
terava/ADJ,ajakirjandusliku/ADJ,lähenemisega/NOUN
kolmandaks/ADJ,järjestikuseks/ADJ,MK-etapivõiduks/NOUN
Suure/ADJ,emotsionaalse/ADJ,väärtusega/NOUN
terve/ADJ,läikiva/ADJ,koorega/NOUN
siinne/ADJ,tavaline/ADJ,tali/NOUN
viimasest/ADJ,ühisest/ADJ,stuudiosessioonist/NOUN
kunagise/ADJ,ühise/ADJ,korteri/NOUN
endasarnane/ADJ,lihtne/ADJ,inimene/NOUN
selget/ADJ,tajupsühholoogilist/ADJ,seletust/NOUN
suure/ADJ,kodumaise/ADJ,turuta/NOUN
kõikvõimalikud/ADJ,heleroosad/ADJ,iluvidinad/NOUN
terve/ADJ,paks/ADJ,tööjuhend/NOUN
ilusat/ADJ,punast/ADJ,lillekest/NOUN
masendavaim/ADJ,sionistlik/ADJ,vale/NOUN
muutlikes/ADJ,poliitilistes/ADJ,oludes/NOUN
Massiivsed/ADJ,mustad/ADJ,augud/NOUN
supermassiivse/ADJ,musta/ADJ,augu/NOUN
üliheledat/ADJ,punktikujulist/ADJ,kiirgusallikat/NOUN
Sümmeetrilisi/ADJ,kahekõrvalisi/ADJ,galaktikaid/NOUN
sealses/ADJ,ülisoodsas/ADJ,teadusõhkonnas/NOUN
supermassiivsete/ADJ,mustade/ADJ,aukude/NOUN
väiksemat/ADJ,musta/ADJ,auku/NOUN
parima/ADJ,võimaliku/ADJ,kinnituse/NOUN
supermassiivne/ADJ,must/ADJ,auk/NOUN
gigantsest/ADJ,elliptilisest/ADJ,galaktikast/NOUN
uue/ADJ,suure/ADJ,sõja/NOUN
vastase/ADJ,võimalike/ADJ,liitlaste/NOUN
iga-aastase/ADJ,12protsendilise/ADJ,kasvutempoga/NOUN
sealseid/ADJ,pühasid/ADJ,paikasid/NOUN
sajanditepikkune/ADJ,suur/ADJ,vastasseis/NOUN
uute/ADJ,diplomaatiliste/ADJ,kombinatsioonide/NOUN
hindu/ADJ,bhakti/ADJ,traditsioonist/NOUN
Uusi/ADJ,poliitilisi/ADJ,anekdoote/NOUN
viienda/ADJ,eduka/ADJ,ekspeditsioonina/NOUN
traagilise/ADJ,1984./ADJ,aastani/NOUN
valulik/ADJ,melanhoolne/ADJ,muusika/NOUN
pimestavvalge/ADJ,puhas/ADJ,marmor/NOUN
klassikaline/ADJ,heteroseksuaalne/ADJ,maailm/NOUN
uhiuus/ADJ,tänapäevane/ADJ,sõiduauto/NOUN
Uue/ADJ,transgeense/ADJ,hiireliini/NOUN
vanad/ADJ,tugevad/ADJ,tegijad/NOUN
viimase/ADJ,sõltumatu/ADJ,teguri/NOUN
praeguse/ADJ,inimmõjulise/ADJ,muutuse/NOUN
autoriteetse/ADJ,rahvusvahelise/ADJ,teadlaskogu/NOUN
viimane/ADJ,kaunis/ADJ,suvi/NOUN
kange/ADJ,käre/ADJ,talv/NOUN
Mullune/ADJ,kuum/ADJ,suvi/NOUN
kaugete/ADJ,välismaiste/ADJ,paikade/NOUN
traditsioonilisi/ADJ,eestipäraseid/ADJ,nimesid/NOUN
iseloomulikud/ADJ,tšetšeeni/ADJ,tähed/NOUN
tähtsamad/ADJ,poliitilised/ADJ,tegelased/NOUN
uus/ADJ,suurem/ADJ,ülestõus/NOUN
kõrgema/ADJ,parteilise/ADJ,hariduse/NOUN
Rängast/ADJ,rahvuslikust/ADJ,diskrimineerimisest/NOUN
uus/ADJ,metsik/ADJ,koloniaalsõda/NOUN
suur/ADJ,psühholoogiline/ADJ,tähendus/NOUN
rikkalik/ADJ,rahvuslik/ADJ,ornamentika/NOUN
Alumine/ADJ,valge/ADJ,triip/NOUN
Säärased/ADJ,mehaanilised/ADJ,võnkumised/NOUN
peamiseks/ADJ,põhjuslikuks/ADJ,mehhanismiks/NOUN
säärane/ADJ,öine/ADJ,episood/NOUN
järjekordset/ADJ,veealust/ADJ,kolossi/NOUN
suure/ADJ,veealuse/ADJ,ehituse/NOUN
isikliku/ADJ,kehalise/ADJ,ebamugavustundega/NOUN
Inimlik/ADJ,kehaline/ADJ,osavus/NOUN
mõistusekeskne/ADJ,läänelik/ADJ,inimene/NOUN
üliedukas/ADJ,bioloogiline/ADJ,liik/NOUN
taolistest/ADJ,instinktiivsetest/ADJ,käitumismallidest/NOUN
olulisemaid/ADJ,soolisi/ADJ,iseärasusi/NOUN
pikakaelalised/ADJ,tuhandekilosed/ADJ,kaunitarid/NOUN
kõrgete/ADJ,pikakaelaliste/ADJ,siluettideta/NOUN
halvamaitselisi/ADJ,mürgiseid/ADJ,aineid/NOUN
Kindel/ADJ,ühine/ADJ,poegimispiirkond/NOUN
Täiskasvanud/ADJ,isase/ADJ,kaelkirjaku/NOUN
pika/ADJ,peene/ADJ,kaela/NOUN
väiksed/ADJ,mahlakad/ADJ,lehed/NOUN
maduja/ADJ,sarvpinnalise/ADJ,moodustise/NOUN
karmidest/ADJ,lühikestest/ADJ,karvadest/NOUN
vägev/ADJ,must/ADJ,tutt/NOUN
kitsas/ADJ,hele/ADJ,joon/NOUN
uhket/ADJ,vana/ADJ,gasellikotkast/NOUN
Säärane/ADJ,piiramatu/ADJ,sõitmine/NOUN
suurimad/ADJ,võimalikud/ADJ,loomad/NOUN
suured/ADJ,lahked/ADJ,silmad/NOUN
uut/ADJ,kodumaist/ADJ,miljonäri/NOUN
Tüüpiline/ADJ,keskealine/ADJ,pangamiljonär/NOUN
kõrgemal/ADJ,professionaalsel/ADJ,tasemel/NOUN
elitaarse/ADJ,poliitilise/ADJ,kliki/NOUN
efektiivne/ADJ,ühine/ADJ,raha/NOUN
lapsevanemate-poolne/ADJ,tunnetatud/ADJ,vajadus/NOUN
kommunistlik/ADJ,poliitiline/ADJ,bürokraatia/NOUN
Endisest/ADJ,kommunistlikust/ADJ,ühiskonnast/NOUN
vabariiklike/ADJ,kommunistlike/ADJ,parteide/NOUN
räpane/ADJ,villane/ADJ,sokk/NOUN
esimesed/ADJ,vabad/ADJ,valimised/NOUN
uue/ADJ,akadeemilise/ADJ,kraadi/NOUN
kulunõudev/ADJ,pikaajaline/ADJ,protsess/NOUN
suuremad/ADJ,kirjalikud/ADJ,tööd/NOUN
Kuulus/ADJ,itaalia/ADJ,psühhiaater/NOUN
Keskmine/ADJ,eesti/ADJ,vang/NOUN
ainukeseks/ADJ,mustaks/ADJ,lambaks/NOUN
tulevast/ADJ,armeenia/ADJ,kirikuisa/NOUN
omapärase/ADJ,armeenia/ADJ,kirja/NOUN
Uus/ADJ,korruptsioonivastane/ADJ,seadus/NOUN
pidevatele/ADJ,sõjalistele/ADJ,operatsioonidele/NOUN
tohutud/ADJ,asustamata/ADJ,alad/NOUN
väike/ADJ,piiratud/ADJ,isolaat/NOUN
auhinnaline/ADJ,teine/ADJ,koht/NOUN
väike/ADJ,armas/ADJ,kodumaa/NOUN
Võimaliku/ADJ,uue/ADJ,kandidaadina/NOUN
õigeaegne/ADJ,kvalifitseeritud/ADJ,arstiabi/NOUN
peamine/ADJ,materiaalne/ADJ,väärtus/NOUN
riikliku/ADJ,venekeelse/ADJ,ajalehe/NOUN
ametlik/ADJ,keskmine/ADJ,palk/NOUN
korralik/ADJ,ingliskeelne/ADJ,koopia/NOUN
pahaendelises/ADJ,juriidilises/ADJ,vaakumis/NOUN
Igapäise/ADJ,administratiivse/ADJ,tegevuse/NOUN
võimalikke/ADJ,uusi/ADJ,turuletulijaid/NOUN
kindlaid/ADJ,seadusandlikke/ADJ,piiranguid/NOUN
ebaefektiivne/ADJ,avalik/ADJ,monopol/NOUN
noored/ADJ,agressiivsed/ADJ,kutid/NOUN
sirgel/ADJ,laial/ADJ,asfaltteel/NOUN
laia/ADJ,ühiskondliku/ADJ,liikumise/NOUN
uued/ADJ,poliitilised/ADJ,institutsioonid/NOUN
pisikesed/ADJ,putukataolised/ADJ,vidinad/NOUN
esimese/ADJ,maavälise/ADJ,satelliidi/NOUN
uusi/ADJ,noori/ADJ,talente/NOUN
kvaliteetsed/ADJ,kallid/ADJ,lamellrehvid/NOUN
nähtamatu/ADJ,musta/ADJ,jääga/NOUN
hilisema/ADJ,mugava/ADJ,sõidu/NOUN
hea/ADJ,muusikaline/ADJ,kõrv/NOUN
Erilisi/ADJ,muusikalisi/ADJ,eelistusi/NOUN
kahtlase/ADJ,professionaalse/ADJ,tasemega/NOUN
sügav/ADJ,filosoofiline/ADJ,sisu/NOUN
väike/ADJ,sõbralik/ADJ,aadlimees/NOUN
järgmine/ADJ,kõrge/ADJ,külaline/NOUN
taolise/ADJ,paranoilise/ADJ,mõtteviisiga/NOUN
minupoolne/ADJ,rahaline/ADJ,panus/NOUN
kaunis/ADJ,stereotüüpne/ADJ,osa/NOUN
suure/ADJ,kalgi/ADJ,ühiskonna/NOUN
varasemad/ADJ,klassikalised/ADJ,hüved/NOUN
kehtivat/ADJ,teaduslikku/ADJ,maailmavaadet/NOUN
haleda/ADJ,seniilse/ADJ,vanamehega/NOUN
Ainus/ADJ,õige/ADJ,mõte/NOUN
senisest/ADJ,parimast/ADJ,kohast/NOUN
mingisugust/ADJ,sügavat/ADJ,seost/NOUN
vaikne/ADJ,passiivne/ADJ,sallimatus/NOUN
pooliku/ADJ,17/ADJ,rea/NOUN
igatmasti/ADJ,tehnilise/ADJ,infoga/NOUN
Lühike/ADJ,sisuline/ADJ,sünops/NOUN
puhas/ADJ,tobe/ADJ,väide/NOUN
ainuke/ADJ,mõistlik/ADJ,klaas/NOUN
Teine/ADJ,suurem/ADJ,viga/NOUN
igasugu/ADJ,karmide/ADJ,suuliste/NOUN
väike/ADJ,tähtajaline/ADJ,hoius/NOUN
ainus/ADJ,loogiline/ADJ,käik/NOUN
parim/ADJ,kaasaegne/ADJ,skulptor/NOUN
vana/ADJ,hea/ADJ,praekartul/NOUN
peened/ADJ,prantsusepärased/ADJ,hääldused/NOUN
