count,awf,nwf
1,1.,deild
1,1.,krýn.
1,1.,mai
1,10.,august
1,11.,august
1,11.,februar
1,12.,mars
1,12.,øld
1,14.,býur
1,15.,mai
2,16.,øld
1,17.,mars
1,17.,øld
1,18.,øld
1,19.,januar
1,19.,øld
1,2.,februar
1,2.,juli
1,2.,jóladagur
1,2.,jóladegi
1,20.,januar
1,22.,februar
1,23.,desember
1,24.,august
1,25.,januar
1,28.,juli
1,29.,oktober
1,29.,september
1,3.,deild
1,3.,mai
1,31.,ráðgevararnir
1,40.,dagurin
1,50.,útgávan
1,afrikanski,fílurin
1,afrikanskir,átrúnaðir
1,almenni,hagtalsmyndugleikin
1,almennur,flaggdagur
1,amerikanska,grundlógin
1,amerikanska,herinum
1,amerikanska,lutastatinum
1,amerikanska,lutstatinum
1,amerikanska,statinum
2,amerikanskar,hernaðarstøðir
1,amerikanskir,ríkisborgarar
1,annar,rókurin
1,annað,orð
1,annað,prógv
1,annað,reiður
1,avstralskum,fótbólti
1,aðra,helvtina
1,aðrar,falkar
1,aðrar,kyrrahavsoyggjar
1,aðrar,lógir
1,aðrar,mátar
1,aðrar,vinnur
1,aðrar,áhoyrarar
1,aðrir,evropearar
2,aðrir,felagsskapir
1,aðrir,partar
1,aðrir,trúarbólkar
1,berligt,fjallalendi
1,besta,landbúnaðarlendið
1,besti,svimjarin
1,bestu,semju
1,bestu,seyðamonnum
1,bláar,listar
1,blágrøni,liturin
1,bretska,hersetingin
1,bretska,samveldinum
1,bretskir,hermenn
1,bretskum,fjølmiðlum
1,bretskum,yvirvaldi
1,bretskur,hermaður
1,bíbilskt,staðarnavn
1,búskaparliga,vøksturin
3,búskaparligan,týdning
1,búskaparligu,broytingarnar
1,danska,kongaríkinum
1,danska,kongsríkinum
2,danskt,mál
1,danskur,løgfrøðingur
1,danskur,svimjari
1,deyður,indiáni
1,djúpir,áarósar
1,donsku,grundlógini
1,donskum,prestum
1,dugnaligir,handverkarar
1,duldarfull,gandaorð
1,dámdi,ítróttur
1,egin,kommuna
1,egna,landi
1,einasta,farleið
1,einasta,gongugøta
1,einasti,indiánin
1,einasti,landbúnaður
1,einasti,norðurlendingurin
1,einasti,stórbýur
1,einastu,mølheyggjum
1,einskildur,ognarrættur
1,einstøkum,bjargafuglum
1,eirindaleysur,einaræðisharri
1,elalítil,partur
1,eldhugaður,kollveltingarmaður
1,elsti,flokkur
1,elstu,bygdum
1,endaliga,støðan
1,evropeiskar,rúmdarverkætlanir
1,evropeiski,fótbóltsleikari
1,evropiskur,mentanarhøvuðsstaður
1,eyðkend,landbúnaðarbygd
1,eyðkendur,roykur
1,fakligur,myndugleiki
1,fastir,nevndarsessir
1,finska,ríkinum
1,fjølbroytt,fuglalív
1,fjølbroytt,vinnulív
1,fjølbroyttur,yrkjari
1,fleiri,farstøðir
2,fleiri,ferðir
1,fleiri,jarnbreytir
1,fleiri,kirkjur
1,fleiri,legur
1,fleiri,løntakarar
1,fleiri,rottur
1,fleiri,sjónvarpsframleiðslum
2,fleiri,sløg
1,fleiri,trúarsamfeløg
1,fleiri,ættarbólkar
1,flestu,býir
1,flestu,ferðafólkini
3,flestu,fólk
1,flestu,skriðdýr
1,flestu,sýrar
1,floygdir,ungar
1,formliga,partur
2,framsøkin,ung
1,framsøkin,ungdómur
2,franska,fótbóltslandsliðið
1,fronsku,kollveltingini
1,fruktagóða,jørðin
1,fruktagóða,slættlendið
1,fruktagóðar,fløtur
1,fruktagóðar,oyrar
1,frálíkur,sjómaður
1,fríði,fuglur
2,fyrisitingarligur,høvuðsstaður
2,fyrsta,kvinna
1,fá,fólk
1,fá,hús
1,fíggjarligan,stuðul
1,fólkaræðisligu,rættindi
1,føroysk,filmsfólk
1,føroysk,tónaskøld
1,føroyskan,háskúla
1,føroyskan,mentan
1,føroyskan,saltfisk
1,føroyski,svimjarin
1,føroyskir,lutir
1,føroyskir,seðlar
1,føroyskt,mál
1,føroyskt,tíðarrit
1,føroysku,alivinnuni
1,føroysku,bátamentanina
1,føroysku,strondina
2,føroyskur,dansur
1,føroyskur,svimjari
3,føroyskur,tónleikabólkur
1,føstu,nevndunum
1,gamal,tari
1,gamalt,handverk
1,gamla,sáttmálanum
2,gamlari,tíð
1,gamlir,bygningar
1,gomlu,bygdina
1,gomlu,bátamentanina
1,gomul,sjóvinnutjóð
1,gott,ferðasamband
1,grikska,búskapin
1,grikskt,orð
1,grunna,foyru
1,grønlendski,ísurin
1,góð,avgerð
1,góði,indiánin
1,góðum,landbúnaði
1,góður,havnarbýur
1,harðliga,manni
1,hebraiskan,mann
1,heilaga,kvøldmáltíð
1,heilagi,fuglurin
1,heilagu,kvøldmáltíðina
1,heilt,kapittul
2,heit,sandoyðimørk
2,hernaðarliga,verjan
1,hvítum,klæðum
1,hvítum,prikkum
1,hægsta,ráð
3,hægsti,myndugleiki
1,hóvligur,sjálvstýrismaður
1,høg,fjøll
1,høgar,brekkur
1,høgum,fjallalendi
1,høgum,fjøllum
1,høgur,bakki
1,indiskur,statsborgari
1,jødiska,gudstænastu
1,kaldur,streymur
1,kapitalistiskum,samfeløgum
1,katólska,kirkjan
1,katólska,kirkjuliðið
1,katólskt,biskupssetur
1,kommunistiskt,stýri
1,kongaligur,kanningarleiðari
1,kristni,siðurin
1,kørg,jørð
1,langir,reklar
1,leyslig,umseting
1,liberalistiskur,vinnupolitikkur
1,litavska,búskapin
1,liðilig,horn
1,ljósabláum,eyðkennisbúna
1,long,oyggjarnar
1,lutherska,kirkjan
1,lágur,skattur
1,lægri,deild
1,lærdir,háskúlar
1,lítil,meiriluti
1,lítil,oyggj
1,lítil,partur
1,lítið,fólk
1,lítlu,støddini
1,lívsneyðugur,heilivágur
1,løgfrøðiligum,serfrøðingum
2,mangir,bøndur
1,mangir,býir
1,mangir,átrúnaðir
1,mentanarligan,týdning
1,mentanarligur,miðdepil
1,mikil,maður
1,mikil,meinbogi
1,mikil,ídnaðar-
1,mikið,vald
1,miklan,ampa
1,minni,vinir
1,minst,ferðir
1,minsta,flogmúsin
1,minsta,lagi
1,minsti,falkur
1,minsti,høvuðsstaðurin
1,minstu,falkum
1,mjúkt,hvin
1,mong,fornminni
1,mong,fólkasløg
1,mong,mál
1,mong,oljureinsiverk
1,mong,vøtn
3,mong,ár
1,mongolskum,ættarbólkum
1,mongum,húsarhaldi
2,mongum,oyggjum
1,munadyggan,hátt
1,myrkabláum,eyðkennisbúna
2,norskt,mál
1,norðurlendsk,met
1,næstaftasta,stavilsi
1,nógv,fartan
1,nógv,ferðafólk
1,nógv,frukt
1,nógv,frímerki
1,nógv,gistingarhús
1,nógv,gull
1,nógv,kol
1,nógv,neytahald
1,nógv,náttúruríkidømi
1,nógv,samband
1,nógv,seyðahald
2,nógv,steinsløg
1,nógv,stríð
1,nógv,virksemi
1,nógv,øki
1,nógvar,kyrrahavsoyggjar
1,nógvar,lógir
2,nógvar,mátar
2,nógvar,oyggjar
2,nógvar,áir
1,nógvir,indiánar
1,nógvir,norðbúgvar
1,nógvir,seyðir
1,nógvir,sniglar
1,nógvum,oyggjum
1,nógvum,ungdómi
1,nógvur,bøur
2,nógvur,fiskur
1,nógvur,heiðafuglur
1,nógvur,kavi
1,nógvur,lomvigi
2,nógvur,seyður
1,nógvur,ídnaður
1,nýggir,bussar
1,nýggj,útstykking
1,nýggja,testamenti
1,nýggja,trælamarknaðinum
1,nýggjari,fyribrigdi
1,nýggju,sýslur
1,nýggjum,hagtølum
1,nýggjur,býur
1,nýggjur,heimur
1,olympiskur,bronsuvinnari
2,onnur,eystanlond
1,onnur,framtíðarhugsjón
1,onnur,helvtin
1,onnur,lond
1,onnur,útgávan
1,opið,sár
1,ovurstóran,týdning
1,ovurstórur,munur
1,persónligum,atkvøðum
1,politiska,skipanin
1,politiskar,broytingar
1,politiski,flokkur
1,politiskt,samveldi
1,politiskt,ungmannafelag
1,politiskur,flokkur
1,privata,vinnulívinum
1,protestantiska,læran
1,prýðiligum,bygningum
1,reyðu,litirnar
1,reyðum,flaggi
1,ring,hitabeltissjúka
1,ringu,bústaðarviðurskiftunum
1,ringum,standi
1,runt,træpetti
1,russiska,tinginum
1,rætttrúgvandi,fariseari
1,ræðuligu,arbeiðsumstøðunum
1,sama,degi
1,sama,hátt
2,sama,navni
1,sama,rottureiðrið
1,sama,øki
1,sameindu,tjóðir
1,samfelagsliga,innliman
1,seinna,heimsbardaga
1,serligir,seðlar
1,serstakliga,brúðarkjóli
1,serstøkum,sniði
1,sjaldsama,fuglur
1,sjáldsama,væl
1,sjálva,havnina
1,sjálvlærdur,listamaður
1,sjálvstøðugt,ríki
1,sjálvstøðugur,limur
1,sjálvstýrandi,landslutur
1,sjálvstýrandi,lond
1,sjálvum,fjøllunum
1,skrivliga,keldan
1,slættur,bøur
1,slíkum,menni
1,slíkur,pollur
1,smidligur,fiskur
1,smáar,tenn
1,smáir,bóndagarðar
1,smáir,skjálvtar
1,somu,holu
1,somu,oyggj
1,somu,tíð
1,somu,viðurskifti
1,spakur,fuglur
1,spanska,búskapinum
1,sponskum,yvirræði
1,spølin,dýr
1,sterkir,valdsharrar
1,stutt,søga
1,stór,fjallalendi
1,stór,fjøll
1,stór,margarin-
1,stór,oljureinsiverk
1,stór,oyðimørk
1,stór,plága
1,stór,skipahavn
1,stór,vinnugrein
1,stór,útflutningsvøra
1,stóra,havn
1,stóran,ampa
1,stóran,bý
2,stóran,mun
7,stóran,týdning
1,stórar,oyrar
1,stóri,áhugi
1,stórir,garðar
2,stórir,partar
1,stórir,skógir
1,stórir,slættar
1,stórt,arbeiðspláss
1,stórt,fjall
1,stórt,ríki
1,stórt,tún
1,stórt,universitet
1,stórt,vatntrot
1,stóru,vatnorkuverkum
1,stórum,býum
2,stórum,landi
1,stórum,skjálvta
1,stórum,skógum
1,stórum,vøkstri
1,stórum,ídnaðarøki
1,stórur,búskaparvøkstur
1,stórur,flogvøllur
1,stórur,meiriluti
3,stórur,munur
3,stórur,partur
1,stórur,trupulleiki
1,stórur,tørvur
1,stórur,ídnaðarbýur
1,størri,saltvatnsøki
1,størsta,fiskivinnuhavnin
1,størsta,fyritøkan
1,størsta,inntøkan
1,størsta,kommuna
1,størsta,kommunan
4,størsta,oyggin
1,størsta,oyggj
1,størsta,rovdýrið
1,størsta,vandabólkinum
1,størsta,vatnið
1,størsta,áin
1,størsti,byggingarfuglur
1,størsti,bólkurin
33,størsti,býur
25,størsti,býurin
1,størsti,eigarin
1,størsti,halgidómur
1,størsti,marknaðurin
1,størsti,skapningur
1,størstu,býirnar
1,størstu,flogvøllum
1,størstu,stórstaðarøkini
1,støðugum,vøkstri
1,svarti,snigil
1,svartur,kongur
1,svenskar,krónur
1,svørtum,trælum
1,søgulig,bygd
1,tama,dúgvan
1,tiltikna,óveðursdagin
1,tiltiknir,smiðir
1,triðja,plássi
1,triðja,stongin
1,triðja,ættarlið
1,triðju,bók
1,tronga,sundið
1,trongligur,skúlagarður
1,trongum,tíðum
1,tropiska,veðurlagið
2,turr,oyðimørk
1,tílíkt,umveldi
1,týdningarmikil,handils
1,týdningarmikil,longur
2,týdningarmikið,amboð
1,týska,statinum
1,umsitingarligi,myndugleiki
1,ungarskt,landnám
1,ungi,tíðindamaðurin
1,upprunaliga,nævur
1,upprunaliga,skipanin
1,uttanveltaðan,heim
1,vakur,býur
1,vanliga,borgaran
1,vanligt,fiskavirki
1,veikur,statur
1,veðurgott,bøur
1,vinnuligan,týdning
1,virknir,súkklarar
1,viðgitnir,ferðamannabýir
1,vánaliga,kostinum
1,vánaligar,venjingarumstøður
1,vánaligum,veðurlíkindum
1,víðgongdur,loysingarmaður
1,ymisk,evni
1,ymisk,lond
1,ymisk,málføri
1,ymisk,oyggjarnar
1,ymisk,sløg
1,ymiskar,mátar
1,ymsir,hættir
1,ymsu,partarnir
1,ymsum,uppruna
1,áhugaverd,samanseting
1,átrúnaðarligir,bólkar
1,ávísum,sjúkum
1,ávísum,trúarbólki
1,íroknað,víddina
1,ísaðan,fisk
1,íslendska,forsetanum
1,óheftur,felagsskapur
1,ólógliga,handlinum
1,ómetaligan,týdning
1,órørda,náttúru
1,óvirkin,loftevni
