rythme/NOUN,cardiaque/ADJ,normal/ADJ
agence/NOUN,gouvernementale/ADJ,américaine/ADJ
nouvelles/ADJ,recrues/NOUN,militaires/ADJ
anciens/ADJ,services/NOUN,secrets/ADJ
quartiers/NOUN,généraux/ADJ,américains/ADJ
premier/ADJ,Championnat/NOUN,international/ADJ
premier/ADJ,cosmonaute/NOUN,russe/ADJ
premier/ADJ,cosmonaute/NOUN,russe/ADJ
grossesse/NOUN,humaine/ADJ,normale/ADJ
dernière/ADJ,grande/ADJ,éruption/NOUN
dernière/ADJ,éruption/NOUN,importante/ADJ
groupe/NOUN,religieux/ADJ,japonais/ADJ
Deuxième/ADJ,Guerre/NOUN,mondiale/ADJ
autre/ADJ,terme/NOUN,astronomique/ADJ
tenue/NOUN,multicolore/ADJ,traditionnelle/ADJ
premier/ADJ,premier/ADJ,ministre/NOUN
premier/ADJ,président/NOUN,américain/ADJ
premier/ADJ,président/NOUN,américain/ADJ
premier/ADJ,satellite/NOUN,américain/ADJ
ville/NOUN,écossaise/ADJ,mythique/ADJ
hymne/NOUN,national/ADJ,nord-coréen/ADJ
principale/ADJ,exportation/NOUN,principale/ADJ
première/ADJ,série/NOUN,télévisée/ADJ
Guerre/NOUN,civile/ADJ,espagnole/ADJ
Station/NOUN,spatiale/ADJ,internationale/ADJ
première/ADJ,bombe/NOUN,atomique/ADJ
Deuxième/ADJ,Guerre/NOUN,mondiale/ADJ
base/NOUN,militaire/ADJ,américaine/ADJ
premier/ADJ,phare/NOUN,américain/ADJ
première/ADJ,transplantation/NOUN,cardiaque/ADJ
nouvelles/ADJ,populations/NOUN,légales/ADJ
½/ADJ,part/NOUN,supplémentaire/ADJ
bien/NOUN,immobilier/ADJ,vide/ADJ
résidences/NOUN,mobiles/ADJ,terrestres/ADJ
maladie/NOUN,neurologique/ADJ,rare/ADJ
premier/ADJ,président/NOUN,taïwanais/ADJ
sixième/ADJ,rencontre/NOUN,annuelle/ADJ
premier/ADJ,président/NOUN,noir/ADJ
chantier/NOUN,naval/ADJ,japonais/ADJ
immense/ADJ,complexe/NOUN,nucléaire/ADJ
maladie/NOUN,neurologique/ADJ,chronique/ADJ
premier/ADJ,citoyen/NOUN,privé/ADJ
grande/ADJ,ville/NOUN,américaine/ADJ
compagnies/NOUN,financières/ADJ,étrangères/ADJ
station/NOUN,spatiale/ADJ,permanente/ADJ
célèbre/ADJ,chef/NOUN,communiste/ADJ
dernière/ADJ,invasion/NOUN,américaine/ADJ
élection/NOUN,présidentielle/ADJ,américaine/ADJ
premier/ADJ,cosmonaute/NOUN,russe/ADJ
Deuxième/ADJ,Guerre/NOUN,mondiale/ADJ
première/ADJ,voie/NOUN,ferrée/ADJ
politicien/NOUN,communiste/ADJ,chinois/ADJ
salaire/NOUN,fédéral/ADJ,minimum/ADJ
seconde/ADJ,navette/NOUN,spatiale/ADJ
quartiers/NOUN,généraux/ADJ,américains/ADJ
maternité/NOUN,humaine/ADJ,normale/ADJ
dernière/ADJ,éruption/NOUN,majeure/ADJ
Guerre/NOUN,civile/ADJ,américaine/ADJ
Première/ADJ,Guerre/NOUN,mondiale/ADJ
Deuxième/ADJ,Guerre/NOUN,mondiale/ADJ
coureur/NOUN,cycliste/ADJ,espagnol/ADJ
coûteuses/ADJ,armures/NOUN,complètes/ADJ
petit/ADJ,requin/NOUN,bathy-benthique/ADJ
autre/ADJ,composant/NOUN,génétique/ADJ
identité/NOUN,nationale/ADJ,polonaise/ADJ
coureur/NOUN,cycliste/ADJ,français/ADJ
dernier/ADJ,périmètre/NOUN,vital/ADJ
République/NOUN,fédérale/ADJ,islamique/ADJ
ancienne/ADJ,joueuse/NOUN,australienne/ADJ
Nouveau/ADJ,Cinéma/NOUN,grec/ADJ
vers/NOUN,plats/ADJ,parasites/ADJ
gare/NOUN,ferroviaire/ADJ,française/ADJ
faible/ADJ,flux/NOUN,lumineux/ADJ
meilleurs/ADJ,romans/NOUN,policiers/ADJ
autorité/NOUN,administrative/ADJ,indépendante/ADJ
mini-série/NOUN,biographique/ADJ,québécoise/ADJ
meilleure/ADJ,université/NOUN,technique/ADJ
grandes/ADJ,associations/NOUN,internationales/ADJ
acide/NOUN,gras/ADJ,polyinsaturé/ADJ
autres/ADJ,économies/NOUN,européennes/ADJ
territoires/NOUN,sahraouis/ADJ,occupés/ADJ
premiers/ADJ,jeux/NOUN,vidéo/ADJ
parti/NOUN,communiste/ADJ,français/ADJ
Parti/NOUN,démocrate/ADJ,local/ADJ
famille/NOUN,aristocratique/ADJ,bretonne/ADJ
première/ADJ,tournée/NOUN,européenne/ADJ
nouveau/ADJ,Premier/ADJ,ministre/NOUN
Souverain/ADJ,grand/ADJ,comité/NOUN
Première/ADJ,Guerre/NOUN,mondiale/ADJ
Première/ADJ,Guerre/NOUN,mondiale/ADJ
militant/NOUN,royaliste/ADJ,français/ADJ
cortex/NOUN,somesthésique/ADJ,primaire/ADJ
territoires/NOUN,sahraouis/ADJ,libérés/ADJ
récompense/NOUN,cinématographique/ADJ,américaine/ADJ
universités/NOUN,françaises/ADJ,partenaires/ADJ
premier/ADJ,ministre/NOUN,français/ADJ
propres/ADJ,ordures/NOUN,ménagères/ADJ
meilleurs/ADJ,clubs/NOUN,tunisiens/ADJ
coureur/NOUN,cycliste/ADJ,ivoirien/ADJ
guerre/NOUN,civile/ADJ,espagnole/ADJ
Seconde/ADJ,République/NOUN,espagnole/ADJ
télévision/NOUN,publique/ADJ,britannique/ADJ
échangeur/NOUN,autoroutier/ADJ,complet/ADJ
meilleur/ADJ,restaurant/NOUN,Japonnais/ADJ
double/ADJ,nationalité/NOUN,suisse/ADJ
Premier/ADJ,ministre/NOUN,pakistanais/ADJ
Assemblée/NOUN,constituante/ADJ,souveraine/ADJ
Station/NOUN,spatiale/ADJ,internationale/ADJ
nœud/NOUN,routier/ADJ,important/ADJ
conditions/NOUN,météorologiques/ADJ,déplorables/ADJ
pratique/NOUN,musicale/ADJ,chrétienne/ADJ
nouvelle/ADJ,organisation/NOUN,monocamérale/ADJ
nouvelle/ADJ,assemblée/NOUN,unique/ADJ
ancienne/ADJ,organisation/NOUN,bicamérale/ADJ
Seconde/ADJ,Guerre/NOUN,mondiale/ADJ
solde/NOUN,naturel/ADJ,annuel/ADJ
rendement/NOUN,optique/ADJ,maximal/ADJ
nouveau/ADJ,gouvernement/NOUN,russe/ADJ
premier/ADJ,recensement/NOUN,exhaustif/ADJ
vie/NOUN,culturelle/ADJ,active/ADJ
voies/NOUN,ferrées/ADJ,françaises/ADJ
parti/NOUN,politique/ADJ,indien/ADJ
division/NOUN,administrative/ADJ,française/ADJ
pression/NOUN,hydrostatique/ADJ,importante/ADJ
masque/NOUN,facial/ADJ,turquoise/ADJ
second/ADJ,niveau/NOUN,national/ADJ
réseaux/NOUN,écologiques/ADJ,régionaux/ADJ
position/NOUN,christologique/ADJ,monophysite/ADJ
homme/NOUN,politique/ADJ,anglais/ADJ
peinture/NOUN,bleue/ADJ,saturée/ADJ
nombreuses/ADJ,richesses/NOUN,locales/ADJ
seuls/ADJ,membres/NOUN,survivants/ADJ
longue/ADJ,queue/NOUN,étroite/ADJ
passionnant/ADJ,documentaire/NOUN,sonore/ADJ
station/NOUN,balnéaire/ADJ,algérienne/ADJ
troisième/ADJ,tir/NOUN,glorieux/ADJ
vaste/ADJ,corps/NOUN,central/ADJ
nombreuses/ADJ,sources/NOUN,chaudes/ADJ
cinéma/NOUN,social/ADJ,américains/ADJ
terrain/NOUN,politique/ADJ,vierge/ADJ
meilleure/ADJ,joueuse/NOUN,européenne/ADJ
Parti/NOUN,communiste/ADJ,palestinien/ADJ
cathédrale/NOUN,anglicane/ADJ,britannique/ADJ
prêtre/NOUN,jésuite/ADJ,français/ADJ
perte/NOUN,financière/ADJ,considérable/ADJ
service/NOUN,militaire/ADJ,obligatoire/ADJ
littérature/NOUN,classique/ADJ,étrangère/ADJ
premier/ADJ,sous-marin/NOUN,ennemi/ADJ
première/ADJ,attaque/NOUN,aérienne/ADJ
dangereux/ADJ,chefs/NOUN,terroristes/ADJ
premier/ADJ,circuit/NOUN,économique/ADJ
produits/NOUN,laitiers/ADJ,biologiques/ADJ
ingrédients/NOUN,prétranchés/ADJ,surgelés/ADJ
première/ADJ,recette/NOUN,française/ADJ
quatrième/ADJ,meilleur/ADJ,résultat/NOUN
sélection/NOUN,nationale/ADJ,togolaise/ADJ
élections/NOUN,législatives/ADJ,françaises/ADJ
ancien/ADJ,footballeur/NOUN,norvégien/ADJ
premiers/ADJ,militants/NOUN,fabiusiens/ADJ
grand/ADJ,maître/NOUN,international/ADJ
réelle/ADJ,dimension/NOUN,dramatique/ADJ
température/NOUN,minimale/ADJ,moyenne/ADJ
futures/ADJ,marées/NOUN,noires/ADJ
grands/ADJ,groupes/NOUN,pétroliers/ADJ
deuxième/ADJ,niveau/NOUN,national/ADJ
émotions/NOUN,paysannes/ADJ,médiévales/ADJ
compositeur/NOUN,belge/ADJ,néoclassique/ADJ
Seconde/ADJ,Guerre/NOUN,mondiale/ADJ
résultat/NOUN,opérationnel/ADJ,courant/ADJ
Football/NOUN,Atlantique/ADJ,Rochelais/ADJ
incontournable/ADJ,épreuve/NOUN,internationale/ADJ
plate-forme/NOUN,logicielle/ADJ,intégrée/ADJ
pires/ADJ,saisons/NOUN,grippales/ADJ
matériel/NOUN,pédagogique/ADJ,spécifique/ADJ
meilleures/ADJ,conditions/NOUN,financières/ADJ
nouveau/ADJ,texte/NOUN,constitutionnel/ADJ
autres/ADJ,principaux/ADJ,représentants/NOUN
pouvoirs/NOUN,publics/ADJ,ivoiriens/ADJ
Parti/NOUN,communiste/ADJ,chinois/ADJ
hockey/NOUN,junior/ADJ,majeur/ADJ
Premier/ADJ,ministre/NOUN,grec/ADJ
future/ADJ,Banque/NOUN,centrale/ADJ
ensemble/NOUN,musical/ADJ,français/ADJ
première/ADJ,élection/NOUN,présidentielle/ADJ
grands/ADJ,chantiers/NOUN,économiques/ADJ
précédente/ADJ,réunion/NOUN,informelle/ADJ
petite/ADJ,robe/NOUN,cintrée/ADJ
ancien/ADJ,footballeur/NOUN,français/ADJ
analyse/NOUN,chimique/ADJ,environnementale/ADJ
divers/ADJ,services/NOUN,gouvernementaux/ADJ
vols/NOUN,orbitaux/ADJ,habités/ADJ
homme/NOUN,politique/ADJ,français/ADJ
homme/NOUN,politique/ADJ,français/ADJ
premier/ADJ,album/NOUN,solo/ADJ
film/NOUN,dramatique/ADJ,américain/ADJ
Seconde/ADJ,Guerre/NOUN,mondiale/ADJ
seule/ADJ,phase/NOUN,incompressible/ADJ
Seconde/ADJ,Guerre/NOUN,mondiale/ADJ
double/ADJ,enveloppe/NOUN,cylindrique/ADJ
Communauté/NOUN,économique/ADJ,européenne/ADJ
taux/NOUN,directeur/ADJ,inchangé/ADJ
population/NOUN,adulte/ADJ,saine/ADJ
Marine/NOUN,impériale/ADJ,japonaise/ADJ
premier/ADJ,établissement/NOUN,officiel/ADJ
propres/ADJ,fichiers/NOUN,manuels/ADJ
différents/ADJ,forums/NOUN,internationaux/ADJ
vin/NOUN,blanc/ADJ,français/ADJ
débit/NOUN,mensuel/ADJ,estival/ADJ
structure/NOUN,intercommunale/ADJ,française/ADJ
vingt-quatrième/ADJ,album/NOUN,cohérent/ADJ
température/NOUN,minimum/ADJ,moyenne/ADJ
film/NOUN,dramatique/ADJ,franco-italien/ADJ
ancien/ADJ,secrétaire/NOUN,général/ADJ
précédentes/ADJ,expéditions/NOUN,cartographiques/ADJ
première/ADJ,carte/NOUN,complète/ADJ
college/NOUN,privé/ADJ,américain/ADJ
haut/ADJ,fonctionnaire/NOUN,américain/ADJ
derniers/ADJ,pourparlers/NOUN,informels/ADJ
anciens/ADJ,chanceliers/NOUN,royaux/ADJ
premiers/ADJ,disques/NOUN,personnels/ADJ
élections/NOUN,législatives/ADJ,régionales/ADJ
dernier/ADJ,assaut/NOUN,frontal/ADJ
maîtres/NOUN,spirituels/ADJ,indiens/ADJ
meilleurs/ADJ,joueurs/NOUN,irlandais/ADJ
nombreuses/ADJ,autres/ADJ,préparations/NOUN
bonne/ADJ,première/ADJ,saison/NOUN
lourd/ADJ,furisode/NOUN,protecteur/ADJ
sciences/NOUN,politiques/ADJ,français/ADJ
vie/NOUN,politique/ADJ,américaine/ADJ
Seconde/ADJ,Guerre/NOUN,mondiale/ADJ
sites/NOUN,naturels/ADJ,remarquables/ADJ
véritable/ADJ,guerre/NOUN,civile/ADJ
enceintes/NOUN,parlementaires/ADJ,françaises/ADJ
alliance/NOUN,anti-indépendantiste/ADJ,secrète/ADJ
groupuscules/NOUN,contre-révolutionnaire/ADJ,locaux/ADJ
personnalités/NOUN,poujadistes/ADJ,influentes/ADJ
licences/NOUN,exclusives/ADJ,mondiales/ADJ
grande/ADJ,prudence/NOUN,gestionnaire/ADJ
grand/ADJ,salon/NOUN,ovale/ADJ
imposante/ADJ,maison/NOUN,bourgeoise/ADJ
petit/ADJ,point/NOUN,négatif/ADJ
homme/NOUN,politique/ADJ,ivoirien/ADJ
anciens/ADJ,quartiers/NOUN,populaires/ADJ
délicieux/ADJ,thés/NOUN,anglais/ADJ
autres/ADJ,sites/NOUN,touristiques/ADJ
Haut/ADJ,Moyen/ADJ,Âge/NOUN
île/NOUN,corallienne/ADJ,inhabitée/ADJ
skieur/NOUN,acrobatique/ADJ,autrichien/ADJ
examen/NOUN,physique/ADJ,général/ADJ
nouveau/ADJ,collège/NOUN,cardinalice/ADJ
Secrétariat/NOUN,général/ADJ,hellénique/ADJ
série/NOUN,télévisée/ADJ,canadienne/ADJ
bon/ADJ,petit/ADJ,restaurant/NOUN
grandes/ADJ,invasions/NOUN,barbares/ADJ
intenses/ADJ,discussions/NOUN,diplomatiques/ADJ
ancienne/ADJ,base/NOUN,aérienne/ADJ
fête/NOUN,celtique/ADJ,enflammée/ADJ
données/NOUN,publiques/ADJ,ouvertes/ADJ
sociétés/NOUN,sidérurugiques/ADJ,luxembourgeoises/ADJ
événement/NOUN,mental/ADJ,singulier/ADJ
autres/ADJ,bonnes/ADJ,critiques/NOUN
suffrage/NOUN,universel/ADJ,direct/ADJ
villes/NOUN,thermales/ADJ,allemandes/ADJ
exploitation/NOUN,agricole/ADJ,vivrière/ADJ
petite/ADJ,échoppe/NOUN,discrète/ADJ
médias/NOUN,bourgeois/ADJ,conservateurs/ADJ
éléments/NOUN,architecturaux/ADJ,caractéristiques/ADJ
seul/ADJ,point/NOUN,negatif/ADJ
meilleur/ADJ,petit/ADJ,ami/NOUN
puissances/NOUN,démocratiques/ADJ,occidentales/ADJ
ancien/ADJ,footballeur/NOUN,français/ADJ
pays/NOUN,arabe/ADJ,précis/ADJ
police/NOUN,secrète/ADJ,allemande/ADJ
autres/ADJ,collègues/NOUN,parlementaires/ADJ
exposé/NOUN,autobiographique/ADJ,vrai/ADJ
grande/ADJ,force/NOUN,persuasive/ADJ
joueur/NOUN,international/ADJ,péruvien/ADJ
accident/NOUN,cardio-vasculaire/ADJ,grave/ADJ
premiers/ADJ,êtres/NOUN,humains/ADJ
fine/NOUN,bordure/ADJ,orange/ADJ
prochain/ADJ,Conseil/NOUN,européen/ADJ
XVe/ADJ,division/NOUN,écossaise/ADJ
IXe/ADJ,division/NOUN,écossaise/ADJ
défenses/NOUN,antiaériennes/ADJ,adverses/ADJ
nouvelle/ADJ,procédure/NOUN,rituelle/ADJ
lieu/NOUN,historique/ADJ,national/ADJ
deuxième/ADJ,année/NOUN,consécutive/ADJ
division/NOUN,administrative/ADJ,française/ADJ
grandes/ADJ,entreprises/NOUN,espagnoles/ADJ
bureaux/NOUN,administratifs/ADJ,fonctionnels/ADJ
bons/ADJ,petits/ADJ,resto/NOUN
petit/ADJ,ville/NOUN,vaudoise/ADJ
connexion/NOUN,électrique/ADJ,rapide/ADJ
Église/NOUN,orthodoxe/ADJ,russe/ADJ
jeu/NOUN,télévisé/ADJ,luxembourgeois/ADJ
bandes/NOUN,transversales/ADJ,noires/ADJ
grands/ADJ,ensembles/NOUN,immobiliers/ADJ
personnage/NOUN,médiatique/ADJ,espagnol/ADJ
meilleure/ADJ,première/ADJ,semaine/NOUN
nouveau/ADJ,constructeur/NOUN,italien/ADJ
seconde/ADJ,voiture/NOUN,automobile/ADJ
grand/ADJ,propriétaire/NOUN,terrien/ADJ
paradis/NOUN,toulousain/ADJ,abordable/ADJ
domination/NOUN,coloniale/ADJ,britannique/ADJ
autre/ADJ,matière/NOUN,adéquate/ADJ
forces/NOUN,armées/ADJ,nationales/ADJ
Comité/NOUN,consultatif/ADJ,mixte/ADJ
constat/NOUN,statistique/ADJ,navrant/ADJ
Véritable/ADJ,projet/NOUN,multimédia/ADJ
nombreuses/ADJ,vexations/NOUN,sexuelles/ADJ
seule/ADJ,langue/NOUN,officielle/ADJ
nouvelle/ADJ,tournée/NOUN,européenne/ADJ
Cinquième/ADJ,visite/NOUN,pastorale/ADJ
Espace/NOUN,économique/ADJ,européen/ADJ
autres/ADJ,médias/NOUN,marocains/ADJ
autres/ADJ,coupes/NOUN,européennes/ADJ
1re/ADJ,armée/NOUN,parachutiste/ADJ
probable/ADJ,île/NOUN,unique/ADJ
homme/NOUN,politique/ADJ,néerlandais/ADJ
Programme/NOUN,alimentaire/ADJ,mondial/ADJ
célèbre/ADJ,quotidien/NOUN,allemand/ADJ
Frankfurter/ADJ,Allgemeine/ADJ,Zeitung/NOUN
nouveau/ADJ,système/NOUN,légal/ADJ
premières/ADJ,compétences/NOUN,obligatoires/ADJ
carrière/NOUN,junior/ADJ,fructueuse/ADJ
information/NOUN,magnétique/ADJ,binaire/ADJ
élections/NOUN,législatives/ADJ,françaises/ADJ
Troisième/ADJ,Civilisation/NOUN,Hellénique/ADJ
empire/NOUN,grec/ADJ,byzantin/ADJ
autres/ADJ,systèmes/NOUN,minimalistes/ADJ
grande/ADJ,tradition/NOUN,orale/ADJ
autres/ADJ,groupes/NOUN,faibles/ADJ
château/NOUN,néogothique/ADJ,allemand/ADJ
services/NOUN,météorologiques/ADJ,africains/ADJ
grand/ADJ,intérêt/NOUN,biologique/ADJ
quatrième/ADJ,niveau/NOUN,national/ADJ
domaine/NOUN,social/ADJ,particulier/ADJ
deuxième/ADJ,marché/NOUN,couvert/ADJ
aide/NOUN,totale/ADJ,américaine/ADJ
vieilles/ADJ,querelles/NOUN,religieuses/ADJ
École/NOUN,normale/ADJ,supérieure/ADJ
communauté/NOUN,autonome/ADJ,espagnole/ADJ
Ancien/ADJ,Testament/NOUN,biblique/ADJ
quotidien/NOUN,national/ADJ,turc/ADJ
système/NOUN,paroissial/ADJ,écossais/ADJ
univers/NOUN,olfactif/ADJ,humain/ADJ
grand/ADJ,projet/NOUN,routier/ADJ
autres/ADJ,organes/NOUN,constituants/ADJ
Première/ADJ,Guerre/NOUN,mondiale/ADJ
division/NOUN,administrative/ADJ,française/ADJ
assistance/NOUN,mutuelle/ADJ,administrative/ADJ
nombreux/ADJ,styles/NOUN,alternatifs/ADJ
petit/ADJ,service/NOUN,cinématographique/ADJ
premier/ADJ,documentaire/NOUN,scientifique/ADJ
navettes/NOUN,spatiales/ADJ,américaines/ADJ
jeune/ADJ,fille/NOUN,enceinte/ADJ
seul/ADJ,président/NOUN,français/ADJ
église/NOUN,catholique/ADJ,romaine/ADJ
techniques/NOUN,respiratoires/ADJ,énergétiques/ADJ
peintre/NOUN,italien/ADJ,baroque/ADJ
unique/ADJ,galerie/NOUN,marchande/ADJ
flux/NOUN,migratoires/ADJ,subsahariens/ADJ
Directeur/NOUN,Général/ADJ,adjoint/ADJ
ancienne/ADJ,déesse/NOUN,italique/ADJ
gentilhomme/NOUN,campagnard/ADJ,désargenté/ADJ
premier/ADJ,match/NOUN,officiel/ADJ
pluviométrie/NOUN,moyenne/ADJ,annuelle/ADJ
télévision/NOUN,satellitaire/ADJ,numérique/ADJ
républiques/NOUN,socialistes/ADJ,soviétiques/ADJ
économie/NOUN,politique/ADJ,critique/ADJ
écologie/NOUN,politique/ADJ,scientifique/ADJ
futur/ADJ,contrôleur/NOUN,général/ADJ
monde/NOUN,arabe/ADJ,sunnite/ADJ
liaisons/NOUN,aériennes/ADJ,ministérielles/ADJ
réseau/NOUN,ferroviaire/ADJ,hongrois/ADJ
service/NOUN,militaire/ADJ,obligatoire/ADJ
hélicoptères/NOUN,militaires/ADJ,américains/ADJ
gare/NOUN,ferroviaire/ADJ,française/ADJ
célèbre/ADJ,tenancière/NOUN,américaine/ADJ
beau/ADJ,cheval/NOUN,blême/ADJ
longue/ADJ,bataille/NOUN,judiciaire/ADJ
circulation/NOUN,aérienne/ADJ,publique/ADJ
histoire/NOUN,littéraire/ADJ,française/ADJ
monnaie/NOUN,locale/ADJ,convertible/ADJ
première/ADJ,période/NOUN,historique/ADJ
exonération/NOUN,fiscale/ADJ,totale/ADJ
théologien/NOUN,protestant/ADJ,français/ADJ
nouveaux/ADJ,mouvements/NOUN,sociaux/ADJ
annales/NOUN,judiciaires/ADJ,chinoises/ADJ
homme/NOUN,politique/ADJ,estonien/ADJ
meilleures/ADJ,conditions/NOUN,économiques/ADJ
État/NOUN,fédéral/ADJ,belge/ADJ
pension/NOUN,publique/ADJ,minimale/ADJ
vrai/ADJ,petit/ADJ,bar/NOUN
série/NOUN,télévisée/ADJ,américaine/ADJ
petits/ADJ,nuages/NOUN,déchiquetés/ADJ
débit/NOUN,mensuel/ADJ,minimal/ADJ
débit/NOUN,mensuel/ADJ,maximal/ADJ
psychographie/NOUN,émotionnelle/ADJ,minutieuse/ADJ
panorama/NOUN,sociologique/ADJ,nuancé/ADJ
extraordinaire/ADJ,église/NOUN,baroque/ADJ
vrais/ADJ,bols/NOUN,bretons/ADJ
nouveau/ADJ,territoire/NOUN,arabe/ADJ
actuelle/ADJ,Cité/NOUN,nationale/ADJ
Première/ADJ,Guerre/NOUN,mondiale/ADJ
écrivains/NOUN,juifs/ADJ,polonais/ADJ
puissants/ADJ,accords/NOUN,chromatiques/ADJ
autre/ADJ,pilote/NOUN,tricolore/ADJ
anciennes/ADJ,colonies/NOUN,portugaises/ADJ
entraîneur/NOUN,international/ADJ,français/ADJ
série/NOUN,télévisée/ADJ,américaine/ADJ
réseau/NOUN,écologique/ADJ,national/ADJ
différentes/ADJ,notions/NOUN,artistiques/ADJ
église/NOUN,catholique/ADJ,française/ADJ
études/NOUN,supérieures/ADJ,agricoles/ADJ
journal/NOUN,digital/ADJ,espagnol/ADJ
trains/NOUN,entiers/ADJ,directs/ADJ
outil/NOUN,industriel/ADJ,lorrain/ADJ
politique/NOUN,budgétaire/ADJ,commune/ADJ
enjeu/NOUN,stratégique/ADJ,majeur/ADJ
vieilles/ADJ,cartes/NOUN,topographiques/ADJ
homme/NOUN,politique/ADJ,américain/ADJ
autres/ADJ,lieux/NOUN,habités/ADJ
guérilla/NOUN,anticommuniste/ADJ,moudjahidine/ADJ
ingénieur/NOUN,militaire/ADJ,italien/ADJ
Jeux/NOUN,olympiques/ADJ,modernes/ADJ
grande/ADJ,difficulté/NOUN,sociale/ADJ
lourdes/ADJ,conséquences/NOUN,politiques/ADJ
deuxième/ADJ,niveau/NOUN,national/ADJ
immense/ADJ,territoire/NOUN,sahélien/ADJ
République/NOUN,arabe/ADJ,syrienne/ADJ
relations/NOUN,internationales/ADJ,tendues/ADJ
expansion/NOUN,démographique/ADJ,significative/ADJ
société/NOUN,géologique/ADJ,australienne/ADJ
débit/NOUN,mensuel/ADJ,moyen/ADJ
cure/NOUN,psychanalytique/ADJ,classique/ADJ
écrivain/NOUN,cubain/ADJ,homosexuel/ADJ
principale/ADJ,destination/NOUN,touristique/ADJ
même/ADJ,sous-groupe/NOUN,kendayan/ADJ
vraie/ADJ,esthétique/NOUN,picturale/ADJ
autres/ADJ,grandes/ADJ,voies/NOUN
soi-disant/ADJ,valeurs/NOUN,musulmanes/ADJ
soi-disant/ADJ,identité/NOUN,nationale/ADJ
puissant/ADJ,chef/NOUN,militaire/ADJ
premier/ADJ,contrat/NOUN,professionnel/ADJ
sinus/NOUN,coronaire/ADJ,gauche/ADJ
dysplasie/NOUN,ventriculaire/ADJ,droite/ADJ
ancien/ADJ,joueur/NOUN,américain/ADJ
émission/NOUN,télévisée/ADJ,française/ADJ
principaux/ADJ,écrits/NOUN,baha'is/ADJ
Ordre/NOUN,administratif/ADJ,baha'i/ADJ
idéologie/NOUN,coloniale/ADJ,française/ADJ
politique/NOUN,coloniale/ADJ,française/ADJ
Fonds/NOUN,monétaire/ADJ,international/ADJ
petit/ADJ,port/NOUN,Normand/ADJ
grand/ADJ,combat/NOUN,naval/ADJ
couleur/NOUN,rose/ADJ,caractéristique/ADJ
Agence/NOUN,spatiale/ADJ,européenne/ADJ
futur/ADJ,premier/ADJ,ministre/NOUN
meilleurs/ADJ,clubs/NOUN,européens/ADJ
unique/ADJ,école/NOUN,secondaire/ADJ
Garde/NOUN,nationale/ADJ,nicaraguayenne/ADJ
expérience/NOUN,militaire/ADJ,limitée/ADJ
coin/NOUN,supérieur/ADJ,gauche/ADJ
ancien/ADJ,catcheur/NOUN,américain/ADJ
incroyable/ADJ,aventure/NOUN,humaine/ADJ
câbles/NOUN,télégraphiques/ADJ,britanniques/ADJ
courant/NOUN,fonctionnaliste/ADJ,danois/ADJ
arcatures/NOUN,gothiques/ADJ,aveugles/ADJ
populations/NOUN,légales/ADJ,intermédiaires/ADJ
système/NOUN,universitaire/ADJ,américain/ADJ
propre/ADJ,processus/NOUN,postrévolutionnaire/ADJ
régions/NOUN,naturelles/ADJ,suivantes/ADJ
solde/NOUN,naturel/ADJ,annuel/ADJ
forte/ADJ,progression/NOUN,démographique/ADJ
vieille/ADJ,tradition/NOUN,populaire/ADJ
futur/ADJ,Lycée/NOUN,technique/ADJ
action/NOUN,protectionniste/ADJ,occidentale/ADJ
grands/ADJ,projets/NOUN,énergétiques/ADJ
premiers/ADJ,contingents/NOUN,allemands/ADJ
coureur/NOUN,cycliste/ADJ,néerlandais/ADJ
Union/NOUN,astronomique/ADJ,internationale/ADJ
seul/ADJ,point/NOUN,négatif/ADJ
pays/NOUN,tiers/ADJ,méditerranéens/ADJ
Première/ADJ,Guerre/NOUN,mondiale/ADJ
dette/NOUN,publique/ADJ,abyssale/ADJ
plante/NOUN,herbacée/ADJ,vivace/ADJ
excellentes/ADJ,propriétés/NOUN,mécaniques/ADJ
nouveaux/ADJ,prêts/NOUN,bancaires/ADJ
patrimoine/NOUN,culturel/ADJ,immatériel/ADJ
15e/ADJ,rang/NOUN,mondial/ADJ
grands/ADJ,chocs/NOUN,culturels/ADJ
petits/ADJ,propriétaires/NOUN,protestants/ADJ
Première/ADJ,Guerre/NOUN,mondiale/ADJ
propre/ADJ,centre/NOUN,religieux/ADJ
Écoles/NOUN,normales/ADJ,primaires/ADJ
idéologie/NOUN,coloniale/ADJ,française/ADJ
grands/ADJ,restaurants/NOUN,libanais/ADJ
troisième/ADJ,réunion/NOUN,informelle/ADJ
École/NOUN,nationale/ADJ,supérieure/ADJ
importateurs/NOUN,potentiels/ADJ,éthiopiens/ADJ
écrivains/NOUN,satiriques/ADJ,russes/ADJ
République/NOUN,socialiste/ADJ,soviétique/ADJ
station/NOUN,balnéaire/ADJ,allemande/ADJ
fond/NOUN,minimal/ADJ,théorique/ADJ
Alliance/NOUN,coopérative/ADJ,internationale/ADJ
nouveau/ADJ,câble/NOUN,sous-marin/ADJ
secondes/ADJ,montagnes/NOUN,russes/ADJ
pays/NOUN,juif/ADJ,conquis/ADJ
seule/ADJ,famille/NOUN,existante/ADJ
Seconde/ADJ,Guerre/NOUN,mondiale/ADJ
réflexe/NOUN,cutané/ADJ,galvanique/ADJ
multiples/ADJ,antécédents/NOUN,judiciaires/ADJ
grande/ADJ,envergure/NOUN,précédente/ADJ
seul/ADJ,trophée/NOUN,européen/ADJ
travaux/NOUN,mathématiques/ADJ,importants/ADJ
Église/NOUN,grecque-catholique/ADJ,ukrainienne/ADJ
compagnie/NOUN,aérienne/ADJ,nationale/ADJ
homme/NOUN,politique/ADJ,canadien/ADJ
meilleur/ADJ,roman/NOUN,court/ADJ
Première/ADJ,Guerre/NOUN,mondiale/ADJ
film/NOUN,dramatique/ADJ,canadien/ADJ
Meilleur/ADJ,album/NOUN,francophone/ADJ
prochains/ADJ,pourparlers/NOUN,informels/ADJ
Congrès/NOUN,ornithologique/ADJ,international/ADJ
simple/ADJ,nef/NOUN,rectangulaire/ADJ
types/NOUN,cellulaires/ADJ,différents/ADJ
premier/ADJ,recensement/NOUN,exhaustif/ADJ
porte-avions/NOUN,nucléaire/ADJ,français/ADJ
premier/ADJ,album/NOUN,original/ADJ
nombreux/ADJ,pays/NOUN,étrangers/ADJ
nombreuses/ADJ,équipes/NOUN,vénézuéliennes/ADJ
théologien/NOUN,protestant/ADJ,français/ADJ
ancien/ADJ,Premier/ADJ,ministre/NOUN
activité/NOUN,magnétique/ADJ,intense/ADJ
plein/ADJ,hellénisme/NOUN,triomphant/ADJ
treizième/ADJ,vertèbre/NOUN,caudale/ADJ
hammams/NOUN,traditionnels/ADJ,syriens/ADJ
réalité/NOUN,historique/ADJ,indéniable/ADJ
Université/NOUN,médicale/ADJ,tibétaine/ADJ
vrais/ADJ,plats/NOUN,Thai/ADJ
importants/ADJ,décors/NOUN,muraux/ADJ
Ancien/ADJ,petit/ADJ,lycée/NOUN
cuisine/NOUN,traditionnelle/ADJ,française/ADJ
régime/NOUN,juridique/ADJ,complet/ADJ
établissements/NOUN,publics/ADJ,nationaux/ADJ
journal/NOUN,socialiste/ADJ,flamand/ADJ
jeunes/ADJ,nains/NOUN,curieux/ADJ
formidable/ADJ,efficacité/NOUN,marseillaise/ADJ
situations/NOUN,fiscales/ADJ,individuelles/ADJ
maisons-tours/NOUN,génoises/ADJ,typiques/ADJ
opérateur/NOUN,public/ADJ,postal/ADJ
projet/NOUN,artistique/ADJ,international/ADJ
fort/ADJ,déficit/NOUN,pluviométrique/ADJ
riche/ADJ,région/NOUN,agricole/ADJ
première/ADJ,division/NOUN,norvégienne/ADJ
Seconde/ADJ,Guerre/NOUN,mondiale/ADJ
guerre/NOUN,civile/ADJ,libyenne/ADJ
partenaire/NOUN,financier/ADJ,solide/ADJ
politique/NOUN,interventionniste/ADJ,polonaise/ADJ
troisième/ADJ,titre/NOUN,consécutif/ADJ
faits/NOUN,sociaux/ADJ,siciliens/ADJ
institutions/NOUN,sécuritaires/ADJ,marocaines/ADJ
chambre/NOUN,basse/ADJ,marocaine/ADJ
nombreuses/ADJ,aventures/NOUN,maritimes/ADJ
circonscription/NOUN,électorale/ADJ,australienne/ADJ
autres/ADJ,petits/ADJ,fruits/NOUN
chaos/NOUN,musical/ADJ,permanent/ADJ
histoire/NOUN,locale/ADJ,anglaise/ADJ
opinions/NOUN,publiques/ADJ,maghrébine/ADJ
autre/ADJ,lithosphère/NOUN,océanique/ADJ
homme/NOUN,politique/ADJ,français/ADJ
équipe/NOUN,nationale/ADJ,féminine/ADJ
Première/ADJ,Guerre/NOUN,mondiale/ADJ
société/NOUN,canadienne/ADJ,Ltd/ADJ
défibrillateur/NOUN,automatique/ADJ,implantable/ADJ
héritage/NOUN,culturel/ADJ,américain/ADJ
construction/NOUN,géométrique/ADJ,rigoureuse/ADJ
concours/NOUN,musical/ADJ,international/ADJ
délicieux/ADJ,petit/ADJ,restau/NOUN
vie/NOUN,étudiante/ADJ,épanouissante/ADJ
meilleur/ADJ,film/NOUN,international/ADJ
premier/ADJ,succès/NOUN,public/ADJ
rares/ADJ,bases/NOUN,aériennes/ADJ
navette/NOUN,spatiale/ADJ,américaine/ADJ
propre/ADJ,style/NOUN,artistique/ADJ
film/NOUN,musical/ADJ,américain/ADJ
tristesse/NOUN,existentielle/ADJ,profonde/ADJ
spécialité/NOUN,culinaire/ADJ,savoyarde/ADJ
principaux/ADJ,dirigeants/NOUN,européens/ADJ
Fonds/NOUN,monétaire/ADJ,international/ADJ
premier/ADJ,ministre/NOUN,grec/ADJ
longues/ADJ,ailes/NOUN,pointues/ADJ
distances/NOUN,zénithales/ADJ,réciproques/ADJ
pilote/NOUN,automobile/ADJ,français/ADJ
bon/ADJ,vin/NOUN,rouge/ADJ
autres/ADJ,itinéraires/NOUN,impériaux/ADJ
versement/NOUN,fiscal/ADJ,libératoire/ADJ
haute/ADJ,société/NOUN,internationale/ADJ
affaires/NOUN,intergouvernementales/ADJ,canadiennes/ADJ
philosophe/NOUN,humaniste/ADJ,français/ADJ
Internationale/NOUN,démocrate/ADJ,centriste/ADJ
autres/ADJ,plantes/NOUN,basses/ADJ
Union/NOUN,astronomique/ADJ,internationale/ADJ
footballeur/NOUN,international/ADJ,australien/ADJ
retombées/NOUN,économiques/ADJ,annuelles/ADJ
plancher/NOUN,orbitaire/ADJ,droit/ADJ
nouveau/ADJ,coup/NOUN,dur/ADJ
ligne/NOUN,éditoriale/ADJ,propre/ADJ
court/ADJ,métrage/NOUN,français/ADJ
autres/ADJ,anneaux/NOUN,elfiques/ADJ
bien/NOUN,culturel/ADJ,suisse/ADJ
autres/ADJ,matières/NOUN,organiques/ADJ
autre/ADJ,chute/NOUN,magnifique/ADJ
jeune/ADJ,fille/NOUN,naïve/ADJ
Grand/ADJ,Prix/NOUN,automobile/ADJ
forces/NOUN,supérieures/ADJ,ennemies/ADJ
autres/ADJ,soldats/NOUN,anglais/ADJ
Forces/NOUN,armées/ADJ,révolutionnaires/ADJ
preuve/NOUN,supplémentaire/ADJ,concrète/ADJ
forces/NOUN,armées/ADJ,opérationnelles/ADJ
principal/ADJ,groupe/NOUN,politique/ADJ
puissances/NOUN,économiques/ADJ,émergentes/ADJ
première/ADJ,station/NOUN,thermale/ADJ
principales/ADJ,données/NOUN,financières/ADJ
habit/NOUN,traditionnel/ADJ,sahraoui/ADJ
autres/ADJ,services/NOUN,sociaux/ADJ
grand/ADJ,vase/NOUN,plat/ADJ
question/NOUN,déclarative/ADJ,supplémentaire/ADJ
opinion/NOUN,publique/ADJ,allemande/ADJ
seule/ADJ,section/NOUN,communale/ADJ
bon/ADJ,petit/ADJ,café/NOUN
ancien/ADJ,athlète/NOUN,est-allemand/ADJ
cape/NOUN,rouge/ADJ,pourpre/ADJ
supposés/ADJ,propos/NOUN,antisémites/ADJ
vieux/ADJ,haut/ADJ,allemand/NOUN
musique/NOUN,militaire/ADJ,traditionnelle/ADJ
Première/ADJ,Guerre/NOUN,mondiale/ADJ
autres/ADJ,percussions/NOUN,folkloriques/ADJ
opérateurs/NOUN,économiques/ADJ,honnêtes/ADJ
seule/ADJ,cantate/NOUN,existante/ADJ
petites/ADJ,erreurs/NOUN,fortuites/ADJ
autres/ADJ,traitements/NOUN,médicaux/ADJ
grands/ADJ,deltas/NOUN,salés/ADJ
art/NOUN,classique/ADJ,grec/ADJ
nouveau/ADJ,trolley/NOUN,gratuit/ADJ
différents/ADJ,processus/NOUN,neurobiologiques/ADJ
régime/NOUN,hydrographique/ADJ,méridional/ADJ
première/ADJ,grande/ADJ,classique/NOUN
organisation/NOUN,politique/ADJ,légale/ADJ
ancien/ADJ,joueur/NOUN,professionnel/ADJ
film/NOUN,documentaire/ADJ,français/ADJ
complexe/NOUN,industriel/ADJ,ancien/ADJ
frein/NOUN,avant/ADJ,cassé/ADJ
Émirats/NOUN,arabes/ADJ,unis/ADJ
Émirats/NOUN,arabes/ADJ,unis/ADJ
dialectes/NOUN,wallons/ADJ,orientaux/ADJ
nouveau/ADJ,siège/NOUN,social/ADJ
sculptures/NOUN,végétales/ADJ,magistrales/ADJ
première/ADJ,grande/ADJ,compétition/NOUN
langue/NOUN,administrative/ADJ,unique/ADJ
séquence/NOUN,nucléotidique/ADJ,spécifique/ADJ
Première/ADJ,Guerre/NOUN,mondiale/ADJ
ancien/ADJ,footballeur/NOUN,américain/ADJ
différents/ADJ,dialectes/NOUN,flamands/ADJ
organe/NOUN,indépendant/ADJ,tunisien/ADJ
violentes/ADJ,éruptions/NOUN,nasales/ADJ
arrangement/NOUN,financier/ADJ,confidentiel/ADJ
troisième/ADJ,Grand/ADJ,Officier/NOUN
court/ADJ,métrage/NOUN,français/ADJ
nouveau/ADJ,scénario/NOUN,complet/ADJ
Comité/NOUN,consultatif/ADJ,britannique/ADJ
troisième/ADJ,conférence/NOUN,internationale/ADJ
Aviation/NOUN,Militaire/ADJ,Belge/ADJ
Première/ADJ,Guerre/NOUN,mondiale/ADJ
mouvement/NOUN,syndical/ADJ,enseignant/ADJ
Seconde/ADJ,Guerre/NOUN,mondiale/ADJ
Seconde/ADJ,Guerre/NOUN,mondiale/ADJ
lecteur/NOUN,multimédia/ADJ,portable/ADJ
nombreux/ADJ,phénomènes/NOUN,cellulaires/ADJ
Affaires/NOUN,étrangères/ADJ,françaises/ADJ
Fonds/NOUN,monétaire/ADJ,international/ADJ
nouvelles/ADJ,vies/NOUN,danoises/ADJ
réalité/NOUN,administrative/ADJ,unique/ADJ
grande/ADJ,dépression/NOUN,inondable/ADJ
droit/NOUN,international/ADJ,humanitaire/ADJ
meilleures/ADJ,performances/NOUN,annuelle/ADJ
nouveaux/ADJ,États/NOUN,généraux/ADJ
large/ADJ,compensation/NOUN,financière/ADJ
mesure/NOUN,judiciaire/ADJ,civile/ADJ
dernier/ADJ,effort/NOUN,fructueux/ADJ
principale/ADJ,agglomération/NOUN,gambienne/ADJ
petites/ADJ,habitations/NOUN,bicellulaires/ADJ
petits/ADJ,mammifères/NOUN,carnivores/ADJ
autre/ADJ,formation/NOUN,importante/ADJ
nouveau/ADJ,Premier/ADJ,ministre/NOUN
réalité/NOUN,précise/ADJ,organisée/ADJ
grands/ADJ,pôles/NOUN,commerciaux/ADJ
dernières/ADJ,barrières/NOUN,immunologiques/ADJ
simple/ADJ,tradition/NOUN,politique/ADJ
Parti/NOUN,communiste/ADJ,français/ADJ
équipe/NOUN,nationale/ADJ,allemande/ADJ
premiers/ADJ,jeux/NOUN,olympiques/ADJ
Meilleur/ADJ,DJ/NOUN,français/ADJ
calendrier/NOUN,julien/ADJ,proleptique/ADJ
nombreux/ADJ,grands/ADJ,travaux/NOUN
coureur/NOUN,cycliste/ADJ,anglais/ADJ
films/NOUN,muets/ADJ,britanniques/ADJ
eau/NOUN,chaude/ADJ,sanitaire/ADJ
complète/ADJ,reconquête/NOUN,chrétienne/ADJ
communauté/NOUN,bouddhique/ADJ,internationale/ADJ
Première/ADJ,Guerre/NOUN,mondiale/ADJ
premier/ADJ,accident/NOUN,mortel/ADJ
commission/NOUN,nationale/ADJ,bipartisane/ADJ
médecine/NOUN,traditionnelle/ADJ,asiatique/ADJ
Mouvement/NOUN,écologiste/ADJ,Limousin/ADJ
Emirats/NOUN,arabes/ADJ,unis/ADJ
ancien/ADJ,officier/NOUN,français/ADJ
Partido/NOUN,Liberal/ADJ,brasileiro/ADJ
parti/NOUN,politique/ADJ,monarchiste/ADJ
Parti/NOUN,libéral/ADJ,brésilien/ADJ
nouveau/ADJ,record/NOUN,universitaire/ADJ
seule/ADJ,Église/NOUN,catholique/ADJ
commentaires/NOUN,publics/ADJ,minimums/ADJ
Seconde/ADJ,Guerre/NOUN,mondiale/ADJ
Parti/NOUN,socialiste/ADJ,bulgare/ADJ
Église/NOUN,grecque/ADJ,orthodoxe/ADJ
premiers/ADJ,propriétaires/NOUN,terriens/ADJ
activité/NOUN,économique/ADJ,différente/ADJ
dessin/NOUN,technique/ADJ,critique/ADJ
jargon/NOUN,hippique/ADJ,particulier/ADJ
forte/ADJ,population/NOUN,indienne/ADJ
Première/ADJ,Guerre/NOUN,mondiale/ADJ
services/NOUN,sanitaires/ADJ,russes/ADJ
lunette/NOUN,arrière/ADJ,minimale/ADJ
première/ADJ,centrale/NOUN,électrique/ADJ
anciennes/ADJ,dénominations/NOUN,suivantes/ADJ
coupons/NOUN,promotionnels/ADJ,prépayés/ADJ
processus/NOUN,biologique/ADJ,complexe/ADJ
indéniable/ADJ,sens/NOUN,didactique/ADJ
mythologie/NOUN,celtique/ADJ,irlandaise/ADJ
classe/NOUN,moyenne/ADJ,réduite/ADJ
retentissement/NOUN,médiatique/ADJ,réel/ADJ
large/ADJ,communauté/NOUN,mormone/ADJ
actuel/ADJ,territoire/NOUN,israélo-palestinien/ADJ
Conservatoire/NOUN,national/ADJ,supérieur/ADJ
hiérarchie/NOUN,numérique/ADJ,plésiochrone/ADJ
Plesiochronous/ADJ,Digital/ADJ,Hierarchy/NOUN
Bloc/NOUN,Primaire/ADJ,Numérique/ADJ
homme/NOUN,politique/ADJ,français/ADJ
premier/ADJ,mutant/NOUN,rentable/ADJ
nombreux/ADJ,pays/NOUN,étrangers/ADJ
première/ADJ,guerre/NOUN,mondiale/ADJ
deuxième/ADJ,année/NOUN,consécutive/ADJ
meilleurs/ADJ,joueurs/NOUN,islo-américains/ADJ
bons/ADJ,petits/ADJ,plats/NOUN
véritable/ADJ,musée/NOUN,vivant/ADJ
aide/NOUN,financière/ADJ,concrète/ADJ
premier/ADJ,réseau/NOUN,européen/ADJ
nombreux/ADJ,produits/NOUN,dérivés/ADJ
impacts/NOUN,économiques/ADJ,importants/ADJ
bonne/ADJ,étude/NOUN,comparative/ADJ
tennis/NOUN,professionnel/ADJ,féminin/ADJ
Première/ADJ,Guerre/NOUN,mondiale/ADJ
petit/ADJ,jardin/NOUN,écologique/ADJ
Église/NOUN,grecque-catholique/ADJ,ukrainienne/ADJ
température/NOUN,moyenne/ADJ,annuelle/ADJ
Première/ADJ,Guerre/NOUN,mondiale/ADJ
meilleur/ADJ,vélo/NOUN,folklo/ADJ
principaux/ADJ,gisements/NOUN,terrestres/ADJ
éléments/NOUN,chiffrés/ADJ,précis/ADJ
autres/ADJ,villages/NOUN,assyriens/ADJ
université/NOUN,privée/ADJ,japonaise/ADJ
premiers/ADJ,vols/NOUN,commerciaux/ADJ
principales/ADJ,métropoles/NOUN,régionales/ADJ
mélodies/NOUN,punks/ADJ,brutes/ADJ
chaîne/NOUN,alimentaire/ADJ,terrestre/ADJ
opérations/NOUN,militaires/ADJ,terrestres/ADJ
deuxième/ADJ,participation/NOUN,consécutive/ADJ
film/NOUN,muet/ADJ,américain/ADJ
style/NOUN,architectural/ADJ,roman/ADJ
principale/ADJ,ressource/NOUN,agricole/ADJ
graves/ADJ,problèmes/NOUN,physiques/ADJ
deuxième/ADJ,année/NOUN,consécutive/ADJ
même/ADJ,voracité/NOUN,bancaire/ADJ
même/ADJ,sans-gêne/NOUN,bancaire/ADJ
meilleure/ADJ,marque/NOUN,mondiale/ADJ
premier/ADJ,réseau/NOUN,français/ADJ
nouveaux/ADJ,banats/NOUN,militaires/ADJ
superbe/ADJ,domaine/NOUN,skiable/ADJ
Seconde/ADJ,Guerre/NOUN,mondiale/ADJ
championnat/NOUN,domestique/ADJ,compétitif/ADJ
abondance/NOUN,molaire/ADJ,atomique/ADJ
clubs/NOUN,champions/ADJ,africains/ADJ
transformations/NOUN,sociales/ADJ,profondes/ADJ
troisième/ADJ,victoire/NOUN,consécutive/ADJ
puissant/ADJ,lobby/NOUN,politique/ADJ
division/NOUN,administrative/ADJ,française/ADJ
capital/NOUN,génétique/ADJ,intact/ADJ
banque/NOUN,publique/ADJ,iranienne/ADJ
surveillance/NOUN,sanguine/ADJ,régulière/ADJ
dernier/ADJ,souverain/NOUN,byzantin/ADJ
Organisation/NOUN,scoute/ADJ,lituanienne/ADJ
nombreux/ADJ,petits/ADJ,cations/NOUN
populations/NOUN,japonaises/ADJ,évacuées/ADJ
empire/NOUN,colonial/ADJ,portugais/ADJ
auteur/NOUN,féministe/ADJ,francophone/ADJ
nombreuses/ADJ,factions/NOUN,rebelles/ADJ
film/NOUN,fantastique/ADJ,américain/ADJ
secteur/NOUN,public/ADJ,haïtien/ADJ
jeune/ADJ,fille/NOUN,pauvre/ADJ
grande/ADJ,culture/NOUN,musicale/ADJ
université/NOUN,militaire/ADJ,aérienne/ADJ
porte-parole/NOUN,militaire/ADJ,irakien/ADJ
district/NOUN,amministratif/ADJ,Libanais/ADJ
formation/NOUN,politique/ADJ,islamiste/ADJ
Centrale/NOUN,féline/ADJ,Belge/ADJ
immense/ADJ,succès/NOUN,national/ADJ
autres/ADJ,algues/NOUN,vertes/ADJ
structure/NOUN,intercommunale/ADJ,française/ADJ
essence/NOUN,feuillue/ADJ,dominante/ADJ
petite/ADJ,race/NOUN,humanoïde/ADJ
Commission/NOUN,Electorale/ADJ,Indépendante/ADJ
société/NOUN,savante/ADJ,photographique/ADJ
petite/ADJ,élévation/NOUN,artificielle/ADJ
autres/ADJ,bêtes/NOUN,sauvages/ADJ
Seconde/ADJ,Guerre/NOUN,mondiale/ADJ
communautés/NOUN,juives/ADJ,européennes/ADJ
environnement/NOUN,paysagé/ADJ,agréable/ADJ
dette/NOUN,souveraine/ADJ,américaine/ADJ
circonscriptions/NOUN,législatives/ADJ,françaises/ADJ
première/ADJ,saison/NOUN,phénoménale/ADJ
véritable/ADJ,œuvre/NOUN,littéraire/ADJ
nouvelle/ADJ,société/NOUN,Hollywoodienne/ADJ
personnalités/NOUN,nationales/ADJ,historiques/ADJ
étudiants/NOUN,constitutionnels/ADJ,démocrates/ADJ
dernier/ADJ,empereur/NOUN,byzantin/ADJ
territoires/NOUN,sahraouis/ADJ,occupés/ADJ
système/NOUN,éducatif/ADJ,moderne/ADJ
jeunes/ADJ,couturières/NOUN,volontaires/ADJ
Entreprise/NOUN,française/ADJ,disparue/ADJ
autres/ADJ,points/NOUN,stratégiques/ADJ
groupe/NOUN,pétrolier/ADJ,français/ADJ
Seconde/ADJ,Guerre/NOUN,mondiale/ADJ
seul/ADJ,théâtre/NOUN,privé/ADJ
porcine/ADJ,zona/NOUN,pellucida/ADJ
common/ADJ,law/NOUN,écossaise/ADJ
chocs/NOUN,culturels/ADJ,permanents/ADJ
Union/NOUN,démocratique/ADJ,croate/ADJ
grand/ADJ,emprunt/NOUN,national/ADJ
peuple/NOUN,maritime/ADJ,nomade/ADJ
recette/NOUN,finale/ADJ,brute/ADJ
premier/ADJ,contrat/NOUN,professionnel/ADJ
architecture/NOUN,contemporaine/ADJ,occidentale/ADJ
gare/NOUN,ferroviaire/ADJ,française/ADJ
Congrès/NOUN,ornithologique/ADJ,international/ADJ
nombreux/ADJ,petits/ADJ,bâtiments/NOUN
système/NOUN,nerveux/ADJ,autonome/ADJ
principales/ADJ,places/NOUN,fortes/ADJ
autres/ADJ,chevaux/NOUN,fabuleux/ADJ
homme/NOUN,politique/ADJ,français/ADJ
budget/NOUN,militaire/ADJ,algérien/ADJ
excellente/ADJ,cavalerie/NOUN,carthaginoise/ADJ
autres/ADJ,produits/NOUN,pétroliers/ADJ
Vrais/ADJ,amis/NOUN,réunis/ADJ
École/NOUN,spéciale/ADJ,militaire/ADJ
véritable/ADJ,zone/NOUN,franche/ADJ
décoration/NOUN,militaire/ADJ,belge/ADJ
circuits/NOUN,numériques/ADJ,multi-horloges/ADJ
bonne/ADJ,vieille/ADJ,langue/NOUN
terrain/NOUN,boisé/ADJ,difficile/ADJ
connexion/NOUN,physique/ADJ,sous-jacente/ADJ
petit/ADJ,club/NOUN,voisin/ADJ
autres/ADJ,commandants/NOUN,lancastriens/ADJ
autre/ADJ,peuple/NOUN,africain/ADJ
violent/ADJ,poison/NOUN,naturel/ADJ
doctrines/NOUN,rabbiniques/ADJ,secrètes/ADJ
prêtre/NOUN,catholique/ADJ,lituanien/ADJ
enseignements/NOUN,rabbiniques/ADJ,secrets/ADJ
station/NOUN,spatiale/ADJ,internationale/ADJ
nouvelle/ADJ,marque/NOUN,commerciale/ADJ
Seconde/ADJ,Guerre/NOUN,mondiale/ADJ
valeurs/NOUN,patrimoniales/ADJ,maliennes/ADJ
ultime/ADJ,équipe/NOUN,adverse/ADJ
gouvernement/NOUN,communiste/ADJ,actuel/ADJ
année/NOUN,civile/ADJ,précédente/ADJ
principal/ADJ,site/NOUN,industriel/ADJ
tradition/NOUN,fromagère/ADJ,modeste/ADJ
Première/ADJ,Guerre/NOUN,mondiale/ADJ
Seconde/ADJ,Guerre/NOUN,mondiale/ADJ
potentiel/NOUN,industriel/ADJ,régional/ADJ
nouvel/ADJ,ordre/NOUN,religieux/ADJ
conditions/NOUN,climatiques/ADJ,extrêmes/ADJ
nombreux/ADJ,courts/ADJ,métrages/NOUN
seul/ADJ,vrai/ADJ,stade/NOUN
Commission/NOUN,exécutive/ADJ,fédérale/ADJ
Conseil/NOUN,national/ADJ,sahraoui/ADJ
viatique/NOUN,funéraire/ADJ,royal/ADJ
ancienne/ADJ,franchise/NOUN,professionnelle/ADJ
meilleur/ADJ,revendeur/NOUN,Français/ADJ
acides/NOUN,gras/ADJ,trans/ADJ
grands/ADJ,ensembles/NOUN,urbains/ADJ
vastes/ADJ,projets/NOUN,immobiliers/ADJ
Première/ADJ,Guerre/NOUN,mondiale/ADJ
style/NOUN,roman/ADJ,saintongeais/ADJ
seul/ADJ,citoyen/NOUN,britannique/ADJ
cités/NOUN,fortifiées/ADJ,daces/ADJ
fleurs/NOUN,fraiches/ADJ,coupées/ADJ
homme/NOUN,politique/ADJ,italien/ADJ
ancien/ADJ,village/NOUN,inuit/ADJ
grand/ADJ,service/NOUN,public/ADJ
ligne/NOUN,aérienne/ADJ,maocaine/ADJ
grands/ADJ,moyens/NOUN,financiers/ADJ
nouveau/ADJ,système/NOUN,politique/ADJ
nouveau/ADJ,régime/NOUN,monarchique/ADJ
système/NOUN,politique/ADJ,libéral/ADJ
lycée/NOUN,agricole/ADJ,privé/ADJ
jeunes/ADJ,coureurs/NOUN,cyclistes/ADJ
Seconde/ADJ,Guerre/NOUN,mondiale/ADJ
premières/ADJ,leçons/NOUN,musicales/ADJ
classe/NOUN,politique/ADJ,française/ADJ
Première/ADJ,Guerre/NOUN,mondiale/ADJ
aviation/NOUN,privée/ADJ,allemande/ADJ
envoyé/NOUN,spécial/ADJ,permanent/ADJ
autres/ADJ,voies/NOUN,publiques/ADJ
école/NOUN,laïque/ADJ,parisienne/ADJ
rapports/NOUN,économiques/ADJ,embryonnaires/ADJ
grand/ADJ,arbre/NOUN,sempervirent/ADJ
Première/ADJ,Guerre/NOUN,mondiale/ADJ
nombreux/ADJ,constructeurs/NOUN,automobiles/ADJ
footballeur/NOUN,international/ADJ,hongrois/ADJ
institution/NOUN,académique/ADJ,supérieure/ADJ
nombreux/ADJ,articles/NOUN,politiques/ADJ
ancienne/ADJ,commune/NOUN,suisse/ADJ
Commission/NOUN,militaire/ADJ,centrale/ADJ
célèbres/ADJ,cheikhs/NOUN,islamistes/ADJ
ancien/ADJ,footballeur/NOUN,camerounais/ADJ
innombrable/ADJ,erreurs/NOUN,inacceptables/ADJ
scrutin/NOUN,uninominal/ADJ,majoritaire/ADJ
Première/ADJ,Guerre/NOUN,mondiale/ADJ
film/NOUN,burlesque/ADJ,américain/ADJ
deuxième/ADJ,fois/NOUN,consécutive/ADJ
fameuses/ADJ,frites/NOUN,belges/ADJ
nombreuses/ADJ,revues/NOUN,littéraires/ADJ
charmante/ADJ,petite/ADJ,fille/NOUN
solde/NOUN,naturel/ADJ,annuel/ADJ
polyèdre/NOUN,uniforme/ADJ,non-convexe/ADJ
cibles/NOUN,militaires/ADJ,claires/ADJ
signal/NOUN,noradrénergique/ADJ,amygdalien/ADJ
accord/NOUN,préalable/ADJ,écrit/ADJ
premier/ADJ,établissement/NOUN,euro-américain/ADJ
forts/ADJ,bombardements/NOUN,aériens/ADJ
première/ADJ,rencontre/NOUN,internationale/ADJ
futur/ADJ,commissaire/NOUN,général/ADJ
autres/ADJ,ONG/NOUN,marocaines/ADJ
politique/NOUN,commerciale/ADJ,extérieure/ADJ
Union/NOUN,douanière/ADJ,sud-africaine/ADJ
autres/ADJ,repreneurs/NOUN,potentiels/ADJ
film/NOUN,muet/ADJ,français/ADJ
données/NOUN,personnelles/ADJ,intégrées/ADJ
nouveau/ADJ,centre/NOUN,politique/ADJ
charmant/ADJ,petit/ADJ,resto/NOUN
poids/NOUN,brut/ADJ,manquant/ADJ
avantage/NOUN,commercial/ADJ,indéniable/ADJ
haut/ADJ,standard/NOUN,international/ADJ
remarquable/ADJ,seconde/ADJ,partie/NOUN
famille/NOUN,patricienne/ADJ,gênoise/ADJ
anciennes/ADJ,communes/NOUN,suivantes/ADJ
dépôts/NOUN,marins/ADJ,argileux/ADJ
ancien/ADJ,ministre/NOUN,israélien/ADJ
capot/NOUN,noir/ADJ,mat/ADJ
nouveaux/ADJ,outils/NOUN,informatiques/ADJ
Premier/ADJ,ministre/NOUN,marocain/ADJ
seul/ADJ,album/NOUN,solo/ADJ
politique/NOUN,africaine/ADJ,française/ADJ
politique/NOUN,coloniale/ADJ,marocaine/ADJ
réalisation/NOUN,cinématographique/ADJ,ivoirienne/ADJ
fameux/ADJ,architecte/NOUN,prussien/ADJ
Fonds/NOUN,monétaire/ADJ,international/ADJ
circonscription/NOUN,électorale/ADJ,fédérale/ADJ
Seconde/ADJ,Guerre/NOUN,mondiale/ADJ
Autorité/NOUN,bancaire/ADJ,européenne/ADJ
grande/ADJ,salle/NOUN,multifonctionnelle/ADJ
seul/ADJ,anneau/NOUN,tournant/ADJ
chambre/NOUN,funéraire/ADJ,intacte/ADJ
aile/NOUN,tournante/ADJ,hélicoïde/ADJ
armes/NOUN,humanoïdes/ADJ,spatiales/ADJ
véritable/ADJ,brute/NOUN,psychopathe/ADJ
petit/ADJ,contingent/NOUN,iranien/ADJ
dernière/ADJ,apparition/NOUN,publique/ADJ
style/NOUN,baroque/ADJ,tardif/ADJ
meilleure/ADJ,nouvelle/ADJ,starlette/NOUN
crevettes/NOUN,roses/ADJ,salées/ADJ
division/NOUN,administrative/ADJ,française/ADJ
nombreux/ADJ,bâtiments/NOUN,publics/ADJ
courte/ADJ,occupation/NOUN,punique/ADJ
ancien/ADJ,arbitre/NOUN,français/ADJ
médecine/NOUN,tibétaine/ADJ,traditionnelle/ADJ
vieil/ADJ,indien/NOUN,solitaire/ADJ
modes/NOUN,intelligents/ADJ,performants/ADJ
meilleur/ADJ,match/NOUN,international/ADJ
premiers/ADJ,incidents/NOUN,violents/ADJ
fidèle/ADJ,clientèle/NOUN,locale/ADJ
tradition/NOUN,culinaire/ADJ,niçoise/ADJ
homme/NOUN,politique/ADJ,français/ADJ
plante/NOUN,herbacée/ADJ,annuelle/ADJ
joug/NOUN,colonial/ADJ,français/ADJ
école/NOUN,Baroque/ADJ,française/ADJ
surfeuse/NOUN,professionnelle/ADJ,hawaïenne/ADJ
résistance/NOUN,intellectuelle/ADJ,française/ADJ
seconde/ADJ,guerre/NOUN,mondiale/ADJ
poudre/NOUN,blanche/ADJ,opaque/ADJ
volonté/NOUN,politique/ADJ,internationale/ADJ
importantes/ADJ,négociations/NOUN,commerciales/ADJ
dangereux/ADJ,Cartel/NOUN,pétrolier/ADJ
musée/NOUN,archéologique/ADJ,italien/ADJ
république/NOUN,socialiste/ADJ,soviétique/ADJ
Seconde/ADJ,Guerre/NOUN,mondiale/ADJ
espace/NOUN,individuel/ADJ,restreint/ADJ
extraordinaire/ADJ,pouvoir/NOUN,assimilateur/ADJ
première/ADJ,tournée/NOUN,majeure/ADJ
même/ADJ,confédération/NOUN,continentale/ADJ
régions/NOUN,boisées/ADJ,tropicales/ADJ
intervention/NOUN,militaire/ADJ,française/ADJ
première/ADJ,cape/NOUN,internationale/ADJ
homme/NOUN,politique/ADJ,serbe/ADJ
puissante/ADJ,arcade/NOUN,romane/ADJ
différents/ADJ,flux/NOUN,traversiers/ADJ
Seconde/ADJ,Guerre/NOUN,mondiale/ADJ
infections/NOUN,respiratoires/ADJ,aigues/ADJ
énergie/NOUN,mécanique/ADJ,totale/ADJ
première/ADJ,coalition/NOUN,noire-verte/ADJ
première/ADJ,draft/NOUN,annuelle/ADJ
meilleurs/ADJ,clubs/NOUN,biélorusses/ADJ
première/ADJ,ligne/NOUN,anglaise/ADJ
climat/NOUN,subtropical/ADJ,humide/ADJ
nombreuses/ADJ,liaisons/NOUN,masculines/ADJ
ordre/NOUN,honorifique/ADJ,brésilien/ADJ
large/ADJ,cravate/NOUN,blanche/ADJ
148e/ADJ,place/NOUN,mondiale/ADJ
troisième/ADJ,division/NOUN,marocaine/ADJ
premier/ADJ,peintre/NOUN,officiel/ADJ
1er/ADJ,DVD/NOUN,live/ADJ
intérêt/NOUN,collectif/ADJ,agricole/ADJ
hypertension/NOUN,artérielle/ADJ,gravidique/ADJ
neuvième/ADJ,chambre/NOUN,correctionnelle/ADJ
rudes/ADJ,conditions/NOUN,climatiques/ADJ
beau/ADJ,jardin/NOUN,colonial/ADJ
dangereux/ADJ,petit/ADJ,radical/NOUN
commission/NOUN,mixte/ADJ,algéro-malienne/ADJ
premier/ADJ,ministre/NOUN,grec/ADJ
tribus/NOUN,indiennes/ADJ,nord-américaines/ADJ
principaux/ADJ,monuments/NOUN,historiques/ADJ
nouvelle/ADJ,église/NOUN,abbatiale/ADJ
deuxième/ADJ,essence/NOUN,feuillue/ADJ
nombreuses/ADJ,marches/NOUN,modulantes/ADJ
Office/NOUN,national/ADJ,interprofessionnel/ADJ
Office/NOUN,national/ADJ,interprofessionnel/ADJ
XIe/ADJ,brigade/NOUN,internationale/ADJ
extrémité/NOUN,latérale/ADJ,supérieure/ADJ
dirigeant/NOUN,sportif/ADJ,français/ADJ
même/ADJ,style/NOUN,nerveux/ADJ
Même/ADJ,préoccupations/NOUN,morales/ADJ
27èmes/ADJ,Journées/NOUN,Européennes/ADJ
division/NOUN,aéroportée/ADJ,américaine/ADJ
scrutin/NOUN,uninominal/ADJ,majoritaire/ADJ
scrutin/NOUN,proportionnel/ADJ,mixte/ADJ
Cour/NOUN,pénale/ADJ,internationale/ADJ
Union/NOUN,syndicale/ADJ,suisse/ADJ
domaine/NOUN,féodal/ADJ,japonais/ADJ
riche/ADJ,arôme/NOUN,particulier/ADJ
débit/NOUN,mensuel/ADJ,moyen/ADJ
parc/NOUN,naturel/ADJ,régional/ADJ
premières/ADJ,tentatives/NOUN,scientifiques/ADJ
Émirats/NOUN,arabes/ADJ,unis/ADJ
port/NOUN,naturel/ADJ,saoudien/ADJ
seule/ADJ,centrale/NOUN,nucléaire/ADJ
large/ADJ,bande/NOUN,passante/ADJ
première/ADJ,puissance/NOUN,régionale/ADJ
série/NOUN,télévisée/ADJ,canadienne/ADJ
légère/ADJ,tendance/NOUN,continentale/ADJ
Premier/ADJ,ministre/NOUN,luxembourgeois/ADJ
premier/ADJ,empire/NOUN,colonial/ADJ
première/ADJ,demi-heure/NOUN,gratuite/ADJ
représentation/NOUN,diplomatique/ADJ,espagnole/ADJ
ancien/ADJ,pays/NOUN,traditionnel/ADJ
flanc/NOUN,droit/ADJ,unioniste/ADJ
moyen/ADJ,anglais/NOUN,primitif/ADJ
grosses/ADJ,pertes/NOUN,humaines/ADJ
calendrier/NOUN,julien/ADJ,proleptique/ADJ
petite/ADJ,tache/NOUN,dorée/ADJ
élections/NOUN,législatives/ADJ,anticipées/ADJ
espaces/NOUN,verts/ADJ,municipaux/ADJ
système/NOUN,nerveux/ADJ,central/ADJ
foi/NOUN,catholique/ADJ,profonde/ADJ
Seconde/ADJ,Guerre/NOUN,mondiale/ADJ
premier/ADJ,album/NOUN,solo/ADJ
sphère/NOUN,académique/ADJ,européenne/ADJ
62e/ADJ,division/NOUN,britannique/ADJ
premiers/ADJ,laboratoires/NOUN,scientifiques/ADJ
tradition/NOUN,religieuse/ADJ,chinoise/ADJ
forces/NOUN,spéciales/ADJ,françaises/ADJ
intervention/NOUN,armée/ADJ,extérieure/ADJ
viande/NOUN,rouge/ADJ,algérienne/ADJ
hiérarchie/NOUN,sociale/ADJ,complexe/ADJ
député/NOUN,européen/ADJ,allemand/ADJ
autre/ADJ,groupe/NOUN,allemand/ADJ
seul/ADJ,grand/ADJ,tour/NOUN
autres/ADJ,édifices/NOUN,semblables/ADJ
Seconde/ADJ,Guerre/NOUN,mondiale/ADJ
deuxième/ADJ,niveau/NOUN,national/ADJ
jeune/ADJ,attaquant/NOUN,serbe/ADJ
forces/NOUN,militaires/ADJ,US/ADJ
puissant/ADJ,chef/NOUN,tribal/ADJ
première/ADJ,division/NOUN,blindée/ADJ
meilleur/ADJ,satellite/NOUN,disponible/ADJ
parc/NOUN,naturel/ADJ,régional/ADJ
même/ADJ,code/NOUN,postal/ADJ
École/NOUN,normale/ADJ,supérieure/ADJ
forme/NOUN,active/ADJ,définitive/ADJ
ensemble/NOUN,culturel/ADJ,océanien/ADJ
paysage/NOUN,linguistique/ADJ,kanak/ADJ
principaux/ADJ,pays/NOUN,européens/ADJ
Front/NOUN,National/ADJ,Iranien/ADJ
tradition/NOUN,alchimique/ADJ,individualiste/ADJ
école/NOUN,nationale/ADJ,supérieure/ADJ
sincère/ADJ,volonté/NOUN,américaine/ADJ
super/ADJ,héros/NOUN,patriotique/ADJ
Seconde/ADJ,Guerre/NOUN,mondiale/ADJ
99e/ADJ,méridien/NOUN,ouest/ADJ
eau/NOUN,douce/ADJ,disponible/ADJ
nombreux/ADJ,invités/NOUN,étrangers/ADJ
petit/ADJ,chien/NOUN,écologiste/ADJ
parti/NOUN,politique/ADJ,québécois/ADJ
première/ADJ,compétition/NOUN,européenne/ADJ
femme/NOUN,politique/ADJ,roumaine/ADJ
nouvelle/ADJ,suspension/NOUN,arrière/ADJ
première/ADJ,ceinture/NOUN,fortifiée/ADJ
autres/ADJ,apports/NOUN,notoires/ADJ
aileron/NOUN,arrière/ADJ,mobile/ADJ
grande/ADJ,esplanade/NOUN,centrale/ADJ
jeune/ADJ,femme/NOUN,élégante/ADJ
alphabet/NOUN,phonétique/ADJ,international/ADJ
meilleurs/ADJ,restaurants/NOUN,thai/ADJ
Première/ADJ,Guerre/NOUN,mondiale/ADJ
maladie/NOUN,chromosomique/ADJ,congénitale/ADJ
route/NOUN,nationale/ADJ,marocaine/ADJ
personnalité/NOUN,politique/ADJ,française/ADJ
premier/ADJ,avion/NOUN,japonais/ADJ
Congrès/NOUN,ornithologique/ADJ,international/ADJ
projets/NOUN,autoroutiers/ADJ,interurbains/ADJ
premier/ADJ,parrain/NOUN,officiel/ADJ
peintre/NOUN,italien/ADJ,baroque/ADJ
seule/ADJ,région/NOUN,française/ADJ
soutien/NOUN,politique/ADJ,important/ADJ
grand-mère/NOUN,maternelle/ADJ,russe/ADJ
Première/ADJ,Guerre/NOUN,mondiale/ADJ
système/NOUN,juridique/ADJ,indépendant/ADJ
ancien/ADJ,premier/ADJ,ministre/NOUN
anciens/ADJ,membres/NOUN,historiques/ADJ
bonne/ADJ,première/ADJ,impression/NOUN
contexte/NOUN,économique/ADJ,actuel/ADJ
division/NOUN,territoriale/ADJ,historique/ADJ
prêtre/NOUN,jésuite/ADJ,français/ADJ
abondante/ADJ,bibliothèque/NOUN,port-royaliste/ADJ
Haute/ADJ,commission/NOUN,binationale/ADJ
principales/ADJ,boutiques/NOUN,adjacentes/ADJ
tradition/NOUN,grammaticale/ADJ,latine/ADJ
peintre/NOUN,italien/ADJ,baroque/ADJ
initiative/NOUN,populaire/ADJ,suisse/ADJ
troisième/ADJ,tablette/NOUN,gratuite/ADJ
coureur/NOUN,cycliste/ADJ,serbe/ADJ
seconde/ADJ,liste/NOUN,déroulante/ADJ
situations/NOUN,politiques/ADJ,intérieures/ADJ
circulation/NOUN,aérienne/ADJ,publique/ADJ
langues/NOUN,asliennes/ADJ,septentrionales/ADJ
système/NOUN,scolaire/ADJ,français/ADJ
type/NOUN,océanique/ADJ,classique/ADJ
Parti/NOUN,communiste/ADJ,libanais/ADJ
division/NOUN,administrative/ADJ,française/ADJ
micro-région/NOUN,statistique/ADJ,hongroise/ADJ
ancien/ADJ,diplomate/NOUN,marocain/ADJ
puissant/ADJ,secteur/NOUN,chimique/ADJ
décrochage/NOUN,scolaire/ADJ,précoce/ADJ
valeur/NOUN,ajoutée/ADJ,industrielle/ADJ
vin/NOUN,rouge/ADJ,italien/ADJ
principale/ADJ,ressource/NOUN,énergétique/ADJ
économie/NOUN,politique/ADJ,moderne/ADJ
véritable/ADJ,membre/NOUN,actif/ADJ
premiers/ADJ,pasteurs/NOUN,piétistes/ADJ
beaux/ADJ,meubles/NOUN,chinois/ADJ
nombreux/ADJ,contrôles/NOUN,policiers/ADJ
grandes/ADJ,aires/NOUN,urbaines/ADJ
premiers/ADJ,articles/NOUN,académiques/ADJ
autres/ADJ,journalistes/NOUN,québécois/ADJ
substance/NOUN,psychotrope/ADJ,populaire/ADJ
soi-disant/ADJ,histoires/NOUN,vraies/ADJ
paralysie/NOUN,législative/ADJ,prolongée/ADJ
nouvelles/ADJ,charges/NOUN,financières/ADJ
déficit/NOUN,budgétaire/ADJ,important/ADJ
intervention/NOUN,chirurgicale/ADJ,extraordinaire/ADJ
mauvaises/ADJ,conditions/NOUN,climatiques/ADJ
Marine/NOUN,Royale/ADJ,britannique/ADJ
chahut/NOUN,familial/ADJ,convivial/ADJ
drame/NOUN,social/ADJ,percutant/ADJ
nouvelle/ADJ,cible/NOUN,facile/ADJ
vote/NOUN,anticipé/ADJ,direct/ADJ
Libertés/NOUN,Civiles/ADJ,Américaines/ADJ
tel/ADJ,état/NOUN,émotionnel/ADJ
chaque/ADJ,compagnie/NOUN,aérienne/ADJ
villes/NOUN,côtières/ADJ,grecques/ADJ
armée/NOUN,achéménide/ADJ,multiethnique/ADJ
vent/NOUN,saisonnier/ADJ,dominant/ADJ
Différentes/ADJ,tribus/NOUN,germaniques/ADJ
importantes/ADJ,tribus/NOUN,slaves/ADJ
forces/NOUN,tectoniques/ADJ,planétaires/ADJ
religion/NOUN,traditionnelle/ADJ,africaine/ADJ
Plusieurs/ADJ,civilisations/NOUN,antiques/ADJ
civilisations/NOUN,méditéranéennes/ADJ,importantes/ADJ
opinion/NOUN,publique/ADJ,danoise/ADJ
climat/NOUN,méditerranéen/ADJ,doux/ADJ
Divers/ADJ,acheteurs/NOUN,privés/ADJ
nombreux/ADJ,peuples/NOUN,indigènes/ADJ
plusieurs/ADJ,langues/NOUN,européennes/ADJ
rapide/ADJ,croissance/NOUN,démographique/ADJ
première/ADJ,étude/NOUN,académique/ADJ
derniers/ADJ,Jeux/NOUN,Olympiques/ADJ
première/ADJ,mention/NOUN,historique/ADJ
signe/NOUN,astrologique/ADJ,chinois/ADJ
signe/NOUN,astrologique/ADJ,chinois/ADJ
Nouvel/ADJ,An/NOUN,chinois/ADJ
programme/NOUN,télévisé/ADJ,japonais/ADJ
Station/NOUN,Spatiale/ADJ,Internationale/ADJ
grande/ADJ,armée/NOUN,macédonienne/ADJ
grande/ADJ,campagne/NOUN,conquérante/ADJ
Première/ADJ,Guerre/NOUN,mondiale/ADJ
croissance/NOUN,économique/ADJ,dynamique/ADJ
itinéraires/NOUN,commerciaux/ADJ,lucratifs/ADJ
occupation/NOUN,militaire/ADJ,américaine/ADJ
bonnes/ADJ,terres/NOUN,agricoles/ADJ
deuxième/ADJ,guerre/NOUN,messénienne/ADJ
propres/ADJ,petites/ADJ,voitures/NOUN
Première/ADJ,Guerre/NOUN,mondiale/ADJ
première/ADJ,lutte/NOUN,épique/ADJ
nouveaux/ADJ,quartiers/NOUN,indigènes/ADJ
Certains/ADJ,érudits/NOUN,chrétiens/ADJ
basses/ADJ,terres/NOUN,mayas/ADJ
arc/NOUN,narratif/ADJ,élaboré/ADJ
autres/ADJ,fonctionnaires/NOUN,allemands/ADJ
prochain/ADJ,cycle/NOUN,électoral/ADJ
responsable/NOUN,politique/ADJ,chevronné/ADJ
étroit/ADJ,écran/NOUN,tactile/ADJ
services/NOUN,secrets/ADJ,russes/ADJ
flux/NOUN,financiers/ADJ,douteux/ADJ
contraceptions/NOUN,hormonales/ADJ,masculines/ADJ
chaque/ADJ,zone/NOUN,spécialisée/ADJ
contraception/NOUN,hormonale/ADJ,masculine/ADJ
enquêteur/NOUN,principal/ADJ,canadien/ADJ
patrimoine/NOUN,naturel/ADJ,national/ADJ
première/ADJ,femme/NOUN,présidente/ADJ
famille/NOUN,catholique/ADJ,antifasciste/ADJ
quatrième/ADJ,compagnie/NOUN,américaine/ADJ
autres/ADJ,dispositifs/NOUN,verbaux/ADJ
seconde/ADJ,guerre/NOUN,mondiale/ADJ
Première/ADJ,Guerre/NOUN,mondiale/ADJ
vieilles/ADJ,puissances/NOUN,coloniales/ADJ
élections/NOUN,générales/ADJ,libres/ADJ
petites/ADJ,communautés/NOUN,indépendantes/ADJ
classe/NOUN,moyenne/ADJ,chinoise/ADJ
engagement/NOUN,révolutionnaire/ADJ,radical/ADJ
courte/ADJ,liaison/NOUN,amoureuse/ADJ
plusieurs/ADJ,différents/ADJ,menhirs/NOUN
nombreux/ADJ,artefacts/NOUN,préhistoriques/ADJ
deuxième/ADJ,région/NOUN,royale/ADJ
différentes/ADJ,pièces/NOUN,cinématographiques/ADJ
nombreuses/ADJ,chapelles/NOUN,latérales/ADJ
prisonniers/NOUN,politiques/ADJ,restants/ADJ
autre/ADJ,succès/NOUN,remarquable/ADJ
Metropolitan/ADJ,Club/NOUN,privé/ADJ
politiques/NOUN,nationales/ADJ,subsidiaires/ADJ
sixième/ADJ,grande/ADJ,extinction/NOUN
grands/ADJ,désassembleurs/NOUN,moléculaires/ADJ
mêmes/ADJ,agents/NOUN,pathogènes/ADJ
seul/ADJ,pouce/NOUN,cube/ADJ
membranes/NOUN,neurologiques/ADJ,étendues/ADJ
même/ADJ,archétype/NOUN,mycéliaire/ADJ
Hautes/ADJ,Parties/NOUN,Contractantes/ADJ
règles/NOUN,constitutionnelles/ADJ,respectives/ADJ
premier/ADJ,jour/NOUN,ouvrable/ADJ
propre/ADJ,analyse/NOUN,politique/ADJ
effroyable/ADJ,accident/NOUN,ferroviaire/ADJ
avantage/NOUN,concurrentiel/ADJ,temporaire/ADJ
examens/NOUN,internationaux/ADJ,identiques/ADJ
gestion/NOUN,collective/ADJ,obligatoire/ADJ
fournisseur/NOUN,potentiel/ADJ,important/ADJ
fond/NOUN,social/ADJ,européen/ADJ
fonds/NOUN,social/ADJ,européen/ADJ
autres/ADJ,groupes/NOUN,politiques/ADJ
politique/NOUN,régionale/ADJ,communautaire/ADJ
autres/ADJ,régions/NOUN,périphériques/ADJ
politique/NOUN,régionale/ADJ,communautaire/ADJ
produit/NOUN,intérieur/ADJ,brut/ADJ
fond/NOUN,social/ADJ,européen/ADJ
fonds/NOUN,structurels/ADJ,disponibles/ADJ
partie/NOUN,supérieure/ADJ,droite/ADJ
conditions/NOUN,contractuelles/ADJ,différentes/ADJ
campagne/NOUN,publicitaire/ADJ,intéressante/ADJ
performances/NOUN,fonctionnelles/ADJ,similaires/ADJ
impact/NOUN,environnemental/ADJ,global/ADJ
stratégies/NOUN,thématiques/ADJ,pertinentes/ADJ
autres/ADJ,utilisateurs/NOUN,finals/ADJ
activité/NOUN,économique/ADJ,saine/ADJ
preuves/NOUN,scientifiques/ADJ,nouvelles/ADJ
principaux/ADJ,éléments/NOUN,novateurs/ADJ
objectif/NOUN,environnemental/ADJ,prioritaire/ADJ
programmes/NOUN,communautaires/ADJ,pertinents/ADJ
normes/NOUN,internationales/ADJ,pertinentes/ADJ
instruments/NOUN,communautaires/ADJ,préexistants/ADJ
eau/NOUN,chaude/ADJ,sanitaire/ADJ
consentement/NOUN,préalable/ADJ,écrit/ADJ
offices/NOUN,centraux/ADJ,nationaux/ADJ
banque/NOUN,centrale/ADJ,européenne/ADJ
principales/ADJ,conclusions/NOUN,suivantes/ADJ
dotation/NOUN,budgétaire/ADJ,initiale/ADJ
premier/ADJ,projet/NOUN,relevant/ADJ
seule/ADJ,étude/NOUN,technique/ADJ
banques/NOUN,centrales/ADJ,nationales/ADJ
services/NOUN,secrets/ADJ,américains/ADJ
ligne/NOUN,budgétaire/ADJ,spécifique/ADJ
autres/ADJ,programmes/NOUN,communautaires/ADJ
offices/NOUN,centraux/ADJ,nationaux/ADJ
présente/ADJ,Déclaration/NOUN,Universelle/ADJ
juridictions/NOUN,nationales/ADJ,compétentes/ADJ
suffrage/NOUN,universel/ADJ,égal/ADJ
services/NOUN,sociaux/ADJ,nécessaires/ADJ
même/ADJ,protection/NOUN,sociale/ADJ
principe/NOUN,juridique/ADJ,fondamental/ADJ
délicieux/ADJ,petits/ADJ,chocolats/NOUN
autre/ADJ,prédateur/NOUN,suprême/ADJ
grande/ADJ,découverte/NOUN,scientifique/ADJ
autres/ADJ,traitements/NOUN,anti-ostéoporotiques/ADJ
surveillance/NOUN,clinique/ADJ,appropriée/ADJ
disparition/NOUN,biphasique/ADJ,rapide/ADJ
ressources/NOUN,financières/ADJ,adéquates/ADJ
besoins/NOUN,physiques/ADJ,urgents/ADJ
autre/ADJ,principe/NOUN,important/ADJ
ministère/NOUN,public/ADJ,européen/ADJ
Première/ADJ,Guerre/NOUN,mondiale/ADJ
partis/NOUN,politiques/ADJ,français/ADJ
longs/ADJ,tubes/NOUN,linéaires/ADJ
nouvelles/ADJ,opportunités/NOUN,commerciales/ADJ
autres/ADJ,établissements/NOUN,financiers/ADJ
représentation/NOUN,théâtrale/ADJ,remarquable/ADJ
poussée/NOUN,intraveineuse/ADJ,rapide/ADJ
insuffisance/NOUN,rénale/ADJ,modérée/ADJ
choc/NOUN,anaphylactique/ADJ,fatal/ADJ
perfusion/NOUN,intraveineuse/ADJ,constante/ADJ
scrutin/NOUN,uninominal/ADJ,majoritaire/ADJ
nouvelle/ADJ,fracture/NOUN,vertébrale/ADJ
surveillance/NOUN,clinique/ADJ,appropriée/ADJ
seule/ADJ,mission/NOUN,importante/ADJ
financement/NOUN,politique/ADJ,occulte/ADJ
photographe/NOUN,libanais/ADJ,indépendant/ADJ
problèmes/NOUN,rénaux/ADJ,aigus/ADJ
syndrome/NOUN,coronarien/ADJ,aigu/ADJ
plasma/NOUN,humain/ADJ,normal/ADJ
fonction/NOUN,rénale/ADJ,normale/ADJ
prescription/NOUN,médicale/ADJ,restreinte/ADJ
PETITS/ADJ,CONDITIONNEMENTS/NOUN,PRIMAIRES/ADJ
assemblée/NOUN,générale/ADJ,décentralisée/ADJ
Tribunal/NOUN,pénal/ADJ,international/ADJ
nombreuses/ADJ,petites/ADJ,listes/NOUN
syndrome/NOUN,coronaire/ADJ,aigu/ADJ
traitement/NOUN,conservateur/ADJ,médical/ADJ
endocardite/NOUN,bactérienne/ADJ,subaiguë/ADJ
consommation/NOUN,énergétique/ADJ,moyenne/ADJ
acides/NOUN,aminés/ADJ,constitutifs/ADJ
problèmes/NOUN,rénaux/ADJ,modérés/ADJ
phosphatases/NOUN,alcalines/ADJ,sériques/ADJ
évènements/NOUN,indésirables/ADJ,graves/ADJ
altération/NOUN,rénale/ADJ,préexistante/ADJ
médicaments/NOUN,néphrotoxiques/ADJ,concomitants/ADJ
taux/NOUN,post-ménopausiques/ADJ,élevés/ADJ
densité/NOUN,minérale/ADJ,osseuse/ADJ
fractures/NOUN,vertébrales/ADJ,légères/ADJ
fracture/NOUN,vertébrale/ADJ,prévalente/ADJ
nouvelle/ADJ,fracture/NOUN,vertébrale/ADJ
fractures/NOUN,cliniques/ADJ,dorsales/ADJ
données/NOUN,pharmacocinétiques/ADJ,suivantes/ADJ
seule/ADJ,perfusion/NOUN,intraveineuse/ADJ
seule/ADJ,perfusion/NOUN,intraveineuse/ADJ
acide/NOUN,zolédronique/ADJ,anhydre/ADJ
acide/NOUN,zolédronique/ADJ,monohydraté/ADJ
apport/NOUN,supplémentaire/ADJ,approprié/ADJ
Première/ADJ,Guerre/NOUN,mondiale/ADJ
ancien/ADJ,bras/NOUN,droit/ADJ
ancien/ADJ,directeur/NOUN,général/ADJ
ancien/ADJ,directeur/NOUN,adjoint/ADJ
directeur/NOUN,général/ADJ,adjoint/ADJ
modeste/ADJ,journal/NOUN,électoral/ADJ
partis/NOUN,politiques/ADJ,français/ADJ
ancien/ADJ,directeur/NOUN,général/ADJ
Affaire/NOUN,politico-financière/ADJ,française/ADJ
domaine/NOUN,public/ADJ,maritime/ADJ
nombreux/ADJ,autres/ADJ,États/NOUN
perte/NOUN,osseuse/ADJ,graduelle/ADJ
tissu/NOUN,osseux/ADJ,ancien/ADJ
même/ADJ,substance/NOUN,active/ADJ
Effets/NOUN,indésirables/ADJ,fréquents/ADJ
Effets/NOUN,indésirables/ADJ,rares/ADJ
acide/NOUN,zolédronique/ADJ,anhydre/ADJ
acide/NOUN,zolédronique/ADJ,monohydraté/ADJ
atteinte/NOUN,rénale/ADJ,sévère/ADJ
expérience/NOUN,clinique/ADJ,suffisante/ADJ
remodelage/NOUN,osseux/ADJ,élevé/ADJ
procédures/NOUN,médicales/ADJ,standards/ADJ
exploitations/NOUN,familiales/ADJ,européennes/ADJ
maires/NOUN,communistes/ADJ,français/ADJ
prisonniers/NOUN,Kosovars/ADJ,albanais/ADJ
nombreuses/ADJ,autres/ADJ,activités/NOUN
petite/ADJ,pêche/NOUN,côtière/ADJ
Seconde/ADJ,Guerre/NOUN,mondiale/ADJ
simple/ADJ,convention/NOUN,économique/ADJ
troisième/ADJ,principe/NOUN,fondamental/ADJ
système/NOUN,financier/ADJ,international/ADJ
marchés/NOUN,financiers/ADJ,européens/ADJ
autorité/NOUN,prudentielle/ADJ,unique/ADJ
base/NOUN,juridique/ADJ,nécessaire/ADJ
petit/ADJ,air/NOUN,tristounet/ADJ
aides/NOUN,financières/ADJ,communautaires/ADJ
célèbre/ADJ,retraité/NOUN,américain/ADJ
ressources/NOUN,financières/ADJ,importantes/ADJ
partis/NOUN,nationalistes/ADJ,démocratiques/ADJ
récentes/ADJ,attaques/NOUN,infructueuses/ADJ
Première/ADJ,Guerre/NOUN,mondiale/ADJ
opinion/NOUN,publique/ADJ,internationale/ADJ
petites/ADJ,pierres/NOUN,fines/ADJ
Affaire/NOUN,politico-financière/ADJ,française/ADJ
différentes/ADJ,affaires/NOUN,politico-financières/ADJ
ancien/ADJ,secrétaire/NOUN,général/ADJ
seul/ADJ,3e/ADJ,arrondissement/NOUN
nouvelle/ADJ,information/NOUN,judiciaire/ADJ
cercles/NOUN,militaires/ADJ,catholiques/ADJ
nouvelles/ADJ,lois/NOUN,laïques/ADJ
loges/NOUN,bourgeoises/ADJ,modérées/ADJ
Première/ADJ,Guerre/NOUN,mondiale/ADJ
notables/NOUN,républicains/ADJ,modérés/ADJ
bonne/ADJ,disposition/NOUN,politique/ADJ
propres/ADJ,services/NOUN,internes/ADJ
police/NOUN,politique/ADJ,moderne/ADJ
ancien/ADJ,directeur/NOUN,général/ADJ
ancien/ADJ,banquier/NOUN,français/ADJ
ancien/ADJ,directeur/NOUN,général/ADJ
commissions/NOUN,politiques/ADJ,correspondantes/ADJ
Parti/NOUN,communiste/ADJ,chinois/ADJ
officiers/NOUN,supérieurs/ADJ,français/ADJ
Parti/NOUN,communiste/ADJ,chinois/ADJ
ancien/ADJ,ministre/NOUN,socialiste/ADJ
information/NOUN,judiciaire/ADJ,française/ADJ
ancien/ADJ,directeur/NOUN,adjoint/ADJ
boîte/NOUN,noire/ADJ,financière/ADJ
personnalités/NOUN,politiques/ADJ,taïwanaises/ADJ
ancien/ADJ,directeur/NOUN,adjoint/ADJ
solde/NOUN,financier/ADJ,positif/ADJ
ancien/ADJ,conseiller/NOUN,commercial/ADJ
responsables/NOUN,politiques/ADJ,français/ADJ
nouveau/ADJ,président/NOUN,taïwanais/ADJ
ancien/ADJ,directeur/NOUN,juridique/ADJ
ancien/ADJ,directeur/NOUN,juridique/ADJ
nouvelle/ADJ,école/NOUN,maternelle/ADJ
petite/ADJ,contribution/NOUN,financière/ADJ
ancien/ADJ,directeur/NOUN,général/ADJ
police/NOUN,judiciaire/ADJ,parisienne/ADJ
Affaire/NOUN,politico-financière/ADJ,française/ADJ
autres/ADJ,factures/NOUN,fictives/ADJ
petite/ADJ,chemise/NOUN,rose/ADJ
nombreux/ADJ,marchés/NOUN,publics/ADJ
hommes/NOUN,politiques/ADJ,-clés/ADJ
Affaire/NOUN,politico-financière/ADJ,française/ADJ
affaire/NOUN,politico-financière/ADJ,française/ADJ
important/ADJ,groupe/NOUN,canadien/ADJ
Comité/NOUN,international/ADJ,olympique/ADJ
Affaire/NOUN,politico-financière/ADJ,française/ADJ
Affaire/NOUN,politico-financière/ADJ,italienne/ADJ
derniers/ADJ,otages/NOUN,français/ADJ
organisation/NOUN,intégriste/ADJ,libanaise/ADJ
divers/ADJ,groupes/NOUN,terroristes/ADJ
domaine/NOUN,public/ADJ,maritime/ADJ
ébauche/NOUN,politique/ADJ,française/ADJ
Affaire/NOUN,politico-financière/ADJ,française/ADJ
première/ADJ,manipulation/NOUN,emblématique/ADJ
ancien/ADJ,haut/ADJ,commissaire/NOUN
grandes/ADJ,compagnies/NOUN,privées/ADJ
table/NOUN,ronde/ADJ,ivoirienne/ADJ
différentes/ADJ,parties/NOUN,intéressées/ADJ
dernier/ADJ,conseil/NOUN,municipal/ADJ
Jeux/NOUN,olympiques/ADJ,inter-établissements/ADJ
RAPPORT/NOUN,EUROPÉEN/ADJ,PUBLIC/ADJ
rapport/NOUN,européen/ADJ,public/ADJ
jeune/ADJ,homme/NOUN,dissipé/ADJ
intervention/NOUN,coronaire/ADJ,percutanée/ADJ
intervention/NOUN,coronaire/ADJ,percutanée/ADJ
première/ADJ,division/NOUN,départementale/ADJ
intervention/NOUN,coronaire/ADJ,percutanée/ADJ
syndrome/NOUN,coronarien/ADJ,aigu/ADJ
Syndrome/NOUN,coronarien/ADJ,aigu/ADJ
insuffisance/NOUN,rénale/ADJ,modérée/ADJ
insuffisance/NOUN,rénale/ADJ,sévère/ADJ
bas/ADJ,poids/NOUN,moléculaire/ADJ
bas/ADJ,poids/NOUN,moléculaire/ADJ
insuffisance/NOUN,rénale/ADJ,sévère/ADJ
normes/NOUN,médicales/ADJ,actuelles/ADJ
autres/ADJ,événements/NOUN,indésirables/ADJ
liaisons/NOUN,croisées/ADJ,covalentes/ADJ
syndrome/NOUN,coronarien/ADJ,aigu/ADJ
intervention/NOUN,coronaire/ADJ,percutanée/ADJ
site/NOUN,catalytique/ADJ,actif/ADJ
fonction/NOUN,rénale/ADJ,normale/ADJ
légère/ADJ,insuffisance/NOUN,rénale/ADJ
première/ADJ,exposition/NOUN,avicole/ADJ
concentration/NOUN,plasmatique/ADJ,clinique/ADJ
effets/NOUN,pharmacologiques/ADJ,exagérés/ADJ
activité/NOUN,pharmacologique/ADJ,excessive/ADJ
même/ADJ,perfusion/NOUN,intraveineuse/ADJ
effets/NOUN,indésirables/ADJ,éventuels/ADJ
syndromes/NOUN,coronariens/ADJ,aigus/ADJ
tension/NOUN,artérielle/ADJ,élevée/ADJ
intervention/NOUN,coronaire/ADJ,percutanée/ADJ
intervention/NOUN,coronaire/ADJ,percutanée/ADJ
EFFETS/NOUN,INDESIRABLES/ADJ,EVENTUELS/ADJ
RAPPORT/NOUN,EUROPEEN/ADJ,PUBLIC/ADJ
même/ADJ,principe/NOUN,actif/ADJ
autre/ADJ,traitement/NOUN,anti-ostéoporosique/ADJ
acide/NOUN,zolédronique/ADJ,anhydre/ADJ
acide/NOUN,zolédronique/ADJ,monohydraté/ADJ
acide/NOUN,zolédronique/ADJ,anhydre/ADJ
acide/NOUN,zolédronique/ADJ,monohydraté/ADJ
unique/ADJ,perfusion/NOUN,intraveineuse/ADJ
expérience/NOUN,clinique/ADJ,limitée/ADJ
insuffisance/NOUN,rénale/ADJ,sévère/ADJ
expérience/NOUN,clinique/ADJ,limitée/ADJ
remodelage/NOUN,osseux/ADJ,élevé/ADJ
même/ADJ,substance/NOUN,active/ADJ
mauvaise/ADJ,hygiène/NOUN,buccale/ADJ
intervention/NOUN,dentaire/ADJ,invasive/ADJ
forte/ADJ,liaison/NOUN,protéique/ADJ
événement/NOUN,indésirable/ADJ,grave/ADJ
insuffisance/NOUN,rénale/ADJ,aiguë/ADJ
vaste/ADJ,étude/NOUN,clinique/ADJ
autres/ADJ,chirurgies/NOUN,dentaires/ADJ
maladie/NOUN,buccale/ADJ,préexistante/ADJ
vaste/ADJ,étude/NOUN,clinique/ADJ
traitement/NOUN,anti-ostéoporotique/ADJ,concomitant/ADJ
traitements/NOUN,anti-ostéoporotiques/ADJ,concomitants/ADJ
fractures/NOUN,vertébrales/ADJ,morphométriques/ADJ
nouvelle/ADJ,fracture/NOUN,vertébrale/ADJ
nouvelle/ADJ,fracture/NOUN,vertébrale/ADJ
traitement/NOUN,anti-ostéoporotique/ADJ,concomitant/ADJ
densité/NOUN,minérale/ADJ,osseuse/ADJ
premier/ADJ,astronome/NOUN,français/ADJ
troisième/ADJ,dose/NOUN,annuelle/ADJ
volume/NOUN,osseux/ADJ,trabéculaire/ADJ
phosphatases/NOUN,alcalines/ADJ,spécifiques/ADJ
Fracture/NOUN,vertébrale/ADJ,clinique/ADJ
densité/NOUN,minérale/ADJ,osseuse/ADJ
phosphatases/NOUN,alcalines/ADJ,sériques/ADJ
phosphatases/NOUN,alcalines/ADJ,sériques/ADJ
marqueurs/NOUN,biochimiques/ADJ,osseux/ADJ
clairance/NOUN,corporelle/ADJ,totale/ADJ
grande/ADJ,ligne/NOUN,droite/ADJ
large/ADJ,ruban/NOUN,noir/ADJ
grande/ADJ,limousine/NOUN,noire/ADJ
jeune/ADJ,musique/NOUN,polonaise/ADJ
maladies/NOUN,virales/ADJ,émergentes/ADJ
dernière/ADJ,petite/ADJ,question/NOUN
premier/ADJ,bulletin/NOUN,trimestriel/ADJ
toutes/ADJ,premières/ADJ,disciples/NOUN
grande/ADJ,ligne/NOUN,droite/ADJ
différentes/ADJ,couches/NOUN,sociales/ADJ
mauvaise/ADJ,foi/NOUN,soviétique/ADJ
nouvel/ADJ,ordre/NOUN,international/ADJ
petite/ADJ,référence/NOUN,philosophique/ADJ
dix-neuvième/ADJ,siècle/NOUN,romantique/ADJ
réseaux/NOUN,sociaux/ADJ,thématiques/ADJ
petite/ADJ,scène/NOUN,couverte/ADJ
