novo/ADJ,marco/NOUN,comunitario/ADJ
sector/NOUN,público/ADJ,estatal/ADJ
empresas/NOUN,capitalistas/ADJ,convencionais/ADJ
valor/NOUN,neto/ADJ,contable/ADJ
preciso/ADJ,informe/NOUN,favorable/ADJ
augas/NOUN,cálidas/ADJ,superficias/ADJ
poboación/NOUN,xitana/ADJ,asalariada/ADJ
diferentes/ADJ,marcas/NOUN,comerciais/ADJ
campo/NOUN,isobárico/ADJ,superficial/ADJ
canto/NOUN,popular/ADJ,oriental/ADJ
Espazo/NOUN,Económico/ADJ,Europeo/ADJ
maior/ADJ,número/NOUN,posible/ADJ
rede/NOUN,empresarial/ADJ,galega/ADJ
devandito/ADJ,establecemento/NOUN,permanente/ADJ
conseguinte/ADJ,éxodo/NOUN,agrario/ADJ
numerosos/ADJ,países/NOUN,desenvolvidos/ADJ
comunidade/NOUN,española/ADJ,inmigrante/ADJ
pequena/ADJ,cidade/NOUN,alemana/ADJ
diferentes/ADJ,aulas/NOUN,multimedia/ADJ
clases/NOUN,medias/ADJ,urbanas/ADJ
virus/NOUN,causal/ADJ,específico/ADJ
pequenos/ADJ,hábitos/NOUN,cotiáns/ADJ
compoñentes/NOUN,cíclicos/ADJ,favorables/ADJ
procedemento/NOUN,administrativo/ADJ,común/ADJ
novo/ADJ,Plan/NOUN,Nacional/ADJ
gran/ADJ,transcendencia/NOUN,cultural/ADJ
produción/NOUN,cultural/ADJ,galega/ADJ
centros/NOUN,educativos/ADJ,itinerarios/ADJ
Complexo/NOUN,Hospitalario/ADJ,Universitario/ADJ
seguintes/ADJ,obxectivos/NOUN,concretos/ADJ
entidades/NOUN,locais/ADJ,competentes/ADJ
respectivas/ADJ,terrazas/NOUN,fluvioglaciares/ADJ
tratos/NOUN,arancelarios/ADJ,privilexiados/ADJ
determinados/ADJ,servizos/NOUN,educativos/ADJ
proxecto/NOUN,colectivo/ADJ,común/ADJ
relación/NOUN,cuantitativa/ADJ,observable/ADJ
maior/ADJ,apoio/NOUN,institucional/ADJ
distintos/ADJ,documentos/NOUN,elaborados/ADJ
normativa/NOUN,laboral/ADJ,aplicable/ADJ
apoio/NOUN,financeiro/ADJ,extraordinario/ADJ
correspondente/ADJ,distintivo/NOUN,acreditativo/ADJ
Administración/NOUN,pública/ADJ,competente/ADJ
Administración/NOUN,pública/ADJ,contratante/ADJ
Real/ADJ,decreto/NOUN,lexislativo/ADJ
sistema/NOUN,nervioso/ADJ,central/ADJ
Diferentes/ADJ,estudos/NOUN,estatísticos/ADJ
cláusulas/NOUN,administrativas/ADJ,xerais/ADJ
escasa/ADJ,producción/NOUN,total/ADJ
mellores/ADJ,técnicas/NOUN,dispoñibles/ADJ
Residuos/NOUN,Sólidos/ADJ,Urbanos/ADJ
Residuos/NOUN,Sólidos/ADJ,Urbanos/ADJ
disposición/NOUN,transitoria/ADJ,segunda/ADJ
disposición/NOUN,transitoria/ADJ,primeira/ADJ
diferentes/ADJ,compostos/NOUN,contaminantes/ADJ
lesións/NOUN,destructivas/ADJ,difusas/ADJ
encefalopatías/NOUN,esponxiformes/ADJ,transmisibles/ADJ
respectiva/ADJ,comunidade/NOUN,autónoma/ADJ
centro/NOUN,privado/ADJ,Seresco/ADJ
mellor/ADJ,sistema/NOUN,educativo/ADJ
políticas/NOUN,locais/ADJ,inclusivas/ADJ
grandes/ADJ,obxectivos/NOUN,cualitativos/ADJ
claro/ADJ,patrón/NOUN,estacional/ADJ
clara/ADJ,homoxeneidade/NOUN,espacial/ADJ
pequenas/ADJ,perdas/NOUN,hemáticas/ADJ
maior/ADJ,altura/NOUN,maiores/ADJ
maior/ADJ,diversificación/NOUN,xeográfica/ADJ
exportacións/NOUN,petroleiras/ADJ,venezolanas/ADJ
autoridade/NOUN,administrativa/ADJ,competente/ADJ
diferentes/ADJ,delegacións/NOUN,provinciais/ADJ
recursos/NOUN,económicos/ADJ,líquidos/ADJ
maior/ADJ,capacidade/NOUN,calorífica/ADJ
presión/NOUN,venosa/ADJ,central/ADJ
reaccións/NOUN,dermatolóxicas/ADJ,alérxicas/ADJ
cen/ADJ,mil/NOUN,medio/ADJ
decisivas/ADJ,cargas/NOUN,xerais/ADJ
alta/ADJ,seguridade/NOUN,social/ADJ
grandes/ADJ,organizacións/NOUN,ilegais/ADJ
proceso/NOUN,comparativo/ADJ,individual/ADJ
cor/NOUN,vermella/ADJ,intensa/ADJ
fontes/NOUN,fixas/ADJ,industriais/ADJ
capital/NOUN,público/ADJ,total/ADJ
capital/NOUN,público/ADJ,social/ADJ
Dominio/NOUN,Público/ADJ,Hidráulico/ADJ
Dominio/NOUN,Público/ADJ,Hidráulico/ADJ
lóxicos/ADJ,eprimeiros/ADJ,destinatarios/NOUN
lesións/NOUN,precursoras/ADJ,diagnosticables/ADJ
primeiro/ADJ,paso/NOUN,homoxeneizador/ADJ
consumo/NOUN,medio/ADJ,semanal/ADJ
parálise/NOUN,flácida/ADJ,aguda/ADJ
modelo/NOUN,cultural/ADJ,urbano/ADJ
medidas/NOUN,correctoras/ADJ,eficientes/ADJ
revestimento/NOUN,cerámico/ADJ,especial/ADJ
unidades/NOUN,morfolóxicas/ADJ,básicas/ADJ
única/ADJ,forma/NOUN,eficaz/ADJ
auténtica/ADJ,polipatoloxía/NOUN,social/ADJ
dinámica/NOUN,socio-laboral/ADJ,galega/ADJ
trámites/NOUN,legais/ADJ,preceptivos/ADJ
valor/NOUN,medio/ADJ,nacional/ADJ
mellor/ADJ,coñecemento/NOUN,dispoñible/ADJ
castigo/NOUN,físico/ADJ,indecente/ADJ
grandes/ADJ,obxectivos/NOUN,comúns/ADJ
espacio/NOUN,natural/ADJ,protexido/ADJ
capacidade/NOUN,productiva/ADJ,galega/ADJ
brotes/NOUN,sistémicos/ADJ,periódicos/ADJ
recursos/NOUN,pesqueiros/ADJ,dispoñibles/ADJ
órgano/NOUN,autonómico/ADJ,competente/ADJ
máximos/ADJ,sectores/NOUN,posibles/ADJ
entidade/NOUN,pública/ADJ,empresarial/ADJ
plena/ADJ,cidadanía/NOUN,europea/ADJ
vantaxe/NOUN,competitiva/ADJ,sostible/ADJ
distintos/ADJ,niveis/NOUN,competenciais/ADJ
devandita/ADJ,balanza/NOUN,comercial/ADJ
gran/ADJ,relevancia/NOUN,internacional/ADJ
procedementos/NOUN,hixiénicos/ADJ,habituais/ADJ
diversidade/NOUN,cultural/ADJ,local/ADJ
diversidade/NOUN,cultural/ADJ,local/ADJ
disposición/NOUN,adicional/ADJ,terceira/ADJ
disposición/NOUN,adicional/ADJ,única/ADJ
patrimonio/NOUN,cultural/ADJ,europeo/ADJ
prezo/NOUN,máximo/ADJ,legal/ADJ
distintos/ADJ,grupos/NOUN,humanos/ADJ
novas/ADJ,políticas/NOUN,orientadas/ADJ
posibles/ADJ,novos/ADJ,mecanismos/NOUN
representación/NOUN,colexial/ADJ,delegada/ADJ
importante/ADJ,carga/NOUN,burocrática/ADJ
principal/ADJ,actor/NOUN,medioambiental/ADJ
vixente/ADJ,convenio/NOUN,colectivo/ADJ
Lei/NOUN,xeral/ADJ,tributaria/ADJ
Organización/NOUN,Marítima/ADJ,Internacional/ADJ
Tribunal/NOUN,Económico-Administrativo/ADJ,Central/ADJ
materia/NOUN,prima/ADJ,principal/ADJ
sector/NOUN,agrario/ADJ,galego/ADJ
producción/NOUN,final/ADJ,agraria/ADJ
política/NOUN,agraria/ADJ,galega/ADJ
único/ADJ,Monumento/NOUN,Natural/ADJ
posíbeis/ADJ,evolucións/NOUN,futuras/ADJ
tratamento/NOUN,substitutivo/ADJ,inicial/ADJ
boas/ADJ,prácticas/NOUN,ambientais/ADJ
gran/ADJ,maior/ADJ,ia/NOUN
futura/ADJ,Lei/NOUN,española/ADJ
terceira/ADJ,circunvolución/NOUN,frontal/ADJ
maior/ADJ,calidade/NOUN,posíbel/ADJ
febre/NOUN,mediterránea/ADJ,familiar/ADJ
diferentes/ADJ,comunidades/NOUN,autónomas/ADJ
resultados/NOUN,anuais/ADJ,homoxéneos/ADJ
importe/NOUN,neto/ADJ,anual/ADJ
impactos/NOUN,ambientais/ADJ,potenciais/ADJ
períodos/NOUN,impositivos/ADJ,seguintes/ADJ
cinco/ADJ,CC./NOUN,AA./ADJ
inaturábel/ADJ,presión/NOUN,antidemocrática/ADJ
capa/NOUN,sebácea/ADJ,natural/ADJ
sistema/NOUN,educativo/ADJ,local/ADJ
nova/ADJ,TC/NOUN,cerebral/ADJ
dominio/NOUN,público/ADJ,portuario/ADJ
especialidade/NOUN,farmacéutica/ADJ,xenérica/ADJ
especialidade/NOUN,farmacéutica/ADJ,prescrita/ADJ
conducta/NOUN,sexual/ADJ,inapropiada/ADJ
Política/NOUN,Agraria/ADJ,Común/ADJ
vacinación/NOUN,infantil/ADJ,sistemática/ADJ
Banco/NOUN,Central/ADJ,Europeo/ADJ
efectos/NOUN,fixos/ADJ,negativos/ADJ
restante/ADJ,oferta/NOUN,cultural/ADJ
escenario/NOUN,didáctico/ADJ,importante/ADJ
valor/NOUN,actual/ADJ,actuarial/ADJ
íntima/ADJ,identificación/NOUN,cultural/ADJ
raíz/NOUN,cadrada/ADJ,normal/ADJ
raíz/NOUN,cúbica/ADJ,normal/ADJ
centrais/NOUN,térmicas/ADJ,galegas/ADJ
distribución/NOUN,urbanística/ADJ,difusa/ADJ
Comunidades/NOUN,autónomas/ADJ,españolas/ADJ
seis/NOUN,conxuntos/ADJ,mostrais/ADJ
regresión/NOUN,lineal/ADJ,múltiple/ADJ
anciáns/NOUN,norteamericanos/ADJ,maiores/ADJ
explotación/NOUN,intensiva/ADJ,porcina/ADJ
política/NOUN,internacional/ADJ,común/ADJ
comportamentos/NOUN,industriais/ADJ,agresivos/ADJ
práctica/NOUN,clínica/ADJ,habitual/ADJ
maior/ADJ,celeridade/NOUN,posible/ADJ
maior/ADJ,desenvolvemento/NOUN,económico/ADJ
ampla/ADJ,excisión/NOUN,cirúrxica/ADJ
prazo/NOUN,máximo/ADJ,distinto/ADJ
hospital/NOUN,medio/ADJ,moderno/ADJ
novas/ADJ,demandas/NOUN,sociais/ADJ
competencia/NOUN,lingüística/ADJ,bilingüe/ADJ
distintos/ADJ,grupos/NOUN,multinacionais/ADJ
legado/NOUN,pedagóxico/ADJ,galego/ADJ
lingua/NOUN,franca/ADJ,internacional/ADJ
liñas/NOUN,eléctricas/ADJ,subterráneas/ADJ
arquitectura/NOUN,popular/ADJ,galega/ADJ
distintas/ADJ,formas/NOUN,básicas/ADJ
seguintes/ADJ,motivos/NOUN,principais/ADJ
sistema/NOUN,agrario/ADJ,tradicional/ADJ
aspectos/NOUN,ambientais/ADJ,esenciais/ADJ
políticas/NOUN,socioeconómicas/ADJ,galegas/ADJ
diversos/ADJ,hospitais/NOUN,galegos/ADJ
opcións/NOUN,ambientais/ADJ,correctas/ADJ
enerxía/NOUN,eléctrica/ADJ,específico/ADJ
xestión/NOUN,empresarial/ADJ,clásica/ADJ
aire/NOUN,ártico/ADJ,continental/ADJ
aire/NOUN,polar/ADJ,continental/ADJ
forte/ADJ,baixón/NOUN,poboacional/ADJ
persoal/NOUN,laboral/ADJ,temporal/ADJ
procedemento/NOUN,administrativo/ADJ,común/ADJ
numerosos/ADJ,canles/NOUN,fluviais/ADJ
distintas/ADJ,rutas/NOUN,xacobeas/ADJ
mapas/NOUN,sinópticos/ADJ,idénticos/ADJ
sistema/NOUN,económico/ADJ,ideal/ADJ
pedra/NOUN,natural/ADJ,galega/ADJ
Características/NOUN,demográficas/ADJ,familiares/ADJ
sintética/ADJ,reflexión/NOUN,analítica/ADJ
COMIDAS/NOUN,COMPLEMENTARIAS/ADJ,AXEITADAS/ADJ
industria/NOUN,audiovisual/ADJ,galega/ADJ
Lei/NOUN,xeral/ADJ,tributaria/ADJ
diversos/ADJ,principios/NOUN,básicos/ADJ
Secretaría/NOUN,Xeral/ADJ,Técnica/ADJ
capital/NOUN,intelectual/ADJ,necesario/ADJ
requisitos/NOUN,ambientais/ADJ,mínimos/ADJ
seres/NOUN,humanos/ADJ,modernos/ADJ
bo/ADJ,imposto/NOUN,subcentral/ADJ
Servicios/NOUN,Sociais/ADJ,Comunitarios/ADJ
actual/ADJ,perfil/NOUN,socioeconómico/ADJ
primeira/ADJ,cepa/NOUN,epidémica/ADJ
novas/ADJ,tecnoloxías/NOUN,audiovisuais/ADJ
cortas/NOUN,mineiras/ADJ,abandonadas/ADJ
vixilancia/NOUN,activa/ADJ,diaria/ADJ
cor/NOUN,verde/ADJ,cinsenta/ADJ
novo/ADJ,sistema/NOUN,único/ADJ
grande/ADJ,parque/NOUN,empresarial/ADJ
grande/ADJ,centro/NOUN,loxístico/ADJ
nova/ADJ,actividade/NOUN,económica/ADJ
procedemento/NOUN,administrativo/ADJ,común/ADJ
estrutura/NOUN,industrial/ADJ,eficiente/ADJ
seguinte/ADJ,teor/NOUN,literal/ADJ
amplo/ADJ,continente/NOUN,Sudamericano/ADJ
forte/ADJ,estacionalidade/NOUN,estival/ADJ
CC./NOUN,AA./ADJ,uniprovinciais/ADJ
enerxía/NOUN,térmica/ADJ,específica/ADJ
valores/NOUN,medios/ADJ,anuais/ADJ
explotacións/NOUN,mineiras/ADJ,españolas/ADJ
último/ADJ,dato/NOUN,dispoñible/ADJ
procesos/NOUN,empresariais/ADJ,básicos/ADJ
veloz/ADJ,avance/NOUN,tecnolóxico/ADJ
principais/ADJ,cidades/NOUN,galegas/ADJ
epitelio/NOUN,poliestratificado/ADJ,escamoso/ADJ
epitelio/NOUN,monoestratificado/ADJ,cilíndrico/ADJ
pequenas/ADJ,glándulas/NOUN,simples/ADJ
código/NOUN,civil/ADJ,napoleónico/ADJ
localización/NOUN,anatómica/ADJ,maioritaria/ADJ
beneficio/NOUN,neto/ADJ,operativo/ADJ
á/NOUN,problemática/ADJ,urbana/ADJ
ampla/ADJ,biodiversidade/NOUN,xeográfica/ADJ
dispersión/NOUN,poboacional/ADJ,xeográfica/ADJ
educación/NOUN,secundaria/ADJ,obrigatoria/ADJ
boa/ADJ,situación/NOUN,socioeconómica/ADJ
atención/NOUN,domiciliaria/ADJ,específica/ADJ
sua/ADJ,base/NOUN,impoñible/ADJ
política/NOUN,económica/ADJ,xeral/ADJ
salario/NOUN,mínimo/ADJ,interprofesional/ADJ
frente/NOUN,mediático/ADJ,opositor/ADJ
auténtica/ADJ,rede/NOUN,cultural/ADJ
maior/ADJ,sensibilidade/NOUN,ambiental/ADJ
gran/ADJ,logro/NOUN,social/ADJ
busca/NOUN,directa/ADJ,xunto/ADJ
novos/ADJ,días/NOUN,sub-nacionais/ADJ
explotación/NOUN,comercial/ADJ,privada/ADJ
crecemento/NOUN,vexetativo/ADJ,negativo/ADJ
explotacións/NOUN,intensivas/ADJ,avícolas/ADJ
diferentes/ADJ,países/NOUN,latinoamericanos/ADJ
dereito/NOUN,internacional/ADJ,privado/ADJ
positivo/ADJ,saldo/NOUN,global/ADJ
espacios/NOUN,naturais/ADJ,protexidos/ADJ
nacións/NOUN,ricas/ADJ,acredoras/ADJ
principais/ADJ,factores/NOUN,novos/ADJ
estratexia/NOUN,enerxética/ADJ,chinesa/ADJ
gran/ADJ,importancia/NOUN,biolóxica/ADJ
protección/NOUN,xudicial/ADJ,adecuada/ADJ
documentación/NOUN,básica/ADJ,ambiental/ADJ
desigualdade/NOUN,social/ADJ,brasileira/ADJ
hixiene/NOUN,individual/ADJ,deficiente/ADJ
Complexo/NOUN,Hospitalario/ADJ,Universitario/ADJ
enfermidade/NOUN,hepática/ADJ,crónica/ADJ
especificacións/NOUN,técnicas/ADJ,necesarias/ADJ
fragas/NOUN,autóctonas/ADJ,singulares/ADJ
variable/ADJ,subvencións/NOUN,desfasada/ADJ
tendencia/NOUN,decrecente/ADJ,contínua/ADJ
resaltes/NOUN,rochosos/ADJ,graníticos/ADJ
combatente/NOUN,inimigo/ADJ,ilegal/ADJ
sua/ADJ,promoción/NOUN,exterior/ADJ
medio/NOUN,atmosférico/ADJ,galego/ADJ
futura/ADJ,rede/NOUN,europea/ADJ
nova/ADJ,imaxe/NOUN,coherente/ADJ
alto/ADJ,valor/NOUN,ecolóxico/ADJ
aforro/NOUN,enerxético/ADJ,anual/ADJ
contexto/NOUN,conceptual/ADJ,inicial/ADJ
diferentes/ADJ,estamentos/NOUN,territoriais/ADJ
alta/ADJ,capacidade/NOUN,agrolóxica/ADJ
dominio/NOUN,público/ADJ,hidráulico/ADJ
directiva/ADJ,marco/NOUN,comunitaria/ADJ
clase/NOUN,media/ADJ,urbana/ADJ
efectos/NOUN,directos/ADJ,significativos/ADJ
clara/ADJ,tradición/NOUN,mediterránea/ADJ
ácido/NOUN,úrico/ADJ,elevado/ADJ
cara/ADJ,á/NOUN,nova/ADJ
diversos/ADJ,grupos/NOUN,sociais/ADJ
produtos/NOUN,alimentarios/ADJ,galegos/ADJ
maior/ADJ,estabilidade/NOUN,laboral/ADJ
euforia/NOUN,inicial/ADJ,desmedida/ADJ
dúas/NOUN,listas/ADJ,electorais/ADJ
cuarto/ADJ,trimestre/NOUN,consecutivo/ADJ
posibles/ADJ,causas/NOUN,explicativas/ADJ
titulación/NOUN,forestal/ADJ,universitaria/ADJ
vacina/NOUN,triple/ADJ,vírica/ADJ
invalidez/NOUN,permanente/ADJ,parcial/ADJ
obriga/NOUN,tributaria/ADJ,principal/ADJ
inmediata/ADJ,investigación/NOUN,epidemiolóxica/ADJ
material/NOUN,súper/ADJ,absorbente/ADJ
forma/NOUN,mellor/ADJ,posíbel/ADJ
Foro/NOUN,Cívico/ADJ,Galego/ADJ
Dominio/NOUN,Público/ADJ,Hidráulico/ADJ
disposición/NOUN,adicional/ADJ,única/ADJ
quinto/ADJ,día/NOUN,seguinte/ADJ
Espacio/NOUN,Económico/ADJ,Europeo/ADJ
tecido/NOUN,empresarial/ADJ,propio/ADJ
condicións/NOUN,financeiras/ADJ,precarias/ADJ
diferentes/ADJ,Administracións/NOUN,existentes/ADJ
bárbaro/ADJ,alzamento/NOUN,nacional/ADJ
sistema/NOUN,ambiental/ADJ,compostelán/ADJ
educación/NOUN,secundaria/ADJ,obrigatoria/ADJ
políticas/NOUN,públicas/ADJ,municipais/ADJ
graves/ADJ,desequilibrios/NOUN,económicos/ADJ
grandes/ADJ,empresas/NOUN,mediáticas/ADJ
disposición/NOUN,transitoria/ADJ,primeira/ADJ
disposición/NOUN,transitoria/ADJ,terceira/ADJ
mecanismos/NOUN,meterolóxicos/ADJ,asociados/ADJ
límites/NOUN,máximos/ADJ,tolerables/ADJ
intensa/ADJ,correlación/NOUN,positiva/ADJ
á/NOUN,media/ADJ,estatal/ADJ
única/ADJ,opción/NOUN,expansiva/ADJ
ACCIÓNS/NOUN,SOCIAIS/ADJ,SOLIDARIAS/ADJ
iniciativas/NOUN,culturais/ADJ,concretas/ADJ
síndrome/NOUN,coronaria/ADJ,aguda/ADJ
curtas/ADJ,secas/NOUN,estivais/ADJ
alta/ADJ,insolación/NOUN,anual/ADJ
principal/ADJ,factor/NOUN,individual/ADJ
maior/ADJ,poboación/NOUN,laboral/ADJ
crecente/ADJ,interese/NOUN,público/ADJ
acción/NOUN,xudicial/ADJ,correspondente/ADJ
posterior/ADJ,lei/NOUN,orgánica/ADJ
profundo/ADJ,desequilibrio/NOUN,cultural/ADJ
correspondentes/ADJ,órganos/NOUN,autonómicos/ADJ
efecto/NOUN,protector/ADJ,endometrial/ADJ
mulleres/NOUN,adultas/ADJ,mozas/ADJ
situación/NOUN,previa/ADJ,característica/ADJ
novas/ADJ,forzas/NOUN,emerxentes/ADJ
tráfico/NOUN,nacional/ADJ,interior/ADJ
destacados/ADJ,valores/NOUN,ambientais/ADJ
ámbito/NOUN,rexional/ADJ,español/ADJ
condicións/NOUN,climáticas/ADJ,favorables/ADJ
entidade/NOUN,pública/ADJ,empresarial/ADJ
situación/NOUN,clínica/ADJ,global/ADJ
diurese/NOUN,media/ADJ,diaria/ADJ
nova/ADJ,estrutura/NOUN,económica/ADJ
intenso/ADJ,tráfico/NOUN,marítimo/ADJ
Fondo/NOUN,Monetario/ADJ,Internacional/ADJ
principais/ADJ,institucións/NOUN,multilaterais/ADJ
primeiro/ADJ,dato/NOUN,salientable/ADJ
capitais/NOUN,locais/ADJ,importantes/ADJ
seguinte/ADJ,teor/NOUN,literal/ADJ
obxectos/NOUN,patrimoniais/ADJ,inmateriais/ADJ
administracións/NOUN,públicas/ADJ,competentes/ADJ
normas/NOUN,reguladoras/ADJ,respectivas/ADJ
Estratéxias/NOUN,Enerxéticas/ADJ,Alternas/ADJ
superficie/NOUN,total/ADJ,queimada/ADJ
órgano/NOUN,administrativo/ADJ,competente/ADJ
novos/ADJ,xoves/NOUN,emprendedores/ADJ
Real/ADJ,Decreto/NOUN,Lexislativo/ADJ
diferentes/ADJ,contextualizacións/NOUN,históricas/ADJ
Acordo/NOUN,interprofesional/ADJ,galego/ADJ
á/NOUN,corrente/ADJ,migratoria/ADJ
sucesivos/ADJ,cortes/NOUN,transversais/ADJ
efecto/NOUN,directo/ADJ,inmediato/ADJ
custo/NOUN,directo/ADJ,sanitario/ADJ
síntese/NOUN,polimérica/ADJ,química/ADJ
diferentes/ADJ,factores/NOUN,coadxuvantes/ADJ
diferente/ADJ,peso/NOUN,específico/ADJ
importantes/ADJ,vantaxes/NOUN,ambientais/ADJ
contido/NOUN,orgánico/ADJ,putresfacíbel/ADJ
abrupta/ADJ,recuperación/NOUN,térmica/ADJ
plena/ADJ,revolución/NOUN,industrial/ADJ
activos/NOUN,financeiros/ADJ,aptos/ADJ
capital/NOUN,social/ADJ,mínimo/ADJ
sistema/NOUN,tributario/ADJ,canadense/ADJ
autonomía/NOUN,económica/ADJ,real/ADJ
actividade/NOUN,xurisdiccional/ADJ,executiva/ADJ
vellos/ADJ,asentamentos/NOUN,rurais/ADJ
táboa/NOUN,salarial/ADJ,anexa/ADJ
libre/ADJ,asociación/NOUN,profesional/ADJ
elevada/ADJ,tensión/NOUN,política/ADJ
primeiro/ADJ,paso/NOUN,cara/ADJ
situación/NOUN,laboral/ADJ,galega/ADJ
ámbito/NOUN,xeográfico/ADJ,distinto/ADJ
hospital/NOUN,universitario/ADJ,Dr/ADJ
graves/ADJ,prexuízos/NOUN,ambientais/ADJ
primeira/ADJ,experiencia/NOUN,laboral/ADJ
escasa/ADJ,cobertura/NOUN,vexetal/ADJ
enorme/ADJ,variedade/NOUN,existente/ADJ
comarca/NOUN,coruñesa/ADJ,Húmida/ADJ
suficiente/ADJ,capacidade/NOUN,económica/ADJ
diversas/ADJ,estratexias/NOUN,empresariais/ADJ
diversos/ADJ,programas/NOUN,formativos/ADJ
sociedade/NOUN,galega/ADJ,actual/ADJ
publicidade/NOUN,ambiental/ADJ,enganosa/ADJ
territorio/NOUN,galaico/ADJ,setentrional/ADJ
infracción/NOUN,tributaria/ADJ,leve/ADJ
estratexia/NOUN,forestal/ADJ,española/ADJ
Plan/NOUN,Forestal/ADJ,Español/ADJ
desprazamentos/NOUN,femininos/ADJ,africanos/ADJ
sua/ADJ,memoria/NOUN,patrimonial/ADJ
corpos/NOUN,docentes/ADJ,universitarios/ADJ
simple/ADJ,distinción/NOUN,metodolóxica/ADJ
mundo/NOUN,social/ADJ,bancario/ADJ
emprego/NOUN,total/ADJ,galego/ADJ
capacidade/NOUN,financeira/ADJ,real/ADJ
condicións/NOUN,financeiras/ADJ,precisas/ADJ
disposicións/NOUN,legais/ADJ,vixentes/ADJ
doceavas/ADJ,partes/NOUN,mensuais/ADJ
segunda/ADJ,circunvolución/NOUN,frontal/ADJ
campañas/NOUN,publicitarias/ADJ,difusas/ADJ
alto/ADJ,valor/NOUN,ecolóxico/ADJ
custos/NOUN,totais/ADJ,directos/ADJ
sector/NOUN,público/ADJ,estatal/ADJ
estructura/NOUN,social/ADJ,española/ADJ
principais/ADJ,empresas/NOUN,industriais/ADJ
materia/NOUN,orgánica/ADJ,presente/ADJ
diferentes/ADJ,mercados/NOUN,locais/ADJ
disposicións/NOUN,legais/ADJ,vixentes/ADJ
vastos/ADJ,espacios/NOUN,rexional-urbanos/ADJ
importante/ADJ,efecto/NOUN,multiplicador/ADJ
cargas/NOUN,ambientais/ADJ,asociadas/ADJ
compensación/NOUN,económica/ADJ,axeitada/ADJ
corpos/NOUN,docentes/ADJ,universitarios/ADJ
maquinaria/NOUN,tiroide/ADJ,normal/ADJ
escaso/ADJ,crecemento/NOUN,vexetativo/ADJ
nova/ADJ,disposición/NOUN,adicional/ADJ
aforro/NOUN,fiscal/ADJ,medio/ADJ
emerxencias/NOUN,médicas/ADJ,extrahospitalarias/ADJ
conseguinte/ADJ,sintomatoloxía/NOUN,asociada/ADJ
posible/ADJ,maior/ADJ,motivación/NOUN
boa/ADJ,aparencia/NOUN,xurídica/ADJ
determinados/ADJ,recursos/NOUN,naturais/ADJ
composición/NOUN,étnica/ADJ,orixinaria/ADJ
única/ADJ,guerra/NOUN,necesaria/ADJ
correcta/ADJ,educación/NOUN,sanitaria/ADJ
devanditas/ADJ,declaracións-liquidacións/NOUN,agregadas/ADJ
respectivos/ADJ,concelleiros/NOUN,nacionalistas/ADJ
nova/ADJ,xunta/NOUN,directiva/ADJ
estrutura/NOUN,constitucional/ADJ,robusta/ADJ
principal/ADJ,actividade/NOUN,económica/ADJ
mellor/ADJ,resultado/NOUN,estético/ADJ
maior/ADJ,valor/NOUN,ecolóxico/ADJ
renda/NOUN,familiar/ADJ,dispoñible/ADJ
experiencia/NOUN,empresarial/ADJ,previa/ADJ
distintas/ADJ,áreas/NOUN,sanitarias/ADJ
entidade/NOUN,pública/ADJ,empresarial/ADJ
distintos/ADJ,axentes/NOUN,económicos/ADJ
cultura/NOUN,popular/ADJ,galega/ADJ
impacto/NOUN,ambiental/ADJ,moderado/ADJ
actual/ADJ,Parque/NOUN,Natural/ADJ
gran/ADJ,volume/NOUN,tumoral/ADJ
urbanismo/NOUN,racionalista/ADJ,decimonónico/ADJ
bosque/NOUN,atlántico/ADJ,brasileiro/ADJ
diferentes/ADJ,guías/NOUN,clínicas/ADJ
citada/ADJ,Xunta/NOUN,Consultiva/ADJ
novas/ADJ,posibilidades/NOUN,técnicas/ADJ
personalidade/NOUN,xurídica/ADJ,propia/ADJ
mínimo/ADJ,dano/NOUN,tisular/ADJ
Eixo/NOUN,Atlántico/ADJ,galego/ADJ
valor/NOUN,natural/ADJ,excepcional/ADJ
plantas/NOUN,endémicas/ADJ,estrictas/ADJ
asistencia/NOUN,xurídica/ADJ,gratuíta/ADJ
Espazo/NOUN,Económico/ADJ,Europeo/ADJ
macro-equipamento/NOUN,cultural/ADJ,polivalente/ADJ
Fondo/NOUN,Monetario/ADJ,Internacional/ADJ
novo/ADJ,Rexistro/NOUN,Europeo/ADJ
certo/ADJ,desafogo/NOUN,económico/ADJ
documentación/NOUN,mínima/ADJ,necesaria/ADJ
espacio/NOUN,común/ADJ,europeo/ADJ
tipo/NOUN,penal/ADJ,específico/ADJ
primeira/ADJ,xunta/NOUN,directiva/ADJ
Círculo/NOUN,Republicano/ADJ,Español/ADJ
Comunidade/NOUN,Económica/ADJ,Europea/ADJ
tratamento/NOUN,antibiótico/ADJ,axeitado/ADJ
prezos/NOUN,industriais/ADJ,galegos/ADJ
espacios/NOUN,naturais/ADJ,galegos/ADJ
nova/ADJ,orde/NOUN,cultural/ADJ
Produto/NOUN,Interior/ADJ,Bruto/ADJ
contaminación/NOUN,térmica/ADJ,eventual/ADJ
medio/NOUN,hídrico/ADJ,receptor/ADJ
Federación/NOUN,Ecoloxista/ADJ,Galega/ADJ
grandes/ADJ,marcas/NOUN,galegas/ADJ
maior/ADJ,caudal/NOUN,utilizable/ADJ
efluentes/ADJ,líquidos/NOUN,residuais/ADJ
augas/NOUN,residuais/ADJ,urbanas/ADJ
deficiente/ADJ,hixiene/NOUN,postural/ADJ
distintos/ADJ,niveis/NOUN,competenciais/ADJ
disposición/NOUN,transitoria/ADJ,única/ADJ
significativa/ADJ,presencia/NOUN,internacional/ADJ
sistemas/NOUN,sanitarios/ADJ,públicos/ADJ
novos/ADJ,productos/NOUN,transxénicos/ADJ
transferéncias/NOUN,unilaterais/ADJ,correntes/ADJ
Situacións/NOUN,laborables/ADJ,abusivas/ADJ
accións/NOUN,Culturais/ADJ,Singulares/ADJ
características/NOUN,estruturais/ADJ,propias/ADJ
importe/NOUN,global/ADJ,máximo/ADJ
alto/ADJ,custo/NOUN,privado/ADJ
fórmulas/NOUN,contractuais/ADJ,concretas/ADJ
devanditos/ADJ,bens/NOUN,esenciais/ADJ
filial/NOUN,privada/ADJ,dependente/ADJ
respectiva/ADJ,delegación/NOUN,provincial/ADJ
necesarias/ADJ,novas/ADJ,formas/NOUN
protección/NOUN,xurisdiccional/ADJ,singular/ADJ
entidades/NOUN,financeiras/ADJ,galegas/ADJ
réxime/NOUN,económico/ADJ,financeiro/ADJ
diferentes/ADJ,procesos/NOUN,psiconeurósicos/ADJ
elevado/ADJ,custo/NOUN,loxístico/ADJ
sua/ADJ,capacidade/NOUN,cerebral/ADJ
curso/NOUN,clínico/ADJ,crónico/ADJ
Supremo/ADJ,Tribunal/NOUN,Federal/ADJ
seguinte/ADJ,teor/NOUN,literal/ADJ
nova/ADJ,disposición/NOUN,adicional/ADJ
incidencia/NOUN,ambiental/ADJ,importante/ADJ
Foro/NOUN,Cívico/ADJ,Galego/ADJ
mellores/ADJ,técnicas/NOUN,dispoñibles/ADJ
filosofía/NOUN,socialista/ADJ,utópica/ADJ
seguinte/ADJ,teor/NOUN,literal/ADJ
diversos/ADJ,actos/NOUN,públicos/ADJ
historia/NOUN,común/ADJ,europea/ADJ
ente/NOUN,político/ADJ,democrático/ADJ
novo/ADJ,xornal/NOUN,gratuito/ADJ
relevantes/ADJ,intelectuais/NOUN,galegos/ADJ
graves/ADJ,consecuencias/NOUN,produtivas/ADJ
ampla/ADJ,familia/NOUN,léxica/ADJ
público/NOUN,lector/ADJ,cubano/ADJ
carácter/NOUN,xurídico/ADJ,político/ADJ
popular/ADJ,emisora/NOUN,católica/ADJ
vida/NOUN,pública/ADJ,polaca/ADJ
fondo/NOUN,documental/ADJ,importante/ADJ
contínuas/ADJ,accións/NOUN,represoras/ADJ
mellor/ADJ,intérprete/NOUN,solista/ADJ
numerosos/ADJ,concursos/NOUN,internacionais/ADJ
cultura/NOUN,popular/ADJ,española/ADJ
nivel/NOUN,técnico/ADJ,alucinante/ADJ
historia/NOUN,común/ADJ,europea/ADJ
sentido/NOUN,común/ADJ,democrático/ADJ
responsabilidade/NOUN,fiscal/ADJ,plena/ADJ
sistema/NOUN,fiscal/ADJ,galego/ADJ
procesos/NOUN,electorais/ADJ,internos/ADJ
próximas/ADJ,eleccións/NOUN,autonómicas/ADJ
sectores/NOUN,económicos/ADJ,básicos/ADJ
capacidade/NOUN,económico-financeira/ADJ,endóxena/ADJ
servizo/NOUN,público/ADJ,esencial/ADJ
antigo/ADJ,vaqueiro/NOUN,almeriense/ADJ
arte/NOUN,floral/ADJ,xaponesa/ADJ
sinxela/ADJ,construción/NOUN,liñal/ADJ
arte/NOUN,floral/ADJ,moderna/ADJ
antiga/ADJ,potencia/NOUN,industrial/ADJ
complexo/NOUN,integral/ADJ,naval/ADJ
próximo/ADJ,congreso/NOUN,galego/ADJ
ex/ADJ,alcalde/NOUN,vigués/ADJ
importantes/ADJ,ámbitos/NOUN,económicos/ADJ
estructura/NOUN,política/ADJ,plurinacional/ADJ
principais/ADJ,empresas/NOUN,fornecedoras/ADJ
novo/ADJ,solo/NOUN,industrial/ADJ
poderes/NOUN,públicos/ADJ,galegos/ADJ
única/ADJ,forma/NOUN,oficial/ADJ
máxima/ADJ,dirixente/NOUN,local/ADJ
desenvolvemento/NOUN,estatutario/ADJ,básico/ADJ
imposto/ADJ,carácter/NOUN,bifronte/ADJ
novo/ADJ,texto/NOUN,estatutario/ADJ
espazo/NOUN,termolúdico/ADJ,único/ADJ
últimos/ADJ,elementos/NOUN,tecnolóxicos/ADJ
amplos/ADJ,espazos/NOUN,verdes/ADJ
larvada/ADJ,guerra/NOUN,política/ADJ
verdadeira/ADJ,dimensión/NOUN,humana/ADJ
escaso/ADJ,espazo/NOUN,temporal/ADJ
iniciais/ADJ,boas/ADJ,impresións/NOUN
novas/ADJ,marés/NOUN,negras/ADJ
rexistros/NOUN,xenealóxicos/ADJ,ingleses/ADJ
condicións/NOUN,salariais/ADJ,dignas/ADJ
numerosos/ADJ,aspectos/NOUN,coincidentes/ADJ
nova/ADJ,organización/NOUN,territorial/ADJ
actual/ADJ,marco/NOUN,estatal/ADJ
claro/ADJ,obxectivo/NOUN,irónico/ADJ
nova/ADJ,democracia/NOUN,polaca/ADJ
bo/ADJ,guión/NOUN,cinematográfico/ADJ
feroz/ADJ,purga/NOUN,social/ADJ
amplo/ADJ,prólogo/NOUN,introdutorio/ADJ
poderosa/ADJ,solidariedade/NOUN,carcelária/ADJ
principais/ADJ,dificultades/NOUN,técnicas/ADJ
próximas/ADJ,eleccións/NOUN,autonómicas/ADJ
morna/ADJ,posición/NOUN,oficial/ADJ
novo/ADJ,Estatuto/NOUN,nacional/ADJ
sistema/NOUN,lingüístico/ADJ,galego-portugués-brasileiro/ADJ
base/NOUN,operativa/ADJ,transcendental/ADJ
encaixe/NOUN,constitucional/ADJ,necesarias/ADJ
gran/ADJ,mestra/NOUN,galega/ADJ
novas/ADJ,áreas/NOUN,produtivas/ADJ
futuro/ADJ,goberno/NOUN,autonómico/ADJ
últimas/ADJ,asembleas/NOUN,nacionais/ADJ
poder/NOUN,local/ADJ,socialista/ADJ
histórico/ADJ,concelleiro/NOUN,socialista/ADJ
claro/ADJ,carácter/NOUN,político/ADJ
