count,awf,nwf
1,abrs,huhrus
1,aftumista,fijands
1,aftumistan,staþ
1,aftumistin,stada
1,aggwu,daur
1,ahmeinai,anst
2,ahmeinai,frodein
1,ahmeinai,þiuþeinai
1,ahmeinaim,saggwim
1,ahmeinan,mat
1,ahmeino,dragk
1,ainaha,sunus
1,ainoho,dauhtar
1,airþeinaim,kasam
1,aiweina,gaþlaiht
1,aiweina,mela
1,aiweinaizos,frawaurhtais
1,aiweinamma,wulþau
1,aiweinana,gard
1,aiweinis,wulþaus
1,aiweino,libains
1,aiweinon,balwein
1,aiweinon,fralust
10,aiweinon,libain
3,aiweinon,libainai
5,aiweinons,libainais
1,aiweinos,hleiþros
1,alewjin,fairgunja
1,aljis,waiht
1,anawairþin,hatiza
1,andalausaize,gabaurþiwaurde
1,andanem,jer
1,andanem,mel
1,andanemjamma,mela
1,andaþahtana,blotinassu
1,andwairþin,aiwa
1,andwairþons,þaurftais
1,anþar,manaseþ
1,anþar,manna
1,anþar,qiþuhaftom
2,anþar,siponeis
1,anþar,skalk
1,anþar,skip
1,anþar,witoþ
1,anþara,aiwaggeljon
1,anþara,anabusns
1,anþara,anst
1,anþara,barna
1,anþara,gaskafts
1,anþara,haim
1,anþara,kaurinþaium
1,anþara,lamba
1,anþara,manageins
2,anþara,skipa
1,anþara,þiudangardi
1,anþarai,apaustauleis
1,anþarai,iudaieis
1,anþarai,mans
1,anþaraim,aldim
1,anþaraim,baurgim
1,anþaraim,gawaurstwam
1,anþaraim,razdom
1,anþaraim,skipa
1,anþaraim,wairilom
1,anþaraize,taihswai
1,anþaraize,usdaudeins
1,anþaraizo,anabusne
1,anþaramma,abin
1,anþaramma,aiwaggelja
1,anþaramma,daga
1,anþaramma,farwa
1,anþaramma,sabbato
3,anþaramma,sinþa
1,anþaramma,waira
1,anþarana,ahman
1,anþarana,parakletu
2,anþarana,skalk
1,anþarana,þiudan
2,anþaros,aikklesjons
1,anþaros,þiudos
1,audagins,gudis
1,auhmistam,gudjam
1,auhmistans,gudjans
1,auhumista,aba
4,auhumista,gudja
3,auhumistam,gudjam
1,auhumistans,airziþa
12,auhumistans,gudjans
1,auhumistans,þiudangardja
1,auhumistin,gudjin
4,auhumistins,gudjins
1,auþjaim,stadim
1,auþjamma,stada
1,auþjana,stad
2,auþjana,staþ
1,ba,sabbato
1,ba,skipa
1,barizeinam,hlaibam
1,barizeinans,hlaibans
1,baudana,mannan
1,baudana,siponjos
1,blindamma,mann
1,dauþaim,libains
2,dauþaim,usstass
1,dauþaim,usstassais
2,dauþaize,guþ
1,dauþaize,usstass
1,diupaizos,airþos
1,diupo,unledi
1,dwalamma,mann
1,dwalona,lausawaurdja
1,dwalons,soknins
2,eisarneinaim,naudibandjom
1,eisarneinaim,winda
2,fairnin,jera
1,fairnjamma,beista
1,fairnjan,mannan
3,fairnjana,snagan
3,fairnjans,balgins
1,fairnjo,beist
1,fairnjons,triggwos
1,fawans,fiskans
1,fawans,managein
1,filleina,gairda
1,filufaiho,handugei
1,filugalaubis,attin
1,filugalaubis,nardaus
2,framaþjaim,arbaidim
1,framaþjaim,frawaurhtim
1,framaþjana,skalk
1,frawaurhtaize,handuns
1,frawaurhtis,mans
1,frawaurhts,manna
1,frijaizos,sunau
1,frodamma,guda
1,frodamma,waira
1,fruma,manna
1,frume,kaurinþium
1,frumein,galaubein
1,frumin,usmeta
1,frumista,anabusns
1,frumistin,daga
1,frumiston,sunjonai
1,fullamma,waira
1,fullans,spwreidans
1,fullos,tainjons
1,fulls,manna
1,funiskos,arƕaznos
1,gabeigans,garaznans
1,gabigs,manna
1,gaguds,ragineis
1,gahailana,ahman
1,galaubaim,wastjom
1,galaubamma,kasa
1,galaubamma,wairþa
1,galaubeina,barna
1,gamainjai,galaubeinai
1,gamainjaim,airþa
1,gamainjaim,handum
1,ganoha,jera
1,ganoha,managei
1,ganohai,managein
1,ganohai,mitonins
1,ganohai,siponjos
1,garaihta,atta
1,garaihta,staua
1,garaihtaize,frodein
1,garaihtaizos,stauos
1,garaihtana,wair
1,garaihtis,mizdon
1,garaihtis,namin
1,garaihton,staua
1,gatils,dags
1,gatils,þiudans
3,god,akran
1,god,gaminþi
1,goda,airþa
1,goda,akrana
1,goda,grid
1,goda,mitads
1,goda,mitonins
1,goda,miþwissein
1,goda,namo
1,goda,niþjo
1,goda,skalk
1,goda,ungalaubeinais
4,goda,waurstwa
1,goda,weitwodiþa
1,goda,wen
1,goda,winda
1,godai,airþai
1,godai,miþwissein
1,godai,stibna
3,godaim,waurstwam
1,godaize,bagme
6,godaize,waurstwe
1,godaizos,laiseinais
1,godakunds,manna
1,godamma,hairtin
1,godamma,waurstwa
1,godana,alewabagm
1,godana,sidu
1,godin,andahaita
1,godis,aggilau
2,godis,waurstwis
2,godis,wiljins
1,godo,anafilh
1,godo,drauhtiwitoþ
1,godon,airþai
2,godon,haifst
1,gods,bagms
1,gods,gadrauhts
1,goþ,akran
1,goþ,waurstw
1,goþs,andbahts
1,gulþeina,kasa
1,haila,laisein
1,hailai,laiseinai
1,hailaim,waurdam
1,hailaize,waurde
2,hailon,laiseinai
1,haiþiwisk,miliþ
1,halba,gudjans
1,halba,þiudangardja
1,handuwaurht,bimait
1,hauh,fairguni
1,hauh,waihte
1,hauhata,fairguni
1,hauhistins,mahts
1,hauhistins,praufetus
1,hauhistins,riurein
1,hauhistins,stauai
1,hauhistins,sunjus
1,hauhistins,sunus
1,himinakundis,harjis
1,hindarweisai,waurstwjans
1,hleidumein,ferai
1,hnasqjaim,nahtam
2,hnasqjaim,wastjom
1,hrainjai,broþar
1,hrainjai,gafeteinai
2,hrainjai,gahugdai
2,hrainjamma,hairtin
1,hrainjamma,sabana
1,ibnamma,stada
1,ibnaskaunjamma,leika
1,iftumin,atta
4,iftumin,daga
2,ingardjon,aikklesjon
1,innuman,mannan
1,innumin,mann
1,inwindamma,faihuþraihna
1,judaiwiskaize,spilli
1,juggans,lustuns
1,juggata,praufetus
4,juggata,wein
1,juggos,widuwons
1,juhiza,sunus
1,kaldis,watins
1,lagg,mel
1,lagga,managein
1,lagga,mela
2,lagga,ƕeila
1,laggai,ƕeilai
1,latos,wambos
1,lausai,hauheinai
1,lausaim,waurdam
1,leikeina,usþroþeins
1,leikeinai,handugein
1,leikeinaim,spildom
1,leitil,hulundi
2,leitil,mel
1,leitila,ƕeila
1,leitilane,namin
1,listeigon,uswandjai
1,liuba,barna
2,liuba,broþar
1,liuba,leikeis
1,liubana,broþar
1,liubana,sunu
2,liubans,broþrjus
1,liubin,barna
1,liubin,broþr
1,liubin,gaskalkja
1,liugnawaurde,liutein
1,maistans,gudjans
1,maistin,gudjin
1,maistins,gudjins
1,maiza,praufetus
1,maizein,frawaurht
1,maizein,friaþwa
3,manag,akran
1,manag,aljan
1,manag,faihu
1,manag,hawi
1,manag,mel
1,managa,airþa
1,managa,awiliuda
1,managa,balþein
1,managa,haim
1,managa,leika
1,managa,namo
1,managa,tagra
1,managa,unþiuþa
1,managa,waurstwa
1,managai,aglon
2,managai,hiuhmans
1,managai,laggamodein
1,managai,liþjus
1,managai,mahtai
1,managai,managei
1,managai,managein
1,managai,marikreitum
2,managai,motarjos
1,managai,praufeteis
1,managai,staigos
1,managai,trauainai
1,managai,usbloteinai
1,managaim,gajukom
1,managaim,hairtam
1,managaim,hiumam
1,managaim,lekjam
1,managaim,sairam
1,managaim,sparwam
1,managaize,dage
1,managaize,drusa
1,managaize,mannam
2,managaize,sweine
1,managaizos,balþeins
1,managamma,andwairþja
1,managamma,kustau
1,managamma,lustau
1,managamma,stiwitja
1,managans,dagans
1,managans,daimonarjans
1,managans,hiuhmans
1,managans,hlaibans
2,managans,liþuns
1,managans,lun
1,managans,lustuns
1,managans,manne
1,managans,mela
1,managans,spwreidans
1,managistons,mahteis
1,managizam,andabeit
1,managizein,saurgai
1,managizeins,taiknins
1,managizo,akran
1,managons,aglons
1,managons,frijaþwos
1,managos,iumjons
1,managos,kara
1,managos,naiteinos
1,managos,qinons
1,managos,saliþwos
1,managos,tainjons
3,managos,unhulþons
1,managos,wein
1,managos,widuwons
1,manniska,hauhein
1,manniskamma,daga
1,manwjata,kelikn
1,mikil,agis
2,mikil,wis
1,mikila,auþidai
1,mikila,birodeins
1,mikila,dauht
1,mikila,faheid
1,mikila,hansa
1,mikila,haurds
1,mikila,managei
1,mikila,modis
1,mikila,skura
1,mikila,stibna
1,mikilai,brinnon
1,mikilai,faurhtein
1,mikilai,hlaiw
1,mikilai,rausa
10,mikilai,stibnai
2,mikilamma,agisa
1,mikilamma,garda
1,mikilamma,staina
1,mikilamma,winda
1,mikilana,nahtamat
1,mikilans,astans
1,mikilata,kelikn
1,mikilins,þiudanis
1,mikilon,frijaþwa
1,mikilos,mahtins
1,mikils,gahraineinai
1,mikils,huhrus
1,mikils,praufetus
1,mikils,wegs
1,minnistan,kintu
1,minnistane,broþre
1,minnistono,anabusne
1,missaleikaim,lustum
2,missaleikaim,sauhtim
1,niuja,anabusn
2,niuja,gaskafts
1,niuja,guda
1,niujaim,razdom
1,niujaizos,triggwos
1,niujamma,hlaiwa
1,niujamma,mann
3,niujans,balgins
2,niujata,wein
1,niujin,mann
1,niujis,fanins
1,niujis,snagins
1,niujo,waldufni
1,niujo,wein
1,paurpurodai,wastjai
1,paurpurodon,wastja
1,pistikeinis,attin
1,pistikeinis,nardaus
1,qiwana,saud
1,reikistin,gudjin
1,riqizeinai,gahugdai
1,riurjamma,leika
1,riurjana,waip
1,sama,aggiluns
2,sama,frauja
1,samam,laistim
1,saman,ahman
1,saman,mat
1,samin,ahmin
1,samin,daiga
1,samin,ligra
1,samo,andalauni
1,samo,dragk
1,samo,hulistr
1,samo,taui
1,samon,friaþwa
1,samon,frisaht
1,samon,garaideinai
1,samon,haifst
1,samon,mitadjon
1,samon,ufarassau
1,samon,usdaudein
1,samono,þulaine
1,seiteina,arbaiþs
1,silba,aiwaggeljon
1,silba,atta
2,silba,frauja
2,silba,guþ
1,silbam,andwairþjis
1,silbam,gudjins
1,silbam,skip
1,silban,anabusnins
1,silban,broþrs
1,silbans,aikklesjom
1,silbans,waurda
1,silbin,gabindi
1,silbin,haimo
1,silbins,apaustaulaus
1,silbo,airþa
1,silbo,pugg
1,silbons,saiwala
1,siuka,gahugd
1,siukan,skalk
1,slaihtaim,wigam
1,sleidja,jera
2,spedistaim,dagam
6,spedistin,daga
1,spedistin,þuthaurna
1,speidizei,airziþa
1,speidizei,gudjans
1,staineinaim,spildom
1,sunjana,guþ
1,swalauda,bokarjos
2,swalauda,galaubein
1,swaleika,aglo
1,swaleika,leika
1,swaleika,trauain
1,swaleika,wen
1,swaleikaim,dauþum
1,swaleikaim,gajukom
1,swaleikaize,barne
1,swaleikana,mannan
1,swaleikata,waldufni
1,swaleikos,mahteis
1,swaleikos,taiknins
1,swes,praufetus
1,swesa,baurþein
1,swesa,giba
1,swesa,miþwissein
1,swesaim,airþa
1,swesaim,annom
1,swesaim,handum
2,swesaim,melam
1,swesaim,praufetum
1,swesaim,wastjom
1,swesamma,akrana
1,swesamma,mela
1,swesana,alewabagm
1,swesana,gard
1,swesata,mel
2,swesona,lamba
1,swikna,mauja
1,swiknos,handuns
1,swinþis,kasa
1,taihswo,auso
1,taihswo,handus
1,taihswon,kinnu
1,taihuntaihundfalþ,akran
2,triggwa,andbahts
1,tulgus,grunduwaddjus
1,tweihnaim,markom
1,tweihnos,paidos
1,tweihnos,qinono
1,ubil,akran
2,ubila,akrana
1,ubila,bagms
1,ubila,gawaurdja
1,ubila,himine
1,ubila,unbiarja
1,ubila,þiudangardjai
1,ubilai,mannans
1,ubilaim,waurstwam
2,ubilaize,ahmane
1,ubilaize,waurde
1,ubilana,lustau
1,ubilans,waurstwjans
1,ubilin,aiwa
1,ubilin,daga
1,ubilos,mitoneis
1,ubilos,usbalþeins
2,ubils,bagms
1,ubils,garaihteins
1,ubils,manna
1,ufwaira,qens
1,unaiwiskana,waurstwjan
1,unatgaht,liuhaþ
1,unfrodans,galateis
1,unhanduwaurhtana,gard
1,unhindarweisai,frijaþwai
1,unhindarweisai,galaubeinai
2,unhrainja,ahma
1,unhrainjaim,ahmam
1,unhrainjaize,ahmane
1,unhrainjam,ahmam
2,unhrainjamma,ahmin
3,unhrainjana,ahman
2,unhrainjans,ahmans
3,unhrainjin,ahmin
1,unhrains,ahma
1,unhrains,gards
1,unliutons,galaubeinais
1,unnutjans,lustuns
1,unqeþja,waurda
1,unriurjamma,guda
1,unsel,augo
1,unselja,skalk
1,usweihona,lausawaurdja
1,usweihona,spilla
1,wairþata,akran
2,walisin,barna
1,waliso,gajuko
1,waurstweiga,galaubeins
1,weiha,atta
1,weiha,guþ
1,weihai,alh
2,weihai,frijonai
1,weihai,gafrijonai
1,weihaim,arbjis
1,weihaim,fotuns
1,weihaize,andawiznim
1,weihaize,hlautis
1,weihaize,praufete
1,weihaizos,triggwos
1,weiham,apaustaulum
1,weiham,broþrum
5,weihamma,ahmin
1,weihamma,hairtins
1,weihan,ahman
3,weihana,ahman
1,weihana,saud
1,weihana,wig
1,weihane,aggele
1,weihin,ahmin
5,weihis,ahmins
1,weihis,sunus
1,weihon,baurg
2,weihs,ahma
1,wilþeins,alewabagmis
2,wiþrawairþon,haim
1,woþjai,daunai
1,·a·,kaurinþium
1,·b·,aipistaule
2,·b·,kaurinþium
1,þarihis,fanan
1,þarihis,fotiwe
1,þaurneina,wipja
1,þaurneinan,waip
1,þaursja,handu
1,þiuþeiga,akrana
1,þiuþeiga,dauhtar
2,þiuþeiga,laisari
1,þiuþeigamma,huzda
1,þiuþeigs,bagms
1,þiuþeigs,manna
1,þrutsfillai,mans
1,ƕeitai,wastjai
1,ƕelauda,usdaudein
1,ƕileikai,gajukon
1,ƕileikaim,bokom
2,ƕileikamma,dauþau
1,ƕileikos,wrakjos
