count,awf,nwf
1,1.,október
1,8.,áratugnum
1,afskekktum,stöðum
1,algengasta,æxli
1,algjör,vanræksla
1,algjörrar,útilokunar
1,alltumlykjandi,taugakerfi
1,almennar,kosningar
1,almennilegt,kenningakerfi
1,almennra,kosninga
1,almenns,friðarsamnings
1,alvarleg,álitaefni
1,alvarlegustu,tilfelli
1,alþjóðlegi,hármarkaðurinn
1,alþjóðlegu,geimstöðvarinnar
1,alþjóðlegu,verðlaunaafhendingunni
1,alþjóðlegur,sendiherra
1,andleg,skyldmenni
1,annað,sinn
1,arabískum,karli
1,aukalegur,hlaupmánuður
1,aukin,framhaldsmenntun
1,aukinn,hagvöxtur
1,aukinn,kostnað
1,auknar,refsi-
1,auknar,skorður
1,auknum,efnahagsvexti
1,auknum,mæli
1,auknum,útgjöldum
1,austasta,hluta
1,austurafríska,sigdalinn
1,austurrísk-prússneska,hernum
1,auðuga,úthverfis
1,aðskildar,heimsálfur
1,bandarísk,hlutabréf
1,bandarísk,skuldabréf
1,bandaríska,fyrirtækið
1,bandaríska,hersins
1,bandarískri,fyrirlesaraskrifstofu
1,bandarísks,almennings
1,bandarísks,verkafólks
1,bandarísku,kvikmyndasamtökunum
1,bandarísku,vináttuorðuna
1,bandarísku,vísindaskáldsagnamyndinni
1,bandarískum,áróðri
1,barnlaust,fólk
1,bein,afnot
1,bein,mataruppspretta
1,bein,tengsl
1,beinar,skipanir
1,beinn,afkomandi
2,beinum,hætti
1,berskjaldaðri,jörðinni
3,besta,falli
2,bestu,frammistöðu
1,bestu,félögum
1,bestu,stöðunni
1,betrumbætt,umferðarljós
1,bjánalegustu,aðstæðurnar
1,breska,njósnastofnunin
1,breska,riddaraliðsins
1,breska,sendiráðið
1,breska,skipið
1,breska,varnarmálaráðuneytinu
1,breskan,jarðveg
1,breskt,herlið
1,bresku,gamanmyndinni
1,bundna,vatninu
1,bætta,aðferð
1,daglegra,hversdagsþarfa
1,danskan,almenning
1,digrum,bankareikningi
1,djúpan,skilning
1,dóminíski,presturinn
1,dönsk,áhrif
1,efnahagslegum,innviðum
1,efsta,styrkleikasæti
1,egypska,faraósins
1,egypski,faraóinn
1,egypskur,hermaður
1,eigin,fegurðarstöðlum
1,eigin,fé
2,eigin,heilsu
1,eigin,pólonsýni
1,eigin,smábíla
1,eigin,stjórnkerfi
1,eigin,sögn
1,eigin,tækni
1,eigin,íhlut
1,eigið,net
1,eina,skiptið
1,eina,svæðið
1,einasta,kraftaverk
1,einföld,nestissvæði
1,einmana,svín
1,eitrað,andrúmsloft
1,eitraðar,aðdróttanir
1,eldra,efni
1,eldri,hlutum
1,elsta,heimildin
1,endanlegs,markmiðs
1,endurnýjanlega,orku
1,ensku,lögin
1,erfiðri,endurhæfingu
1,erfiðu,sambandi
1,erfðafræðilegri,rannsókn
2,erlend,viðskipti
1,erlendra,ríkja
1,erlendum,eignum
1,evrópsk,stórfljót
1,evrópska,markaði
1,evrópskum,tungumálum
1,evrópskum,uppruna
1,eystri,landamæri
1,eðlilegt,magn
1,faglærðum,starfsmönnum
1,ferningslaga,undirlagi
1,finnsku,mállýskur
1,fjárhagslegar,byrðar
1,fjórða,fyrirtækið
1,fjöruga,vígsluathöfnin
1,fleira,fólk
1,fleiri,börn
1,fleiri,gjöfum
1,fleiri,kjósendur
1,fleiri,spurningar
1,fleiri,tæknifyrirtæki
1,flestir,íbúar
1,flestu,fólki
1,fornar,siðmenningar
1,forsögulegar,minjar
1,forsögulegum,táknmyndum
1,forugum,skóm
1,franska,konungdæmið
1,franska,sendinefndin
1,frekari,sönnun
1,frekari,viðurkenning
1,friðsamleg,valdaskipti
1,friðsæl,þjóð
1,frjálslyndir,demókratar
1,frjálst,ríki
1,frosna,múmían
1,frumsamið,efni
1,frábær,tími
1,frábærrar,frammistöðu
1,frábært,lið
1,fráfarandi,forsetinn
1,fráskilin,eiginkona
1,frægt,fólk
1,frönsku,byltingarinnar
1,fullorðnum,einstaklingum
1,fullri,lengd
1,fullri,stærð
1,fulls,tungls
1,fullu,tungli
1,fyrirframgreidd,gjaldskrá
1,fyrri,heimsstyrjaldarinnar
1,fyrri,heimsstyrjöld
1,fyrri,heimsstyrjöldin
1,fyrri,hluta
1,fyrri,orðræðu
1,fyrri,verk
2,fyrrverandi,klaustrið
1,fyrrverandi,ráðherrans
1,fyrrverandi,réttlætisráðherrann
1,fyrsta,bandalagsstríðinu
1,fyrsta,kjörtímabils
1,fyrsta,klukkutími
1,fyrsta,kvikmyndafyrirtækið
1,fyrsta,lagi
1,fyrsta,prinsessa
5,fyrsta,sinn
1,fyrsti,konungur
1,fyrsti,stálskurðardagurinn
1,fyrstu,fræðigreininni
1,fyrstu,stigum
1,fyrstu,stóratlögu
1,fyrstu,textarnir
1,fyrstu,uppfinninga
1,fyrstu,árum
1,fyrstu,öld
1,fyrstu,útgáfunnar
1,fáum,byggingum
1,fæddum,börnum
1,fær,gítarleikari
1,færri,kílómetrar
1,fæst,fólk
1,fæstir,bentúmenn
1,félagsleg,áhrif
1,félagslegri,notkun
1,félagslegs,drama
1,félagslegs,húsnæðis
1,fínar,agnir
1,fíngerðari,efni
1,föst,gjaldskrá
1,föstum,víglínum
1,fúnir,innviðir
1,gamalreynda,stjórnmálamannsins
1,glaðlegra,fjölskylduuppátækja
1,gott,fólk
1,gott,orð
1,grunn,lón
1,grunsamleg,sjóðstreymi
1,grænum,litaafbrigðum
1,gríska,stafrófið
1,grísku,borgríkin
1,grísku,strandborgunum
1,grísku,textarnir
1,gríðarlegan,fjölda
1,gríðarlegu,álagi
1,grófkornóttra,myndbandslykkja
1,góð,laun
1,góðrar,áskorunar
1,góðu,móti
1,góðu,nornarinnar
1,góðum,búskaparháttum
1,gömlu,nýlendurnar
1,gömlu,nýlenduveldanna
1,hagstæðu,tölurnar
1,harkalegt,framferði
2,hefðbundna,markaði
1,hefðbundna,trú
1,heilaga,ríkis
1,heilbrigt,vistkerfi
1,heilbrigðan,vöxt
1,heilt,svið
1,heilögu,tilkalli
1,heimskulega,máta
1,helsta,viðfangsefni
1,helsta,ásteytingarefnið
1,helsti,dreifingaraðili
1,helsti,orkugjafinn
1,helstu,einkenni
1,helstu,mönnum
1,hernumda,staði
1,herskáar,skoðanir
1,hinsti,hvílustaður
1,hliðhollir,löggjafar
1,hlöðnu,altari
1,hnattræn,hlýnun
1,hollensku,nemendurnir
1,hraðri,niðurleið
1,hrokafullur,forréttindamaður
1,hugbreytandi,alþýðulyfs
1,hugsanleg,öryggisbrot
1,hvítra,karla
1,háar,skaðabótakröfur
1,hálf,milljón
1,hálfkláruð,mannvirki
1,hárfín,kaldhæðni
1,hás,kísilmagns
1,háu,girðinguna
1,hægra,lunga
1,hærri,gír
1,hærri,kostnaður
1,hærri,meðaltekjur
1,hæsta,byggingin
1,hæsta,forgangi
1,hæstu,fjallstinda
1,indversku,jarðskorpuflekarnir
1,indó-ástralska,misgengisins
1,indónesíska,borgara
1,innflutt,vín
1,innfæddra,þjóðflokka
1,innlendir,fjárfestar
1,innri,hluti
1,iðnlærðra,starfsmanna
1,jafn,guðræknir
1,jafn,öfgakennt
1,japanska,hernámsliðið
1,japanskan,barnaþátt
1,japanskur,garður
1,kanadískra,fyrirtækja
1,karabíska,svæðið
1,kaþólska,bandalagið
1,kaþólskri,fjölskyldu
1,kaþólsku,kirkjunnar
1,klofin,þjóðin
1,kolakynt,orkuver
1,kolsýrður,drykkur
1,konunglega,sjóhersins
1,konunglegt,kyn
1,kostnaðarsöm,gjaldskrá
1,kristinni,trú
1,kristið,fólk
1,kristnar,kirkjur
1,kristnir,fræðimenn
1,kvenkyns,forsetann
1,kynbundið,ofbeldi
1,kínversk,sveitarfélög
1,kínverska,dagatalinu
1,kínverska,félagsins
1,kínverska,lýðveldi
1,kínverska,lýðveldisins
1,kínverska,sendiherra
1,lagalega,kreppu
1,lagalegar,deilur
1,landfræðilegu,einkenni
1,langa,sigurgöngu
1,langvarandi,samstarf
1,letursetta,útgáfu
1,lifandi,frásögn
1,lifandi,körtur
1,listrænnar,áskorunar
1,listrænum,stjórnendum
1,litlar,upplýsingar
1,litlum,herstöðvum
1,litlum,kanó
1,litlum,útgáfum
3,lægra,haldi
1,lægri,tekjur
1,lélega,efnahagsstefnu
1,lífsnauðsynlegt,efni
1,lítil,sjálfstjórnarsamfélög
1,lítil,sjálfstjórnarsvæði
1,lítill,bær
1,lítinn,disk
1,lítinn,járnforða
1,löglegra,innflytjenda
1,löngu,umsátri
1,löngu,vegferð
1,makalausa,konu
1,makedóníski,konungurinn
1,mannlegrar,reynslu
1,mannlegu,athæfi
1,marga,náttúruverndarsinna
1,marga,vísindamenn
1,margar,kapellur
1,margar,minjar
1,margbrotna,sögu
1,margir,fornleifastaðir
1,margir,hermenn
1,margir,notendur
1,margir,sósíalistar
1,margir,vísindamenn
1,margir,þingmenn
1,margra,sorgarfærslna
2,margt,fólk
1,margvíslega,áhorfendur
1,margvíslegir,germanskir
1,margvíslegra,þjóða
1,margvíslegum,litaafbrigðum
1,margvíslegum,samstarfsverkefnum
1,meira,plast
1,meira,tilkall
1,meiri,athygli
1,meiri,hreyfanleika
1,meiri,mæli
1,meiri,vindhraða
2,meiri,ábyrgð
1,meiri,ólgu
1,menntuðum,gæslumönnum
1,merkustu,siðmenningarnar
1,mesta,dýpi
1,mesta,huggunin
1,mesta,hæfileikafólkinu
1,mesta,markaðsverðmætið
2,mestu,leyti
1,mestu,áhrifin
1,mikil,skerðing
1,mikil,sundurgreining
3,mikil,áhrif
1,mikill,fjöldi
1,mikillar,aukningar
1,mikils,hagvaxtartíma
1,mikilsvirtur,hershöfðingi
1,mikilvæg,þungavopn
1,mikilvæga,hlutverk
1,mikilvægt,næringarefni
1,mikilvægu,bandalagi
1,mikinn,skilning
2,mikið,magn
1,mikið,áfall
1,mikla,fjölda
1,mikla,gagnrýni
1,mikla,hæð
1,mikla,kynþátta-
1,mikla,samkeppni
1,mikla,þörf
1,miklar,áhyggjur
1,miklu,flugi
1,miklu,fylgi
3,miklu,leyti
1,miklu,máli
1,miklu,uppnámi
1,minniháttar,framkvæmdir
5,minnsta,kosti
1,mismunandi,bautasteinar
1,mitt,ár
1,miðjan,áratuginn
2,miðjum,áratugnum
1,miðri,bronsöld
1,mjóa,snertiskjáinn
1,mjúka,skotmarkið
1,mjúkar,hendur
1,munnleg,fyrirmæli
1,myrku,öldunum
1,móravíska,furstadæmið
1,mögulega,karlhormónagetnaðarvörn
1,mögulegra,leiða
2,mörg,lönd
1,mörg,mannvirki
1,mörg,samfélög
1,mörg,sjálfstjórnarsamfélög
1,mörg,ár
1,mörgum,rannsóknum
1,mörgum,reglum
1,mörgum,tegundum
1,mörgum,þáttanna
1,mýkeníska,letrið
1,mýkenísku,menningarinnar
1,nauðsynlega,steinefni
1,nauðsynlegt,verkfæri
1,neikvæð,áhrif
1,neikvæðum,áhrifum
1,neðri,deild
1,niðrandi,ummæla
1,niðurnídda,bragganum
1,norðurkóreskt,golfmót
1,nákvæma,skipulagningu
1,nákvæmar,tímasetningar
1,nákvæmt,brúðkaupsár
1,nánu,sambandi
1,náttúrulegum,búsvæðum
1,næga,sjálfsvirðingu
1,nærliggjandi,lönd
1,nærliggjandi,umhverfi
1,næsta,hluta
1,næsta,hávaða
1,næsta,tölublaði
1,næsta,áratug
1,næsti,áfangastaður
1,næstu,kosningum
1,nútímalegra,háhýsa
1,núverandi,forsetaframbjóðanda
1,ný,hverfi
1,ný,mörk
1,nýja,deild
1,nýja,hefð
1,nýja,hershöfðingja
1,nýja,ilmvatnsins
1,nýja,kynslóð
1,nýja,lýðveldið
1,nýja,skotmarkið
1,nýja,stafrófsins
1,nýja,testamentinu
1,nýja,útgáfu
1,nýja,þróun
1,nýjan,leik
1,nýjan,útgáfusamning
1,nýjar,byrðar
1,nýjar,hafnir
1,nýjar,pantanir
1,nýjar,ályktanir
1,nýjar,áskoranir
1,nýjasta,framlag
1,nýju,járnviðmiðin
1,nýju,útgjöld
1,nýjum,fjárfestingum
1,nýjum,þáttum
1,nýlegi,kigali-viðaukinn
1,nýlegt,dæmi
1,nýlegu,atvikin
2,nýlegu,viðtali
1,nýlegum,leikjum
1,nýr,forsætisráðherra
1,nýrra,blokkaríbúða
1,nýrra,hugmynda
1,nýrri,löggjöf
1,nýstofnaða,lýðveldi
1,nýtt,forritaverkfæri
1,nýtt,hæfileikafólk
1,nýtt,snið
1,nýtt,spjallforrit
1,opinber,hlýhugur
1,opinber,persóna
1,opinber,viðurkenning
1,opinberar,viðurkenningar
1,opinberi,þjóðgarðurinn
1,opinberri,umræðu
1,opinberri,ævisögu
1,opinberu,myndirnar
1,opið,holræsi
1,opna,skjöldu
1,opnu,rými
1,opnum,anda
1,persónuleg,sambönd
1,persónulega,tegund
1,pólitíska,vídd
1,pólitískra,óvina
1,pólitískt,ferli
1,pólitísku,fangar
1,pólitísku,áhættu
1,pólitískum,yfirráðum
1,raunverulega,ástand
1,raunverulegan,ferðatíma
1,raunverulegra,hagsmuna
1,rauða,húfu
1,rauðum,blóðkornum
1,reyktra,sígarettna
1,ráðandi,afl
1,ráðandi,stöðu
1,ráðandi,ættflokka
1,ræktaðs,lands
1,rétta,átt
1,réttmæta,greftrun
1,réttu,samsetninguna
1,ríkjandi,meistarann
1,rómanskir,kjósendur
1,rómanskra,kjósenda
1,rómverska,keisaradæmið
1,rómverska,lýðveldisins
1,rómverska,ríkis
1,rómverskra,laga
1,rósrauða,mynd
1,róttækra,aðgerða
1,rúmar,milljónir
1,rúmra,milljóna
1,rússneska,keisaraveldið
1,rússneskra,leyniþjónustumanna
1,samanteknar,upplýsingar
1,sameiginlega,gjaldmiðilinn
1,sameiginlegra,verkefna
1,sameiginlegs,loftslags
1,sameiginlegu,herliði
1,sameinuðu,þjóðanna
1,samfélagsleg,iðja
1,samhliða,kapellur
1,sannsögulega,bókin
1,sanntrúaðir,þingmenn
1,seinasta,lagi
1,seinni,heimsstyrjaldarinnar
1,sextugasta,afmælið
1,siðferðislegar,leiðbeiningar
1,sjaldgæfum,sjúkdómi
1,sjálfstæða,vísindasagnasafnritið
1,sjöunda,áratugnum
1,skaðlegan,tölvupóst
1,skelfilegir,golfleikmenn
1,skissukennt,yfirbragð
1,skráður,kjósandi
1,skyndilegar,breytingar
1,skýrir,fulltrúar
1,skýrum,hug
1,skýrum,mörkum
1,slæmra,fjárfestinga
1,slæmu,ástandi
1,smávægilegar,breytingar
1,snilldarlega,uppskurði
1,spænsk,yfirráð
1,spænska,orðið
1,spænsku,gyðinga
1,spænskumælandi,fólks
1,stafræna,ráðið
1,stafræna,tækni
1,stafrænu,umskiptunum
1,sterkt,ávaxtavín
1,stjórnsýslulegum,ástæðum
1,stærri,stefnu
1,stór,hópur
1,stór,losunarlönd
1,stór,ástæða
1,stóra,hernum
1,stóra,hluta
1,stóran,her
1,stórauknu,áhættu
1,stórfelld,hernaðarmistök
1,stórir,jötunsteinar
1,stórs,hluta
1,stóru,hlutverki
1,stóru,undirlagi
1,stöðug,uppspretta
1,stöðugur,vindur
1,stöðugur,vöxtur
1,suðurasískan,uppruna
1,suðurkóreska,fyrirtækið
1,svipaðan,vanda
1,svokallaðir,massebot
1,svokölluð,árangurslaun
1,svokölluðu,sögurnar
1,sænsk,rannsókn
1,sænskt,herlið
1,sérhæfða,hverfi
1,sérsniðin,meme
1,sérstaka,einingu
1,sérstaka,skjái
2,sérstakan,aðgang
1,sérstakar,varúðarráðstafanir
1,sérstakur,aðstoðarmaður
1,sérstök,deild
1,sígildu,bókmenntunum
1,síháa,verðs
1,sívaxandi,áráttu
1,síðari,rannsóknum
2,síðari,tímum
1,síðarnefnda,dagsetningin
1,síðasta,degi
2,síðasta,mánuði
1,síðasta,netfærslan
1,síðasta,ár
1,síðasta,úrræði
1,síðasti,ökuþórinn
1,síðklassíska,tímabilinu
1,síðustu,bækurnar
1,síðustu,dögum
1,síðustu,keppnunum
1,síðustu,mánuðum
1,síðustu,plöturnar
1,síðustu,tölurnar
1,síðustu,ár
1,síðustu,áratugum
2,síðustu,árum
1,síðustu,æviárum
1,söguleg,réttindi
1,sögulega,heimildin
1,sögulega,ráðhússins
1,sögulegar,heimildir
1,sögulegra,umskipta
1,sögulegt,magn
1,söluhæsta,plata
1,sönnu,sögurnar
1,sýnilegar,varnir
1,takmarkaða,vernd
1,tapaðar,tekjur
1,taílenskum,fæðingarvottorðum
1,tektónísku,kröftunum
1,tempraða,beltinu
1,tilgerðarlaus,mynd
1,tilteknar,hafnir
1,tilteknum,degi
1,trúarlega,gripi
1,tvískauta,loftneti
1,tyrknesku,starfsráðin
1,tyrkneskur,starfsmaður
1,tæknilegu,sjónarmiði
1,tæknilegum,aðferðum
1,tæp,milljón
1,tékkneskir,landamæraverðir
1,töluvert,forskot
1,umfangsmikil,tölfræðigreining
1,umfangsmikilli,skýrslu
1,umtalsverðan,hluta
1,undanfarin,ár
1,undanförnum,árum
1,undarlegu,samspili
1,undirliggjandi,húmanismann
1,undirliggjandi,orsakir
1,ungir,karlmenn
1,ungri,ekkju
1,ungu,stúlkuna
1,ungum,stórskotaliðshershöfðingja
1,unninn,vinnutími
1,unnum,vinnustundum
1,uppflosnuðu,nunnurnar
1,utanaðkomandi,heimildir
1,vafasömum,stoðgögnum
1,valinna,einstaklinga
1,vanhæfa,sendiherra
1,vaxandi,fasteignamarkaðnum
1,vaxandi,fólksfjölda
1,vaxandi,millistéttin
1,veigamikill,munur
1,venjuleg,sónarskoðun
1,venjulegum,sparisjóðsreikningi
1,vergri,þjóðarframleiðslu
1,versnandi,heilsu
1,versta,falli
1,versti,staður
2,veruleg,áhrif
1,verulega,óeiningu
1,verulegum,hluta
1,verðandi,móðurinni
1,verðmætur,áburður
1,veðurfræðilega,greiningu
1,vinsamlegt,viðhorf
1,vinstri,bakka
1,vinsælasta,kvikmyndin
1,vinsælu,bókaröðinni
1,vinsælum,vefsvæðum
1,virk,vörn
1,vissu,marki
1,viðburðasnauða,ævi
1,viðeigandi,dýr
1,viðkomandi,fjárframlaga
1,viðkomandi,smáskífa
1,viðkvæmra,kerfa
1,viðkvæmu,jafnvægi
1,vopnaðrar,uppreisnar
1,vænlegt,herlið
1,væntanlegu,hljóðversplötuna
1,víðfeðmar,rústir
1,yfirstandandi,landgræðsluverkefna
1,yfirvofandi,ógjaldfærni
1,yngri,bróður
1,ytri,markanna
1,Áfengir,drykkir
1,Árlega,könnunin
1,Áströlsku,sérfræðingarnir
1,Íslömsku,íhaldsmennirnir
1,Íslömsku,þegnarnir
1,Ólíkar,kenningar
1,Óseðjandi,löngun
1,Öruggt,merki
1,Þekktasti,maðurinn
1,Þreytandi,merkin
1,áframhaldandi,kreppu
1,áhrifamesti,bíll
1,áhugasamur,gítarleikari
1,ákafir,söngvarar
1,ákafur,sósíalisti
1,ákveðið,frelsi
1,árstíðabundið,hvassviðri
1,ástralska,lið
1,ástralska,mótinu
1,ástralskir,frumbyggjar
1,áttunda,áratugarins
1,áætluð,heildarsala
1,áþreifanlegt,efni
1,ævarandi,frægð
1,æðri,verkum
1,æðsti,yfirmaður
1,íburðarmikla,söngleiki
1,ímyndaða,línan
1,ímyndaðar,kaldastríðsorrustur
1,íslenska,hljómsveitin
1,íslömsk,læknisfræði
1,óformlegs,samstarfs
1,ófullnægjandi,vernd
1,ófætt,barn
1,óhefðbundinna,refsinga
1,óhugnanlega,orgelið
1,óháðs,eftirlits
1,óhóflegrar,eyðslu
1,ókeypis,fríðindavalkostinum
1,óljósar,upplýsingar
1,óreiðukennda,fjölda
1,óreiðukennt,kerfi
1,ósiðlegt,athæfi
1,ótakmarkað,gagnamagn
1,ótrúlega,árangurinn
1,ótrúlegt,afrek
1,ótrúlegu,ári
1,ótvíræði,árangurinn
1,óvenjulegri,nafnbóta
1,óæskilegar,skoðanir
1,óþroskuð,lungu
1,öflugur,talsmaður
1,ögrandi,facebook-færslur
1,ör,fólksfjölgun
1,örlítið,lón
1,örugg,yfirráð
1,öðru,sæti
1,útbreiddustu,menninga
1,þekkta,heimildin
1,þrettándu,öld
1,þriðja,aðila
1,þriðja,byltingarárinu
1,þriðja,degi
1,þriðja,flokki
1,þriðja,hertoganum
1,þriðja,kerfið
1,þriðja,kjörtímabilinu
1,þriðju,hljóðversplötuna
1,þungvopnað,riddaralið
1,þurra,svæða
1,þáverandi,borgarstjóri
1,þægileg,mynd
1,þýska,bændur
1,þýska,fyrirtækið
1,þýski,innrásarherinn
1,þýskt,herlið
1,þýskum,ráðamönnum
1,þýðingarmikil,tengsl
