count,awf,nwf
1,a,versi
2,abadi,cinta
1,abadi,kebahagiaan
1,abadi,kedamaian
1,abu,keramik
1,abu,tembikar
1,abu,warna
1,acak,gambar
1,acak,pertemuan
1,adil,obsesi
1,adil,pemilu
1,adipat,asam
1,administratif,kursi
1,administratif,région
1,afektif,memori
1,aggregat,skor
1,agraris,daerah
1,agresif,besok
1,agresif,negosiasi
1,agung,adipati
1,agung,bersemangat
1,agung,keuskupan
1,agung,konstruksi
1,agung,mahkamah
1,agung,uskup
1,aidoru,penyanyi
1,ajaib,jubah
1,ajaib,lampu
1,akademi,karier
1,akademi,sekarang
1,akademik,lengan
1,akademis,bidang
1,akhir,bantahan
1,akhir,cerita
1,akhir,lumbung
2,akhir,masa
1,akhir,menambahkan
1,akhir,pengguna
1,akhir,peradaban
1,akhir,pertengahan
1,akhir,produk
1,akhir,tahun
1,akhir,teks
1,akhir,tugas
1,akhir,tujuan
1,akhir,ujian
1,akhir,zaman
1,akrab,hubungan
1,aktif,anggota
1,aktif,berapi
1,aktif,buku
1,aktif,lembar
1,aktif,masa
1,aktif,obligasi
1,aktif,pemain
1,aktif,peran
1,aktif,putra
1,aktif,torres
2,aktual,entitas
1,aktual,jam
1,aktual,peristiwa
2,akurat,senapan
1,akut,infak
1,akut,penyakit
1,akut,pirai
2,alam,daya
1,alam,kelestarian
1,alam,kemampuan
1,alam,mana
1,alam,sejarah
1,alami,air
1,alami,bahan
1,alami,cita-cita
1,alami,habitat
1,alami,keajaiban
1,alami,kecantikan
1,alami,monumen
1,alami,pendidikan
1,alami,peristiwa
1,alami,pewarna
1,alami,sm
1,alami,sumber
1,alami,tekanan
1,albatros,induk
1,alternatif,nama
1,alternatif,pandangan
1,alternatif,pasangan
1,alternatif,pendaratan
1,alternatif,penginjilan
1,amal,catatan
1,aman,penerjunan
1,aman,permukaan
1,aman,situasi
1,aman,tahun
1,american,motors
1,american,union
1,amorf,struktur
1,analog,bukit
4,analog,seluler
1,analog,siaran
1,analog,televisi
1,analognya,televisi
1,anarkis,hal
1,anarkis,koran
1,anarkis,warna
1,andal,kemungkinan
1,andal,pemain
1,andalannya,ilmu
1,aneh,kejadian
1,angkuh,keunggulan
1,angkuh,perbuatan
1,antaragregat,ruang
1,anti,kaum
1,anti,misil
1,anti,pusat
1,anti,senat
1,anti,tenaga
1,antik,zaman
1,aortik,trikuspidalis
1,arterial,pusing
1,artifisial,proses
3,asasi,hak
1,asetat,investasi
1,asetat,medroksiprogesteron
1,asin,kecap
1,asing,bahasa
1,asing,batas
1,asing,investor
1,asing,ketinggian
1,asing,maksiat
1,asing,musikal
4,asing,orang
1,asing,pasar
1,asing,pemain
1,asing,perdagangan
1,asing,pihak
1,asing,pulau
1,asing,saat
1,asli,barang
1,asli,bentuk
1,asli,berarti
1,asli,cacing
1,asli,dewa
1,asli,gadis
1,asli,hewan
1,asli,hidangan
1,asli,kelahiran
1,asli,lagu
1,asli,lukisan
2,asli,nama
2,asli,orang
1,asli,pedesaan
1,asli,pemerintahan
4,asli,penduduk
1,asli,senjata
1,asli,seragam
1,asli,serial
1,asli,sponsor
1,asli,suara
1,asli,tahun
1,aslinya,bentuknya
1,aslinya,huruf
1,aslinya,imbalannya
1,aslinya,nama
1,aslinya,versi
1,aspal,semi
1,assist,antarmasyarakat
1,assist,rekor
1,associated,press
1,atmosferis,elektrisitas
1,australian,open
1,autosomal,data
5,awal,abad
1,awal,anting
1,awal,bagian
1,awal,bunyi
1,awal,gambaran
1,awal,gerakan
1,awal,hari
1,awal,kata
1,awal,kehidupannya
1,awal,keinginan
2,awal,kerja
1,awal,kesepakatan
2,awal,langkah
1,awal,luas
2,awal,masa
1,awal,masjid
1,awal,mengudara
1,awal,modal
1,awal,negara
1,awal,pemerintahan
1,awal,penulisan
1,awal,perancangan
1,awal,periode
2,awal,personel
1,awal,pertemuan
1,awal,program
1,awal,rancangan
1,awal,rata
1,awal,sejarah
1,awal,situasi
3,awal,tahap
9,awal,tahun
1,awal,uni
1,awal,usaha
1,awam,kaum
1,awam,masyarakat
1,awet,bahan
1,bagus,awal
1,bagus,bukunya
1,bagus,foto
1,bahagia,gay
1,bahari,grafik
1,baik,akhlaknya
1,baik,alat
1,baik,anak
1,baik,arah
1,baik,badan-badan
1,baik,bank
1,baik,bidang
1,baik,dokter
1,baik,drainase
1,baik,genta
1,baik,hal
1,baik,hari
2,baik,hati
1,baik,intinya
1,baik,itikad
1,baik,kali
1,baik,kejadian
1,baik,keputusan
1,baik,kesehatan
1,baik,kondisi
1,baik,lukisan
1,baik,masa
1,baik,nama
1,baik,niat
1,baik,pemerintahan
1,baik,pengamanan
1,baik,pengambilan
1,baik,perlindungan
1,baik,politik
1,baik,rangkaian
1,baik,reputasi
1,baik,respon
1,baik,sains
1,baik,sikap
1,baik,singing
1,baik,spongebob
1,baik,tata
2,baik,teman
1,baik,variasi
1,bakti,masa
1,balas,langkah
1,balistik,kendali
1,balistik,perempuan
1,ballast,batu
1,banyak,artefak
1,banyak,bagian
1,banyak,bakar
1,banyak,ceng
1,banyak,derajat
1,banyak,desa
1,banyak,donor
1,banyak,ekonomi
1,banyak,episode
2,banyak,hal
1,banyak,ilmuwan
1,banyak,investor
1,banyak,kapal
1,banyak,kapel
1,banyak,klaim
1,banyak,komunitas
1,banyak,konservasionis
1,banyak,kritik
1,banyak,luas
1,banyak,manusia
1,banyak,masalah
1,banyak,masyarakat
1,banyak,mla
1,banyak,negara
4,banyak,orang
1,banyak,pemberontakan
1,banyak,perbedaan
1,banyak,pertanyaan
1,banyak,plastik
1,banyak,prajurit
1,banyak,rakyat
1,banyak,realitas
1,banyak,rehabilitasi
1,banyak,scholarship
1,banyak,situs
1,banyak,sosialis
1,banyak,spesies
1,banyak,tahun
1,banyak,tanah
1,banyak,tulang
1,banyak,usaha
1,banyak,waktu
1,banyaknya,pura
1,bar,alkitab
1,bar,pemilik
1,baris,lokasi
1,baru,agama
1,baru,alat
2,baru,album
1,baru,alfabet
1,baru,aliran
1,baru,anggota-anggota
1,baru,anggota
1,baru,artikel
1,baru,babak
1,baru,bakat
1,baru,balapan
1,baru,band
1,baru,bandara
1,baru,bangsa
1,baru,bas
1,baru,batas
1,baru,beban
1,baru,bentuk
1,baru,benua
1,baru,berita
1,baru,bintang
1,baru,budaya
1,baru,bukit
1,baru,bukti
1,baru,channel
1,baru,codex
1,baru,condo
1,baru,desa
1,baru,diskusi
1,baru,divisi
1,baru,duta
1,baru,episode
1,baru,fakultas
1,baru,fasilitas
1,baru,formasi
2,baru,format
2,baru,gedung
1,baru,generasi
1,baru,ibukota
1,baru,ide
1,baru,informasi
1,baru,investasi
1,baru,jenderal
1,baru,jiwa
1,baru,juli
1,baru,karoten
1,baru,kelompok
1,baru,keluarga
1,baru,kendaraan
1,baru,kesimpulan
1,baru,kontrak
1,baru,koordinat
1,baru,kota
3,baru,lagu
1,baru,legislasi
1,baru,markas
1,baru,maskapai
1,baru,materi
1,baru,media
1,baru,medroksiprogesteron
1,baru,mengisi
1,baru,mesra
1,baru,mimpi
4,baru,nama
1,baru,nasabah
1,baru,negara
1,baru,orang
1,baru,parfum
2,baru,pasangan
1,baru,pasar
1,baru,pasukan
1,baru,pedoman
1,baru,pegawai
1,baru,pelabuhan
1,baru,pembangunan
3,baru,pemerintahan
1,baru,penanggung
1,baru,pendekatan
1,baru,perbatasan
1,baru,perdana
2,baru,perjanjian
1,baru,permainan
1,baru,pertunangan
1,baru,petualangan
1,baru,platform
1,baru,potongan
1,baru,presiden
1,baru,proyek
1,baru,putaran
2,baru,raja
1,baru,republik
1,baru,rezim
1,baru,rute
1,baru,saat
1,baru,saham
1,baru,satuan
2,baru,sebuah
1,baru,sel
1,baru,sosial
1,baru,stasiun
2,baru,tahun
2,baru,tanggal
1,baru,tantangan
1,baru,target
1,baru,tatanan
1,baru,teknologi
1,baru,tempat
1,baru,tol
2,baru,tradisi
1,baru,tugas
2,baru,versi
2,baru,vokalis
1,baru,volume
1,baru,warna
2,baru,zaman
1,baru,zona
1,barumu,agama
1,barunya,rumah
1,basa,ph
1,basah,hutan
3,basah,lahan
1,basah,semen
1,basah,tanah
1,bayaran,pembunuh
1,bayaran,tembok
1,bayaran,tujuan
1,bebas,alam
1,bebas,berkas
1,bebas,energi
1,bebas,jalan
1,bebas,keinginan
1,bebas,khotbah-khotbahnya
1,bebas,konsep
1,bebas,perdagangan
1,bebas,pikiran
1,bebas,sastra
1,bebas,status
2,bekas,bakar
1,bekas,tahun
1,bekas,tempur
1,beku,mummy
1,benar,arah
1,benar,benda
1,benar,cara
1,benar,cinta
1,benar,d
1,benar,daerah
1,benar,deskripsi
1,benar,lipat
1,benar,markas
1,benar,pelaksanaan
1,benar,ramalan
1,benar,sumber
1,benar,tebakan
1,benar,tuduhan
1,benar,tuhan
1,bening,suara
1,beracun,gas
1,beracun,silat
1,beragam,cerita
1,beragam,pigmen
1,beragam,warna
1,berakhirnya,era
1,berakhirnya,kabar
1,berang,anggota
1,berani,dalam
1,berani,ekonomi
1,berani,orang
1,berani,sumpah
1,berapi,debu
1,berapi,gunung
1,berarti,perlawanan
1,berat,artileri
1,berat,dosa
1,berat,eagle
1,berat,kavaleri
1,berat,kurikulum
1,berat,mesin
1,berat,musik
1,berat,pelaksana
1,berat,pemeran
1,berat,riff
1,berbahaya,senyawa
1,berbakat,orang
1,berbatu,planet
1,berbatu,tanah
1,berbeda,air
1,berbeda,aplikasi
1,berbeda,arti
1,berbeda,barang
1,berbeda,dialek
1,berbeda,hal
1,berbeda,instruksi
1,berbeda,jabatannya
1,berbeda,jenis
1,berbeda,karakter
1,berbeda,marga
1,berbeda,nama
1,berbeda,nilai
1,berbeda,ordo
1,berbeda,pemain
1,berbeda,pertandingan
1,berbeda,ranah
1,berbeda,tampilan
1,berbentuk,badan
1,berbentuk,entitas
1,berbobot,siswa
1,bercorak,arsitektur
1,berdaulat,hak
1,bergantian,sistem
1,bergegas,kali
1,bergelombang,dataran
1,berhadap,posisi
1,berhuruf,pustaka
1,berikutnya,akhir
2,berikutnya,album
1,berikutnya,babak
1,berikutnya,data
1,berikutnya,generasi
2,berikutnya,hari
1,berikutnya,minggu
1,berikutnya,musim
1,berikutnya,node
1,berikutnya,pagi
1,berikutnya,perulangan
1,berikutnya,rakaat
1,berikutnya,reaksi
1,berikutnya,stasiun
6,berikutnya,tahun
1,berikutnya,usaha
1,berkabung,hari
1,berkabung,suhu
1,berkumpul,acara
1,berlangganan,biaya
1,berlangganan,satelit
1,berlapis,rok
1,berlapis,sterik
1,berlendir,lapisan
1,berlubang,punggung
1,berminyak,bahan
1,bermoral,konvensi
1,bermoral,setan
1,berpasir,tanah
1,bersalah,bagian
1,bersama,buku
1,bersama,kitab
1,bersama,persetujuan
1,bersama,raja
1,bersama,waktu
1,bersamaan,bandara
1,bersamaan,batu
1,bersamaan,cikal
1,bersamaan,departemen
3,bersamaan,saat
1,bersangkutan,sidang
1,bersangkutan,stasiun
1,bersemangat,musik
3,bersih,air
1,bertekanan,air
1,bertenaga,kapal
1,berumur,pria
1,beruntung,jamaah
1,beruntung,masalah
1,beruntung,tentara
2,besar,air
1,besar,airline
1,besar,akar
1,besar,alasan
1,besar,angkatan
1,besar,arsitektur
1,besar,artis
3,besar,bagian
1,besar,bak
1,besar,bala
1,besar,bandara
1,besar,bangunan
1,besar,baterai
3,besar,batu
1,besar,beasiswa
1,besar,berbeda
1,besar,bertubuh
1,besar,bilangan
1,besar,bintang
1,besar,bumi
1,besar,dana
1,besar,daun
1,besar,duke
1,besar,dukungan
7,besar,duta
1,besar,ekonomi
1,besar,era
1,besar,film
1,besar,formalnya
1,besar,ganja
1,besar,garis
6,besar,guru
2,besar,harta
1,besar,hubungan
1,besar,huruf
1,besar,ijazah
2,besar,industri
1,besar,infanteri
1,besar,jaringan
1,besar,jenazahnya
5,besar,jumlah
1,besar,jumlahnya
1,besar,jurang
1,besar,kalangan
1,besar,kaliber
1,besar,karirnya
2,besar,karya
1,besar,kategori
1,besar,kedahsyatan-kedahsyatan
1,besar,kehidupan
1,besar,keluarga
4,besar,kemungkinan
1,besar,kernel
1,besar,kerugian
1,besar,kerusakan
1,besar,kesalahan
1,besar,ketakutan
1,besar,kinerja
1,besar,km²
1,besar,kontingen
5,besar,kota
1,besar,kritik
1,besar,kubah
1,besar,lagu
1,besar,layar
1,besar,leher
1,besar,lelaki
1,besar,lubang
1,besar,mantan
1,besar,masjid
1,besar,maumu
1,besar,misi
1,besar,mulutnya
1,besar,nilai
1,besar,ombaknya
1,besar,orang
1,besar,orangtuanya
1,besar,pabrik
1,besar,pasaran
1,besar,pembangunan
1,besar,penderita
3,besar,penduduknya
1,besar,penekanan
1,besar,pengaruh
1,besar,pengaruhnya
1,besar,penghasil
1,besar,peningkatan
1,besar,peperangan
1,besar,pergeseran
1,besar,perilaku
1,besar,perkelahian
1,besar,pertanyaan
2,besar,pertempuran
1,besar,pos
1,besar,prasejarah
1,besar,puing
1,besar,région
1,besar,sebagain
23,besar,sebagian
1,besar,sebahagian
1,besar,sejarah
1,besar,sekelompok
1,besar,semenanjung
1,besar,seorang
1,besar,serangan
1,besar,seri
2,besar,sistem
1,besar,stadion
1,besar,stupa
1,besar,suhu
1,besar,suku
2,besar,sungai
1,besar,tahun
1,besar,tanggal
1,besar,tenaga
1,besar,tenant
1,besar,tentara
2,besar,toleransi
1,besar,tradisi
1,besar,ukuran
1,besar,unit
1,besar,waktu
1,besar,wilayah
1,besarnya,pinjaman
1,besarnya,sebagian
1,betina,contoh
1,betina,kambing
1,biasa,autotransformator
1,biasa,hal
1,biasa,jebakan
1,biasa,kampus
2,biasa,luar
1,biasa,manusia
1,biasa,materi
1,biasa,nyanyian
1,biasa,orang
1,biasa,pencapaian
1,biasa,perplanetan
1,biasa,petani
1,biasa,pria
1,biasa,rekening
1,biasa,saham
1,biasa,teater
1,biasa,teks
1,biasa,televisi
1,biasa,waktu
1,bilas,tempat
1,bilateral,pembicaraan
1,biologis,kelamin
1,biologis,prosedur
1,biologis,sumber
1,birokratis,pemerintahan
1,biru,dingin
1,biru,kaki
1,biru,kaus
1,biru,medan
1,biru,peta
1,biru,sampul
1,biru,warna
1,bising,area
1,bising,kerja
1,bisnis,primadona
1,blues,berkelakar
1,blues,rock
1,bodoh,menteri
1,bodoh,situasi
1,bolak,arus
1,british,isles
1,british,masyarakat
1,brutal,pendudukan
1,buka,jam
1,buras,ayam
1,buruk,anak
2,buruk,cuaca
1,buruk,dampak
1,buruk,kebersihan
1,buruk,kesan
1,buruk,kesehatan
1,buruk,kondisi
1,buruk,makanan
1,buruk,penampilan
1,buruk,pengeringan
1,buruk,perlindungannya
1,buruk,pertanian
1,busuk,rencana
1,buta,kakaknya
1,buta,kaum
1,buta,peptida
1,buta,selatan
1,cadas,batu
1,cadas,lubang
1,cadas,sebagian
1,cair,bentuk
1,cakap,pemimpin
1,canadian,services
1,canadian,sultan
1,canggih,teknologi
1,cantik,gadis
1,cantik,harmoni
1,cantik,kekuasaan
1,cantik,pantai
1,cantik,pembukaan
2,cantik,wanita
1,cardiac,causes
1,cemerlang,ide
1,centil,kelakuan
1,cepat,aktivitas
1,cepat,kontroversi
1,cepat,negara
1,cepat,pandikar
1,cepat,peningkatan
1,cepat,perubahan
1,cepat,pesawat
1,cepat,spesiasi
1,cepat,transit
1,cerah,gerakan
1,cerah,sisi
1,cerdas,benak
1,cerdas,bersemangat
2,cerdas,ponsel
2,cetak,media
1,cetak,mesin
1,charter,kargo
1,cilik,aktor
1,civil,desa
1,civil,liberties
1,civil,rencana
1,cokelat,alga
1,cokelat,polong
1,coklat,berbagai
1,coklat,iris
1,coklat,kota
1,coklat,kulit
1,controlled,approach
1,curam,kemiringan
1,curian,harta
1,curvilinear,bentuknya
1,dahsyat,nilai
1,dalam,air
1,dalam,bagian
1,dalam,laut
1,dalamnya,tenaga
1,damai,juru
1,damai,kesepakatan
1,damai,penyelesaian
1,damai,perjanjian
1,dangkal,laguna
1,darurat,kondisi
1,dasar,bahan
1,dasar,elemen
1,dasar,fungsionalitas
1,dasar,gerak
1,dasar,hukum
1,dasar,ideologi
2,dasar,ilmu
1,dasar,kata
1,dasar,kemeja
1,dasar,komoditas
1,dasar,modal
1,dasar,operasi
1,dasar,pendidikan
1,dasar,pengetahuan
1,dasar,sekolah
1,dasar,sirkuit
1,dasar,struktur
1,dasar,teori
1,dasar,unsur
1,dasarnya,huruf
1,datar,layar
1,datar,lokasi
1,datar,wilayah
1,definitif,pangeran
1,dekat,ajaran
1,dekat,area
1,dekat,bagian
1,dekat,barat
1,dekat,desa
1,dekat,industri
1,dekat,jarak
1,dekat,kantor
2,dekat,kerabat
3,dekat,kota
1,dekat,lembaga
1,dekat,lokasi
1,dekat,masyarakat
1,dekat,mulutnya
1,dekat,munisipalitas
1,dekat,negara
1,dekat,olimpiade
1,dekat,pengayauan
2,dekat,perbatasan
1,dekat,produksi
1,dekat,sungai
1,dekat,tahun
1,dekat,tanggal
1,dekat,tempat
1,dekat,ujung
1,dekat,waktu
1,dekatnya,orang
1,dekoratif,sistem
1,demokratik,aliansi
1,demokratis,isles
1,demokratis,masyarakat
1,demokratis,supremasi
1,dengat,munisipalitas
1,dengat,pengayauan
1,depan,garda
1,depan,garis
1,depan,kamera
1,depan,kesucian
5,depan,masa
1,depan,roda
1,depan,sirip
1,depan,tungkai
1,deras,negara
3,dewasa,orang
1,dewasa,persoalan
1,dewasa,tuan
1,diagnostik,kriteria
1,dialog,teks
1,diatomik,nitrogen
1,diatomik,oksigen
1,didaerah,rakyat
1,didih,single
1,didih,titik
1,digital,desa
1,digital,dewan
1,digital,dinasti
1,digital,lagu
1,digital,perhentian
1,digital,rekaman
1,digital,seluler
1,digital,siaran
1,digital,singel
2,digital,teknologi
1,digital,televisi
1,digital,transisi
1,dignifikan,pengaruh
1,dijahit,helaian
1,dinamis,budaya
1,dinamis,kota
2,dingin,cuaca
1,dingin,daerah
1,dingin,darah
1,dingin,ibukota
1,dingin,kaki
1,dingin,kendaraan
1,dingin,musim
1,dingin,perang
2,dini,peringatan
1,diplomatik,jebakan
1,diplomatis,kegiatan
1,dirintis,pelayanan
1,disekitarnya,orang
1,dispensasional,milenial
1,dispensasional,tanah
1,doktoral,disertasi
1,domestik,gelar
1,domestik,penerbangan
1,dominna,kelompok
1,down,tempo
1,dramatis,close
1,dramatis,efek
1,drastis,lebar
1,duet,pertanyaan
1,dulu,abad
1,dulu,anggota
1,dwimusim,wilayah
1,ebenarnya,nama
1,efektif,desain
1,efektif,hasil
1,efektif,kendaraan
1,efektif,penerimaan
1,efektif,tuhan
1,efektifnya,waktu
1,efisien,bulan
1,efisien,proses
1,egois,sifat
1,eksekutif,bisnis
1,eksekutif,cabang
1,eksekutif,dijaren
1,eksekutif,direktur
1,eksekutif,enzim
1,eksekutif,jam
1,eksekutif,kekuatan
1,eksekutif,produser
1,eksekutif,selatan
1,eksekutif,taksi
1,eksotik,pemandangan
1,eksperimental,band
1,eksperimental,pengetahuan
1,eksternal,drive
1,eksternal,perangkat
1,eksternal,sejarah
1,eksternal,tahun
2,ekstrakurikuler,kegiatan
1,ekstraterestrial,peradaban
1,elastik,serat
1,elektronik,penanak
1,elit,grup
1,emas,harga
1,emas,hidrosol
1,emas,kemudian
1,emas,tidur
1,emosional,dapur
1,emosional,masalah
1,emosional,produsen
1,empiris,dukungan
1,enak,gadis
1,enak,jenis
1,enak,nasi
1,enak,perasaan
1,enak,timur
1,endemik,bulan
1,endemik,jenis
1,endemik,satwa
1,endemik,tanaman
1,energik,permainan
1,energik,target
1,enerjik,gerakan
1,enerjik,mandi
1,environmental,isyarat
1,environmental,masa
1,environmental,protection
1,episkopal,batuan
1,episkopal,gerea
1,erat,persekutuan
1,esa,bentuk
1,esa,moto
1,esensial,minyak
1,fana,tuhan
1,fatal,cerita
1,fatal,kecelakaan
1,favorit,masakan
1,federal,gotong
3,federal,pemerintah
1,federal,sponsor
1,federal,tumbuhan
1,fenomenal,hits
1,fenomenal,lagu
1,fenomenal,musim
2,fiksi,hobbit
1,fiksional,dunia
1,fiktif,alam
1,fiktif,karakter
1,fiktif,makhluk
1,fiktif,orang
1,filosofis,pemahaman
1,filtering,neurotik
1,filtering,packet
1,finansial,keberuntungan
1,finansial,kontribusi
1,fleksibel,batas
1,fonetis,komponen
1,forensik,akuntan
1,forensik,auditor
1,formal,institusi
1,formal,kekuasaan
1,formal,metoda
1,formal,pakaian
1,formal,pelayanan
1,formal,pengawasan
1,formal,penggunaan
1,formal,spesifikasi
1,full,remote
1,fundamental,ekonomi
1,fungsional,bagian
1,fungsional,bangunan
1,fungsional,ikan
1,gagal,kudeta
1,gagal,usahanya
1,gaib,isyarat
1,gaib,makhluk
1,gaib,masa
1,gaib,protection
1,gamblang,kehidupan
1,ganda,pertandingan
1,ganjil,bit
1,ganjil,metode
1,gelap,asal
1,gelap,pasar
1,gelap,telepon
1,gelap,warna
1,gemuk,persaingan
1,gemuk,rekening
1,gemuk,televisi
1,gemuk,tubuhnya
1,gencar,perang
1,gencarnya,perang
1,genetic,faktor
1,genetic,health
1,genetis,studi
1,genggam,telepon
2,genting,tanah
1,geometris,sifat
1,gigih,bujangan
1,global,besaran
1,global,duta
1,global,iklim
1,global,jalur
1,global,jaringan
1,global,lempeng
1,global,listrik
1,global,masalah
1,global,penerangan
1,global,perekonomian
1,global,sistem
1,global,struktur
1,global,suhu
1,global,torsi
1,glotal,konsonan
2,gnostik,teks
1,golden,gate
1,golden,kesenian
1,good,witch
1,gratis,berkas
1,gratis,opsi
1,gratis,pengobatan
1,gratis,pikiran
1,great,pemerintah
3,great,powers
1,halus,ironi
1,hamil,keadaan
1,handal,daya
1,handal,pemain
1,hangat,masalah
1,harafiah,keyakinan
1,haram,tingkat
1,hard,rock
1,harian,penumpang
1,harian,renungan
1,harmonis,asuh
1,harmonis,lirik
1,hebat,masa
1,hebat,operan
1,hebat,pihak
1,hebat,royong
1,hebat,samping
1,heboh,kampus
1,hemoragik,stroke
1,heran,orang
1,heterotrofik,spesies
1,hias,kana
3,hias,tanaman
1,hidup,gambar
1,hidup,huruf
1,hidup,ikan
1,hidup,istilah
1,hidup,kelangsungan
1,hidup,lautan
2,hidup,masa
1,hidup,model
1,hidup,orang
1,hidup,organisme
1,hidup,penerus
1,hidup,sejarah
1,hidup,seumur
1,hidup,siklus
1,hidup,sumber
1,hidup,ulama
1,hijau,alga
1,hijau,bentara
1,hijau,bubuk
1,hijau,diri
2,hijau,kacang
1,hijau,masak
1,hijau,pedang
1,hijau,warnanya
1,hilang,orang
1,historis,balai
1,historis,debat
1,historis,hak
1,historis,jejak
1,historis,kota
1,historis,negaranya
1,historis,region
1,hitam,atap
1,hitam,ilmu
1,hitam,kayu
1,hitam,kepala
1,hitam,kotak
2,hitam,laut
1,hitam,paruh
1,hitam,persepsi
1,hitam,setengah
2,hitam,warna
1,homeostatis,teori
1,homoseksual,praktik
1,honorary,award
1,hop,hip
1,horisontal,ekstensi
1,horisontal,pemendekan
1,horizontal,garis
1,horizontal,potensi
1,hormat,rasa
1,hormonal,denganwarna
1,hormonal,kontrasepsi
1,horor,film
1,humanis,asuh
1,hybrida,canna
1,ibadah,tempat
1,ideal,visi
1,ilmiah,bit
1,ilmiah,dukungan
1,ilmiah,fiksi
1,ilmiah,film
1,ilmiah,jurnal
1,ilmiah,keinginan
1,ilmiah,metode
1,ilmiah,pekerja
2,ilmiah,penelitian
1,ilmiah,riset
1,ilmiah,studi
1,ilmiah,terakhir
1,imbang,skor
1,impor,anjing
1,imut,musuh
1,indah,awan
1,indah,daerah
1,indah,gua
1,indah,kaki
1,indah,kayu
1,indah,liburan
1,indah,orang
1,indah,pantai
1,indah,partai
1,indah,peristiwa
1,indah,pulau
1,independen,desa
1,independen,film
1,independen,kalangan
1,independen,keluarga
2,independen,lembaga
2,independen,musik
1,independen,penyalah-gunaan
1,independen,polisi
1,independen,sifatnya
1,individual,kejuaraan
1,individual,orang
1,individual,pengrajin
1,individual,penguasa
1,industri,picture
1,informal,persetujuan
1,informal,spesifikasi
1,inkumben,presiden
1,innosens,vokal
1,integral,bagian
1,intelek,orang
1,intelektual,kaum
1,intelektual,kekayaan
1,intelektual,peran
1,intensif,pengairan
1,intensif,pertanian
1,interansional,investasi
1,interna,arteri
1,internal,fertilisasi
1,internal,memori
1,internal,perselisihan
1,internal,pinggiran
1,internasional,badan
3,internasional,bandar
4,internasional,bandara
1,internasional,chairman
1,internasional,desanya
2,internasional,dunia
1,internasional,ekonomi
1,internasional,gaya
1,internasional,gelar
1,internasional,gol
1,internasional,keganjilan
1,internasional,kekaisaran
1,internasional,konflik
1,internasional,media
1,internasional,metode
1,internasional,migrasi
1,internasional,multievent
1,internasional,orang
2,internasional,organisasi
1,internasional,pasar
1,internasional,pedagang
1,internasional,pengambilalihan
1,internasional,penumpang
1,internasional,perhatian
1,internasional,pertandingan
1,internasional,rayon
1,internasional,sosialis
1,internasional,stasiun
1,internasional,tempat
1,internasional,wilayah
1,internasional,zona
1,international,amnesty
1,international,organization
1,interseluler,struktur
1,invarian,kajian
1,investigasi,auditor
1,iparnya,kakak
1,iparnya,saudara
1,iri,pemerintahan
1,iri,tatapan
1,islam,kue
1,islam,syariat
1,isotopik,kurva
2,istimewa,akses
1,istimewa,obyek
1,istimewa,penghargaan
1,istimewa,pesawat
1,istimewa,presisi
1,istimewa,stasiun
1,istimewa,tempat
1,jahat,arwah
1,jahat,cabang
1,jahat,kuasa
1,jahat,perbuatan-perbuatanmu
1,jahat,peri
1,jahat,tokoh
1,janggal,fakta
1,jantan,spesies
1,jarang,kemampuan
1,jasmaniah,bagian
1,jatuh,tanggal
1,jauh,dulu
1,jauh,gedung
1,jauh,gereja
2,jauh,hari
1,jauh,jarak
1,jauh,kalimat
2,jauh,letaknya
1,jauh,manajemen
1,jauh,mobil
1,jauh,munisipalitas
1,jauh,nasi
1,jauh,pantai
1,jauh,pedalaman
1,jauh,penderitaan
1,jauh,pengayauan
1,jauh,perbedaan
1,jauh,pusat
1,jauh,sutradara
1,jauh,timur
1,jazirah,lengan
1,jelas,alasan
1,jelas,ginjal
1,jelas,keberhasilan
1,jelas,narasi
1,jelas,penyelesaian
1,jelas,tahu
1,jelas,upeti
3,jelata,rakyat
1,jengkel,hatinya
1,jenis,filsafat
1,jenis,hari
1,jenis,zaman
1,jenius,bedah
1,jenius,perahu
1,jenius,tahun
1,jingga,kali
1,jingga,rusa
1,jual,nilai
1,jujur,rakyat
1,junior,berkebangsaan
1,junior,tim
1,kabel,bagian
1,kabel,layanan
1,kabisat,tahun
1,kacaunya,perang
1,kaki,badan
1,kaku,keping
1,kandung,ayah
1,kanvas,atas
1,kardiovaskular,peristiwa
1,karet,permen
1,kargo,penerbangan
1,kariogenik,bakteri
1,karotis,arteri
1,kaya,karbohidrat
1,kaya,keluarga
1,kaya,kesusasteraan
1,kaya,nona
3,kaya,orang
1,keabu,paruh
1,kebanyakan,informasi
1,kebiru,air
1,kecewa,kondisi
1,kecil,adat
1,kecil,akibat
1,kecil,anak
1,kecil,arena
1,kecil,bahasa
1,kecil,bangunan
1,kecil,barang
1,kecil,benteng
1,kecil,biji
1,kecil,bunga
1,kecil,desa
1,kecil,distrik
1,kecil,duri
1,kecil,ekstrem
1,kecil,film
1,kecil,hutan
2,kecil,industri
1,kecil,istilah
1,kecil,jajahan
2,kecil,jalur
1,kecil,jumlah
1,kecil,kano
1,kecil,kapal
1,kecil,kelas
1,kecil,kelompok
1,kecil,keping
1,kecil,kerajaan
2,kecil,komunitas
3,kecil,kota
1,kecil,laguna
1,kecil,lord
1,kecil,masa
1,kecil,massa
1,kecil,munisipalitas
1,kecil,nabi
1,kecil,negara
1,kecil,orang
1,kecil,partai
1,kecil,pelabuhan
1,kecil,pemikir
1,kecil,peran
1,kecil,persegi
1,kecil,perusahaan
1,kecil,pohon
1,kecil,pos
1,kecil,posisi
3,kecil,pulau
1,kecil,putri
1,kecil,ruang
1,kecil,saat
1,kecil,sayatan
2,kecil,sebagian
1,kecil,tanah
1,kecil,tepatnya
1,kecil,tuas
3,kecil,ukuran
1,kecil,unsur
1,kecil,varian
1,kecil,wadah
1,kecil,waktu
1,kecil,wilayah
1,kecilnya,masa
1,kecilnya,nama
1,kejut,gelombang
1,kelam,sejarahnya
1,kelam,sisi
1,kelaminnya,jenis
1,kelaparan,keluarga
1,kelayakan,studi
1,keliru,keyakinan
1,keluar,jalan
1,keluar,jangkauan
1,keluar,rachel
1,keluar,wawasan
1,kemerahan,warna
1,kendur,mulut
1,kendur,zip
1,kepala,pelatih
2,keramat,makam
1,keras,bek
1,keras,cakram
1,keras,jari
1,keras,kitab
1,keras,komputer
1,keras,kualitas
1,keras,masalah
1,keras,minuman
1,keras,orang
4,keras,perangkat
1,keras,protes
1,keras,resin
1,keras,sisi
1,keras,suaranya
1,keras,waktu
1,kerasnya,hidup
1,kering,cara
1,kering,daerah
1,kering,daun
2,kering,mulut
1,kering,subjek
1,kering,sungai
1,kering,tanahnya
1,kering,wilayah
1,kerja,gila
1,kerja,hari
1,keseharian,foto
1,ketahuan,risiko
1,ketat,pengamanan
1,khas,arsitektur
1,khas,ayam
8,khas,ciri
1,khas,dominan
1,khas,kerajinan
2,khas,makanan
1,khas,masakan
1,khas,salad
1,khas,sebuah
1,khas,tahun
1,khawatir,rakyatnya
1,khidmat,suasana
1,khusus,arah
1,khusus,asisten
1,khusus,badan
1,khusus,bentuk
1,khusus,bulan
1,khusus,c
1,khusus,detasemen
1,khusus,distrik
1,khusus,emoji
1,khusus,festival
1,khusus,hari
1,khusus,hubungan
1,khusus,kecamatan
1,khusus,kemampuan
1,khusus,kewenangan
1,khusus,lingkungan
1,khusus,liputan
1,khusus,notasi
1,khusus,pattern
1,khusus,pekerjaan
1,khusus,pengobatan
1,khusus,pesawat
1,khusus,poin-poin
1,khusus,pulau
1,khusus,ruangan
1,khusus,studio
1,khusus,tayangan
1,khusus,unit
1,khusus,upacara
1,khusus,wawancara
1,khusus,wilayah
1,khususnya,agama
1,khususnya,daerah
1,khususnya,makan
1,khususnya,unit
1,kimiawi,neurotransmiter
1,kini,masa
1,klasik,bahasa
1,klasik,hari
1,klasik,saat
1,klasik,sastra
1,klastik,batuan
1,klastik,gerea
1,klayaban,orang
1,kognitif,muatan
1,kokoh,kesatuan
1,kokoh,keutuhan
1,kolektif,memori
1,kolektif,ritual
1,komedi,dugaan
1,komersial,bank
1,komersial,berharga
1,komersial,dinasti
1,komersial,keberhasilan
1,komersial,kode
1,komersial,mesin
2,komersial,penerbangan
1,komersial,siaran
1,komersial,suaminya
1,komersial,tujuan
1,komisaris,jabatan
1,kompak,berempati
1,kompak,latihan
1,komprehensif,gambaran
1,komprehensif,karangan
1,kompresi,komunikasi
1,kompresi,video
1,komunal,aktivitas
1,konseptual,seni
1,konservatif,bom
1,konservatif,kaum
1,konservatif,kubu
1,konservatif,orang
1,konservatif,organisasi
1,konstankah,interval
1,konsumtif,penggunaan
1,kontemporer,evolusi
1,kontroversial,isu
1,konyol,alasan
1,kosmologis,argument
1,kosong,gedung
1,kosong,gelasnya
1,kosong,omong
1,kotor,air
1,kotor,tonase
1,kreatif,artis
1,kreatif,ditrektur
1,kreatif,ide
1,kreatif,kecamatan
1,kriminal,agama
1,kristen,stasiun
1,kristiani,bantu
1,kristiani,iman
1,kronis,ginjal
1,kronis,penjatahan
1,kuantitatif,model
1,kuat,anggota
1,kuat,bulan
1,kuat,dapur
1,kuat,dimiliki
1,kuat,fisik
1,kuat,ikan
1,kuat,ikatan
1,kuat,karakter
1,kuat,mental
1,kuat,pemerintahan
1,kuat,penerbangan
1,kuat,pengaruh
1,kuat,penindasan
1,kuat,persaingan
1,kuat,semangat
1,kuat,tangan
1,kuat,tim
1,kudus,malaikat
1,kuning,bendera-bendera
1,kuno,dinasti
1,kuno,kerajaan
1,kuno,literatur
1,kuno,milik
1,kuno,naskah
1,kuno,peradaban
1,kuno,reruntuhan
1,kuno,zaman
1,kunyah,bulan
1,kunyah,memiliki
1,kunyah,tembakau
1,kurangnya,bahan
1,kwaat,ike
3,lain,agama
1,lain,ahli
1,lain,air
2,lain,alternatif
3,lain,anggota
2,lain,bagian
1,lain,bahasa
1,lain,balada
1,lain,balapan
1,lain,bangsa
1,lain,batu
2,lain,bentuk
1,lain,bidang
1,lain,biksu
1,lain,bintang
1,lain,bulan
1,lain,bunga
1,lain,busana
2,lain,cara
1,lain,catatan
4,lain,daerah
1,lain,dedikasi
2,lain,desa
1,lain,dokter
1,lain,dunia
1,lain,fase
1,lain,fasilitas
1,lain,film
1,lain,gadis
1,lain,gandarusa
2,lain,garis
1,lain,gaya
1,lain,gravitasi
1,lain,grup
1,lain,gulden
1,lain,hak
3,lain,hal
2,lain,ibu
1,lain,identifikasi
1,lain,industri
1,lain,intelektual
1,lain,isu
1,lain,jalur
1,lain,jenderal
1,lain,jiwa
1,lain,jurnalis
1,lain,kalimat
1,lain,kandang
1,lain,kanker
1,lain,karya
3,lain,kata
1,lain,kebijakan
1,lain,kecelakaan
1,lain,kegiatan
2,lain,kegunaan
1,lain,kekuatan
1,lain,kematian
1,lain,kenyataannya
1,lain,kerja
1,lain,kernel
1,lain,kesenian
1,lain,konsekuensi
2,lain,kota
1,lain,kubis
1,lain,lautan
1,lain,legenda
1,lain,lelaki
1,lain,lokasi
1,lain,mahkluk
1,lain,makam
1,lain,maksud
1,lain,manusia
2,lain,masalah
1,lain,media
1,lain,menggantikan
1,lain,milik
1,lain,moroi
1,lain,muatan
1,lain,musim
3,lain,nama
1,lain,naskah
3,lain,negara
1,lain,negeri
1,lain,obat
1,lain,objek
14,lain,orang
1,lain,otak
1,lain,padi
1,lain,pedoman
1,lain,pemberian
1,lain,pemberontak
1,lain,penampilan
1,lain,pengguna
1,lain,penjelasan
1,lain,penyakit
1,lain,perangkat
1,lain,perangnya
1,lain,perempuan
1,lain,perusahaan
5,lain,pihak
1,lain,putaran
1,lain,restoran
1,lain,rumah
1,lain,salah
1,lain,satuan
1,lain,sayuran
4,lain,sebagainya
1,lain,sebutan
1,lain,sekte
1,lain,seni
1,lain,siaran
1,lain,sinonim
9,lain,sisi
2,lain,sistem
1,lain,situs
1,lain,soal
1,lain,sofis
1,lain,sosialis
1,lain,strategi
1,lain,studi
1,lain,sumbangsih
1,lain,tanaman
1,lain,tangan
1,lain,tangani
1,lain,tawanan
1,lain,teknologi
1,lain,tema
1,lain,teman
3,lain,tempat
1,lain,tengah-tengah
1,lain,tim
1,lain,umat
2,lain,versi
1,lainnya,akademisi
1,lainnya,akustik
2,lainnya,anggota
1,lainnya,anjing
1,lainnya,aplikasi
1,lainnya,badan
2,lainnya,bahasa
1,lainnya,band
1,lainnya,bandara
1,lainnya,bantu
1,lainnya,bus
1,lainnya,candi
1,lainnya,desa
1,lainnya,detail
1,lainnya,disinfektan
1,lainnya,dugaan
1,lainnya,filata
1,lainnya,fotografi
1,lainnya,gambar
1,lainnya,gejala
1,lainnya,gelar
1,lainnya,gempa
1,lainnya,gereja
1,lainnya,gua
1,lainnya,hal
1,lainnya,hukum
1,lainnya,inang
1,lainnya,inci
1,lainnya,kabupaten
1,lainnya,kandidat
1,lainnya,kapal
1,lainnya,kepala
1,lainnya,komponen
1,lainnya,komputer
1,lainnya,kontestan
1,lainnya,kuantitas
1,lainnya,label
1,lainnya,lagu
1,lainnya,lembaga
1,lainnya,media
1,lainnya,musik
1,lainnya,nagari
2,lainnya,nama
2,lainnya,negara
1,lainnya,nominasi
3,lainnya,orang
2,lainnya,organisasi
1,lainnya,patriarkat
2,lainnya,pemain
1,lainnya,pemukiman
1,lainnya,penari
1,lainnya,peralatan
1,lainnya,perangkat
1,lainnya,perbatasan
1,lainnya,percetakan
1,lainnya,periodik
1,lainnya,pesantren
1,lainnya,pesawat
1,lainnya,pigmen
1,lainnya,profesi
1,lainnya,proses
1,lainnya,rekayasa
1,lainnya,risalat
1,lainnya,sarana
1,lainnya,segi
1,lainnya,sejenis
1,lainnya,sektor
1,lainnya,sosialisasi
3,lainnya,suku
1,lainnya,tahunnya
1,lainnya,tempat
1,lainnya,transformasi
1,lainnya,transisi
1,lainnya,ucapan
1,lainnya,unggulan
1,lainnya,unit
1,lainnya,usia
1,lainnya,versi
1,lainnya,video
1,lainnya,wilayah
1,lajang,wanita
1,laki-laki,anak
1,lalim,kaisarnya
1,lalu,cuaca
1,lalu,edisi
1,lalu,istri
4,lalu,masa
1,lalu,penghargaan
4,lalu,tahun
1,lalu,tanggal
1,lama,aktor
1,lama,audisi
1,lama,bagian
1,lama,bangunan
1,lama,hal
1,lama,ide
1,lama,ikatan
1,lama,kawasan
1,lama,kemudian
2,lama,koloni
1,lama,partisipasi
1,lama,penduduk
1,lama,penyimpanan
1,lama,perempuan
1,lama,sebuah
1,lama,sistem
1,lama,stasiun
1,lama,sumber
2,lama,waktu
1,lamanya,data
1,lamanya,kekasih
1,lamanya,klub
1,lamanya,nama
1,lamanya,tahun
1,lamanya,waktu
1,lambat,perubahan
4,lampau,masa
1,lampau,peradaban
1,langka,kondisi
1,langsung,akibat
1,langsung,daerah
1,langsung,kendali
1,langsung,komoditas
1,langsung,penggunaan
1,langsung,pengingat
1,langsung,perintah
1,langsung,webstream
1,lanjut,diskusi
1,lanjut,pengolahan
1,lanjut,reputasi
1,lanjut,subsidi
1,lapar,keledainya
1,lapis,kayu
1,lapuk,batuan
1,laris,album
1,laris,buku
1,laris,lagu
1,latar,karakter
1,latar,penyanyi
1,latar,vokalis
1,layak,iroh
1,layak,posisi
1,layak,wawancara
1,lebar,biaya
1,lebar,jalan
1,lebar,kursi
3,lebar,layar
1,lebar,mulut
1,lebar,munculnya
1,lebar,nama
1,lebar,perjalanannya
1,lebar,pita
1,lebar,posisi
1,lebar,rasul
1,lebar,ukuran
1,lebar,wajah
1,lebar,zip
1,lebih,perdebatan
1,lebih,santri
1,legal,emulation
1,legal,gaya
1,legal,imigran
1,legal,norma
1,legal,premis
1,legislatif,efek
1,legislatif,kerangka
1,legislatif,videonya
1,leh,ae
1,leitmotif,penggunaan
1,lelaki,pelajar
1,lelaki,penghukum
1,lelaki,tahun
1,leluhur,kekuatan
1,lemah,pembunuhan
1,lemah,sutradara
1,lengkap,cerita
1,lengkap,fitur
1,lengkap,jas
1,lengkap,judul
1,lengkap,kebahagiaan
1,lengkap,manual
2,lengkap,nama
1,lengkap,staf
1,lestari,penerbangan
1,liar,alam
1,liar,elang
1,liar,hewan
1,liar,sisa
1,liar,spesuies
1,liat,tanah
1,liberal,democrat
1,liberal,drama
1,liberal,tahun
1,libur,hari
1,licik,cara
1,linear,energi
1,linguis,orientalis
1,linguistik,perbedaan
1,lisan,media
1,lisan,perintah
1,lisan,petugas
1,lisan,sejarah
1,lisan,tradisi
1,llayl,qiyaamu
1,locally,worms
1,logis,konsekuensi
1,lokal,arab
1,lokal,cacing
1,lokal,hal
1,lokal,hukum
1,lokal,iklim
2,lokal,jaringan
1,lokal,kata
1,lokal,kearifan
1,lokal,kebudayaan
1,lokal,kerajaan
1,lokal,kereta
1,lokal,komunis
1,lokal,kultur
1,lokal,musik
1,lokal,pemerintah
1,lokal,pemilu
1,lokal,startup
1,lokal,televisi
1,lokal,tingkat
1,lokal,varian
2,lokal,waktu
1,lokal,wisata
1,longgar,batasan
1,longgar,istilah
1,low,noise
1,luar,jaringan
1,luar,keprihatinan
1,luar,ketahanan
1,luar,lektor
1,luar,parabola
1,luar,presisi
1,luar,sandiwara
1,luas,arti
1,luas,daerah
1,luas,domesik
1,luas,jalan
1,luas,kajian
1,luas,keberhasilan
1,luas,kecepatan
1,luas,organisasi
1,luas,pemikiran
1,luas,permukaan
1,luas,tempat
1,luas,wilayah
1,luhur,cita
1,lumpuh,jalur
1,lumpuh,lempeng
1,lumpuh,torsi
1,lunak,musik
10,lunak,perangkat
4,lunak,piranti
1,lunak,semangat
1,lunak,target
1,lunak,waktu
1,magisterium,otoritas
1,magnetis,gaya
1,mahal,mebel
1,mahal,rancangan
1,mahal,serangan
1,maju,negara
1,maju,orang
1,makassar,kota
1,makassar,transisi
1,makro,lensa
1,makro,pendekatan
1,maksimal,denda
1,maksimal,ekor
1,maksimal,jumlah
1,maksimal,sana
1,maksimal,saraf
1,maksimal,tubuh
1,maksimumnya,kapasitas
1,malang,hal
1,malonat,asam
1,malonat,perguruan
1,mandiri,antimerokok
1,mandiri,kontraktor
1,mandiri,ms
1,mandiri,produk
1,manis,gelatin
1,manis,hits
1,manis,kayu
1,manis,perempuan
1,mantan,istri
2,mantan,menteri
1,mantan,pemred
1,mantap,kekuatan
1,manual,saat
1,manusiawi,kemampuan-kemampuan
1,mapan,pemain
1,martil,rakyat
1,martil,tulang
1,masak,buahnya
1,masak,produk
2,masam,mukanya
1,massal,angkutan
1,massal,pembunuhan
1,massal,produksi
1,massal,sendiri
1,massif,armorican
1,matang,sawo
1,matang,umpan
1,matematik,astronomi
1,matematis,analisis
1,material,basis
1,material,kata
1,material,manajemen
1,material,sesuatu
1,materiil,bentuk
1,mati,binatang
1,mati,hukuman
1,mati,ketiganya
1,mati,listrik
1,mati,obyek
2,mati,orang
1,mati,pari
1,mayoritas,penduduk
1,medis,dinding
1,medis,instrumentasi
1,medis,laporan
1,medis,orang
1,medis,petugas
1,medis,produk
1,medis,world
1,melanggar,disiplin
1,melankolis,balada
1,memadai,infra
1,memanjang,jazirah
1,membosankan,dunia
1,menakjubkan,ciri
1,menakjubkan,karir
1,menakjubkan,kekuatan
1,menakjubkan,kisah
1,menarik,informasi
1,menarik,konsep
1,menarik,pola
1,menarik,tempat
1,mencolok,denganwarna
1,mencolok,kontrasepsi
1,mendadak,kematian
1,mendadak,pemecahan
1,mendadak,tuntutan
1,mendalam,api
1,mendalam,luka
1,mendalam,pasar
1,mendatang,album
2,mendatang,bulan
2,mendatang,masa
1,mendatang,tur
1,mendidih,air
1,menengah,chief
1,menengah,kelas
1,menengah,sekolah
1,mengejarnya,lu
1,mentah,bahan
1,mentah,pemimpin
1,mentah,susu
1,menyebar,tumbuh
1,merah,alga
1,merah,bata
1,merah,benang
1,merah,bendera
1,merah,beras
1,merah,berwarna
1,merah,bumi
2,merah,darah
1,merah,dosamu
1,merah,kartu
1,merah,kertas
1,merah,langit
2,merah,mahkota
1,merah,sel
1,merah,sinar
1,merah,tali
1,merdeka,negara
2,metal,band
1,mewah,barang
1,mewah,barat
2,mewah,mobil
1,middle,pendukungnya
1,middle,saturday
1,mikro,aktuator
1,mikro,jasad
1,mikro,pemancar
1,mikro,pompa
1,mikro,ukuran
1,mikro,warna
1,militan,sosialis
1,militer,daerah
1,militer,distrik
2,militer,dunia
1,militer,foto
1,militer,karir
1,militer,kekuatan
1,militer,keperluan
1,militer,migrasi
1,militer,operasi
1,militer,ordo
1,militer,organisasi
1,militer,pasukan
1,militer,penjara
1,militer,personel
1,militer,perwira
1,militer,polisi
1,militer,tindakan
2,militer,tokoh
1,minder,indikasinya
1,minder,tahun
1,minimal,pembedahan
1,minimal,pengetahuan
1,minus,sumber
1,miokard,dinding
1,miokardial,infak
1,mirip,bangunan
1,mirip,bendera
1,mirip,dinamika
1,mirip,gadis
1,mirip,gaya
1,mirip,letaknya
1,mirip,oleum
1,mirip,penataan
1,misionaris,kehidupan
1,misionaris,teknologi
1,miskin,daerah
1,misterius,sosok
1,mistis,tradisi
1,mitologis,sajak
2,modal,pasar
1,modern,bahasa
1,modern,barat
1,modern,budaya
1,modern,enkripsi
2,modern,era
1,modern,estetika
1,modern,gambar
1,modern,gedung
1,modern,karier
1,modern,kawasan
1,modern,kekuasaan
1,modern,masa
1,modern,novel
1,modern,nuansa
1,modern,pendidikan
1,modern,senapan
1,modern,serangga
1,modern,teknologi
1,modern,zaman
1,modernis,arsitektur
1,molekul,bentuk
1,muda,aktor
1,muda,aktris
1,muda,anak
1,muda,balok
1,muda,bank
1,muda,bebek
1,muda,bintang
1,muda,daun
1,muda,gadis
1,muda,generasi
1,muda,janda
1,muda,jiwa
1,muda,kecamatan
1,muda,keraton
1,muda,komune
1,muda,komunis
1,muda,lokomotif
1,muda,melakukan
1,muda,nangka
1,muda,orang
1,muda,pasar
1,muda,pegunungan
1,muda,peneliti
1,muda,pengusaha
1,muda,pesaingnya
1,muda,pria
1,muda,pusat
1,muda,sarjana
1,muda,sekularisasi
3,muda,usia
2,muda,wanita
1,mudah,bau
1,mudah,desa
1,mudah,jenis
1,mudah,perwira
1,mudah,serikat
1,mudah,turi
1,mudah,wilayah
1,mudahkah,tingkat
3,mudanya,masa
1,mulia,maksudmu
1,mulia,puncak
1,multi,elit
1,multinasional,rokok
1,mungkar,perbuatan
1,mungkin,nilai
1,mungkin,penjelasan
1,murah,cara
1,murah,harga
1,murah,universitas
1,murahan,kualitas
1,murni,partisipasi
1,murtad,biksu
2,musikal,drama
1,musuh,tembakan
1,mutlak,jawab
1,mutlak,keyakinan
1,mutlak,monarki
1,naik,statusnya
1,naik,tangga
1,naik,tempat
1,nasional,agenda
1,nasional,bandar
1,nasional,data
1,nasional,final
1,nasional,harta
1,nasional,keamanan
2,nasional,kejuaraan
1,nasional,lalu
1,nasional,lembaran
1,nasional,majelis
1,nasional,makanan
1,nasional,maskapai
1,nasional,operator
1,nasional,penerbangan
1,nasional,pusat
1,nasional,putra
2,nasional,rata
1,nasional,reaksi
1,nasional,rencana
1,nasional,seleksi
2,nasional,sepakbola
1,nasional,skala
1,nasional,sosialis
1,nasional,surat
2,nasional,tahun
2,nasional,taman
1,nasional,tamana
8,nasional,tim
1,nasional,tingkat
1,nasional,tujuan
1,nasional,warisan
1,national,gedung
1,national,keberhasilan
1,national,park
1,national,savings
1,native,worms
1,negatif,bermuatan
1,negatif,emosi
1,negatif,hak
1,negatif,hasil
1,negatif,konotasi
1,negatif,korelasi
1,negatif,masuknya
1,negatif,pengertian
1,negatif,resistansi
1,negatif,sifat
1,negatif,sudut
2,netral,negara
1,netral,swedia
1,neurotis,kebutuhan
1,new,cabang
1,new,earth
1,new,perjanjian
1,nila,kaki
1,nirkabel,jalur
1,nirkabel,jaringan
1,nirkabel,kartu
1,nirkabel,modem
1,non,minoritas
1,non,pemerintah
1,non,penggunaan
1,non,pesawat
1,nonreligius,populasi
1,nonrinci,benda
1,nonrinci,molekuk
1,nonsulfur,bakteri
1,normal,hasil
1,normal,kesalehan
1,normal,lokasi
1,nuklir,senjata
1,numismatis,orientalis
1,nyata,hasil
1,nyata,posisi
1,nyata,sumbangsih
1,nyenyak,tidur
1,objektif,pertimbangan
1,ontologis,reduksionisme
2,operasional,biaya
1,operasional,jumlah
1,operasional,kapasitas
1,operasional,musik
1,operasional,pennmpilan
1,operasional,presiden
1,operasional,rentak
1,oportunistik,infeksi
1,optik,instrumen
1,optimal,munculnya
1,optimal,suhu
1,organik,benda
1,organik,limbah
1,organik,molekuk
1,organik,sampah
1,orientalis,dunia
1,otomatis,hukuman
1,otomatis,kereta
1,otomatis,pengajar
1,otoriter,belakang
1,padat,sifat
1,pahit,masa
1,paleontologi,kelemahan
1,palsu,membencinya
1,palsu,pasien
1,pamungkas,balapan
1,panas,air
1,panas,bahaya
1,panas,cuaca
9,panas,musim
1,panas,pemancaran
1,panas,sepadan
1,panas,vulkanik
1,panjang,alfa
1,panjang,berkaki
1,panjang,bulat
1,panjang,dimensi
1,panjang,gelombang
1,panjang,indikasinya
2,panjang,jangka
1,panjang,kacang
1,panjang,kapal
1,panjang,karier
2,panjang,landasan
1,panjang,lengan
1,panjang,ngarai
1,panjang,nilai
1,panjang,peran
1,panjang,persegi
1,panjang,tahun
1,panjang,tanda
1,panjang,tongkat
1,panjang,tradisi
1,panjang,trilogi
2,panjang,umur
1,pantas,ahli
1,pantas,hukuman
1,parah,kemiskinan
1,parsial,sifatnya
1,paruh,waktu
1,pasar,pasar
1,pasca,center
1,pasca,hippi
1,pasif,sirkuit
1,passing,disertasinya
1,passing,kota
1,passing,vehicles
1,pasti,benda
1,pasti,hak
1,pasti,interval
1,pasti,jejak
1,pasti,kontrak
1,pasti,tahun
1,pasti,tanggal
1,patah,semangat
2,pecah,barang
1,pecah,batuan
1,pecah,kaca
1,pecah,kayunya
1,pecah,opium
1,pecah,perang
1,pecah,suku
1,pedih,pengucapan
1,pedih,perekonomian
1,pembersih,produk
1,pemburu,jenis
1,pendek,bulan
1,pendek,celana
1,pendek,cerita
1,pendek,cuplikan
1,pendek,e
1,pendek,ekor
1,pendek,jangka
1,pendek,jarak
1,pendek,keduanya
1,pendek,lengan
1,pendek,masa
1,pendek,sin
1,penting,alat
1,penting,arah
1,penting,aspek
1,penting,ayam
3,penting,bagian
1,penting,barang
1,penting,bentuk
1,penting,berpengaruh
1,penting,busana
1,penting,cendekia
1,penting,dusun
1,penting,elemen
1,penting,istilah
1,penting,kedudukannya
1,penting,keraton
1,penting,kuning
1,penting,lokasi
1,penting,masalah
1,penting,mineral
1,penting,modal
1,penting,obligasi
1,penting,pelaku
4,penting,peran
3,penting,peranan
1,penting,perbedaan
1,penting,perhentian
1,penting,persekutuan
1,penting,pertanyaan
1,penting,pihak
1,penting,punggung
1,penting,pusaka
1,penting,sesama
1,penting,sisi
1,penting,tahun
1,penting,teleskop
1,penting,tempat
1,penting,terletak
1,penting,tokoh
2,penting,unsur
1,pentingnya,kota
1,penuh,anggota
1,penuh,caci
1,penuh,harap
1,penuh,iain
1,penuh,kekuasaan
1,penuh,kekuatan
1,penuh,kemerdekaan
1,penuh,ketenangan
2,penuh,komuni
1,penuh,lemak
1,penuh,mobilitas
1,penuh,otonomi
1,penuh,protokol
1,penuh,sekolah
1,penuh,serangan
1,penuh,waktu
1,penuhnya,loyalitas
1,penunjang,fasilitas
1,perdana,acara
1,perdana,edisi
1,perdana,gereja
3,perdana,menteri
1,perdana,peluncuran
1,perdana,pemutaran
1,perdana,penawaran
1,perdana,penerbangan
2,perdana,singel
1,perdananya,pelayaran
1,perdananya,peluncuran
1,perekat,bahan
1,perempuan,anak
1,perempuan,kakak
1,perempuan,kepala
1,perempuan,ketidaksengajaan
1,perempuan,murid
1,perempuan,pelajar
1,perintis,kapal
1,perintis,pahlawan
1,perintis,pesawat
1,periodik,persidangan
1,perlahan,perubahan
1,pernis,barang
1,pernis,posisi
1,perorangan,uchiha
1,pers,kondisi
1,pers,penerbitan
1,persegi,matriks
1,persis,dekat
1,persis,karya
1,persis,kemampuan
1,persis,perusahaan
1,persis,tahun
1,persis,waktu
1,personal,lagu
1,pertama,abad
2,pertama,album
1,pertama,anak
1,pertama,audiophile
1,pertama,baja
1,pertama,bangsa
1,pertama,batu
1,pertama,bentuk
1,pertama,berhala
1,pertama,daerah
1,pertama,desa
1,pertama,detik
1,pertama,edisi
1,pertama,ekspedisi
1,pertama,estate
1,pertama,film
1,pertama,gelar
2,pertama,generasi
1,pertama,gol
1,pertama,hal
2,pertama,hari
1,pertama,ilmuwan
1,pertama,ionosfer
1,pertama,jabatannya
1,pertama,jam
8,pertama,kali
1,pertama,kasus
1,pertama,kata
1,pertama,keinginan
1,pertama,keluarga
1,pertama,kemenangan
1,pertama,kondisi
1,pertama,lensa
1,pertama,masjid
1,pertama,metode
1,pertama,minggu
1,pertama,model
1,pertama,musim
1,pertama,neneknya
1,pertama,obat
1,pertama,orang
1,pertama,pandangan
1,pertama,pasien
1,pertama,pembantaian
1,pertama,pemimpin
1,pertama,penerbangan
1,pertama,pengamatan
4,pertama,perang
1,pertama,perbatasan
1,pertama,perguruan
1,pertama,permainan
3,pertama,pertandingan
1,pertama,pertempuran
1,pertama,perusahaan
1,pertama,popularitas
2,pertama,presiden
1,pertama,promosi
1,pertama,putri
3,pertama,raja
1,pertama,rusa
1,pertama,serial
1,pertama,single
1,pertama,tahap
1,pertama,tahun
1,pertama,teks
1,pertama,unit
2,pertama,urutan
1,pertama,usaha
1,pertama,versi
1,pertama,wanita
1,pertamanya,gelar
1,pertamanya,istri
1,pertamanya,musim
1,pertamanya,pembangunan
1,pertamanya,pertemuan
1,pertamanya,tugas
1,pesat,kemajuan
1,peyoratif,penggunaan
1,pilihan,warna
1,pinggir,resor
1,pintar,lokasi
1,pintar,partai
1,pintar,permukaan
1,piruvat,asam
1,politik,masalah
1,politik,perubahan
1,politis,dimensi
1,politis,jabatan
1,politis,nama
1,politis,tuntutan
1,polos,corak
1,pop,ciptaan-nya
1,pop,kereta
1,pop,novel
1,popular,nama
1,populer,ayahnya
1,populer,dangdut
1,populer,dugaan
1,populer,keju
1,populer,legenda
1,populer,pengetahuan
1,populer,polisi
1,populer,situs
1,positif,bermuatan
1,positif,ditrektur
1,positif,hal
1,positif,kecamatan
1,positif,sifat
1,positif,tinjauan
1,positif,ulasan
1,positivis,sosial
1,postmodern,langit
1,potensial,komoditi
1,pra,bayar
1,pra,bertanya
1,pra,sekolah
1,praktis,almanak
1,praktis,bank
1,praktis,barang
1,praktis,ekonomi
1,prasejarah,zaman
1,prediktif,matematika
1,prediktif,variabel
1,pria,tahun
1,pribadi,bersila
1,pribadi,hubungan
1,pribadi,kasih
1,pribadi,kendaraan
1,pribadi,kepemilikan
1,pribadi,konflik
1,pribadi,kristus
1,pribadi,satelit
1,pribadi,tapa
1,pribumi,suku
1,primer,sektor
1,produktif,usia
1,profesional,manajer
1,profesional,pemain
1,profesional,teater
1,profesional,tim
1,profesional,tindakan
1,professional,musik
1,professional,pemain
2,professional,tim
1,projektif,geometri
1,projektif,transformasi
1,provinsional,pemerintahan
1,psikologi,angka
1,psikologi,kondisi
1,psikotropika,efek
1,psikotropika,sorai
1,puas,penonton
1,pucat,wanita
1,pusat,asli
1,pusat,bek
1,pusat,pemerintah
1,putih,bahasa
1,putih,bawang
1,putih,benda
1,putih,buku
1,putih,bulan
1,putih,celana
1,putih,darah
1,putih,garis
1,putih,gitaris
1,putih,himpunan
1,putih,huruf
1,putih,kegunaan
1,putih,keramik
2,putih,kulit
1,putih,nonkulit
1,putih,pantai
1,putih,sampul
1,putih,tahun
1,putih,telur
1,putihnya,sepatu
1,putihnya,turnamen
1,putri,santri
1,rabinik,sastra
1,rabu,hari
1,radial,arah
1,radikal,berita
1,radikal,revolusioner
1,radikal,tindakan
1,radioaktif,peluruhan
1,ragu,malam
1,ragu,orang
1,rahasia,hukum
2,rahasia,informasi
1,rahasia,proyek
1,raksasa,batu
1,rakus,hama
1,ramah,posisi
1,ramai,subuh
1,ramai,web
1,rambat,ketela
1,rangkap,garis
1,rangkap,ikatan
1,rangkap,kovalen
1,rap,lagu
1,rapuh,sifatnya
1,rasial,diskriminasi
1,rasial,toleransi
1,rasional,pemikiran
1,rasional,trigonometri
1,rasionalis,kaum
1,rata,angka
1,rata,gulden
1,rata,keberuntungan
1,rata,kekuatan
1,rata,pendapatan
1,rata,perkiraan
1,rata,samurai
1,rata,studi
1,rata,suhu
1,rata,tinggi
1,rata,zona
1,raya,bagian
1,raya,pancaran
1,raya,pekan
1,regional,bulan
1,regional,kantor
1,regional,minimum
1,regional,rute
1,regional,tingkat
1,regional,tren
1,reguler,acara
1,reguler,pemeran
1,relasional,database
1,relasional,komputer
1,relasional,model
1,relatif,kecepatan
1,religius,ordo
1,remaja,gadis
1,remake,film
1,rendah,air
1,rendah,anak
1,rendah,bahasa
1,rendah,bernikotin
1,rendah,bertarif
1,rendah,dataran
1,rendah,diri
1,rendah,gadis
1,rendah,hukum
1,rendah,investor
1,rendah,kapal
1,rendah,kategori
1,rendah,kecepatan
1,rendah,kepadatannya
1,rendah,kualitas
1,rendah,level
1,rendah,maskapai
1,rendah,matahari
1,rendah,pembukaan
1,rendah,pemerintahan
1,rendah,perkiraan
2,rendah,tingkat
1,renewable,energies
1,rentan,napoleon
1,representatif,gedung
1,resmi,agenda
1,resmi,anggota
2,resmi,bahasa
1,resmi,biografi
1,resmi,edisi
1,resmi,ekonomi
1,resmi,hari
1,resmi,kalinya
1,resmi,kediaman
1,resmi,keputusan
1,resmi,musik
1,resmi,pengganti
1,resmi,penghargaan
2,resmi,pengumuman
1,resmi,posisi
1,resmi,sampul
1,resmi,setingan
1,resmi,situs
1,resmi,upacara
1,resminya,nama
1,respons,impuls
1,restriktif,wilayah
2,retrofleks,konsonan
1,retrospektif,film
1,retrovirus,laten
1,reveral,dokter
1,revisionis,kaum
1,revolusioner,sutradara
1,ringan,balada
1,ringan,beton
1,ringan,film
1,ringan,infeksi
1,ringan,presiden
1,ringan,street
1,ringan,tampilan
1,ritual,upacara
1,romantis,komedi
1,romantis,lagu
1,royal,keberhasilan
1,royal,park
1,rusaknya,pohon
1,sadar,keadaan
1,sah,cara
1,sah,keturunannya
1,sah,suara
1,sains,bidang
1,sakit,hatilah
1,sakit,jaringan
3,sakit,rumah
1,sakit,tendangan
1,salah,aliran
1,salah,platform
1,saleh,teladan
1,salibis,negara
1,sama,akar
1,sama,asal
1,sama,cara
1,sama,denominasi
1,sama,desain
1,sama,hal
1,sama,halnya
1,sama,hari
1,sama,istilah
3,sama,judul
1,sama,kecepatan
2,sama,kerja
2,sama,komponen
1,sama,lintang
1,sama,mengerti
1,sama,mertua
1,sama,pemerintahannya
1,sama,peringatan
1,sama,perintah
1,sama,pertemuan
1,sama,perusahaan
1,sama,posisi
1,sama,suara
1,sama,suasana
7,sama,tahun
1,sama,tema
2,sama,tempat
1,sama,tiang
1,sama,tugas
2,sama,waktu
1,sama,wanita
1,samar,cahaya
1,santun,kalimat
1,saraf,jalur
2,saraf,serat
1,sarat,air
1,sarkastis,kitab
1,sarkastis,komentar
1,sarkoplasmik,re
1,satu,tabiat
1,satu,tahun
1,searah,arus
1,searah,hujan
1,sebagian,anaknya
2,sebanyak,jiwa
1,sebanyak,kasus
1,sebanyak,kelapa
1,sebanyak,penganut
1,sebanyak,semangka
1,sebelumnya,album
1,sebelumnya,babak
1,sebelumnya,balada
1,sebelumnya,balapan
1,sebelumnya,ditahun
1,sebelumnya,game
1,sebelumnya,hari
1,sebelumnya,hemisphaerica
1,sebelumnya,keputusan
1,sebelumnya,masa
1,sebelumnya,material
1,sebelumnya,menteri
1,sebelumnya,pangeran
1,sebelumnya,penulis
1,sebelumnya,pertemuan
1,sebelumnya,proses
1,sebelumnya,sirkuit
1,sebelumnya,stasiun
1,sebelumnya,tahun
1,sebelumnya,tim
1,sebenar,perkataan
1,sebenarnya,kapasitas
1,sebenarnya,sifar
1,sebenarnya,waktu
1,sebenarnya,wibowo
1,sectorial,under-secretary
1,sedang,iklim
1,sedang,negara
1,sedang,penerapan
2,sederhana,bentuk
1,sederhana,cara
1,sederhana,integral
1,sederhana,potensi
1,sederhana,satuan
1,sederhana,serial
1,sedih,kasih
1,sedih,laut
1,sedikit,beban
1,sedikit,informasi
1,sedikit,km
1,sedikit,pusat
1,sedikit,sastra
1,sedikit,wilayah
1,segar,bersumpah
1,segar,fisik
1,segar,keju
1,segar,kontrol
1,segitiga,berlaku
1,segitiga,cinta
1,segitiga,penyerang
1,sehari,kehidupan
1,sehat,fisik
1,seimbang,agora
1,sejahtera,masyarakat
1,sejajar,awalan
1,sejajar,nama
1,sejuk,daerah
1,sekaligus,bahagia
1,sekelas,pesawat
1,sekitar,diri
2,sekitar,masyarakat
1,sekitar,tengah
1,sekitarnya,area
1,sekitarnya,kolonial
1,seksual,duta
1,seksual,hubungan
1,sekular,ideologi-ideologi
1,sekuler,otoritas
1,sekunder,hutan
3,selam,kapal
1,selamat,klan
1,selamat,negara
1,selanjutnya,area
1,selanjutnya,hubungan
5,selanjutnya,kisah
1,selanjutnya,kolonial
1,selanjutnya,pengecualian
1,selanjutnya,perkembangan
1,selanjutnya,riset
1,selanjutnya,tahap
1,selatan,arah
1,selebar,lubang
1,selebar,masjid
1,selebar,negara
1,seluas,daerah
1,seluas,taman
1,selular,kesenian
1,selular,layanan
1,seluler,kualitas
1,seluler,layanan
1,sementara,dewan
1,sementara,dprd
1,sementara,judul
1,sementara,pemberlakuan
1,sementara,pemerintah
1,sementara,penjara
1,sementara,perhentian
1,sementara,pusat
1,sementara,waktu
2,semifinal,babak
1,semifinal,cinta
1,semifinal,himne
1,semisal,pengkal
1,sempit,ruangan
1,sempurna,metamorfosis
2,senama,kutub
1,senang,gurunya
1,sendiri,album
2,sendiri,anak
1,sendiri,atas
2,sendiri,ayahnya
1,sendiri,bab
2,sendiri,diri
1,sendiri,dirinya
1,sendiri,film
1,sendiri,golf
2,sendiri,hasil
1,sendiri,hatinya
1,sendiri,hemiptera
1,sendiri,ibu
1,sendiri,jenderalnya
1,sendiri,kelompoknya
1,sendiri,kematiannya
2,sendiri,keputusan
1,sendiri,kuburan
1,sendiri,manusia
1,sendiri,pelajar
2,sendiri,pengguna
1,sendiri,penghasilan
1,sendiri,penulisnya
1,sendiri,perangnya
1,sendiri,perasaannya
1,sendiri,perenungan
1,sendiri,perwakilan
1,sendiri,pola
1,sendiri,samantha
1,sendiri,sarangnya
1,sendiri,saudara
1,sendiri,seorang
1,sendiri,situasi
1,sendiri,tahun
1,sendiri,terbangnya
1,sendiri,translasi
1,sendiri,tubuh
1,sendiri,usaha
1,senggang,waktu
1,sengit,daerah
1,sengit,hal
1,sengit,pergulatan
1,sengit,perlawanan
1,senior,pembalap
1,senior,timnas
1,sepenuhnya,punggung
1,seperjuangan,rekan
1,sepihak,lembaga
1,sepihak,pertemanan
1,sepihak,yakub
1,seragam,lagu-lagu
1,serbaguna,ruang
1,serbaguna,stadion
1,serius,bahaya
1,serius,dampak
1,serius,masalah
1,serius,masyarakat
1,serius,pemerintahan
1,serius,penyakit
1,serius,persoalan
1,serius,spesies
1,serius,tahun
1,serumit,contoh
1,serumit,etnis
1,serupa,hal
1,serupa,kegunaan
1,serupa,kernel
1,serupa,pendukung
1,serupa,sistem
1,serupa,standar
1,serupa,tongkol
1,sesat,antaranya
1,sesat,doktrin
1,sesat,ilmu
1,sesuai,definisi
1,sesuai,frekuensi
1,sesuai,hukuman
1,sesuai,informasi
1,sesuai,keinginannya
1,sesuai,kelompok
1,sesuai,ketentuan
1,sesuai,kitab
1,sesuai,kod
1,sesuai,konstitusi
1,sesuai,pengajar
1,sesuai,pergerakan
1,sesuai,urutan
1,sesuai,usia
1,sesungguhnya,kenyataan
1,sesungguhnya,polimerase
1,setara,jenjang
1,setara,materi
1,setempat,bahasa
1,setempat,dewan
1,setempat,kepolisian
2,setempat,masyarakat
1,setempat,partner
1,setempat,waktu
1,setempat,warga
1,setengah,didakwa
1,setengah,orang
1,setengah,puteri
1,setia,kepadanya
1,setia,pemain
1,setia,sumpah
1,setim,rekan
1,setimnya,kawan
1,setimnya,rekan
1,setinggi,dinding
1,seutuhnya,manusia
1,sewajarnya,batas
1,shaky,berikut
1,shaky,ground
1,siang,waktu
1,sibuk,jam
1,sibuk,model
1,signifikan,budaya
2,signifikan,dampak
1,signifikan,elemen
1,signifikan,perkembangan
1,signifikan,perubahan
1,signifikan,tim
1,sihirnya,kemampuan
2,silam,masa
2,silang,referensi
1,silang,tanda
1,simbolis,kultur
1,simple,bahaya
1,simple,tarif
1,sinematik,susunan
1,singkat,cerita
1,singkat,kunjungan
1,singkat,tugas
1,singkat,waktu
1,sinkron,kecepatan
1,sinoptik,klimatologi
1,sipil,bandar
2,sipil,bandara
1,sipil,berhenti
2,sipil,hak
1,sipil,jabatan
1,sipil,klub
1,sipil,kutukan
1,sipil,luka
1,sipil,pejabat
1,sipil,pemerintahan
1,sipil,penerbangan
3,sipil,perang
1,sipil,rakyat
1,sipil,supremasi
1,slow,musik
1,slow,rock
1,small,vessel
1,solid,border
1,solo,gitar
1,solo,penyanyi
1,sopan,sepupu
1,sosial,drama
1,sosial,hierarki
2,sosial,media
1,sosial,perumaham
1,sosialis,kebijakan
1,special,kickstand
1,spektakuler,babak
1,spesial,edisi
1,spesial,pengajaran
1,spesialis,pemakan
1,spesifik,aturan
1,spesifik,fasilitas
1,spesifik,perbedaan
1,spesifik,pernyataan
1,spiral,galaksi
1,spontan,melakukan
1,spontan,pergerakan
1,stabil,angin
1,stabil,golf
1,stabil,keadaan
1,stabil,kondisi
1,stagnan,fase
1,standar,dvd
1,standar,kondisi
1,standar,pantat
1,standar,peringkat
1,standar,referensi
1,standar,ujian
1,standar,waktu
1,standard,fitur
1,statis,keseimbangan
1,statis,lini
1,statistik,metode
2,strategis,daerah
1,strategis,pelabuhan
1,strategis,pengobatan
1,strategis,sisi
1,sub,kumpulan
1,sub,pasal
1,sub,saluran
1,sub,sektor
1,subur,daratan
1,suburban,barat
1,suci,bulan
1,suci,hari
1,suci,kaisar
1,suci,kemah
1,suci,kitab
1,suci,metro
1,suci,situs
1,sukses,bank
1,sukses,jalan
1,sukses,kompetisi
1,sukses,niat
1,sukses,padjadjaran
1,sukses,pembalap
1,sukses,rakyat
1,sukses,rangkaian
1,sukses,restoran
1,sukses,tahun
1,sulit,dilema
1,sulit,kehidupan
1,sulit,pendaratan
1,sulit,penulisan
1,sulit,reaksi
1,sulit,tempat
1,sungguh,buku
1,super,kapal
1,super,pahlawan
1,susah,perawatan
2,susulan,gempa
1,swasta,asam
1,swasta,klub
1,swasta,pasien
2,swasta,perguruan
2,swasta,perusahaan
1,swasta,radio
1,swasta,sekolah
2,swasta,televisi
1,swasta,tv
1,systematic,metode
1,tahunan,acara
1,tahunan,digunakan
1,tahunan,kejuaraan
1,tahunan,orang
1,tahunan,pemerintahan
1,tahunan,perdu
1,tajam,penciumannya
1,tajam,penurunan
1,talking,dead
1,talking,tanda
1,tambahan,aplikasi
1,tambahan,bahan
1,tambahan,beban
1,tambahan,bulan
1,tambahan,fitur
1,tambahan,halaman
1,tambahan,lagu
1,tambahan,nama
1,tambahan,penghasilan
1,tambahan,profesor
1,tambahan,satuan
1,tambahan,tingkat
1,tambahan,tren
1,tampan,abad
1,tampan,diri
1,tampan,orang
1,tampan,tahun
1,tandang,gol
1,tandang,kemenangan
1,tandus,tempat
3,tawar,air
1,tebal,banjir
1,tebal,lapisan
1,tega,periode
1,tegak,batu
1,tegas,sikapnya
1,teguh,tekad
1,teknis,bantuan
1,teknis,kegiatan
1,teknis,pengikutnya
1,telanjang,blog
1,telanjang,kakinya
1,telanjang,mata
1,telanjang,tangan
1,telanjur,menghasilkan
1,teliti,sungai
1,tembaga,kelopak
3,tempuh,waktu
1,tenang,suasana
1,tengah,bek
1,tengah,jawa
1,tengah,malam
1,tengah,vokal
1,tenggara,bagian
1,tenggelam,korban
1,teologis,dunia
1,teoretis,astronom
1,teoretis,bagian
1,tepat,bahasa
1,tepat,pengetahuan
1,tepat,perbedaan
1,tepat,senjata
1,tepat,terowongan
1,tepat,waktu
1,terakhir,area
1,terakhir,dekade
1,terakhir,filsafat
1,terakhir,istilah
1,terakhir,jenjang
1,terakhir,kali
1,terakhir,karyanya
1,terakhir,kesempatan
1,terakhir,level
1,terakhir,menit
1,terakhir,naga
1,terakhir,nt
1,terakhir,pakar
1,terakhir,penerbangan
1,terakhir,peri
1,terakhir,perjalanan
1,terakhir,pertempuran
1,terakhir,pukulan
1,terakhir,saat
1,terakhir,sultan
1,terakhir,tahap
6,terakhir,tahun
1,terakhirnya,aliran
1,terakhirnya,penampilan
1,terakhirnya,raja
1,terakhirnya,single
1,terakhirnya,titik
1,terampil,lokasi
1,terampil,pekerjaan
1,terampil,seseorang
1,terampil,tenaga
1,teratas,klub
1,teratas,unggulan
1,terawalnya,karya
1,terawalnya,kemampuan
1,terawalnya,perusahaan
1,terbaik,cerpen
1,terbaik,kantin
1,terbaik,kejahatan
1,terbaik,kesaksian
1,terbaik,komik
1,terbaik,mewah
1,terbaik,pemain
1,terbaik,periode
1,terbaik,ruang
1,terbaik,salak
1,terbaik,sekolah
1,terbaik,singel
1,terbaik,skenario
1,terbaik,talenta
1,terbaik,tempat
1,terbaik,tennis
2,terbaik,tim
1,terbaik,universitas
1,terbaik,wasit
1,terbaiknya,kontingen
1,terbalik,kota
1,terbalik,osmosis
1,terbalik,urutan
1,terbanyak,gol
1,terbanyak,hujan
1,terbanyak,kota
2,terbanyak,suara
1,terbaru,buahnya
1,terbaru,contoh
1,terbaru,data
1,terbaru,info
1,terbatas,edisi
1,terbesar,airline
1,terbesar,alter
3,terbesar,bandara
1,terbesar,bekas
1,terbesar,buah
1,terbesar,bunga
1,terbesar,candi
1,terbesar,dampak
1,terbesar,dunia
2,terbesar,festival
1,terbesar,jumlah
2,terbesar,kapal
1,terbesar,kapitalisasi
1,terbesar,kelelawar
1,terbesar,keputusan
1,terbesar,kompleks
1,terbesar,kontribusi
7,terbesar,kota
1,terbesar,lagu
1,terbesar,luas
1,terbesar,masjid
1,terbesar,maskapai
1,terbesar,operator
1,terbesar,pahlawan
1,terbesar,pasar
1,terbesar,pelukis
1,terbesar,pembohong
1,terbesar,penawaran
1,terbesar,pencurian
1,terbesar,pendudukan
1,terbesar,peninggalan
1,terbesar,pertanyaan
1,terbesar,rumah
1,terbesar,sebagian
1,terbesar,semen
1,terbesar,seni
2,terbesar,stadion
1,terbesar,tahun
1,terbesarnya,pelanggan
1,terbesarnya,teori
1,terbuka,alam
1,terbuka,atas
1,terbuka,birokrasi
1,terbuka,daerah
1,terbuka,data
1,terbuka,daur
1,terbuka,fokus
1,terbuka,kitab
1,terbuka,kolonisasi
1,terbuka,langit
1,terbuka,lapangan
1,terbuka,rapat
1,terbuka,tata
1,terbuka,utara
1,terburuk,bentuk
1,terburuk,kecelakaan
1,terburuk,titik
1,tercepat,waktu
1,tercinta,istrinya
1,tercinta,tanah
1,terdahulu,album
1,terdahulu,musik
1,terdahulu,nabi
1,terdahulu,pemain
1,terdahulu,sarjana
1,terdahulu,ulama
1,terdekat,buku
1,terdekat,kota
1,terdekat,tetangga
1,terdekat,titik
1,terdekatnya,shahabat
1,terendah,daerah
1,terendah,produksinya
1,terendah,titik
1,teritorial,batalyon
1,teritorial,cahaya
1,teritorial,daerah
1,teritorial,geneologi
1,teritorial,laki
1,teritorial,marga
1,teritorial,wilayah
1,terjaga,kualitas
1,terkaitnya,aspek
1,terkaya,orang
1,terkecil,blitzmegaplex
1,terkemuka,penari
1,terkemuka,pesawat
1,terkemuka,pusat
1,terkenal,contoh
1,terkenal,film
1,terkenal,hal
1,terkenal,hasil
1,terkenal,industri
1,terkenal,kereta
1,terkenal,komet
1,terkenal,komodor
1,terkenal,mahkota
1,terkenal,musik
2,terkenal,orang
1,terkenal,pencipta
1,terkenal,pltg
1,terkenal,pusat
1,terkenal,sutradara
1,terkuat,hewan
1,terkuat,tokoh
1,terlaris,album
1,terlaris,musisi
1,terlindung,tempat
1,terluas,wilayah
1,termiskin,warga
1,termuda,pemain
1,ternama,diplomat
1,ternama,merek
1,terpental,sejarah
1,terpenting,api
1,terpenting,entomolog
1,terpenting,kota
1,terpenting,manusia
1,terpenting,pelabuhan
1,terpenting,pemberi
1,terpenting,raja
1,terpenting,ritual
1,terpenting,sepak
1,terpercaya,sumber
1,terpisah,bahasa
1,terpisah,kejuaraan
1,terpisah,kota
1,terpisah,misteri
1,terpisah,tubuh
1,tersedia,bagian
1,tersedia,hara
1,tersedia,memiliki
1,tersendiri,entitas
1,tersendiri,gaya
2,tersendiri,kelas
1,tertentu,batas
1,tertentu,harga
1,tertentu,hari
1,tertentu,hewan
1,tertentu,kadar
1,tertentu,milik
1,tertentu,tahun
1,tertinggi,angka
1,tertinggi,antusias
1,tertinggi,batas
1,tertinggi,batu
1,tertinggi,bunga
1,tertinggi,daerah
1,tertinggi,dewa
1,tertinggi,gedung
1,tertinggi,gunung
1,tertinggi,hari
1,tertinggi,jual
1,tertinggi,jumlah
1,tertinggi,kasta
1,tertinggi,panglima
1,tertinggi,pasang
1,tertinggi,pemain
1,tertinggi,pencakar
1,tertinggi,pentas
1,tertinggi,perbedaan
1,tertinggi,rakyat
1,tertinggi,sekali
1,tertinggi,sendirinja
2,tertinggi,tingkat
1,tertinggi,upaya
1,tertua,anak
1,tertua,bentuk
1,tertua,madrasah
2,tertua,putra
1,tertua,rujukan
1,tertulis,catatan
1,tertutup,kawasan
1,tertutup,orang
1,tetap,acara
1,tetap,anggota
1,tetap,konstitusi
1,tetap,sumber
1,tetap,tarif
1,tewas,orang
1,tewas,suara
1,tiba,serangan
1,timbal,cahaya
1,tinggalnya,anggota
1,tinggalnya,tempat
1,tinggi,asam
2,tinggi,bagian
1,tinggi,balok
1,tinggi,bertekanan
1,tinggi,bukit-bukit
1,tinggi,dataran
1,tinggi,demam
1,tinggi,ekonomi
1,tinggi,gedung
1,tinggi,gelar
1,tinggi,harga
1,tinggi,hasil
1,tinggi,hubungan
1,tinggi,hukum
1,tinggi,intensitas
1,tinggi,kadar
1,tinggi,kandungan
1,tinggi,keanekaragaman
3,tinggi,kecepatan
1,tinggi,kedudukan
1,tinggi,kekuasaan
2,tinggi,ketinggian
1,tinggi,keturunan
1,tinggi,komitmen
1,tinggi,kultur
1,tinggi,laju
1,tinggi,lembaga
1,tinggi,majelis
1,tinggi,manuskrip
1,tinggi,menjunjung
1,tinggi,pagar
1,tinggi,pasien
1,tinggi,penangkapan
2,tinggi,pendidikan
1,tinggi,pengonsumsi
9,tinggi,perguruan
1,tinggi,potensi
1,tinggi,relasi
1,tinggi,rohaniwan
1,tinggi,rokok
1,tinggi,saat
1,tinggi,skil
2,tinggi,suhu
1,tinggi,teknik
1,tinggi,tempat
3,tinggi,tingkat
1,tinggi,tingkatan
1,tinggi,wanita
1,tipikal,neutrino
1,tipis,atapnya
1,tipis,bilah
1,tipis,dokumen
1,tipis,jalur
1,tipis,pinggiran
1,tipis,sampul
1,tiran,bulan
1,tiri,adik
1,tiruan,semut
1,tomboy,penampilannya
1,top,aktor
1,top,bintang
1,top,box
1,top,penggunaan
1,top,penyanyi
1,top,set
1,total,operasi
1,tradisional,acara
1,tradisional,agama
1,tradisional,akhir
1,tradisional,akhirnya
1,tradisional,anggota
1,tradisional,aturan
1,tradisional,belati
1,tradisional,cara
1,tradisional,gaya
1,tradisional,kesenian
1,tradisional,kombinasi
1,tradisional,ludruk
1,tradisional,makanan
2,tradisional,musik
2,tradisional,nama
2,tradisional,obat
2,tradisional,pasar
1,tradisional,permainan
1,tradisional,piktogram
1,tradisional,restoran
1,tradisional,seni
1,tradisional,tarian
1,tradisional,televisi
1,tradisional,tempat
1,trombogenik,stroke
1,tropik,hutan
1,tropis,daerah
1,tropis,hujan
2,tropis,iklim
1,tropis,negara
1,tropis,panen
1,tropis,warna
1,tua,bapak
1,tua,coklat
1,tua,ilmu
1,tua,kekaisaran
2,tua,lelaki
1,tua,masjid
9,tua,orang
1,tua,partai
1,tua,pelacur
1,tua,perkotaan
1,tua,pos
1,tua,presiden
1,tua,proses
1,tua,stasiun
1,tua,suku
2,tua,usia
1,tua,usianya
2,tua,wanita
1,tulus,kutukan
1,tulus,menggunakan
1,tulus,niat
1,tulus,persahabatan
1,tulus,perwira
1,tulus,warga
1,tumis,masakan
1,tunggal,anak
1,tunggal,daun
1,tunggal,jalur
1,tunggal,kekuasaan
1,tunggal,konser
1,tunggal,kursi
1,tunggal,mata
1,tunggal,orang
1,tunggal,prosesor
1,tunggal,sayap
1,tunggal,senarai
1,tunggal,tarian
1,tunggalnya,penampilan
1,tutup,badan
1,tutup,jam
1,ulang,baptisan
1,ulung,penipu
1,umum,alasan
1,umum,angkutan
1,umum,bentuk
1,umum,biara
1,umum,bulan
1,umum,dwihuruf
1,umum,flopi
1,umum,fungi
1,umum,galaksi
1,umum,januari
1,umum,jenis
1,umum,karakter
1,umum,keramaian
1,umum,ketua
1,umum,klausul
1,umum,majelis
1,umum,masalah
2,umum,masyarakat
2,umum,nama
1,umum,pacu
1,umum,pantai
1,umum,pemakaman
1,umum,pemandian
2,umum,pemilihan
1,umum,penampakan
1,umum,penawaran
1,umum,pendidikan
1,umum,perbatasan
1,umum,perjanjian
1,umum,praktek
1,umum,proses
1,umum,sarana
1,umum,senjata
1,umum,skema
1,umum,tema
1,umum,tempat
1,umum,terletak
1,umum,utara
1,umumnya,anjing
1,uncommon,causes
1,unggulan,program
1,ungu,bakteri
1,ungu,warna
2,unik,bentuk
1,unik,entitas
1,unik,kawasan
1,unik,kemampuan
1,unik,lakon
1,unik,makna
1,unik,nilai
1,unik,pengolahan
1,unik,tuas
1,universal,kebijakan
1,universal,perasaan
1,universal,tumor
1,updated,jadwal
1,uronat,asam
1,utama,agama
1,utama,arsitek
1,utama,atraksi
1,utama,babak
1,utama,badan
1,utama,bagian
1,utama,bangunan
1,utama,bawah
2,utama,berita
1,utama,daratan
3,utama,divisi
1,utama,efek
1,utama,faktor
1,utama,fermentasi
1,utama,film
2,utama,fungsi
1,utama,gempa
1,utama,gereja
2,utama,hal
1,utama,halaman
1,utama,hasil
1,utama,karakter
3,utama,kelas
1,utama,ketepatan
2,utama,komponen
1,utama,kostum
1,utama,lagaan
1,utama,lagu
1,utama,layar
1,utama,liga
1,utama,lox
1,utama,masalah
1,utama,metode
1,utama,misi
1,utama,moda
1,utama,nama
1,utama,narasumber
1,utama,nutrisi
1,utama,partisipasi
1,utama,pelabuhan
2,utama,pemain
1,utama,pemakai
1,utama,pemeran
1,utama,pendidikan
1,utama,penggerak
1,utama,penilaian
1,utama,perekonomian
1,utama,perjalanan
1,utama,pertanian
2,utama,pesaing
1,utama,pigmen
1,utama,pilot
1,utama,politikus
1,utama,posisi
1,utama,pulau
1,utama,radar
1,utama,rekan
1,utama,sudut
1,utama,sumber
1,utama,sungai
1,utama,tani
1,utama,target
1,utama,tentara
1,utama,tim
2,utama,tokoh
1,utama,transisi
1,utama,transportasi
1,utama,tugas
1,utama,tujuan
1,utama,turbin
1,utama,udara
1,utama,vokalis
1,utamanya,cerita
1,utamanya,daerah
2,utamanya,film
1,utamanya,hewan
1,utamanya,kesultanan
3,utamanya,klub
1,utamanya,kota
1,utamanya,mengandung
1,utamanya,pemain
1,utamanya,pengobatan
1,utamanya,pintu
1,utamanya,posisi
1,utamanya,tempat
2,utamanya,tokoh
1,utuh,batu
1,utuh,berpotensi
1,utuh,melodi
1,utuh,reformasi
1,valvular,permukaan
1,verbal,perangkat
1,visual,audio
1,vital,alat
1,vulkanik,misa
1,vulkanik,pulau
1,wajar,harga
1,wajar,keluarga
1,wangi,minuman
1,waspada,model
1,wikinomics,hakim
1,wikinomics,hal
1,wikinomics,keberadaan
1,wild,west
1,wireless,teknologi
1,zirah,baju
