count,awf,nwf
1,acadúil,ghné
1,acfainneach,bean
1,acfainneach,chlúdaigh
1,achrannach,chomhairle
1,aerobach,seoladh
1,aerobach,stán
1,aimrid,ghné
1,ainnis,cuma
1,ainnis,séasúr
1,aird,cnoic
1,aisteach,bhealach
1,aisteacha,fuaimeanna
1,aisteacha,teacht
1,aisteacha,ticéid
1,aistrithe,dtús
1,aistrithe,tograí
1,aithnidiúil,laoch
1,allmhairithe,háiseanna
1,am-tábhachtach,gné
1,amhain,clár
1,amháin,altóirí
1,amháin,anam
1,amháin,aontú
1,amháin,ballstát
1,amháin,bealach
1,amháin,bhealach
1,amháin,bliain
1,amháin,béarla
1,amháin,cailín
2,amháin,ceann
1,amháin,chumadóireacht
1,amháin,chumadóireachta
1,amháin,chur
1,amháin,chóras
1,amháin,comhairle
1,amháin,cárta
1,amháin,díol
1,amháin,fear
1,amháin,fhear
1,amháin,foclóir
1,amháin,fostaí
1,amháin,gharraí
1,amháin,gnáthgheochairí
1,amháin,hiarracht
1,amháin,ionad
1,amháin,linn
2,amháin,lá
2,amháin,maidin
1,amháin,modh
1,amháin,oifigeach
1,amháin,oireachtas
1,amháin,oíche
1,amháin,pobalbhreith
1,amháin,port
1,amháin,páistí
1,amháin,rian
1,amháin,rud
1,amháin,scéil
1,amháin,seisiún
1,amháin,seomra
1,amháin,sheisiún
1,amháin,soicind
1,amháin,speiceas
1,amháin,staid
1,amháin,stampa
1,amháin,séideadh
1,amháin,súil
1,amháin,teanga
2,amháin,thaobh
1,amháin,tine
1,amháin,tráthchuid
1,amháin,tráthnóna
1,amháin,tír
2,amháin,uair
1,amháin,éileamh
1,amáin,taobh
1,an-ard,chaighdeán
1,an-bheag,cuid
1,an-chonspóideacha,ceisteanna
1,an-dána,dráma
1,an-lárnach,ról
1,an-mhór,athrú
1,an-mhór,coilíneachtaí
1,an-tábhachtach,síol
1,anaithnid,fear
1,anaithnid,gcigire
1,aniar,ghaoth
1,annamh,rud
1,aoibhinn,tráthnóna
1,aoibhne,bráithreachas
1,aoibhne,chluiche
1,aontachtach,fheisire
1,aosta,duine
1,arabach,ainm
1,ard,caighdeán
1,ard,chaighdeán
1,ard,chomhlacht
1,ard,fás
2,ard,phortach
1,ard,sciúch
1,ard,teocht
1,ard,voltas
1,arda,rátaí
1,athraíoch,saol
1,baileach,chos
1,baileach,tuarascáil
1,baineann,cairpéal
1,baoth,duine
1,beag,achar
1,beag,af
1,beag,baile
1,beag,bhaile
1,beag,buachaill
1,beag,charr
1,beag,crann
1,beag,cumann
1,beag,cás
1,beag,gearradh
1,beag,irisleabhar
1,beag,mbaile
1,beag,mbuíochas
1,beag,móramh
1,beag,oileán
1,beag,oráiste
1,beag,pacáistín
1,beag,planda
1,beag,riasc
1,beag,teagasc
1,beag,ábhar
1,beaga,agóid
1,beaga,bheith
1,beaga,bhláthanna
1,beaga,bith
2,beaga,cealla
1,beaga,dtalamh
1,beaga,feirmeacha
1,beaga,fuaimeanna
1,beaga,gcraobh
1,beaga,ghadaíochtaí
1,beaga,hainmhithe
1,beaga,mbailte
1,beaga,mbraislí
1,beaga,patairí
1,beaga,páirtithe
1,beaga,tithe
1,beaga,toirmeasc
1,beannaithe,thobar
1,beannaithe,toibreacha
1,beo,fhear
1,beo,féidir
1,beo,gaineamh
1,beo,rud
1,beo,stair
1,bheag,amharclann
1,bheag,bhun
1,bheag,giairseach
1,bheag,litir
1,bheag,mbeadaíocht
1,bheag,paráideanna
1,bheag,páirc
1,bheag,roinn
1,bheag,rud
1,bheag,snasa
1,bheag,áirde
1,bheannaithe,abhlainn
1,bheartaithe,fanachta
1,bheilgeacha,príosúnaigh
1,bheo,dúil
1,bhig,hiúdaí
1,bhig,tamaillín
1,bhlasta,feoil
1,bhradacha,chapaill
1,bhradacha,tamall
1,bhreá,aimsir
1,bhreá,cúis
1,bhreá,ginmhilleadh
1,bhreá,gloine
1,bhreá,póg
1,bhreá,taifeadtaí
1,bhriotáineach,chlár
1,bhriotáineach,paitinn
2,bhriotáineach,phaitinn
1,bhréagach,faisnéis
1,bhréagach,gairleoige
1,bhréagach,nua-aimsearthacht
1,bhréana,ghailléisc
1,bhríomhar,chomhrá
1,bhuaircíneacha,chrainn
1,bhunúsach,gceist
1,bhuí,iarracht
1,bhuí,lacha
1,bhán,fhocal
1,bhán,gcoirt
1,bhán,nglúineach
1,bhán,phutóg
1,blasta,dlúthdhiosca
1,blasta,leithéidí
1,blasta,mhór-cheannródaithe
1,bliantúil,dhaonra
1,bliantúil,scoil
1,bocht,beo
1,bocht,duine
1,bocht,dóiteoir
1,bocht,fear
1,bochta,créatúirí
1,bog,fhéar
1,bog,glór
1,boichte,ceantair
1,breactha,focal
1,breoite,daoine
1,breá,amhrán
1,breá,binse
1,breá,comhráiteach
1,breá,fhear
1,breá,freagra
1,breá,thógaint
1,breátha,bplandaí
1,briste,bráithreachas
1,briste,charraigeacha
1,briste,chluiche
1,briste,croí
1,broghach,braon
2,bréan,boladh
1,bréatha,daoine
1,bríomhar,am
1,bríomhar,insint
1,bríomhar,siamsa
1,bríomhara,dhamhsaí
1,buan,fostaí
1,buan,post
1,buí,bhrat
1,buí,bhó
1,buí,shólás
1,buí,t-arbhar
1,buíoch,lá
1,bÁn,buachaill
1,bán,chapall
1,bán,pheaitín
1,bána,mbónaí
1,bídeacha,feirmeacha
1,cadránta,caomhnóir
1,caighdeánacha,siombailí
1,cairdiúil,duine
1,caite,chúis
1,caite,sliogáin
1,caithiseach,tráthnóna
1,caitliceach,cliarlathas
1,cam,ardfhear
1,cam,ngalra
1,caol,aidiachtaí
1,caola,chuanta
1,carthanach,cumann
1,carthanach,mbuíochas
1,casta,troid
1,cathartha,arm
1,ceannaithe,meangadh
1,ceannann,rud
1,ceannasach,dearcadh
1,ceanndána,corrdhuine
1,ceanndána,dtíortha
1,cearnach,mhéadar
1,ceart,córas
1,ceart,eagrán
1,ceart,fimíneach
1,ceart,freagra
1,ceart,neamart
1,ceart,t-údar
1,ceart,tórramh
1,cearta,háiteanna
1,ceilteach,tíogar
1,ceobháistí,tráthnóna
1,ceoldrámaíochta,tionscnaimh
1,ceolmhar,aidiachtaí
1,ceomhar,rud
1,chaipitiúil,caiteachais
2,chairdiúil,bhó
1,chairdiúil,fhéidir
1,chairdiúil,shólás
1,chaite,aimsir
1,chaol,líne
1,chaol,spáidín
1,cheannéadrom,bhábóg
1,chearnaigh,phoill
1,chearnaigh,tréadaí
1,cheart,colainn
1,chearta,asail
1,chiallmhar,straitéis
1,chliniciúil,obair
1,chlúiteach,daoine
1,chlúiteach,iris
1,choitianta,dlí
1,choitianta,dreamanna
1,chomhionann,formáid
1,chomhpháirteach,ngníomhaíocht
1,chonallacha,theachta
1,chosanta,dhéanmhais
1,chreathnaitheach,cupla
1,chruinn,cuimhne
1,chruinn,staic
1,chruthaitheach,scríbhneoir
1,chruthaithí,gcainteoir
1,chruthaithí,tuairim
1,chráifeach,bean
1,chráite,scréach
1,chríostúil,bean
1,chultúrtha,náisiúnachais
1,chumhachtach,uirlis
1,chuí,aonaid
1,chuí,brú
1,chuí,miniú
1,chuí,páirt
1,cháilitheach,tréimhse
1,cháilitheacha,sleánna
1,cháilitheacha,thuaithe
1,cháilithigh,áitribh
1,chéanna,alt
1,chéanna,am
1,chéanna,athnuachan
1,chéanna,bharúil
1,chéanna,bhrí
1,chéanna,chathair
1,chéanna,chos
1,chéanna,fhadhb
1,chéanna,fhear
1,chéanna,gcuma
1,chéanna,ghnéasúlacht
1,chéanna,oidhe
2,chéanna,oíche
1,chéanna,prionsabail
1,chéanna,reilig
3,chéanna,smóilín
1,chéanna,smólach
1,chéanna,tabhairt
1,chéanna,tsamhlaíocht
1,chéanna,tuarascáil
1,chóir,dhuine
1,chóir,patrún
1,chóngaraí,gcomhleacaithe
1,chúng,sochaí
1,ciallmhar,aidiachtaí
1,cinniúnach,cónaithe
1,cinniúnach,cúl
1,cinniúnach,nimhe
1,ciúin,fear
1,ciúin,tor
1,ciúine,tadhg
1,cliniciúil,breithiúnas
1,cláraithe,cúrsa
1,cláraithe,n-úinéirí
1,clé,láimhe
1,cnocach,talamh
1,codlata,gothaí
1,coimeádach,dearcadh
1,coinbhinsiúnach,úrscéal
1,coirceogach,sliogán
1,coitianta,cúil
1,coitianta,dhearadh
1,coitianta,fonn
1,coitianta,gcleacht
1,comhaimseartha,téamaí
1,comhfhiosach,machnamh
1,comhionanna,dtráthchodanna
1,conarthach,stát
1,conspóideach,iar-stiúrthóir
1,corr,éan
1,corraiceach,lia
1,costasach,míbhuntáistí
1,cosúil,art
1,cothrom,talamh
1,cothrománach,bplána
1,crochta,mhadraí
1,crom,daltaí
1,croíúil,freagra
1,crua,focail
1,crua,obair
1,crua,phian
1,crua,rópaí
1,crua,thabhairt
1,cruinn,tithe
1,cruinne,ghuaillí
1,críonna,beart
1,críonna,caoineachán
1,crúcacha,múinteoir
1,crúcacha,shíolta
1,cuimsitheach,bailiúchán
1,cuimsitheach,dhoiciméad
1,cuimsitheach,tuairisc
1,cultúrtha,himeachtaí
1,cumannach,pháirtí
1,cumarsáideach,cur
1,cumasach,duine
1,curtha,méar
1,cuí,scéimeanna
1,cáidheach,duine
1,cáidheach,lámha
1,cáilithe,thromlach
1,cáiliúla,deartháir
1,céadach,dúshlán
1,céadna,sracadh
1,céadtach,ocras
7,céanna,am
1,céanna,bhfeiniméan
1,céanna,bith
1,céanna,bliana
1,céanna,bríonna
1,céanna,bóthair
1,céanna,c.b.É.
1,céanna,ceart
1,céanna,ceiliúradh
2,céanna,chineál
1,céanna,cumarsáide
1,céanna,fhocail
1,céanna,focal
1,céanna,frása
1,céanna,gcaighdeán
1,céanna,gearradh
1,céanna,haois
1,céanna,hargóintí
1,céanna,himreoirí
1,céanna,leabhar
1,céanna,lá
1,céanna,maidin
1,céanna,méid
6,céanna,rud
1,céanna,rí
1,céanna,seoladh
1,céanna,spota
1,céanna,súile
1,céanna,t-uaigneas
1,céanna,taighdeoirí
1,céanna,tábhairne
1,céanna,éinne
1,céire,shorcóirí
1,cóngaraí,teach
1,dainséarach,an-easpa
1,dainséarach,cúlbhrát
1,dainséarach,dearcadh
1,daite,gloine
1,daonlathach,páirtí
1,daonna,cearta
1,daonna,champion
1,daonna,cine
1,daonna,comhfhios
1,daonnach,tsaol
1,daor,aidiachtaí
1,dathúil,fhear
1,dathúil,gcailín
1,dathúla,cúigear
1,dealbha,daoine
1,dearbhdhúinte,súile
1,dearfa,rud
1,dearfaigh,himreoirí
1,dearg,beirt
1,dearg,biro
1,dearg,béal
1,dearg,feamainn
1,dearg,fuath
1,dearg,ghráin
1,dearg,háite
1,dearg,mairléad
1,dearg,mheaits
1,dearg,rud
1,dearg,seangán
1,dearg,solas
1,dearga,tithe
1,deartha,muileata
1,deartha,saothar
1,deas,cailín
1,deas,leaid
1,deas,lá
1,deasa,ceapairí
1,deasa,gúta
1,deimhnithe,dáta
1,deireanach,bhfocal
1,deireanach,bróisiúr
1,deireanach,rud
1,deireanach,scéal
1,deireanach,trian
1,deireanaí,chnuasach
1,deireanaí,forbairtí
1,deireanaí,scéala
1,deisbhéalach,t-aisfhreagra
1,deisbhéalacha,cúigear
1,deise,iar-bhunscoil
1,deismear,éadan
1,deonacha,comhlachtaí
1,deonacha,ghrúpaí
1,deonaí,chuid
1,dhaonna,caidrimh
2,dhaonna,chine
1,dhaonna,dtaithí
1,dhaonna,tíreolaíocht
1,dhaonna,uisce
1,dhaora,capaill
1,dhearbh,colainn
1,dhearfach,fhianaise
1,dhearg,leaba
1,dheas,ógbhean
1,dheireanach,bhabta
1,dheonacha,heagrais
1,dhian,dtreascairt
1,dhif-riúla,caighdeáin
1,dhioplómaitiúil,teagmhálaí
1,dhiúltach,guí
1,dhlisteanach,imchaint
1,dhofulangtha,bpian
1,dhoicheallach,bean
1,dhomhanda,chogadh
1,dhonn,tseansíleáil
1,dhubh,mhuc
1,dhéanta,bean
1,dhíreach,baint
1,dhíreach,oide
1,diaga,n-amhrán
1,diamhair,rud
1,dian,cluiche
1,difriúil,daoine
1,difriúla,chóras
1,difriúla,fhoinsí
1,difriúla,scéalta
1,difriúla,tuairiscí
1,digiteach,bhosca
1,digiteach,córas
1,dlíthairgthe,nóta
1,do-lúbtha,rialacha
1,dochta,rialacha
1,dodhéanta,rud
1,doiléir,miongháire
1,domhain,t-éigeas
1,domhanda,cogadh
1,domhanda,theanga
1,domhínithe,mearbhall
1,donn,gclúdach
1,dorcha,bpána
1,dorcha,cealla
1,dorcha,dath
1,dorcha,seomra
1,dorcha,taobh
1,dosheachanta,ballraíocht
1,dosheachanta,thragóidí
1,dothuigthe,rud
1,driogtha,próiseas
1,dubh,duibheagán
1,dubh,giall
1,dubh,meall
1,dubh,plúr
1,dubha,meaitseannaí
1,dubha,shúile
1,dána,shúile
1,dátheangach,chainteoir
1,dátheangach,dráma
1,dátheangacha,chomharthaí
1,déanacha,daichidí
1,déanaí,gclár
1,déanaí,nuacht
1,déanaí,seachtain
1,déanaí,soicindí
1,déine,leith
1,déine,patróil
1,déirceach,fear
1,dílis,ainm
1,dílse,searbhóntaí
1,díograiseach,mac
1,díoscánacha,fuaimeanna
1,díreach,ceangal
1,díreach,comhar
1,díreach,gcaighdeán
1,díreach,sholas
1,dóichí,líne
1,dúnta,béal
1,eachtrach,ardán
1,eachtrach,gcomhbheartas
1,eachtrach,theanga
1,eachtracha,oibríochtaí
1,eachtracha,rudaí
2,eachtraigh,airgid
1,eachtraigh,chomhbheartas
1,eachtrannacha,thurasóirí
1,eachtrúil,corrdhuine
1,eachtrúil,dtíortha
1,eacnamaíoch,staid
1,eagraithe,choiste
1,ealaíonta,ardchaighdeán
1,easláine,fáthmheas
1,eatramhach,tuarascáil
1,eicínt,bheith
1,eicínt,rud
1,eicínt,áit
1,eiseallach,féarach
1,eisiach,úsáid
1,eitneach,cogadh
1,eochrach,bhfliúit
1,eolaíoch,comhoibriú
1,eorpacha,n-ardchathracha
1,eorpaigh,scoileanna
1,fada,achar
1,fada,am
3,fada,blianta
1,fada,bríste
1,fada,chuanta
1,fada,ciúnas
1,fada,dhán
1,fada,feachtas
1,fada,fios
1,fada,gob
1,fada,lá
1,fada,maithiúnas
1,fada,muinchillí
1,fada,scoilteanna
1,fada,sprechaille
1,fada,sánas
1,fada,tamall
1,fada,tost
1,fada,troid
1,fada,úsáid
1,fadbhreathnaitheacha,bheart
1,faide,bhaile
1,faide,dhul
1,faide,gcuid
1,faide,taire
1,fairsing,rogha
1,fairsinge,foraoiseacha
1,fanna,shoilse
1,fearr,aireachtáil
1,fearr,aithne
1,fearr,ceann
1,fearr,chnuasach
2,fearr,fear
1,fearr,físeáin
1,fearr,láthair
1,fearr,mhuintir
1,fearr,oifig
1,fearr,réiteach
1,fearr,seirbhís
1,fearr,shlí
1,fearr,teicneolaíocht
1,fearr,úsáid
1,feoite,bhláth
1,fhada,fuaim
1,fhada,líne
1,fhada,moill
1,fhada,spáidín
1,fhada,tamaill
1,fhadálach,gliogaireacht
1,fhairsing,taithí
1,fhairsinge,réigiúin
1,fhionnuar,maidin
1,fhiáin,mhil
1,fhiúntach,gclúid
1,fhiúntach,ghnó
1,fhoghlamtha,lán
1,fholamh,cathaoir
1,fholmha,chúis
1,fholmha,sliogáin
1,fhorleathan,úsáid
1,fhuar,bean
1,fhusa,rud
1,fhásta,duine
1,fhéinmhuiníneach,úsáid
1,fhíornaofa,umhlaíocht
1,fial,dhuine
1,fial,fear
1,fial,leasainm
1,fial,muiníne
1,fial,síol
2,fiara,línte
1,fileamhanta,fear
1,fileamhanta,síol
1,fileata,traidisiún
1,filiúnta,t-éigeas
1,fionnuar,dia
1,fionnuar,dorchadas
1,fireann,staimín
1,fisiciúil,dearadh
1,fiúntach,rud
1,flaithiúil,chogaidh
1,flaithiúil,monabhar
1,flaithiúil,phóca
1,flaithiúlach,dhuine
1,flaithiúlach,leasainm
1,flaithiúlach,muiníne
1,focalspárálach,fínéad
1,foilsithe,leagan
1,foirmiúil,cead
1,folamh,poll
1,forbartha,tíortha
1,forlíontach,ndeontas
1,fothach,diabhal
1,frithpháirteach,cúnamh
1,fritruaillithe,dhlithe
1,fuar,aidiachtaí
1,fuar,balla
1,fuar,lá
1,fuilteach,lorg
1,fáilí,fianna
1,fáinneach,chúil
1,fánach,saol
1,fánacha,leidí
1,fánánach,buille
1,fásta,dhaoine
2,fásta,ndaoine
1,fíneálta,ceapadh
1,fíneálta,obair
1,fíochmhar,cogadh
1,fíor-riachtanach,coinníoll
1,fíor,fhágáil
1,fíorshuimiúil,stair
1,fóill,bhádóirín
1,fóill,talamh
1,fónta,dochtúir
1,fónta,mná
1,gaedhealach,chumann
1,gaelach,bricfeasta
1,gaelach,deannach
1,gaelach,dheireadh
1,gaelach,dteaghlach
1,gaelach,dúchas
1,gaire,neantóga
1,gaire,teach
1,gairid,achar
1,gairid,tamall
1,gairide,cúrsaí
1,gcéanna,am
1,geal,bóthar
1,geal,chine
1,geal,dath
1,geal,lá
1,geal,solas
1,gealgháireach,ghráú
1,gearmánach,easpag
1,gearmánach,réalteolaí
1,gearr,sliocht
1,gearr,tamall
1,gearra,droimníní
1,gearrtha,cloigeann
1,gearrthréimhseach,ardú
1,geimhriúil,fuacht
1,general,jail-deliverer
1,ghaelach,chóras
1,ghaelach,scéalta
1,ghairid,comhairle
1,ghairid,sheachtain
1,ghairid,tréimhse
1,ghasta,cuairt
1,ghasta,oidhe
1,ghearra,teidil
1,gheilleagrach,fhorbairt
1,ghil,ghrá
1,ghil,tsnátha
1,ghile,gath
1,ghinideach,tuiseal
1,ghinéaralta,tuairim
1,ghlan,spéir
1,ghlas,foiche
1,ghlas,líne
1,ghlasa,gais
1,ghnaíúil,lámh
1,ghníomhach,pháirt
1,ghorm,spéir
1,ghrinn,súil
1,ghránna,cailleach
1,ghránna,ghaimh
1,ghéar,casaoid
1,ghéar,litir
1,ginearálta,fadhbanna
1,ginearálta,stiúrthóir
1,giorra,bás
1,giorra,canadh
1,glas,ceann
2,glas,fhéar
1,glas,féar
1,glas,saol
1,glasa,bhláthanna
1,glasa,plandaí
1,glasbhuí,bláthanna
1,glúnach,bríste
1,gníomhach,comhpháirtí
1,gníomhach,conraitheoir
1,gonta,lucht
1,gorm,airgead
1,gorm,gearrbhalc
1,gortach,cead
1,grinne,staidéar
1,gruama,tráthnóna
1,gránna,cleas
1,gránna,díoscán
1,géagach,chur
1,géagach,ualach
1,géar,amharc
1,géar,imeall
1,géar,sliabhraon
1,géara,blianta
1,géara,deilgne
1,géara,fíneálacha
1,géara,úsáid
1,gúngach,crunca
1,hidrileictreach,scéim
1,hinniúil,brath
1,hinniúil,gcónaí
1,háirithe,bhaile
1,háirithe,iomarca
1,háirithe,stair
1,háirithe,tada
1,iar-chomhairleach,tréimhse
1,iaraiglifeach,aibítir
1,iarnua-aimseartha,straitéisí
1,iata,doras
1,iata,mí
1,idir-réaltach,scála
1,idirmheánach,craobh
1,idirnáisiúnta,binse
1,idirnáisiúnta,gearradh
1,idirnáisiúnta,gné
2,idirnáisiúnta,heagraíochtaí
1,idirnáisiúnta,mbinsí
1,idirnáisiúnta,mórstaidéir
1,idirnáisiúnta,sclábhaíocht
1,idirnáisiúnta,tsíocháin
1,ilbhéascnach,phobal
1,ilchraobhach,crann
1,ilchraobhach,cás
1,ildaite,fear
1,ildaite,miotal
1,ilghnéitheach,fearas
1,ilghnéitheach,post
1,ilnáisiúnacha,comhlachtaí
1,iltaobhacha,tuairimí
1,imdhíonach,córas
1,imeartha,caighdeáin
1,impiriúil,ghníomhaire
1,in-athnuaite,acmhainní
1,ind-eorpacha,teangacha
1,indibhidiúla,spóirt
1,iniompartha,téitheoir
1,inite,scannán
1,inmheánach,gearán
1,inmheánacha,teorainneacha
1,inmheánaigh,chloig
1,inmhuirearaithe,tréimhse
1,inrátaithe,luacháil
1,inrátaithe,luachálacha
1,intleachtúil,bua
1,intuigthe,cearta
1,iníoctha,réamhchánach
1,iodálach,file
1,iodálach,láimhe
1,iomaí,seift
1,iomchuí,bhearta
1,iomchuí,diúscartha
1,iomláin,tí
1,iomláine,bhealach
1,iomlán,cacamas
1,iomlán,caiteachas
1,iomlán,chás
1,iomlán,chúrsa
1,iomlán,dhaonra
1,iomlán,iontógáil
1,iomlán,leigheas
2,iomlán,liosta
1,iomlán,láimhscríbhinn
1,iomlán,sruth
1,iomlán,taighde
1,iomlán,tuairisc
1,iomlán,tuiscint
1,iomlán,áireamhacht
1,iontach,dul
1,iontach,iarracht
1,iontach,léargas
1,iontach,muinín
1,iontach,seirbhís
1,iontach,taispeántas
1,iontacha,eachtraí
1,labhartha,teanga
1,labhartha,theanga
1,laethúil,gnáthbhéile
1,laethúil,sceideal
1,laethúil,tsaoil
1,laethúil,tseirbhís
1,lansacha,duillí
1,lansacha,fear
1,lastuaidh,dtaobh
1,lastuaidh,sagart
1,leanúnach,scéal
1,leanúnach,stíl
1,leathan,aidiacht
1,leathan,aidiachtaí
1,leathan,bhalla
1,leathan,chonsan
1,leathan,phobal
1,leathan,plean
1,leathan,raon
1,leictreach,shruth
1,leictreach,teacht
1,leictreacha,chill
1,leipreachánach,file
1,leithchealach,polasaí
1,leitheadach,úsáid
1,leithleach,thrádáil
1,leithleach,trádáil
2,leithne,bonn
1,leithne,suirbhé
1,liteartha,comórtas
1,liteartha,fhiúntas
1,liteartha,phíosa
1,lofa,stát
1,loighiciúil,cruthú
1,loiscneach,grian
1,lom,bhalla
1,luachmhaire,buntáistí
2,luachmhar,chomaoin
1,luachmhar,lasta
1,luachmhar,rud
1,luaineach,saol
1,luaithe,mbliana
1,láidir,bheith
1,láidir,bonn
1,láidir,béim
1,láidir,ecu
2,láidir,lámh
1,láidir,maide
1,láidir,pháirtí
1,láidir,rian
1,láithreach,conspóid
1,lán-ghaelach,iar-bhunscoil
1,lán,chóir
1,lán,coic
1,lán,gearba
1,lán,longa
1,lán,éiclips
1,lánaimseartha,comhairleoir
1,lánaimseartha,foireann
1,lánaimseartha,postanna
1,lárnach,cuid
1,lárnach,léacht
1,lárnacha,rátaí
1,léir,bpápacht
1,léir,ithir
1,léir,laethanta
1,léir,muintire
1,léir,tíortha
1,léir,uaisle
1,léir,vótaí
1,léir,íomhá
1,léirithe,plean
1,líneach,bhforbairt
1,líneach,tithe
1,lómhar,miotal
1,lú,clocha
1,lú,dúshlán
1,lú,liúntas
1,lú,páirceanna
1,magúil,scéal
1,maith,clár
2,maith,fear
1,maith,lón
1,maith,radharc
1,maith,scaifte
1,maith,seans
1,maith,úrlabhraí
1,maithe,filí
1,maithe,ngaeilgeoirí
1,maithe,roinnt
1,mall,aidiachtaí
1,marbh,corp
1,marbh,scaoileadh
1,marbha,taisí
1,marfach,ghalar
1,marfach,ruathar
1,marfach,scéal
1,margaíochta,cúrsaí
1,maslach,dearcadh
1,maslaitheach,clúmhilleadh
1,mealltach,monabhar
1,mear,aidiachtaí
1,measa,caoineadh
1,measa,toradh
1,measúnaithe,teicníochtaí
1,meirgeacha,seanghráinghunnaí
1,mhaith,aithne
11,mhaith,cuid
2,mhaith,cuimhne
1,mhaith,fataí
1,mhaith,gcuid
1,mhaith,liobairt
1,mhaith,méin
1,mhaith,obair
2,mhaith,roinnt
1,mhaith,tuiscint
1,mhall,chéim
1,mhall,éadaí
1,mharbh,chorpán
1,mhaslach,tagairt
1,mhealltacha,hamhráin
1,mheasa,pian
1,mhothálach,mbeatha
1,mhuirneach,bhanchéile
1,mhéadracha,aonaid
1,mhídhaonna,bean
1,mhídhleathach,dhumpáil
1,mhíleata,feachtais
1,mhíleata,neodracht
1,mhín,stíl
1,mhíshláintiúil,géarleanúint
1,mhíshásúla,teidil
2,mhó,chuid
1,mhó,dtithe
1,mhó,t-ábhar
1,mhó,títhe
1,mhóir,chloig
1,mhóir,mhadra
1,mhóir,tamaill
1,mhór,airgid
1,mhór,bearna
1,mhór,bhinn
1,mhór,cearc
1,mhór,ceist
1,mhór,chloch
1,mhór,chuid
1,mhór,cloch
3,mhór,cuid
1,mhór,dealbh
1,mhór,difríocht
1,mhór,eagraíocht
1,mhór,fadhb
1,mhór,feirm
1,mhór,foiche
1,mhór,fáil
1,mhór,féachaint
1,mhór,gcailliúint
1,mhór,ghorta
1,mhór,halla
1,mhór,iarraidh
1,mhór,leaba
1,mhór,leac
1,mhór,litríocht
1,mhór,póg
1,mhór,scéal
1,mhór,taighde
1,mhór,thrua
1,mhór,tsamhail
1,mhór,tábhacht
1,mhóra,ard
1,milis,mheangadh
1,milis,troda
1,millteach,mám
1,millteach,éirí
1,millteanach,ciúnas
1,millteanach,fuaim
1,mistéireach,tobar
1,morálta,dlí
1,míchuíosach,dhearcadh
1,mídhleathacha,pinginí
1,mín,gclár
1,míosúil,liúntas
2,míosúla,dtráthchodanna
1,mó,bhailiúchán
1,mó,chlabhta
1,mó,chontúirt
2,mó,chuid
1,mó,chumadóireacht
1,mó,cúrsaí
1,mó,daoine
1,mó,earcach
1,mó,fadhbanna
1,mó,moille
1,mó,oibre
1,mó,peaca
1,mó,postas
1,mó,píobaire
1,mó,rud
1,mó,rútaí
1,mó,scoláirí
1,mó,scáileanna
1,mó,seans
1,mó,shalú
1,mó,spáis
1,mó,taithí
1,mó,traidisiún
1,mó,uair
1,mó,áit
1,mó,éileamh
1,mó,éilimh
1,mór,airdeall
1,mór,airgeadas
1,mór,an-obair
1,mór,athru
1,mór,athrú
1,mór,banna
1,mór,baol
1,mór,bothán
1,mór,botún
1,mór,brón
1,mór,buidéal
1,mór,bóthar
1,mór,cadhan
1,mór,caisleán
1,mór,caladh
1,mór,cara
1,mór,choinníoll
1,mór,cogadh
1,mór,corn
1,mór,cúrsaí
1,mór,dhóthain
1,mór,dráma
1,mór,ealaín
1,mór,fada
1,mór,feabhas
1,mór,fear
1,mór,fliú
1,mór,formhór
1,mór,hoibre
1,mór,iarratais
1,mór,imní
2,mór,lear
1,mór,mbóthar
1,mór,ngunnaí
1,mór,pillín
1,mór,roinnt
1,mór,rud
1,mór,saibhreas
1,mór,saol
1,mór,seó
1,mór,siopa
1,mór,sliabhraon
1,mór,sliocht
1,mór,slua
1,mór,staidéar
1,mór,staraí
1,mór,sábh
1,mór,teach
1,mór,teitheadh
1,mór,tionchar
1,mór,truailliú
1,mór,tír
1,mór,tógálaí
1,mór,úll
1,móra,athruithe
1,móra,bhabhtaí
1,móra,bhailte
1,móra,ceisteanna
1,móra,cruthanna
1,móra,gcluichí
1,móra,infheisteoirí
1,móra,lagacha
1,móra,luchóga
1,naimhdeach,duine
1,naofa,bíobla
1,naofa,comaoineach
1,naofa,dhúnmharaithe
1,naofa,tathair
1,neamh-athnuaite,acmhainní
1,neamhbhalbh,thuairim
1,neamhchinnte,teidil
1,neamhchoitianta,mhiotail
1,neamhchúiseacha,n-ardchathracha
1,neamheochrach,fhliúit
1,neamhoifigiúil,córas
1,neamhphósta,mháithreacha
1,neamhspleach,iarrthóir
1,neamhspleách,bhun
1,neamhspleách,buíon
1,neamhspleách,shóisialaí
1,neamhspleácha,bplandaí
1,neamhspleácha,theachta
1,neamhspléach,pobal
1,neo-thraidisiúnta,gluaiseacht
1,neodrach,tír
1,nimhneach,fuacht
1,nithiúla,ábhair
1,nua-aimsearach,domhan
1,nua-aimseartha,gcoincheapa
1,nua-aimseartha,gnéithe
1,nua-aimseartha,réasúnachas
1,nua-aimseartha,staraithe
1,nua-aimseartha,teicneolaíocht
1,nua,bainisteoir
1,nua,bheathaisnéis
1,nua,bliana
1,nua,bpolasaí
1,nua,cairde
1,nua,cathair
1,nua,cathaoirleach
1,nua,ceoldrámaí
1,nua,charr
1,nua,chineál
1,nua,chóras
1,nua,córais
1,nua,dámhscoil
1,nua,foirm
1,nua,fón
1,nua,galar
1,nua,gcaisleán
1,nua,ghaeltacht
3,nua,gnéithe
1,nua,lucht
1,nua,líne
1,nua,mbunscoil
1,nua,misean
1,nua,pholasaí
1,nua,reachtaíocht
1,nua,rud
1,nua,rudaí
1,nua,réalta
1,nua,sainmhíniú
1,nua,siollabas
1,nua,staire
1,nua,straitéisí
1,nua,teach
1,nua,tiománaithe
1,nádúrtha,acmhainní
1,nádúrtha,bhealaí
1,nádúrtha,bás
1,nádúrtha,dhéantús
1,nádúrtha,diagacht
1,nádúrtha,féidir
1,nádúrtha,gáis
1,nádúrtha,imshaol
1,nádúrtha,séarachais
1,nádúrtha,timpeallacht
1,náisiúnach,cúlra
1,náisiúnaíoch,pobal
1,náisiúnta,bpolasaí
1,náisiúnta,cheannais
1,náisiúnta,craobh
1,náisiúnta,dteangacha
1,náisiúnta,fhorálacha
1,náisiúnta,forálacha
1,náisiúnta,leabharlann
1,náisiúnta,neamhspleáchas
2,náisiúnta,scoil
1,náisiúnta,turas
1,núicléacha,tástálacha
1,oibiachtúil,cur
1,oideachasúla,staitisticí
1,oifigiúil,cabhair
1,oifigiúil,sannaí
1,oifigiúla,bhfoilseacháin
1,oilimpeacha,bheith
1,oilimpeacha,bhliain
1,oilte,cheardaíocht
1,oirirc,scoláire
1,ollmhór,teas
1,ollmhóra,comhlachtaí
1,ordaithe,tréimhse
1,orgánach,comhthionól
1,orgánach,modh
1,orgánach,taisí
1,orgánacha,taisí
1,orgánacha,táirgí
1,other,tasks
1,pailliamach,cuas
1,paiteanta,comhairleoir
1,peannaideacha,chur
1,peannaideacha,heachtraí
1,pearsanta,cara
1,pearsanta,leibhéal
1,pearsanta,scéalta
1,peitrealdóite,fuíollach
1,phearsanta,tamall
1,phearsanta,thuairim
1,phint,gloine
1,phint,taifeadtaí
1,phoiblí,fhaiche
1,phoiblí,pháirtíocht
1,phoiblí,saol
2,phoiblí,sheirbhísigh
1,phoiblí,tsláinte
1,phoiblí,údaráis
1,pholaitiúil,chomhcheilg
1,pholaitiúil,cumhacht
1,pholaitiúla,huirlisí
1,pholltach,ngaoth
1,phríobháideach,pháirtíocht
1,phríomhúla,dhath
1,phósta,fhéidir
1,pisreogach,smaointiú
1,plaisteach,coimeádán
1,plaisteach,mhála
1,poblachtacha,gcimí
1,poblachtánach,taobh
1,poiblí,bus
1,poiblí,chóras
1,poiblí,nionchúiseamh
1,poiblí,phríomhfhoirgneamh
1,poiblí,seirbhísí
1,poiblí,sheirbhísí
1,polaitiúil,chluiche
1,polaitiúil,ghalar
1,polaitiúla,bhliain
1,polaitiúla,bpáirtithe
1,polaitiúla,cluichí
1,polaitiúla,tír
1,postáilte,choinneáil
1,praiticiúil,cruthú
1,praiticiúla,nótaí
1,praiticiúla,uisce
1,preispitéireach,phobal
1,proifisiúnta,béile
1,proifisiúnta,díograis
1,proifisiúnta,shaol
1,protastúnach,ministir
1,príobháideacha,seirbhísí
1,príomhúil,dath
2,príomhúla,dathanna
1,príomhúla,foraoiseacha
1,páirteach,bheith
1,páirteach,lucht
1,pósta,cheiliúr
1,ramhar,buachaill
1,ramhar,gciorcal
1,rannpáirtíochta,céadtadán
1,rathúla,dhéanamh
1,rathúla,earraí
1,rathúla,gceann
1,rathúla,naíonraí
1,reoite,nóiméid
1,riachtanach,cholainn
1,rialta,bhean
2,rialta,duine
1,rite,dáta
1,rithimiúil,chósta
1,rithimiúil,pubcheol
1,rithte,am
1,rithte,chonradh
1,rollaithe,haltraí
1,rua,chianóig
1,rua,iníon
1,rua,muilteoir
1,ruaidh,mhadaidh
1,réadúil,bith
1,réadúil,múnla
1,réalaíoch,úrscéal
1,réalaíocha,hiontaisí
1,réamhullmhaithe,aistí
1,réamhullmhaithe,chur
1,réasúnach,cinneadh
1,réasúnach,fiosrú
1,réasúnach,leithscéal
1,réasúnta,cuntas
1,réigiúnach,phost
1,réigiúnach,scrín
1,ríoga,phálás
1,ríoga,stól
1,ró-ard,claí
1,ró-mhór,shruth
1,ró-mhór,teacht
1,rófhada,fanacht
1,róléire,heaspa
1,rómhánach,stíl
1,rómhór,líon
1,rósta,aráin
1,rúnda,teagasc
1,sabóideacha,bulóga
1,saibhir,domhan
1,saibhir,fear
1,saibhir,fhéar
1,saibhre,tíortha
1,saibhre,uaisle
1,sanntach,fear
1,saoghalta,fear
1,saor,aidiachtaí
1,saorga,solas
1,saorga,spéis
1,scafánta,fear
1,scanraithe,meatachán
1,scríofa,teanga
1,scríofa,tráchtaireacht
1,scáfar,shaighdiúirí
1,seach-reachtúil,íocaíocht
1,seachadta,mhodh
1,seachtainiúil,cuntas
1,seachtainiúla,dhíolachán
2,seachtracha,teorainneacha
1,seachtraí,coda
1,seafóideach,chloigeann
1,sealadacha,chonarthaí
1,sealadacha,fiacla
1,sealadacha,tuaithe
1,seanchumtha,dánta
1,seanda,luachanna
1,searbh,cupa
1,seargtha,beagán
1,seirbeacha,n-eaglaisí
1,shamhalta,chairde
1,shaolta,ifrinn
1,shimplí,tuinairde
1,shine,chuid
1,shine,dream
1,shinseartha,aigne
1,sho-ite,feoil
1,shoiléir,geallúint
1,shotalach,tslí
1,shuaraigh,gheadáinín
1,shuidhte,bean
1,shóisialta,chóras
1,shóisialta,eolaíocht
1,sibhialta,shaoirsí
1,simplí,dtuama
1,simplí,substaintí
1,sine,duine
1,sioraí,torann
1,slán,bhaint
1,slán,fhéar
1,slán,thalamh
1,smálaithe,leathanach
1,snoite,t-eireabaillín
1,snámhach,sliabhraon
1,socair,cuma
1,socair,thógaint
1,sofaisticiúil,mheon
1,soiléir,fhreagra
1,soiléir,taibhsí
1,sonrach,measúnú
1,sonracha,socruithe
1,sonraithe,fhoirgneamh
1,speisialta,aifreann
1,speisialta,forálacha
1,speisialta,tarraingthe
1,speisialta,ócáidí
1,spioradálta,mbeatha
1,spioradálta,scéalta
1,spleodrach,ceiliúradh
1,spleách,fháil
1,spéisiúil,rud
1,spéisiúla,ní
1,spíonta,mháthair
1,sruthánach,rolladh
1,stórálta,grianfhuinneamh
1,suaimhneach,bás
1,suaithinseach,fhéar
1,suaithinseach,scéala
1,suarach,cead
1,suarach,chluiche
1,suimiúil,pointe
1,suimiúila,dtús
1,suimiúila,ngrianghrafanna
1,suimiúila,ábhair
1,suntasach,gcaibidil
1,suntasach,gcuntas
1,suntasach,ionad
1,suntasach,méadú
1,suntasach,tromlach
1,suntasaí,clainne
1,suntasaí,difríocht
1,sármhaith,post
1,sárnaofa,gníomhartha
1,séimh,dóigh
1,sócúlach,atmaisféar
1,sóisialta,aicmí
1,sóisialta,comhaontú
1,sóisialta,fáil
1,sóisialta,imeachtaí
1,sóisialta,lá
1,sóisialta,neolaíochtaí
1,sóisialta,seilf
1,sóisialta,seirbhísí
1,sóisialta,shaol
1,sóisialta,ócáidí
1,súgartha,gcéilí
1,tapa,chur
1,tarraingteach,bheirt
1,tarraingteach,leabhar
1,tarraingteach,nádúr
1,tathagach,bonn
1,tathagacha,léirmheasanna
1,teagmhasacha,forálacha
1,teasaí,díospóireachtaí
1,teoiriciúil,creideamh
1,teoiriciúil,t-idirdhealú
1,teoranta,scríbhneoirí
1,thablóidigh,eagráin
1,thanaí,bhean
1,thanaí,shreang
1,thapaidh,bheach
1,the,bheach
1,theicniúil,obair
1,theoranta,fáth
1,theoranta,gcuid
1,thiar,leath
1,thirim,ascaillín
1,thirim,maidin
1,thirim,pháirt
1,thonnchreathach,fuaim
1,throm,sclábhaíocht
1,throma,pionóis
1,thuasluaite,laige
1,thubaisteach,feiscint
1,thubaisteach,sraith
1,thubaisteach,tríthi
1,thábhachtach,acmhainn
1,thábhachtach,aiste
1,thábhachtach,gné
1,thábhachtach,scéala
1,thábhachtaí,toisc
1,thógálach,aicíd
1,tinn,cnámha
1,tithiochta,scéim
1,tobann,bhás
1,tofa,comhaltaí
1,tofa,daoine
1,tomhaiste,meangadh
1,traidisiúnta,healaíne
1,traidisiúnta,ionad
1,traidisiúnta,luacha
1,traidisiúnta,saol
1,traidisiúnta,scoláirí
1,traidisiúnta,t-airgead
1,traidisiúnta,vóta
1,traigéideach,scéal
1,trioblóideacha,bhfochaisí
1,trioblóideacha,phréamh
1,trom,líon
1,trom,tubaist
1,troma,bataí
1,troma,mhálaí
1,trua,díol
1,trua,t-ábhar
1,tréadacha,chuairteanna
1,tréitheach,comrádaí
1,tréithlag,mháthair
1,tuaifisceach,duine
1,tuisceanach,chur
1,tuisceanach,teannas
1,tura,brú
1,tura,preátaí
1,tábhachtach,ionad
1,táite,gcruach
1,tánaisteacha,dathanna
1,téalta,gaineamh
1,tíreolaíoch,dáileadh
1,tógálach,comóradh
1,tógálach,galar
1,tógálach,gcuntas
1,uachtarach,spéir
1,uafásach,bomba
1,uafásach,láithreán
1,uafásacha,pubanna
1,uaibhreach,cineál
1,uaigneach,deireadh
1,uaigneach,saol
1,uaisle,dhaoine
1,uaisle,mhná
1,uaisle,mná
1,uaisle,seachtaine
1,uasail,ridire
1,uasal,bean
1,uasal,duine
1,uasal,mbean
1,uathoibríoch,naíscoil
1,uathoibríoch,éifeacht
1,ubhchruthach,fuinneog
1,ubhchruthach,sliogán
1,uilefhiosach,údar
1,uileghabhálach,ceann
1,uileghabhálach,dtrealamh
1,uilig,chaoi
1,uilig,eolais
1,uilig,taithí
1,uilig,éisc
1,uiríoch,ailse
1,ultacha,gcanúintí
1,urchomhaireacha,duillí
1,urchomhaireacha,fear
1,Éireannach-rúiseach,cúlra
1,Éireannach,reibiliúnaí
1,Éireannach,rud
1,Éireannach,saoránach
1,Éireannacha,gcosantóirí
1,Óg,bhanríon
1,Óg,bhealach
1,ábhartha,taithí
1,ádhúla,dathanna
1,áille,colmlanna
1,áirid,ghadaíocht
1,áirithe,aicmí
1,áirithe,bpointe
1,áirithe,chás
1,áirithe,coimeádán
1,áirithe,coinníollacha
1,áirithe,comhlachtaí
1,áirithe,cúrsaí
4,áirithe,daoine
1,áirithe,dhaoine
1,áirithe,fhocal
1,áirithe,gcannaí
2,áirithe,háiteanna
1,áirithe,iarrthóirí
1,áirithe,iontráil
1,áirithe,lá
1,áirithe,moladh
1,áirithe,oiread
1,áirithe,phointe
1,áirithe,speiceas
1,áirithe,staraí
1,áirithe,steireitípeanna
1,áirithe,teannas
1,áirithe,tráchtairí
1,áirithe,éinní
1,áitiúil,ceantair
1,áitiúil,pobal
1,áitiúil,óstán
1,áitiúil,údarás
1,áitiúla,haeráidí
1,áitiúla,himreoirí
1,áitiúla,staidéir
1,álainn,lá
1,álainn,séipéal
1,ársa,liricí
1,ársa,nós
1,éadomhain,sliogán
1,éadrom,coisméig
1,éagsúil,cineál
1,éagsúil,shruth
1,éagsúla,bealaí
1,éagsúla,bhealaí
1,éagsúla,cuspóirí
1,éagsúla,gcanúintí
1,éagsúla,gcúirt
1,éagsúla,ghnéithe
2,éagsúla,gnéithe
1,éagsúla,guthanna
1,éagsúla,ionaid
1,éagsúla,nithe
1,éagsúla,pobail
1,éagsúla,páirtithe
1,éagsúla,slite
1,éagsúla,sruthanna
1,éagsúla,staideanna
1,éagsúla,straitéisí
1,éagsúla,áiseanna
1,éagsúla,áiteanna
1,éagtha,dáta
1,éasca,teacht
1,éifeachtach,fínéad
1,éifeachtúil,bainistiú
2,éigin,bhealach
1,éigin,bomba
1,éigin,bonn
1,éigin,cead
1,éigin,comerama
1,éigin,comhréiteach
1,éigin,cuid
6,éigin,duine
1,éigin,feabhas
1,éigin,gnó
1,éigin,litir
1,éigin,lá
1,éigin,lán
1,éigin,léargas
1,éigin,roinnt
5,éigin,rud
1,éigin,shórt
1,éigin,treo
1,éigin,tubaist
1,éigin,uair
2,éigin,áit
1,éiginnte,réimse
1,éinteacht,drochrud
1,íoctha,oblagáid
1,íogaireach,gael
1,íon,alcól
1,íonghlan,rud
1,íseal,céadtadán
1,íseal,glór
1,íseal,voltas
2,óg,aos
1,óg,bréaga
1,óg,dream
2,óg,fear
1,óg,fhágáil
1,óg,fuil
1,óg,gasúr
1,óg,iníon
1,óg,scríbhneoir
1,óg,t-aos
1,óga,cheoltóirí
1,óga,cinn
2,óga,daoine
2,óga,dhaoine
1,óga,garda
1,óga,pháistí
1,óige,duine
1,óige,gcuid
1,óige,mná
1,órga,luanla
1,órga,thúr
1,úr,bhord
1,úr,curriculum
1,úr,fuil
1,úr,ghealach
1,úr,ndruma
1,úra,buataisí
1,úra,cnónna
1,úra,sheol
1,úra,úlla
