ritorno/NOUN,economico/ADJ,superiore/ADJ
contesto/NOUN,sociale/ADJ,difficile/ADJ
accurata/ADJ,ebanisteria/NOUN,viennese/ADJ
rassicurante/ADJ,rivalità/NOUN,atomica/ADJ
tipi/NOUN,smaltati/ADJ,lisci/ADJ
grande/ADJ,parco/NOUN,nazionale/ADJ
altri/ADJ,fatti/NOUN,artificiali/ADJ
aree/NOUN,urbane/ADJ,fabbricabili/ADJ
figli/NOUN,naturali/ADJ,riconosciuti/ADJ
ordinamento/NOUN,giuridico/ADJ,italiano/ADJ
accentuato/ADJ,profilo/NOUN,balcanico/ADJ
marina/NOUN,militare/ADJ,italiana/ADJ
prime/ADJ,decisioni/NOUN,collettive/ADJ
maggiore/ADJ,banca/NOUN,italiana/ADJ
Seconda/ADJ,guerra/NOUN,mondiale/ADJ
ulteriore/ADJ,esito/NOUN,positivo/ADJ
alta/ADJ,montagna/NOUN,francese/ADJ
politiche/NOUN,nazionali/ADJ,sussidiarie/ADJ
forma/NOUN,letteraria/ADJ,democratica/ADJ
nuovi/ADJ,approcci/NOUN,critici/ADJ
tardo/ADJ,diciannovesimo/ADJ,secolo/NOUN
grandi/ADJ,centri/NOUN,finanziari/ADJ
schemi/NOUN,pensionistici/ADJ,pubblici/ADJ
congedo/NOUN,parentale/ADJ,retribuito/ADJ
miglior/ADJ,strigliata/NOUN,possibile/ADJ
grandi/ADJ,demolitori/NOUN,molecolari/ADJ
membrane/NOUN,neurologiche/ADJ,estese/ADJ
ex/ADJ,presidente/NOUN,antimafia/ADJ
ex/ADJ,adolescente/NOUN,ribelle/ADJ
celebre/ADJ,passo/NOUN,pirenaico/ADJ
unico/ADJ,corpo/NOUN,militare/ADJ
editoria/NOUN,elettronica/ADJ,personale/ADJ
enorme/ADJ,edificio/NOUN,bianco/ADJ
sentenza/NOUN,penale/ADJ,irrevocabile/ADJ
decreto/NOUN,legislativo/ADJ,luogotenenziale/ADJ
rispettive/ADJ,coordinate/NOUN,geografiche/ADJ
rifiuti/NOUN,solidi/ADJ,radioattivi/ADJ
stesse/ADJ,parole/NOUN,minacciose/ADJ
partner/NOUN,locali/ADJ,affidabili/ADJ
forze/NOUN,politiche/ADJ,albanesi/ADJ
larghissima/ADJ,vittoria/NOUN,elettorale/ADJ
defunto/ADJ,regime/NOUN,comunista/ADJ
naturale/ADJ,atteggiamento/NOUN,tattico/ADJ
onesta/ADJ,chiara/ADJ,faccia/NOUN
cospicuo/ADJ,patrimonio/NOUN,aggiuntivo/ADJ
chiaro/ADJ,stampo/NOUN,rinascimentale/ADJ
falsi/ADJ,bersagli/NOUN,multipli/ADJ
altre/ADJ,operazioni/NOUN,collegate/ADJ
doppio/ADJ,oro/NOUN,italiano/ADJ
stazioni/NOUN,spaziali/ADJ,internazionali/ADJ
ex/ADJ,consigliere/NOUN,regionale/ADJ
eventuali/ADJ,lesioni/NOUN,permanenti/ADJ
terribile/ADJ,incidente/NOUN,ferroviario/ADJ
ottimo/ADJ,lavoro/NOUN,svolto/ADJ
campagna/NOUN,pubblicitaria/ADJ,vincente/ADJ
primo/ADJ,ministro/NOUN,giapponese/ADJ
sola/ADJ,persona/NOUN,presente/ADJ
nuove/ADJ,tecniche/NOUN,gestionali/ADJ
rispettive/ADJ,norme/NOUN,costituzionali/ADJ
primo/ADJ,giorno/NOUN,lavorativo/ADJ
superficie/NOUN,massima/ADJ,garantita/ADJ
suddetta/ADJ,posizione/NOUN,comune/ADJ
mezzi/NOUN,finanziari/ADJ,sufficienti/ADJ
leggero/ADJ,vantaggio/NOUN,concorrenziale/ADJ
vie/NOUN,navigabili/ADJ,interne/ADJ
prescrizioni/NOUN,minime/ADJ,applicabili/ADJ
disposizioni/NOUN,legislative/ADJ,nazionali/ADJ
buon/ADJ,nuovo/ADJ,millennio/NOUN
massimo/ADJ,grado/NOUN,possibile/ADJ
intero/ADJ,tessuto/NOUN,economico/ADJ
tessuto/NOUN,economico/ADJ,locale/ADJ
maggior/ADJ,presenza/NOUN,industriale/ADJ
cosiddetta/ADJ,produzione/NOUN,elettronica/ADJ
maggior/ADJ,sostegno/NOUN,finanziario/ADJ
risorse/NOUN,energetiche/ADJ,rinnovabili/ADJ
fonti/NOUN,energetiche/ADJ,rinnovabili/ADJ
fondo/NOUN,sociale/ADJ,europeo/ADJ
fondo/NOUN,sociale/ADJ,europeo/ADJ
altri/ADJ,gruppi/NOUN,politici/ADJ
alto/ADJ,contenuto/NOUN,tecnologico/ADJ
seno/NOUN,mezzo/ADJ,nudo/ADJ
prodotto/NOUN,interno/ADJ,lordo/ADJ
progetti/NOUN,infrastrutturali/ADJ,essenziali/ADJ
fondi/NOUN,strutturali/ADJ,disponibili/ADJ
diritti/NOUN,umani/ADJ,fondamentali/ADJ
presente/ADJ,dichiarazione/NOUN,universale/ADJ
ferie/NOUN,periodiche/ADJ,retribuite/ADJ
servizi/NOUN,sociali/ADJ,necessari/ADJ
stessa/ADJ,protezione/NOUN,sociale/ADJ
gigantesco/ADJ,fungo/NOUN,nucleare/ADJ
esperimenti/NOUN,nucleari/ADJ,britannici/ADJ
campagne/NOUN,pubblicitarie/ADJ,standard/ADJ
antica/ADJ,nobile/ADJ,famiglia/NOUN
leader/NOUN,comunisti/ADJ,cinesi/ADJ
stessa/ADJ,dura/ADJ,etica/NOUN
varie/ADJ,iniziative/NOUN,imprenditoriali/ADJ
diffuso/ADJ,sostegno/NOUN,popolare/ADJ
duri/ADJ,sforzi/NOUN,economici/ADJ
ampio/ADJ,arco/NOUN,temporale/ADJ
sola/ADJ,pausa/NOUN,intermedia/ADJ
servizi/NOUN,segreti/ADJ,israeliani/ADJ
ricco/ADJ,possidente/NOUN,polacco/ADJ
affascinante/ADJ,capitale/NOUN,francese/ADJ
grave/ADJ,scompenso/NOUN,cardiaco/ADJ
servizi/NOUN,segreti/ADJ,israeliani/ADJ
maggior/ADJ,intensità/NOUN,vitale/ADJ
profonde/ADJ,riflessioni/NOUN,personali/ADJ
consapevole/ADJ,preferenza/NOUN,stilistica/ADJ
lunghi/ADJ,poemi/NOUN,narrativi/ADJ
maggiori/ADJ,lingue/NOUN,esistenti/ADJ
prime/ADJ,opere/NOUN,teatrali/ADJ
autori/NOUN,classici/ADJ,latini/ADJ
sesto/ADJ,secolo/NOUN,a.C./ADJ
proprietario/NOUN,terriero/ADJ,cattolico/ADJ
altisonanti/ADJ,versi/NOUN,giambici/ADJ
principale/ADJ,compagnia/NOUN,teatrale/ADJ
primo/ADJ,figlio/NOUN,maschio/ADJ
linea/NOUN,ereditaria/ADJ,diretta/ADJ
secondo/ADJ,letto/NOUN,migliore/ADJ
primi/ADJ,drammi/NOUN,storici/ADJ
prime/ADJ,opere/NOUN,attestate/ADJ
primi/ADJ,drammi/NOUN,storici/ADJ
altri/ADJ,drammatughi/NOUN,elisabettiani/ADJ
intricate/ADJ,doppie/ADJ,trame/NOUN
precise/ADJ,sequenze/NOUN,comiche/ADJ
prime/ADJ,commedie/NOUN,classiche/ADJ
vendicativo/ADJ,usuraio/NOUN,ebreo/ADJ
affascinante/ADJ,ambientazione/NOUN,rurale/ADJ
intensa/ADJ,sessualità/NOUN,adolescenziale/ADJ
famosa/ADJ,tragedia/NOUN,romantica/ADJ
altro/ADJ,personaggio/NOUN,shakespeariano/ADJ
tragedie/NOUN,meglio/ADJ,riuscite/ADJ
troupe/NOUN,teatrali/ADJ,differenti/ADJ
fastose/ADJ,maschere/NOUN,giacobite/ADJ
noto/ADJ,attore/NOUN,comico/ADJ
terzo/ADJ,poema/NOUN,narrativo/ADJ
prime/ADJ,opere/NOUN,teatrali/ADJ
teatro/NOUN,morale/ADJ,medievale/ADJ
prime/ADJ,opere/NOUN,teatrali/ADJ
ultimo/ADJ,stile/NOUN,poetico/ADJ
ultime/ADJ,opere/NOUN,teatrali/ADJ
classico/ADJ,eroe/NOUN,tragico/ADJ
artista/NOUN,svizzero/ADJ,romantico/ADJ
primo/ADJ,lavoro/NOUN,serio/ADJ
prodotti/NOUN,chimici/ADJ,tossici/ADJ
altri/ADJ,studi/NOUN,bizzarri/ADJ
Candidati/NOUN,alternativi/ADJ,proposti/ADJ
catena/NOUN,alimentare/ADJ,marina/ADJ
catena/NOUN,alimentare/ADJ,oceanica/ADJ
grande/ADJ,scoperta/NOUN,scientifica/ADJ
mercati/NOUN,finanziari/ADJ,globali/ADJ
necessari/ADJ,allineamenti/NOUN,valutari/ADJ
drastiche/ADJ,rivalutazioni/NOUN,valutarie/ADJ
coordinamento/NOUN,economico/ADJ,globale/ADJ
cosiddetto/ADJ,quantitative/ADJ,easing/NOUN
massicci/ADJ,acquisti/NOUN,mensili/ADJ
scelte/NOUN,politiche/ADJ,giuste/ADJ
forti/ADJ,controlli/NOUN,prudenziali/ADJ
nuove/ADJ,aziende/NOUN,locali/ADJ
investimenti/NOUN,diretti/ADJ,stranieri/ADJ
investimenti/NOUN,diretti/ADJ,stranieri/ADJ
investimenti/NOUN,diretti/ADJ,stranieri/ADJ
investimenti/NOUN,diretti/ADJ,stranieri/ADJ
investimenti/NOUN,diretti/ADJ,stranieri/ADJ
investimenti/NOUN,diretti/ADJ,stranieri/ADJ
proprietà/NOUN,intellettuale/ADJ,farmaceutica/ADJ
rete/NOUN,previdenziale/ADJ,pubblica/ADJ
business/NOUN,finanziari/ADJ,globali/ADJ
enorme/ADJ,centro/NOUN,finanziario/ADJ
centro/NOUN,finanziario/ADJ,globale/ADJ
sistema/NOUN,finanziario/ADJ,globale/ADJ
settori/NOUN,creativi/ADJ,inglesi/ADJ
maggiori/ADJ,fonti/NOUN,diversificate/ADJ
severi/ADJ,costi/NOUN,sociali/ADJ
complessi/ADJ,modelli/NOUN,matematici/ADJ
Prima/ADJ,tragica/ADJ,domenica/NOUN
altro/ADJ,effetto/NOUN,interessante/ADJ
volatile/ADJ,comparto/NOUN,finanziario/ADJ
giovani/ADJ,sub/NOUN,morti/ADJ
importante/ADJ,insurrezione/NOUN,popolare/ADJ
fondo/NOUN,monetario/ADJ,internazionale/ADJ
istituzioni/NOUN,democratiche/ADJ,forti/ADJ
investimenti/NOUN,diretti/ADJ,esteri/ADJ
seconda/ADJ,guerra/NOUN,mondiale/ADJ
maggiori/ADJ,artisti/NOUN,contemporanei/ADJ
smisurate/ADJ,garanzie/NOUN,pubbliche/ADJ
altre/ADJ,economie/NOUN,emergenti/ADJ
altre/ADJ,delusioni/NOUN,future/ADJ
vivace/ADJ,settore/NOUN,manifatturiero/ADJ
miracolosa/ADJ,crescita/NOUN,cinese/ADJ
altre/ADJ,economie/NOUN,emergenti/ADJ
crisi/NOUN,finanziaria/ADJ,asiatica/ADJ
ribilanciamento/NOUN,politico/ADJ,periodico/ADJ
economia/NOUN,capitalista/ADJ,pacifica/ADJ
potenziali/ADJ,sconvolgimenti/NOUN,geopolitici/ADJ
significativo/ADJ,impatto/NOUN,negativo/ADJ
sistemi/NOUN,tributari/ADJ,nazionali/ADJ
vero/ADJ,vantaggio/NOUN,comparativo/ADJ
contributo/NOUN,sociale/ADJ,netto/ADJ
pesanti/ADJ,costi/NOUN,fiscali/ADJ
recenti/ADJ,innovazioni/NOUN,tecnologiche/ADJ
recenti/ADJ,innovazioni/NOUN,tecnologiche/ADJ
incidenti/NOUN,stradali/ADJ,mortali/ADJ
adeguata/ADJ,nutrizione/NOUN,materna/ADJ
carenze/NOUN,nutrizionali/ADJ,specifiche/ADJ
primo/ADJ,ministro/NOUN,pakistano/ADJ
scelte/NOUN,nutrizionali/ADJ,corrette/ADJ
forte/ADJ,sostegno/NOUN,interno/ADJ
altre/ADJ,economie/NOUN,emergenti/ADJ
ultimo/ADJ,mezzo/ADJ,secolo/NOUN
settori/NOUN,economici/ADJ,vitali/ADJ
crescita/NOUN,economica/ADJ,sostenuta/ADJ
maggiore/ADJ,partecipazione/NOUN,femminile/ADJ
primo/ADJ,ministro/NOUN,giapponese/ADJ
settore/NOUN,agricolo/ADJ,africano/ADJ
stessi/ADJ,fattori/NOUN,produttivi/ADJ
norme/NOUN,culturali/ADJ,radicate/ADJ
partner/NOUN,economici/ADJ,essenziali/ADJ
settore/NOUN,agricolo/ADJ,africano/ADJ
cooperazione/NOUN,economica/ADJ,internazionale/ADJ
altri/ADJ,grandi/ADJ,paesi/NOUN
dimensione/NOUN,personale/ADJ,scabrosa/ADJ
seconda/ADJ,guerra/NOUN,mondiale/ADJ
accorta/ADJ,tattica/NOUN,legislativa/ADJ
fondo/NOUN,monetario/ADJ,internazionale/ADJ
vero/ADJ,sacrificio/NOUN,economico/ADJ
territorio/NOUN,sovrano/ADJ,ucraino/ADJ
nuove/ADJ,unità/NOUN,federali/ADJ
nuovo/ADJ,ordine/NOUN,costituzionale/ADJ
insetti/NOUN,sterili/ADJ,irradiati/ADJ
ingegneria/NOUN,genetica/ADJ,molecolare/ADJ
seconda/ADJ,guerra/NOUN,mondiale/ADJ
maggiore/ADJ,solidarietà/NOUN,europea/ADJ
fondo/NOUN,monetario/ADJ,internazionale/ADJ
solida/ADJ,economia/NOUN,tedesca/ADJ
banca/NOUN,centrale/ADJ,europea/ADJ
unione/NOUN,fiscale/ADJ,clandestina/ADJ
corte/NOUN,costituzionale/ADJ,tedesca/ADJ
struttura/NOUN,politica/ADJ,stimolante/ADJ
dubbio/ADJ,valore/NOUN,economico/ADJ
attuale/ADJ,tregua/NOUN,economica/ADJ
vuota/ADJ,retorica/NOUN,infiorettata/ADJ
unica/ADJ,via/NOUN,percorribile/ADJ
prime/ADJ,trasmissioni/NOUN,televisive/ADJ
seconda/ADJ,rete/NOUN,televisiva/ADJ
Autorità/NOUN,nazionale/ADJ,palestinese/ADJ
lampade/NOUN,fluorescenti/ADJ,compatte/ADJ
lampade/NOUN,fluorescenti/ADJ,compatte/ADJ
lampada/NOUN,fluorescente/ADJ,compatta/ADJ
lampade/NOUN,fluorescenti/ADJ,compatte/ADJ
Programma/NOUN,Alimentare/ADJ,Mondiale/ADJ
Programma/NOUN,Alimentare/ADJ,Mondiale/ADJ
diciottesimo/ADJ,Campionato/NOUN,mondiale/ADJ
primo/ADJ,Campionato/NOUN,mondiale/ADJ
squadra/NOUN,nazionale/ADJ,italiana/ADJ
suora/NOUN,cattolica/ADJ,albanese/ADJ
ultimo/ADJ,scrittore/NOUN,italiano/ADJ
seconda/ADJ,guerra/NOUN,mondiale/ADJ
seconda/ADJ,guerra/NOUN,mondiale/ADJ
altro/ADJ,dipinto/NOUN,famoso/ADJ
altro/ADJ,grande/ADJ,pittore/NOUN
grave/ADJ,malattia/NOUN,infettiva/ADJ
primo/ADJ,romanzo/NOUN,importante/ADJ
altro/ADJ,terriccio/NOUN,fresco/ADJ
piccoli/ADJ,scudi/NOUN,bianchi/ADJ
buona/ADJ,crema/NOUN,antisolare/ADJ
nuovo/ADJ,servizio/NOUN,telefonico/ADJ
legge/NOUN,fondamentale/ADJ,comune/ADJ
nuovi/ADJ,paesi/NOUN,europei/ADJ
altro/ADJ,tennista/NOUN,spagnolo/ADJ
altri/ADJ,tennisti/NOUN,italiani/ADJ
altre/ADJ,tenniste/NOUN,italiane/ADJ
tennista/NOUN,italiano/ADJ,migliore/ADJ
altra/ADJ,tennista/NOUN,belga/ADJ
città/NOUN,italiane/ADJ,grandi/ADJ
grandi/ADJ,città/NOUN,italiane/ADJ
migliore/ADJ,film/NOUN,straniero/ADJ
vigile/NOUN,sanitario/ADJ,comunale/ADJ
squadra/NOUN,nazionale/ADJ,oceanica/ADJ
squadre/NOUN,nazionali/ADJ,americane/ADJ
squadre/NOUN,nazionali/ADJ,asiatiche/ADJ
squadre/NOUN,nazionali/ADJ,africane/ADJ
squadra/NOUN,nazionale/ADJ,argentina/ADJ
squadra/NOUN,nazionale/ADJ,brasiliana/ADJ
altro/ADJ,ciclista/NOUN,italiano/ADJ
seconda/ADJ,guerra/NOUN,mondiale/ADJ
seconda/ADJ,guerra/NOUN,mondiale/ADJ
seconda/ADJ,guerra/NOUN,mondiale/ADJ
seconda/ADJ,guerra/NOUN,mondiale/ADJ
seconda/ADJ,guerra/NOUN,mondiale/ADJ
nuovo/ADJ,Censimento/NOUN,Generale/ADJ
ennesimo/ADJ,richiamo/NOUN,istituzionale/ADJ
vecchia/ADJ,canzone/NOUN,francese/ADJ
jazz/NOUN,classico/ADJ,americano/ADJ
piccoli/ADJ,gruppi/NOUN,musicali/ADJ
strumento/NOUN,musicale/ADJ,elettrico/ADJ
Partito/NOUN,socialista/ADJ,europeo/ADJ
Partito/NOUN,popolare/ADJ,europeo/ADJ
altri/ADJ,gruppi/NOUN,politici/ADJ
nuovo/ADJ,Parlamento/NOUN,europeo/ADJ
cittadini/NOUN,italiani/ADJ,maggiorenni/ADJ
nuovo/ADJ,Parlamento/NOUN,italiano/ADJ
Confederazione/NOUN,Generale/ADJ,Italiana/ADJ
Partito/NOUN,Comunista/ADJ,Italiano/ADJ
altra/ADJ,lingua/NOUN,europea/ADJ
altra/ADJ,regola/NOUN,nuova/ADJ
altra/ADJ,novità/NOUN,importante/ADJ
eventuali/ADJ,tentativi/NOUN,dilatori/ADJ
grandi/ADJ,esempi/NOUN,storici/ADJ
grandi/ADJ,capacità/NOUN,formali/ADJ
costume/NOUN,sociologico/ADJ,italiano/ADJ
grande/ADJ,catalizzatore/NOUN,politico/ADJ
luogo/NOUN,comune/ADJ,giornalistico/ADJ
piccolo/ADJ,borghese/NOUN,marcio/ADJ
medio/ADJ,cinema/NOUN,internazionale/ADJ
informazione/NOUN,cultural/ADJ,leggera/ADJ
piccole/ADJ,barriere/NOUN,elitarie/ADJ
terribile/ADJ,impotenza/NOUN,cosciente/ADJ
società/NOUN,italo/ADJ,libica/ADJ
evidenti/ADJ,implicazioni/NOUN,simboliche/ADJ
altro/ADJ,poeta/NOUN,ligure/ADJ
ex/ADJ,direttore/NOUN,finanziario/ADJ
gruppo/NOUN,alimentare/ADJ,pubblico/ADJ
casa/NOUN,contadina/ADJ,diroccata/ADJ
compagnia/NOUN,petrolifera/ADJ,libica/ADJ
felpati/ADJ,ascensori/NOUN,dirigenziali/ADJ
elementari/ADJ,diritti/NOUN,soggettivi/ADJ
fondo/NOUN,stradale/ADJ,adeguato/ADJ
singole/ADJ,sedi/NOUN,universitarie/ADJ
stessa/ADJ,carta/NOUN,costituzionale/ADJ
ex/ADJ,braccio/NOUN,destro/ADJ
ennesimo/ADJ,spettacolo/NOUN,pirotecnico/ADJ
ventunenne/NOUN,universitaria/ADJ,toscana/ADJ
vero/ADJ,peso/NOUN,piuma/ADJ
ex/ADJ,arbitro/NOUN,triestino/ADJ
prima/ADJ,donna/NOUN,africana/ADJ
Piccola/ADJ,marcia/NOUN,antica/ADJ
Piccolo/ADJ,mondo/NOUN,antico/ADJ
tradizionale/ADJ,visione/NOUN,cattolica/ADJ
titoli/NOUN,mondiali/ADJ,azzurri/ADJ
cara/ADJ,vecchia/ADJ,signora/NOUN
stesse/ADJ,certezze/NOUN,agonistiche/ADJ
presunta/ADJ,vita/NOUN,allegra/ADJ
eventuali/ADJ,brutte/ADJ,figure/NOUN
teoriche/ADJ,punte/NOUN,avversarie/ADJ
minacciose/ADJ,telefonate/NOUN,anonime/ADJ
commando/NOUN,integralista/ADJ,islamico/ADJ
altra/ADJ,pagina/NOUN,nera/ADJ
lunga/ADJ,esperienza/NOUN,amministrativa/ADJ
imprenditore/NOUN,edile/ADJ,cinquantottenne/ADJ
futura/ADJ,casa/NOUN,coniugale/ADJ
troppe/ADJ,vittime/NOUN,estive/ADJ
unica/ADJ,cosa/NOUN,certa/ADJ
altro/ADJ,pescatore/NOUN,dilettante/ADJ
altra/ADJ,storia/NOUN,drammatica/ADJ
altra/ADJ,cattiva/ADJ,notizia/NOUN
altre/ADJ,località/NOUN,rivierasche/ADJ
ultime/ADJ,lettere/NOUN,arrivate/ADJ
presunto/ADJ,agente/NOUN,segreto/ADJ
altro/ADJ,utente/NOUN,anziano/ADJ
locali/NOUN,pubblici/ADJ,chiusi/ADJ
cattive/ADJ,condizioni/NOUN,atmosferiche/ADJ
grande/ADJ,liutaio/NOUN,cremonese/ADJ
grande/ADJ,Bomba/NOUN,americana/ADJ
piccole/ADJ,bombe/NOUN,balcaniche/ADJ
maggiore/ADJ,fama/NOUN,guerriera/ADJ
prima/ADJ,guerra/NOUN,mondiale/ADJ
altro/ADJ,simbolo/NOUN,gigantesco/ADJ
grandi/ADJ,pittori/NOUN,austriaci/ADJ
cittadino/NOUN,medio/ADJ,qualsiasi/ADJ
conservatrici/ADJ,parrucche/NOUN,bianche/ADJ
nuovo/ADJ,piccolo/ADJ,borghese/NOUN
schive/ADJ,curiosità/NOUN,femminili/ADJ
tipici/ADJ,cortili/NOUN,rettangolari/ADJ
belle/ADJ,venature/NOUN,naturali/ADJ
splendido/ADJ,grande/ADJ,centro/NOUN
famose/ADJ,professoresse/NOUN,anziane/ADJ
millenari/ADJ,blocchi/NOUN,naturali/ADJ
primo/ADJ,grande/ADJ,passo/NOUN
nuove/ADJ,interessanti/ADJ,decorazioni/NOUN
tinte/NOUN,unite/ADJ,insolite/ADJ
nuovo/ADJ,deterrente/NOUN,credibile/ADJ
prima/ADJ,vera/ADJ,sfida/NOUN
calma/NOUN,mentale/ADJ,piacevolissima/ADJ
sesto/ADJ,civile/NOUN,statunitense/ADJ
alto/ADJ,potere/NOUN,rigenerante/ADJ
prime/ADJ,esposizioni/NOUN,solari/ADJ
accurata/ADJ,visita/NOUN,ginecologica/ADJ
scarso/ADJ,esercizio/NOUN,fisico/ADJ
circolazione/NOUN,sanguigna/ADJ,linfatica/ADJ
calze/NOUN,riposanti/ADJ,ultra-trasparenti/ADJ
buona/ADJ,crema/NOUN,depilatoria/ADJ
emozionante/ADJ,ritratto/NOUN,umano/ADJ
singolare/ADJ,caso/NOUN,giornalistico/ADJ
famosa/ADJ,rivista/NOUN,letteraria/ADJ
primi/ADJ,grandi/ADJ,intellettuali/NOUN
linee/NOUN,aeree/ADJ,cubane/ADJ
tremenda/ADJ,pressione/NOUN,psicologica/ADJ
multiplo/ADJ,omicida/NOUN,americano/ADJ
editoria/NOUN,elettronica/ADJ,personale/ADJ
aziende/NOUN,grafiche/ADJ,editoriali/ADJ
editoria/NOUN,elettronica/ADJ,personale/ADJ
stesse/ADJ,società/NOUN,finanziarie/ADJ
preferenze/NOUN,elettorali/ADJ,personali/ADJ
piccola/ADJ,crisi/NOUN,muscolare/ADJ
nuovi/ADJ,cardiopatici/NOUN,ischemici/ADJ
rigorosa/ADJ,etica/NOUN,medica/ADJ
gigantesca/ADJ,rete/NOUN,pneumatica/ADJ
prime/ADJ,schede/NOUN,perforate/ADJ
agglomerato/NOUN,urbano/ADJ,singolarissimo/ADJ
vita/NOUN,politica/ADJ,italiana/ADJ
prevalente/ADJ,interesse/NOUN,pubblico/ADJ
adeguata/ADJ,sistemazione/NOUN,agraria/ADJ
altre/ADJ,leggi/NOUN,speciali/ADJ
Minima/ADJ,unità/NOUN,colturale/ADJ
minima/ADJ,unità/NOUN,colturale/ADJ
buona/ADJ,tecnica/NOUN,agraria/ADJ
minima/ADJ,unità/NOUN,colturale/ADJ
minima/ADJ,unità/NOUN,colturale/ADJ
situazione/NOUN,demografica/ADJ,locale/ADJ
minima/ADJ,unità/NOUN,colturale/ADJ
minima/ADJ,unità/NOUN,colturale/ADJ
maggiori/ADJ,unità/NOUN,fondiarie/ADJ
minima/ADJ,unità/NOUN,colturale/ADJ
minima/ADJ,unità/NOUN,colturale/ADJ
minima/ADJ,unità/NOUN,colturale/ADJ
minima/ADJ,unità/NOUN,colturale/ADJ
altri/ADJ,gravi/ADJ,rischi/NOUN
altri/ADJ,diritti/NOUN,reali/ADJ
altri/ADJ,diritti/NOUN,reali/ADJ
autorità/NOUN,giudiziaria/ADJ,ordinaria/ADJ
altri/ADJ,fini/NOUN,sociali/ADJ
successive/ADJ,leggi/NOUN,speciali/ADJ
persone/NOUN,giuridiche/ADJ,pubbliche/ADJ
persone/NOUN,giuridiche/ADJ,private/ADJ
vasta/ADJ,estensione/NOUN,territoriale/ADJ
persone/NOUN,giuridiche/ADJ,pubbliche/ADJ
condizioni/NOUN,igieniche/ADJ,locali/ADJ
particolare/ADJ,interesse/NOUN,ambientale/ADJ
regolamenti/NOUN,edilizi/ADJ,comunali/ADJ
altro/ADJ,muro/NOUN,isolato/ADJ
altre/ADJ,piante/NOUN,simili/ADJ
massimo/ADJ,godimento/NOUN,possibile/ADJ
adeguata/ADJ,sistemazione/NOUN,agraria/ADJ
altro/ADJ,limite/NOUN,legale/ADJ
fatto/NOUN,giuridico/ADJ,complesso/ADJ
c.d./ADJ,accessione/NOUN,invertita/ADJ
altro/ADJ,bene/NOUN,mobile/ADJ
valore/NOUN,economico/ADJ,maggiore/ADJ
destinazione/NOUN,funzionale/ADJ,maggiore/ADJ
grandi/ADJ,proprietari/NOUN,terrieri/ADJ
Clausola/NOUN,risolutiva/ADJ,espressa/ADJ
clausola/NOUN,risolutiva/ADJ,espressa/ADJ
altri/ADJ,incarichi/NOUN,inerenti/ADJ
altre/ADJ,opere/NOUN,simili/ADJ
minor/ADJ,danno/NOUN,possibile/ADJ
altri/ADJ,usi/NOUN,domestici/ADJ
vie/NOUN,funicolari/ADJ,aeree/ADJ
altra/ADJ,modificazione/NOUN,accessoria/ADJ
pari/ADJ,dignità/NOUN,sociale/ADJ
ordinamento/NOUN,giuridico/ADJ,italiano/ADJ
speciali/ADJ,limitazioni/NOUN,legislative/ADJ
speciali/ADJ,gravami/NOUN,fiscali/ADJ
determinato/ADJ,trattamento/NOUN,sanitario/ADJ
ferie/NOUN,annuali/ADJ,retribuite/ADJ
essenziale/ADJ,funzione/NOUN,familiare/ADJ
speciale/ADJ,adeguata/ADJ,protezione/NOUN
iniziativa/NOUN,economica/ADJ,privata/ADJ
servizi/NOUN,pubblici/ADJ,essenziali/ADJ
preminente/ADJ,interesse/NOUN,generale/ADJ
equi/ADJ,rapporti/NOUN,sociali/ADJ
proprietà/NOUN,terriera/ADJ,privata/ADJ
proprietà/NOUN,diretta/ADJ,coltivatrice/ADJ
grandi/ADJ,complessi/NOUN,produttivi/ADJ
funzioni/NOUN,pubbliche/ADJ,elettive/ADJ
ultimo/ADJ,censimento/NOUN,generale/ADJ
ultimo/ADJ,censimento/NOUN,generale/ADJ
brillante/ADJ,carriera/NOUN,militare/ADJ
serbo/ADJ,croato/ADJ,simbolo/NOUN
Seconda/ADJ,Guerra/NOUN,Mondiale/ADJ
organi/NOUN,giudiziari/ADJ,ordinari/ADJ
Comunità/NOUN,Democratica/ADJ,Croata/ADJ
provata/ADJ,condotta/NOUN,illecita/ADJ
rispettivi/ADJ,statuti/NOUN,speciali/ADJ
relative/ADJ,leggi/NOUN,elettorali/ADJ
enti/NOUN,pubblici/ADJ,nazionali/ADJ
polizia/NOUN,amministrativa/ADJ,locale/ADJ
atti/NOUN,normativi/ADJ,comunitari/ADJ
minore/ADJ,capacità/NOUN,fiscale/ADJ
altra/ADJ,Giunta/NOUN,regionale/ADJ
Consigli/NOUN,regionali/ADJ,interessati/ADJ
altre/ADJ,leggi/NOUN,costituzionali/ADJ
tribunale/NOUN,speciale/ADJ,fascista/ADJ
Tribunale/NOUN,supremo/ADJ,militare/ADJ
disciolto/ADJ,partito/NOUN,fascista/ADJ
precedenti/ADJ,leggi/NOUN,costituzionali/ADJ
statuti/NOUN,regionali/ADJ,speciali/ADJ
importanti/ADJ,impatti/NOUN,ambientali/ADJ
impatto/NOUN,ambientale/ADJ,complessivo/ADJ
impatto/NOUN,ambientale/ADJ,negativo/ADJ
unico/ADJ,ricorso/NOUN,possibile/ADJ
impatto/NOUN,ambientale/ADJ,complessivo/ADJ
sesto/ADJ,programma/NOUN,comunitario/ADJ
pertinenti/ADJ,strategie/NOUN,tematiche/ADJ
impatto/NOUN,ambientale/ADJ,potenziale/ADJ
altri/ADJ,utilizzatori/NOUN,finali/ADJ
solida/ADJ,attività/NOUN,economica/ADJ
nuove/ADJ,prove/NOUN,scientifiche/ADJ
sesto/ADJ,programma/NOUN,comunitario/ADJ
obiettivo/NOUN,ambientale/ADJ,prioritario/ADJ
particolari/ADJ,specifiche/NOUN,quantitative/ADJ
vigente/ADJ,legislazione/NOUN,nazionale/ADJ
attuali/ADJ,livelli/NOUN,giustificati/ADJ
pertinenti/ADJ,programmi/NOUN,comunitari/ADJ
pertinenti/ADJ,norme/NOUN,internazionali/ADJ
norme/NOUN,europee/ADJ,armonizzate/ADJ
esistenti/ADJ,strumenti/NOUN,comunitari/ADJ
strumenti/NOUN,comunitari/ADJ,vigenti/ADJ
uffici/NOUN,centrali/ADJ,nazionali/ADJ
seguenti/ADJ,conclusioni/NOUN,principali/ADJ
pertinente/ADJ,normativa/NOUN,comunitaria/ADJ
seguenti/ADJ,raccomandazioni/NOUN,principali/ADJ
riferimento/NOUN,finanziario/ADJ,iniziale/ADJ
banche/NOUN,centrali/ADJ,nazionali/ADJ
servizi/NOUN,segreti/ADJ,statunitensi/ADJ
rispettivi/ADJ,servizi/NOUN,specializzati/ADJ
altri/ADJ,programmi/NOUN,comunitari/ADJ
uffici/NOUN,centrali/ADJ,nazionali/ADJ
condizioni/NOUN,operative/ADJ,normali/ADJ
Seconda/ADJ,guerra/NOUN,mondiale/ADJ
organizzazioni/NOUN,criminali/ADJ,italiane/ADJ
procuratore/NOUN,nazionale/ADJ,antimafia/ADJ
servizio/NOUN,centrale/ADJ,operativo/ADJ
Seconda/ADJ,guerra/NOUN,mondiale/ADJ
commercio/NOUN,estero/ADJ,albanese/ADJ
seconda/ADJ,ondata/NOUN,migratoria/ADJ
altri/ADJ,traffici/NOUN,illegali/ADJ
bolla/NOUN,finanziaria/ADJ,albanese/ADJ
emigrante/NOUN,clandestino/ADJ,albanese/ADJ
altra/ADJ,pagina/NOUN,gloriosa/ADJ
prima/ADJ,grande/ADJ,manifestazione/NOUN
forti/ADJ,pressioni/NOUN,internazionali/ADJ
produzione/NOUN,media/ADJ,giornaliera/ADJ
piccoli/ADJ,risparmiatori/NOUN,truffati/ADJ
Prodotto/NOUN,interno/ADJ,lordo/ADJ
ultime/ADJ,società/NOUN,finanziarie/ADJ
schemi/NOUN,piramidali/ADJ,truffaldini/ADJ
inquietante/ADJ,mantra/NOUN,politico/ADJ
gruppi/NOUN,islamici/ADJ,radicali/ADJ
sollevazione/NOUN,popolare/ADJ,antiserba/ADJ
servizio/NOUN,segreto/ADJ,jugoslavo/ADJ
antichi/ADJ,demoni/NOUN,balcanici/ADJ
primo/ADJ,regime/NOUN,democratico/ADJ
reddito/NOUN,mensile/ADJ,pro-capite/ADJ
altre/ADJ,economie/NOUN,balcaniche/ADJ
maggior/ADJ,quotidiano/NOUN,albanese/ADJ
altro/ADJ,avvertimento/NOUN,pesante/ADJ
vecchio/ADJ,regime/NOUN,comunista/ADJ
Selvaggio/ADJ,Est/NOUN,albanese/ADJ
classe/NOUN,dirigente/ADJ,nuova/ADJ
primo/ADJ,progetto/NOUN,turistico/ADJ
primo/ADJ,partner/NOUN,commerciale/ADJ
aviazione/NOUN,militare/ADJ,italiana/ADJ
tantissimi/ADJ,operatori/NOUN,economici/ADJ
istituzioni/NOUN,finanziarie/ADJ,internazionali/ADJ
risanamento/NOUN,finanziario/ADJ,globale/ADJ
istituzioni/NOUN,finanziarie/ADJ,internazionali/ADJ
istituzioni/NOUN,finanziarie/ADJ,internazionali/ADJ
minimo/ADJ,possibile/ADJ,uso/NOUN
superiore/ADJ,autorità/NOUN,internazionale/ADJ
altro/ADJ,difficile/ADJ,focolaio/NOUN
nuove/ADJ,elezioni/NOUN,politiche/ADJ
serio/ADJ,controllo/NOUN,internazionale/ADJ
fragile/ADJ,stabilità/NOUN,regionale/ADJ
prima/ADJ,guerra/NOUN,mondiale/ADJ
altro/ADJ,fenomeno/NOUN,negativo/ADJ
disciolta/ADJ,polizia/NOUN,segreta/ADJ
risultati/NOUN,politici/ADJ,concreti/ADJ
sistema/NOUN,finanziario/ADJ,parallelo/ADJ
autentiche/ADJ,bandiere/NOUN,ideologiche/ADJ
altre/ADJ,iniziative/NOUN,simili/ADJ
polizia/NOUN,speciale/ADJ,antisommossa/ADJ
diverse/ADJ,società/NOUN,finanziarie/ADJ
Fondo/NOUN,monetario/ADJ,internazionale/ADJ
terza/ADJ,partita/NOUN,consecutiva/ADJ
male/NOUN,oscuro/ADJ,nerazzurro/ADJ
buon/ADJ,risultato/NOUN,personale/ADJ
forte/ADJ,valenza/NOUN,politica/ADJ
prossime/ADJ,elezioni/NOUN,politiche/ADJ
bella/ADJ,battaglia/NOUN,campale/ADJ
principali/ADJ,concorrenti/NOUN,internazionali/ADJ
Partito/NOUN,socialista/ADJ,austriaco/ADJ
lessico/NOUN,politico/ADJ,sovietico/ADJ
altra/ADJ,idea/NOUN,storica/ADJ
influenza/NOUN,politica/ADJ,reale/ADJ
altri/ADJ,parenti/NOUN,conviventi/ADJ
vecchia/ADJ,struttura/NOUN,patriarcale/ADJ
altri/ADJ,edifici/NOUN,contigui/ADJ
esperto/NOUN,economico/ADJ,politico/ADJ
grandi/ADJ,doti/NOUN,mentali/ADJ
medi/ADJ,centri/NOUN,abitati/ADJ
Reti/NOUN,immobiliari/ADJ,Estere/ADJ
traffico/NOUN,aereo/ADJ,europeo/ADJ
grande/ADJ,appuntamento/NOUN,europeo/ADJ
spiccate/ADJ,caratteristiche/NOUN,finanziarie/ADJ
ex/ADJ,ministro/NOUN,azzurro/ADJ
Sistema/NOUN,monetario/ADJ,europeo/ADJ
radicale/ADJ,cambiamento/NOUN,costruttivo/ADJ
Salone/NOUN,specializzato/ADJ,torinese/ADJ
sola/ADJ,trazione/NOUN,anteriore/ADJ
nucleo/NOUN,aziendale/ADJ,socialista/ADJ
troupe/NOUN,acrobatica/ADJ,ungherese/ADJ
tripli/ADJ,salti/NOUN,mortali/ADJ
sola/ADJ,anima/NOUN,viva/ADJ
II/ADJ,Settimana/NOUN,Micologica/ADJ
cosiddetto/ADJ,jazz/NOUN,californiano/ADJ
nuovo/ADJ,gruppo/NOUN,nominale/ADJ
nuovo/ADJ,primo/ADJ,segretario/NOUN
certo/ADJ,gioco/NOUN,illegale/ADJ
pallacanestro/NOUN,stellare/ADJ,statunitense/ADJ
altro/ADJ,grande/ADJ,maestro/NOUN
prime/ADJ,opere/NOUN,note/ADJ
moderno/ADJ,disegno/NOUN,tecnico/ADJ
grande/ADJ,interesse/NOUN,storico/ADJ
altra/ADJ,band/NOUN,svedese/ADJ
primo/ADJ,vero/ADJ,successo/NOUN
forti/ADJ,radici/NOUN,musicali/ADJ
cosiddetta/ADJ,portata/NOUN,strumentale/ADJ
oggetti/NOUN,metallici/ADJ,distanti/ADJ
primi/ADJ,radar/NOUN,italiani/ADJ
nuove/ADJ,esigenze/NOUN,difensive/ADJ
Seconda/ADJ,Guerra/NOUN,Mondiale/ADJ
cosiddetta/ADJ,guerra/NOUN,elettronica/ADJ
vero/ADJ,velivolo/NOUN,attaccante/ADJ
jamming/NOUN,meccanico/ADJ,accidentale/ADJ
stesso/ADJ,scenario/NOUN,operativo/ADJ
jamming/NOUN,elettronico/ADJ,accidentale/ADJ
diversi/ADJ,apparati/NOUN,trasmittenti/ADJ
seconda/ADJ,principale/ADJ,città/NOUN
importante/ADJ,centro/NOUN,industriale/ADJ
area/NOUN,verde/ADJ,alberata/ADJ
area/NOUN,verde/ADJ,circostante/ADJ
ultime/ADJ,linee/NOUN,serbe/ADJ
ala/NOUN,destra/ADJ,napoleonica/ADJ
Sacro/ADJ,Romano/ADJ,Impero/NOUN
particolare/ADJ,fenomeno/NOUN,atmosferico/ADJ
composti/NOUN,organici/ADJ,volatili/ADJ
composti/NOUN,organici/ADJ,volatili/ADJ
forte/ADJ,potere/NOUN,ossidante/ADJ
danni/NOUN,fogliari/ADJ,visibili/ADJ
linea/NOUN,ferroviaria/ADJ,suburbana/ADJ
caratteristico/ADJ,colore/NOUN,grigio/ADJ
nuove/ADJ,linee/NOUN,private/ADJ
seconda/ADJ,guerra/NOUN,mondiale/ADJ
importanti/ADJ,centri/NOUN,economici/ADJ
traffico/NOUN,pendolare/ADJ,ferroviario/ADJ
seconda/ADJ,guerra/NOUN,mondiale/ADJ
Ferrovie/NOUN,Nazionali/ADJ,Giapponesi/ADJ
ampio/ADJ,percorso/NOUN,metropolitano/ADJ
era/NOUN,spaziale/ADJ,italiana/ADJ
Aeronautica/NOUN,Militare/ADJ,Italiana/ADJ
attività/NOUN,aerospaziali/ADJ,italiane/ADJ
programma/NOUN,spaziale/ADJ,triennale/ADJ
Aeronautica/NOUN,Militare/ADJ,Italiana/ADJ
Commissione/NOUN,Spaziale/ADJ,Italiana/ADJ
Vice/ADJ,Presidente/NOUN,statunitense/ADJ
ingegneri/NOUN,aerospaziali/ADJ,italiani/ADJ
settima/ADJ,Assemblea/NOUN,Generale/ADJ
risultati/NOUN,scientifici/ADJ,preliminari/ADJ
Compagnia/NOUN,Italiana/ADJ,Aerospaziale/ADJ
satelliti/NOUN,scientifici/ADJ,statunitensi/ADJ
orbita/NOUN,equatoriale/ADJ,ellittica/ADJ
attività/NOUN,spaziali/ADJ,nazionali/ADJ
Piano/NOUN,Spaziale/ADJ,Nazionale/ADJ
centro/NOUN,spaziale/ADJ,italiano/ADJ
piani/NOUN,spaziali/ADJ,nazionali/ADJ
eclissi/NOUN,solare/ADJ,totale/ADJ
ceneri/NOUN,chiare/ADJ,impalpabili/ADJ
fibra/NOUN,tessile/ADJ,naturale/ADJ
elevata/ADJ,coibenza/NOUN,termica/ADJ
piccoli/ADJ,grani/NOUN,neri/ADJ
fibra/NOUN,tessile/ADJ,artificiale/ADJ
altra/ADJ,soda/NOUN,caustica/ADJ
altra/ADJ,forma/NOUN,appropriata/ADJ
altra/ADJ,forma/NOUN,appropriata/ADJ
eventuali/ADJ,spese/NOUN,supplementari/ADJ
organismo/NOUN,pubblico/ADJ,indipendente/ADJ
pubblica/ADJ,autorità/NOUN,competente/ADJ
altri/ADJ,elementi/NOUN,essenziali/ADJ
minor/ADJ,tempo/NOUN,possibile/ADJ
organi/NOUN,amministrativi/ADJ,competenti/ADJ
pratiche/NOUN,commerciali/ADJ,sleali/ADJ
unico/ADJ,divieto/NOUN,generale/ADJ
pratiche/NOUN,commerciali/ADJ,aggressive/ADJ
Siffatte/ADJ,azioni/NOUN,inibitorie/ADJ
pratiche/NOUN,commerciali/ADJ,sleali/ADJ
servizi/NOUN,finanziari/ADJ,connessi/ADJ
amministrazione/NOUN,postale/ADJ,competente/ADJ
autorità/NOUN,pubbliche/ADJ,analoghe/ADJ
tuta/NOUN,mimetica/ADJ,pulita/ADJ
adeguate/ADJ,regolamentazioni/NOUN,speciali/ADJ
operazione/NOUN,militare/ADJ,croata/ADJ
produzione/NOUN,tecnica/ADJ,moderna/ADJ
odiati/ADJ,nemici/NOUN,serbi/ADJ
Gigantesco/ADJ,esodo/NOUN,serbo/ADJ
piloti/NOUN,suicidi/ADJ,giapponesi/ADJ
Seconda/ADJ,Guerra/NOUN,Mondiale/ADJ
Seconda/ADJ,Guerra/NOUN,Mondiale/ADJ
partito/NOUN,separatista/ADJ,curdo/ADJ
Fondo/NOUN,Monetario/ADJ,Internazionale/ADJ
prima/ADJ,vaccinazione/NOUN,sintetica/ADJ
prime/ADJ,elezioni/NOUN,multirazziali/ADJ
primo/ADJ,ministro/NOUN,bavarese/ADJ
primo/ADJ,ministro/NOUN,ruandese/ADJ
vecchia/ADJ,valuta/NOUN,argentina/ADJ
primo/ADJ,ministro/NOUN,russo/ADJ
comunicazione/NOUN,digitale/ADJ,mobile/ADJ
rivoluzione/NOUN,islamica/ADJ,iraniana/ADJ
primo/ADJ,ministro/NOUN,ucraino/ADJ
nuovo/ADJ,presidente/NOUN,ruandese/ADJ
unico/ADJ,quotidiano/NOUN,indipendente/ADJ
Gran/ADJ,premio/NOUN,speciale/ADJ
ultimo/ADJ,censimento/NOUN,anteguerra/ADJ
Caschi/NOUN,blu/ADJ,danesi/ADJ
prima/ADJ,bomba/NOUN,atomica/ADJ
enorme/ADJ,tragedia/NOUN,umana/ADJ
prima/ADJ,bomba/NOUN,atomica/ADJ
sottomarino/NOUN,nucleare/ADJ,francese/ADJ
ex/ADJ,presidente/NOUN,francese/ADJ
moneta/NOUN,nazionale/ADJ,cinese/ADJ
prime/ADJ,elezioni/NOUN,politiche/ADJ
gruppo/NOUN,religioso/ADJ,giapponese/ADJ
emittente/NOUN,radiofonica/ADJ,cristiana/ADJ
Primo/ADJ,Ministro/NOUN,giapponese/ADJ
altra/ADJ,squadra/NOUN,ufficiale/ADJ
terzo/ADJ,maggiore/ADJ,esportatore/NOUN
giovani/NOUN,ventenni/ADJ,croati/ADJ
politico/NOUN,comunista/ADJ,cinese/ADJ
prima/ADJ,navicella/NOUN,spaziale/ADJ
corte/NOUN,suprema/ADJ,statunitense/ADJ
base/NOUN,aereonautica/ADJ,militare/ADJ
Chiesa/NOUN,serbo/ADJ,ortodossa/ADJ
prima/ADJ,serie/NOUN,televisiva/ADJ
famoso/ADJ,poeta/NOUN,spagnolo/ADJ
zone/NOUN,cosiddette/ADJ,protette/ADJ
prima/ADJ,bomba/NOUN,atomica/ADJ
II/ADJ,Guerra/NOUN,Mondiale/ADJ
base/NOUN,militare/ADJ,statunitense/ADJ
flotta/NOUN,militare/ADJ,spagnola/ADJ
momentanea/ADJ,debolezza/NOUN,militare/ADJ
fiore/NOUN,nazionale/ADJ,australiano/ADJ
primo/ADJ,faro/NOUN,americano/ADJ
principale/ADJ,settore/NOUN,industriale/ADJ
famoso/ADJ,pezzo/NOUN,comico/ADJ
Whole/ADJ,Lotta/ADJ,Love/NOUN
forze/NOUN,serbo/ADJ,bosniache/ADJ
gruppi/NOUN,sanguigni/ADJ,umani/ADJ
mezze/ADJ,pesche/NOUN,affogate/ADJ
guerra/NOUN,civile/ADJ,statunitense/ADJ
Prima/ADJ,Guerra/NOUN,Mondiale/ADJ
pietra/NOUN,miliare/ADJ,americana/ADJ
squadra/NOUN,nazionale/ADJ,neozelandese/ADJ
grandi/ADJ,tenori/NOUN,lirici/ADJ
tortore/NOUN,luttuose/ADJ,americane/ADJ
sonda/NOUN,spaziale/ADJ,priva/ADJ
dipendenti/NOUN,pubblici/ADJ,statunitensi/ADJ
prima/ADJ,macchina/NOUN,fotografica/ADJ
forze/NOUN,armate/ADJ,croate/ADJ
base/NOUN,militare/ADJ,statunitense/ADJ
forze/NOUN,armate/ADJ,israeliane/ADJ
primo/ADJ,monumento/NOUN,nazionale/ADJ
orchestre/NOUN,sinfoniche/ADJ,giovanili/ADJ
prima/ADJ,patatina/NOUN,fritta/ADJ
governo/NOUN,federale/ADJ,australiano/ADJ
nuova/ADJ,bufera/NOUN,giudiziaria/ADJ
ex/ADJ,direttore/NOUN,commerciale/ADJ
Direzione/NOUN,Distrettuale/ADJ,Antimafia/ADJ
ex/ADJ,fabbrica/NOUN,occupata/ADJ
ex/ADJ,direttore/NOUN,generale/ADJ
consigliere/NOUN,comunale/ADJ,leghista/ADJ
lesioni/NOUN,emorragiche/ADJ,bilaterali/ADJ
ex/ADJ,ferrarista/NOUN,tedesco/ADJ
coma/NOUN,farmacologico/ADJ,artificiale/ADJ
perfetta/ADJ,forma/NOUN,fisica/ADJ
ultimi/ADJ,bollettini/NOUN,medici/ADJ
secondo/ADJ,viaggio/NOUN,internazionale/ADJ
secondo/ADJ,viaggio/NOUN,internazionale/ADJ
attuale/ADJ,contratto/NOUN,collettivo/ADJ
serena/ADJ,atmosfera/NOUN,reclamata/ADJ
algida/ADJ,ottica/NOUN,pacifista/ADJ
altre/ADJ,leggi/NOUN,applicabili/ADJ
altre/ADJ,opere/NOUN,preesistenti/ADJ
altre/ADJ,leggi/NOUN,applicabili/ADJ
trasmissione/NOUN,audio/ADJ,digitale/ADJ
opera/NOUN,derivata/ADJ,stessa/ADJ
maniera/NOUN,ragionevole/ADJ,possibile/ADJ
altra/ADJ,disposizione/NOUN,addizionale/ADJ
altro/ADJ,marchio/NOUN,correlato/ADJ
preventivo/ADJ,consenso/NOUN,scritto/ADJ
altre/ADJ,morti/NOUN,violente/ADJ
principio/NOUN,giuridico/ADJ,fondamentale/ADJ
ultima/ADJ,seduta/NOUN,plenaria/ADJ
canali/NOUN,televisivi/ADJ,disponibili/ADJ
veri/ADJ,piatti/NOUN,italiani/ADJ
eventuali/ADJ,dichiarazioni/NOUN,complementari/ADJ
enorme/ADJ,sforzo/NOUN,finanziario/ADJ
vie/NOUN,navigabili/ADJ,interne/ADJ
prodotto/NOUN,interno/ADJ,lordo/ADJ
opinione/NOUN,pubblica/ADJ,americana/ADJ
cosiddette/ADJ,storie/NOUN,vere/ADJ
nuovi/ADJ,oneri/NOUN,finanziari/ADJ
interventi/NOUN,chirurgici/ADJ,geniali/ADJ
vivaci/ADJ,avventure/NOUN,familiari/ADJ
vigorosi/ADJ,drammi/NOUN,sociali/ADJ
contratti/NOUN,future/ADJ,americani/ADJ
basso/ADJ,contenuto/NOUN,tecnologico/ADJ
sviluppo/NOUN,economico/ADJ,maggiore/ADJ
esercito/NOUN,multietnico/ADJ,achemenide/ADJ
prima/ADJ,casa/NOUN,cinematografica/ADJ
vento/NOUN,stagionale/ADJ,prevalente/ADJ
storia/NOUN,linguistica/ADJ,differente/ADJ
forze/NOUN,tettoniche/ADJ,globali/ADJ
religione/NOUN,africana/ADJ,tradizionale/ADJ
forte/ADJ,vino/NOUN,fruttato/ADJ
opinione/NOUN,pubblica/ADJ,danese/ADJ
caratteristiche/NOUN,topografiche/ADJ,prominenti/ADJ
maggiori/ADJ,fiumi/NOUN,europei/ADJ
tardo/ADJ,XV/ADJ,secolo/NOUN
nome/NOUN,alternativo/ADJ,comune/ADJ
secondo/ADJ,parco/NOUN,nazionale/ADJ
primo/ADJ,elemento/NOUN,fondamentale/ADJ
errore/NOUN,tattico/ADJ,considerevole/ADJ
prima/ADJ,relazione/NOUN,accademica/ADJ
ambasciatori/NOUN,cinesi/ADJ,incompetenti/ADJ
grande/ADJ,vasca/NOUN,quadrata/ADJ
relativo/ADJ,animale/NOUN,zodiacale/ADJ
show/NOUN,televisivo/ADJ,giapponese/ADJ
confine/NOUN,orientale/ADJ,macedone/ADJ
grande/ADJ,armata/NOUN,macedone/ADJ
forte/ADJ,crescita/NOUN,economica/ADJ
redditizie/ADJ,rotte/NOUN,commerciali/ADJ
considerevole/ADJ,conto/NOUN,bancario/ADJ
buoni/ADJ,terreni/NOUN,agricoli/ADJ
seconda/ADJ,guerra/NOUN,messenica/ADJ
cavalleria/NOUN,pesante/ADJ,britannica/ADJ
alta/ADJ,risoluzione/NOUN,angolare/ADJ
testi/NOUN,preistorici/ADJ,mesoamericani/ADJ
successivo/ADJ,ciclo/NOUN,elettorale/ADJ
primo/ADJ,presidente/NOUN,statunitense/ADJ
imminente/ADJ,terzo/ADJ,album/NOUN
sottile/ADJ,barra/NOUN,touch/ADJ
servizi/NOUN,segreti/ADJ,russi/ADJ
contraccezione/NOUN,ormonale/ADJ,maschile/ADJ
miglior/ADJ,caso/NOUN,possibile/ADJ
contraccezione/NOUN,ormonale/ADJ,maschile/ADJ
profonde/ADJ,credenze/NOUN,religiose/ADJ
energia/NOUN,eolica/ADJ,offshore/ADJ
principale/ADJ,fonte/NOUN,energetica/ADJ
Patrimonio/NOUN,Naturale/ADJ,Nazionale/ADJ
quarta/ADJ,azienda/NOUN,americana/ADJ
vecchie/ADJ,potenze/NOUN,coloniali/ADJ
primi/ADJ,testi/NOUN,greci/ADJ
piccole/ADJ,comunità/NOUN,autogovernate/ADJ
piccoli/ADJ,territori/NOUN,autogovernati/ADJ
corposo/ADJ,allevamento/NOUN,reale/ADJ
esercito/NOUN,rivoluzionario/ADJ,francese/ADJ
prima/ADJ,età/NOUN,moderna/ADJ
grandi/ADJ,centri/NOUN,finanziari/ADJ
schemi/NOUN,pensionistici/ADJ,pubblici/ADJ
miglior/ADJ,strigliata/NOUN,possibile/ADJ
forma/NOUN,letteraria/ADJ,democratica/ADJ
nuovi/ADJ,approcci/NOUN,critici/ADJ
tardo/ADJ,diciannovesimo/ADJ,secolo/NOUN
politiche/NOUN,nazionali/ADJ,sussidiarie/ADJ
grandi/ADJ,demolitori/NOUN,molecolari/ADJ
membrane/NOUN,neurologiche/ADJ,estese/ADJ
forte/ADJ,impegno/NOUN,politico/ADJ
vera/ADJ,unione/NOUN,fiscale/ADJ
linee/NOUN,direttrici/ADJ,specifiche/ADJ
rispettive/ADJ,norme/NOUN,costituzionali/ADJ
anno/NOUN,civile/ADJ,completo/ADJ
piccoli/ADJ,investimenti/NOUN,limitati/ADJ
primo/ADJ,giorno/NOUN,lavorativo/ADJ
terribile/ADJ,incidente/NOUN,ferroviario/ADJ
vie/NOUN,navigabili/ADJ,interne/ADJ
sistemi/NOUN,tributari/ADJ,nazionali/ADJ
vero/ADJ,vantaggio/NOUN,comparativo/ADJ
contributo/NOUN,sociale/ADJ,netto/ADJ
pesanti/ADJ,costi/NOUN,fiscali/ADJ
recenti/ADJ,innovazioni/NOUN,tecnologiche/ADJ
recenti/ADJ,innovazioni/NOUN,tecnologiche/ADJ
adeguata/ADJ,nutrizione/NOUN,materna/ADJ
carenze/NOUN,nutrizionali/ADJ,specifiche/ADJ
primo/ADJ,ministro/NOUN,pakistano/ADJ
scelte/NOUN,nutrizionali/ADJ,corrette/ADJ
forte/ADJ,sostegno/NOUN,interno/ADJ
ultimo/ADJ,mezzo/ADJ,secolo/NOUN
settori/NOUN,economici/ADJ,vitali/ADJ
crescita/NOUN,economica/ADJ,sostenuta/ADJ
maggiore/ADJ,partecipazione/NOUN,femminile/ADJ
primo/ADJ,ministro/NOUN,giapponese/ADJ
settore/NOUN,agricolo/ADJ,africano/ADJ
stessi/ADJ,fattori/NOUN,produttivi/ADJ
partner/NOUN,economici/ADJ,essenziali/ADJ
settore/NOUN,agricolo/ADJ,africano/ADJ
Fondo/NOUN,Monetario/ADJ,Internazionale/ADJ
cooperazione/NOUN,economica/ADJ,internazionale/ADJ
altri/ADJ,grandi/ADJ,paesi/NOUN
dimensione/NOUN,personale/ADJ,scabrosa/ADJ
seconda/ADJ,guerra/NOUN,mondiale/ADJ
accorta/ADJ,tattica/NOUN,legislativa/ADJ
fondo/NOUN,monetario/ADJ,internazionale/ADJ
vero/ADJ,sacrificio/NOUN,economico/ADJ
territorio/NOUN,sovrano/ADJ,ucraino/ADJ
nuove/ADJ,unità/NOUN,federali/ADJ
nuovo/ADJ,ordine/NOUN,costituzionale/ADJ
ingegneria/NOUN,genetica/ADJ,molecolare/ADJ
seconda/ADJ,guerra/NOUN,mondiale/ADJ
maggiore/ADJ,solidarietà/NOUN,europea/ADJ
unione/NOUN,fiscale/ADJ,clandestina/ADJ
corte/NOUN,costituzionale/ADJ,tedesca/ADJ
dubbio/ADJ,valore/NOUN,economico/ADJ
attuale/ADJ,tregua/NOUN,economica/ADJ
antica/ADJ,nobile/ADJ,famiglia/NOUN
stessa/ADJ,dura/ADJ,etica/NOUN
diffuso/ADJ,sostegno/NOUN,popolare/ADJ
duri/ADJ,sforzi/NOUN,economici/ADJ
ampio/ADJ,arco/NOUN,temporale/ADJ
sola/ADJ,pausa/NOUN,intermedia/ADJ
ricco/ADJ,possidente/NOUN,polacco/ADJ
grave/ADJ,scompenso/NOUN,cardiaco/ADJ
maggior/ADJ,intensità/NOUN,vitale/ADJ
profonde/ADJ,riflessioni/NOUN,personali/ADJ
eventuali/ADJ,dichiarazioni/NOUN,complementari/ADJ
consapevole/ADJ,preferenza/NOUN,stilistica/ADJ
lunghi/ADJ,poemi/NOUN,narrativi/ADJ
prime/ADJ,opere/NOUN,teatrali/ADJ
autori/NOUN,classici/ADJ,latini/ADJ
proprietario/NOUN,terriero/ADJ,cattolico/ADJ
altisonanti/ADJ,versi/NOUN,giambici/ADJ
principale/ADJ,compagnia/NOUN,teatrale/ADJ
enorme/ADJ,sforzo/NOUN,finanziario/ADJ
primo/ADJ,figlio/NOUN,maschio/ADJ
linea/NOUN,ereditaria/ADJ,diretta/ADJ
secondo/ADJ,letto/NOUN,migliore/ADJ
primi/ADJ,drammi/NOUN,storici/ADJ
primi/ADJ,drammi/NOUN,storici/ADJ
altri/ADJ,drammatughi/NOUN,elisabettiani/ADJ
intricate/ADJ,doppie/ADJ,trame/NOUN
precise/ADJ,sequenze/NOUN,comiche/ADJ
prime/ADJ,commedie/NOUN,classiche/ADJ
vendicativo/ADJ,usuraio/NOUN,ebreo/ADJ
intensa/ADJ,sessualità/NOUN,adolescenziale/ADJ
famosa/ADJ,tragedia/NOUN,romantica/ADJ
altro/ADJ,personaggio/NOUN,shakespeariano/ADJ
troupe/NOUN,teatrali/ADJ,differenti/ADJ
fastose/ADJ,maschere/NOUN,giacobite/ADJ
noto/ADJ,attore/NOUN,comico/ADJ
terzo/ADJ,poema/NOUN,narrativo/ADJ
vie/NOUN,navigabili/ADJ,interne/ADJ
prime/ADJ,opere/NOUN,teatrali/ADJ
teatro/NOUN,morale/ADJ,medievale/ADJ
trasmissione/NOUN,audio/ADJ,digitale/ADJ
prime/ADJ,opere/NOUN,teatrali/ADJ
ultimo/ADJ,stile/NOUN,poetico/ADJ
ultime/ADJ,opere/NOUN,teatrali/ADJ
suddetta/ADJ,posizione/NOUN,comune/ADJ
classico/ADJ,eroe/NOUN,tragico/ADJ
artista/NOUN,svizzero/ADJ,romantico/ADJ
primo/ADJ,lavoro/NOUN,serio/ADJ
altri/ADJ,studi/NOUN,bizzarri/ADJ
mezzi/NOUN,finanziari/ADJ,sufficienti/ADJ
leggero/ADJ,vantaggio/NOUN,concorrenziale/ADJ
vie/NOUN,navigabili/ADJ,interne/ADJ
prescrizioni/NOUN,minime/ADJ,applicabili/ADJ
disposizioni/NOUN,legislative/ADJ,nazionali/ADJ
buon/ADJ,nuovo/ADJ,millennio/NOUN
massimo/ADJ,grado/NOUN,possibile/ADJ
intero/ADJ,tessuto/NOUN,economico/ADJ
tessuto/NOUN,economico/ADJ,locale/ADJ
maggior/ADJ,sostegno/NOUN,finanziario/ADJ
risorse/NOUN,energetiche/ADJ,rinnovabili/ADJ
fondo/NOUN,sociale/ADJ,europeo/ADJ
fondo/NOUN,sociale/ADJ,europeo/ADJ
altri/ADJ,gruppi/NOUN,politici/ADJ
alto/ADJ,contenuto/NOUN,tecnologico/ADJ
prodotto/NOUN,interno/ADJ,lordo/ADJ
progetti/NOUN,infrastrutturali/ADJ,essenziali/ADJ
Fondo/NOUN,sociale/ADJ,europeo/ADJ
maniera/NOUN,ragionevole/ADJ,possibile/ADJ
fondi/NOUN,strutturali/ADJ,disponibili/ADJ
campagne/NOUN,pubblicitarie/ADJ,standard/ADJ
importanti/ADJ,impatti/NOUN,ambientali/ADJ
impatto/NOUN,ambientale/ADJ,complessivo/ADJ
impatto/NOUN,ambientale/ADJ,negativo/ADJ
impatto/NOUN,ambientale/ADJ,complessivo/ADJ
sesto/ADJ,programma/NOUN,comunitario/ADJ
pertinenti/ADJ,strategie/NOUN,tematiche/ADJ
impatto/NOUN,ambientale/ADJ,potenziale/ADJ
altri/ADJ,utilizzatori/NOUN,finali/ADJ
solida/ADJ,attività/NOUN,economica/ADJ
nuove/ADJ,prove/NOUN,scientifiche/ADJ
sesto/ADJ,programma/NOUN,comunitario/ADJ
obiettivo/NOUN,ambientale/ADJ,prioritario/ADJ
particolari/ADJ,specifiche/NOUN,quantitative/ADJ
altra/ADJ,disposizione/NOUN,addizionale/ADJ
attuali/ADJ,livelli/NOUN,giustificati/ADJ
pertinenti/ADJ,programmi/NOUN,comunitari/ADJ
pertinenti/ADJ,norme/NOUN,internazionali/ADJ
altre/ADJ,leggi/NOUN,applicabili/ADJ
uffici/NOUN,centrali/ADJ,nazionali/ADJ
seguenti/ADJ,conclusioni/NOUN,principali/ADJ
seguenti/ADJ,raccomandazioni/NOUN,principali/ADJ
riferimento/NOUN,finanziario/ADJ,iniziale/ADJ
banche/NOUN,centrali/ADJ,nazionali/ADJ
servizi/NOUN,segreti/ADJ,statunitensi/ADJ
rispettivi/ADJ,servizi/NOUN,specializzati/ADJ
altri/ADJ,programmi/NOUN,comunitari/ADJ
diritti/NOUN,umani/ADJ,fondamentali/ADJ
presente/ADJ,dichiarazione/NOUN,universale/ADJ
altre/ADJ,morti/NOUN,violente/ADJ
servizi/NOUN,sociali/ADJ,necessari/ADJ
stessa/ADJ,protezione/NOUN,sociale/ADJ
principio/NOUN,giuridico/ADJ,fondamentale/ADJ
catena/NOUN,alimentare/ADJ,oceanica/ADJ
grande/ADJ,scoperta/NOUN,scientifica/ADJ
mercati/NOUN,finanziari/ADJ,globali/ADJ
necessari/ADJ,allineamenti/NOUN,valutari/ADJ
coordinamento/NOUN,economico/ADJ,globale/ADJ
cosiddetto/ADJ,quantitative/ADJ,easing/NOUN
massicci/ADJ,acquisti/NOUN,mensili/ADJ
scelte/NOUN,politiche/ADJ,giuste/ADJ
forti/ADJ,controlli/NOUN,prudenziali/ADJ
nuove/ADJ,aziende/NOUN,locali/ADJ
investimenti/NOUN,diretti/ADJ,stranieri/ADJ
investimenti/NOUN,diretti/ADJ,stranieri/ADJ
investimenti/NOUN,diretti/ADJ,stranieri/ADJ
investimenti/NOUN,diretti/ADJ,stranieri/ADJ
investimenti/NOUN,diretti/ADJ,stranieri/ADJ
proprietà/NOUN,intellettuale/ADJ,farmaceutica/ADJ
ultima/ADJ,seduta/NOUN,plenaria/ADJ
rete/NOUN,previdenziale/ADJ,pubblica/ADJ
business/NOUN,finanziari/ADJ,globali/ADJ
enorme/ADJ,centro/NOUN,finanziario/ADJ
centro/NOUN,finanziario/ADJ,globale/ADJ
sistema/NOUN,finanziario/ADJ,globale/ADJ
settori/NOUN,creativi/ADJ,inglesi/ADJ
severi/ADJ,costi/NOUN,sociali/ADJ
complessi/ADJ,modelli/NOUN,matematici/ADJ
altro/ADJ,effetto/NOUN,interessante/ADJ
importante/ADJ,insurrezione/NOUN,popolare/ADJ
fondo/NOUN,monetario/ADJ,internazionale/ADJ
istituzioni/NOUN,democratiche/ADJ,forti/ADJ
investimenti/NOUN,diretti/ADJ,esteri/ADJ
seconda/ADJ,guerra/NOUN,mondiale/ADJ
smisurate/ADJ,garanzie/NOUN,pubbliche/ADJ
altre/ADJ,delusioni/NOUN,future/ADJ
vivace/ADJ,settore/NOUN,manifatturiero/ADJ
miracolosa/ADJ,crescita/NOUN,cinese/ADJ
vorace/ADJ,domanda/NOUN,cinese/ADJ
crisi/NOUN,finanziaria/ADJ,asiatica/ADJ
ribilanciamento/NOUN,politico/ADJ,periodico/ADJ
economia/NOUN,capitalista/ADJ,pacifica/ADJ
potenziali/ADJ,sconvolgimenti/NOUN,geopolitici/ADJ
significativo/ADJ,impatto/NOUN,negativo/ADJ
stipendi/NOUN,parlamentari/ADJ,invariati/ADJ
I/ADJ,notizia/NOUN,positiva/ADJ
unica/ADJ,soluzione/NOUN,plausibile/ADJ
vantaggio/NOUN,fiscale/ADJ,indebito/ADJ
forze/NOUN,politiche/ADJ,opposte/ADJ
primi/ADJ,incoraggianti/ADJ,passi/NOUN
ospedali/NOUN,psichiatrici/ADJ,giudiziari/ADJ
futura/ADJ,compagine/NOUN,ministeriale/ADJ
miglior/ADJ,data/NOUN,italiana/ADJ
borghese/NOUN,piccolo/ADJ,piccolo/ADJ
Grande/ADJ,Golpe/NOUN,Globale/ADJ
unica/ADJ,forza/NOUN,politica/ADJ
comunicazione/NOUN,aumentativa/ADJ,alternativa/ADJ
inutile/ADJ,accanimento/NOUN,terapeutico/ADJ
unica/ADJ,opposizione/NOUN,credibile/ADJ
classica/ADJ,giornata/NOUN,uggiosa/ADJ
unica/ADJ,possibile/ADJ,alternativa/NOUN
indiscusso/ADJ,valore/NOUN,professionale/ADJ
consolidamento/NOUN,fiscale/ADJ,sostenibile/ADJ
riga/NOUN,laterale/ADJ,tattica/ADJ
unica/ADJ,novità/NOUN,positiva/ADJ
attuale/ADJ,classe/NOUN,politica/ADJ
nuovo/ADJ,illustrissimo/ADJ,collega/NOUN
unica/ADJ,alternativa/NOUN,possibile/ADJ
attuale/ADJ,classe/NOUN,politica/ADJ
forze/NOUN,politiche/ADJ,opposte/ADJ
Ottima/ADJ,mossa/NOUN,politica/ADJ
1°/ADJ,impegno/NOUN,nazionale/ADJ
pieno/ADJ,stile/NOUN,sovietico/ADJ
gran/ADJ,bella/ADJ,lettera/NOUN
acqua/NOUN,pubblica/ADJ,pugliese/ADJ
Grande/ADJ,Golpe/NOUN,Globale/ADJ
minor/ADJ,danno/NOUN,possibile/ADJ
mezza/ADJ,cosa/NOUN,buona/ADJ
bel/ADJ,sorriso/NOUN,strafottente/ADJ
primo/ADJ,figlio/NOUN,maschio/ADJ
estreme/ADJ,periferie/NOUN,romane/ADJ
opinione/NOUN,pubblica/ADJ,internazionale/ADJ
giovani/ADJ,agricoltori/NOUN,italiani/ADJ
nuova/ADJ,cifra/NOUN,comunicativa/ADJ
nuova/ADJ,legge/NOUN,elettorale/ADJ
generose/ADJ,cugine/NOUN,pompinare/ADJ
Grande/ADJ,Golpe/NOUN,Globale/ADJ
primo/ADJ,vero/ADJ,effetto/NOUN
gran/ADJ,parte/NOUN,giusto/ADJ
primo/ADJ,vero/ADJ,successo/NOUN
grande/ADJ,oriente/NOUN,democrat/ADJ
ragionevole/ADJ,punto/NOUN,programmatico/ADJ
primo/ADJ,ministro/NOUN,somalo/ADJ
Prima/ADJ,Cocente/ADJ,Delusione/NOUN
unica/ADJ,domanda/NOUN,velenosa/ADJ
unico/ADJ,miracolo/NOUN,natalizio/ADJ
rischio/NOUN,sociale/ADJ,alto/ADJ
linguaggio/NOUN,politico/ADJ,populista/ADJ
Primi/ADJ,effetti/NOUN,positivi/ADJ
vera/ADJ,tragedia/NOUN,italiana/ADJ
primo/ADJ,effetto/NOUN,positivo/ADJ
aggregatore/NOUN,nazionale/ADJ,generazionale/ADJ
forza/NOUN,territoriale/ADJ,separatista/ADJ
felicità/NOUN,interna/ADJ,lorda/ADJ
caritatevolissima/ADJ,chiesa/NOUN,cattolica/ADJ
super/ADJ,mega/ADJ,servizio/NOUN
occhi/NOUN,diversi/ADJ,Invisibili/ADJ
prima/ADJ,cosa/NOUN,seria/ADJ
INUTILE/ADJ,MISSIONE/NOUN,ITALIANA/ADJ
Piccole/ADJ,cose/NOUN,positive/ADJ
Ospedali/NOUN,psichiatrici/ADJ,giudiziari/ADJ
precedenti/ADJ,governi/NOUN,tecnici/ADJ
1°/ADJ,video/NOUN,singolo/ADJ
nuova/ADJ,squadra/NOUN,Italiana/ADJ
trasporto/NOUN,pubblico/ADJ,locale/ADJ
primaveretta/NOUN,caldino/ADJ,caldino/ADJ
incidente/NOUN,tecnico/ADJ,positivo/ADJ
piccola/ADJ,orrenda/ADJ,città/NOUN
nuova/ADJ,piatt./NOUN,polit./ADJ
unica/ADJ,persona/NOUN,seria/ADJ
sistema/NOUN,mondiale/ADJ,bancario/ADJ
nuova/ADJ,linea/NOUN,ferroviaria/ADJ
primo/ADJ,breve/ADJ,discorso/NOUN
sola/ADJ,cosa/NOUN,positiva/ADJ
unica/ADJ,domanda/NOUN,dura/ADJ
segnali/NOUN,operativi/ADJ,validi/ADJ
bel/ADJ,lavaggio/NOUN,collettivo/ADJ
Vecchia/ADJ,campagna/NOUN,reazionaria/ADJ
migliore/ADJ,domenica/NOUN,possibile/ADJ
seconda/ADJ,bellissima/ADJ,notizia/NOUN
delicata/ADJ,situazione/NOUN,attuale/ADJ
terza/ADJ,forza/NOUN,politica/ADJ
drammatica/ADJ,crisi/NOUN,economica/ADJ
unica/ADJ,cosa/NOUN,buona/ADJ
fantastico/ADJ,doppio/ADJ,senso/NOUN
nuova/ADJ,società/NOUN,civile/ADJ
gran/ADJ,bel/ADJ,governo/NOUN
ex/ADJ,feudo/NOUN,leghista/ADJ
cattolicissimo/ADJ,Governo/NOUN,golpista/ADJ
sorrisi/NOUN,finto/ADJ,rassicuranti/ADJ
Grande/ADJ,Golpe/NOUN,Globale/ADJ
solo/ADJ,punto/NOUN,programmatico/ADJ
unica/ADJ,forza/NOUN,politica/ADJ
complotto/NOUN,tecno/ADJ,massonico/ADJ
situazione/NOUN,economica/ADJ,migliore/ADJ
gran/ADJ,bel/ADJ,libro/NOUN
altri/ADJ,hashtag/NOUN,renziani/ADJ
miglior/ADJ,sito/NOUN,umoristico/ADJ
solita/ADJ,efficienza/NOUN,tedesca/ADJ
cintura/NOUN,esplosiva/ADJ,finta/ADJ
riga/NOUN,laterale/ADJ,tattica/ADJ
bel/ADJ,pidieffone/NOUN,statico/ADJ
buona/ADJ,scuola/NOUN,renziana/ADJ
autoreferenzialità/NOUN,iperpositiva/ADJ,spicciola/ADJ
unica/ADJ,scuola/NOUN,buona/ADJ
nuovi/ADJ,lubrificanti/NOUN,inodori/ADJ
nessun/ADJ,progetto/NOUN,concreto/ADJ
unico/ADJ,miracolo/NOUN,natalizio/ADJ
unica/ADJ,cosa/NOUN,buona/ADJ
complotto/NOUN,tecno/ADJ,massonico/ADJ
generose/ADJ,cugine/NOUN,pompinare/ADJ
ragionevole/ADJ,punto/NOUN,programmatico/ADJ
unico/ADJ,grande/ADJ,collegio/NOUN
nuovo/ADJ,sapere/NOUN,italiano/ADJ
buon/ADJ,primo/ADJ,giorno/NOUN
primo/ADJ,vero/ADJ,effetto/NOUN
nuovo/ADJ,asse/NOUN,riformatore/ADJ
prof/NOUN,precari/ADJ,meridionali/ADJ
gran/ADJ,bel/ADJ,governo/NOUN
primo/ADJ,aereo/NOUN,italiano/ADJ
precarie/ADJ,condizioni/NOUN,igieniche/ADJ
comune/ADJ,matrice/NOUN,originaria/ADJ
principali/ADJ,marche/NOUN,mondiali/ADJ
solo/ADJ,voto/NOUN,contrario/ADJ
elevato/ADJ,livello/NOUN,internazionale/ADJ
gran/ADJ,campionato/NOUN,mondiale/ADJ
ingegnere/NOUN,elettrotecnico/ADJ,francese/ADJ
esibizioni/NOUN,scientifico/ADJ,religiose/ADJ
politici/NOUN,democristiani/ADJ,abruzzesi/ADJ
comitato/NOUN,scientifico/ADJ,internazionale/ADJ
immediate/ADJ,ricadute/NOUN,applicative/ADJ
forza/NOUN,nucleare/ADJ,debole/ADJ
altri/ADJ,apporti/NOUN,determinanti/ADJ
forza/NOUN,nucleare/ADJ,forte/ADJ
fisici/NOUN,sperimentali/ADJ,italiani/ADJ
notevole/ADJ,successo/NOUN,internazionale/ADJ
fisico/NOUN,tedesco/ADJ,americano/ADJ
elementi/NOUN,chimici/ADJ,conosciuti/ADJ
prime/ADJ,informazioni/NOUN,dirette/ADJ
diverse/ADJ,reazioni/NOUN,subnucleari/ADJ
media/ADJ,azienda/NOUN,americana/ADJ
altri/ADJ,fisici/NOUN,italiani/ADJ
precedente/ADJ,settimo/ADJ,comma/NOUN
citato/ADJ,primo/ADJ,comma/NOUN
dotazioni/NOUN,organiche/ADJ,aggiuntive/ADJ
succitato/ADJ,secondo/ADJ,comma/NOUN
ulteriori/ADJ,trasferimenti/NOUN,interprovinciali/ADJ
precedente/ADJ,quinto/ADJ,comma/NOUN
ente/NOUN,pubblico/ADJ,ospedaliero/ADJ
precedente/ADJ,comma/NOUN,terzo/ADJ
particolare/ADJ,condizione/NOUN,fisica/ADJ
apposita/ADJ,dichiarazione/NOUN,personale/ADJ
secondaria/NOUN,superiore/ADJ,artistica/ADJ
apposita/ADJ,dichiarazione/NOUN,personale/ADJ
decorrenza/NOUN,giuridica/ADJ,retroattiva/ADJ
stesso/ADJ,anno/NOUN,scolastico/ADJ
apposita/ADJ,graduatoria/NOUN,provinciale/ADJ
precedente/ADJ,secondo/ADJ,comma/NOUN
eventuali/ADJ,diritti/NOUN,riconosciuti/ADJ
precedente/ADJ,comma/NOUN,primo/ADJ
competenti/ADJ,uffici/NOUN,centrali/ADJ
eventuali/ADJ,errori/NOUN,materiali/ADJ
precedenti/ADJ,fasi/NOUN,procedurali/ADJ
anno/NOUN,scolastico/ADJ,successivo/ADJ
anno/NOUN,scolastico/ADJ,successivo/ADJ
cattedre/NOUN,orarie/ADJ,esterne/ADJ
anno/NOUN,scolastico/ADJ,successivo/ADJ
scuole/NOUN,materne/ADJ,statali/ADJ
apposita/ADJ,circolare/NOUN,ministeriale/ADJ
pianta/NOUN,organica/ADJ,provinciale/ADJ
dotazioni/NOUN,organiche/ADJ,aggiuntive/ADJ
direttore/NOUN,didattico/ADJ,competente/ADJ
indirizzo/NOUN,didattico/ADJ,differenziato/ADJ
solo/ADJ,anno/NOUN,scolastico/ADJ
successivo/ADJ,quarto/ADJ,comma/NOUN
minorati/NOUN,fisio/ADJ,psichici/ADJ
precedente/ADJ,primo/ADJ,comma/NOUN
apposite/ADJ,caselle/NOUN,numerate/ADJ
scuole/NOUN,magistrali/ADJ,statali/ADJ
scuole/NOUN,magistrali/ADJ,statali/ADJ
grandi/ADJ,industrie/NOUN,automobilistiche/ADJ
indirizzo/NOUN,didattico/ADJ,differenziato/ADJ
anno/NOUN,scolastico/ADJ,successivo/ADJ
stesso/ADJ,anno/NOUN,scolastico/ADJ
scuole/NOUN,materne/ADJ,statali/ADJ
situazione/NOUN,contabile/ADJ,mensile/ADJ
stesso/ADJ,anno/NOUN,scolastico/ADJ
sopraggiunti/ADJ,gravi/ADJ,motivi/NOUN
particolare/ADJ,condizione/NOUN,fisica/ADJ
successivo/ADJ,provvedimento/NOUN,generale/ADJ
dotazioni/NOUN,organiche/ADJ,aggiuntive/ADJ
anno/NOUN,scolastico/ADJ,considerato/ADJ
apposita/ADJ,circolare/NOUN,ministeriale/ADJ
citata/ADJ,circolare/NOUN,ministeriale/ADJ
sopraggiunti/ADJ,gravi/ADJ,motivi/NOUN
predetti/ADJ,ambiti/NOUN,territoriali/ADJ
relativa/ADJ,esplicita/ADJ,richiesta/NOUN
precedente/ADJ,comma/NOUN,primo/ADJ
nuovo/ADJ,anno/NOUN,scolastico/ADJ
stesso/ADJ,plesso/NOUN,scolastico/ADJ
predetto/ADJ,ruolo/NOUN,speciale/ADJ
ruolo/NOUN,speciale/ADJ,transitorio/ADJ
relativa/ADJ,preferenza/NOUN,puntuale/ADJ
altro/ADJ,plesso/NOUN,scolastico/ADJ
attuale/ADJ,denominazione/NOUN,ufficiale/ADJ
scuola/NOUN,magistrale/ADJ,ortofrenica/ADJ
scuola/NOUN,magistrale/ADJ,ortofrenica/ADJ
apposite/ADJ,caselle/NOUN,numerate/ADJ
singola/ADJ,preferenza/NOUN,espressa/ADJ
sufficiente/ADJ,cultura/NOUN,informatica/ADJ
solo/ADJ,anno/NOUN,scolastico/ADJ
anno/NOUN,scolastico/ADJ,successivo/ADJ
scuole/NOUN,elementari/ADJ,statali/ADJ
predetti/ADJ,ruoli/NOUN,speciali/ADJ
anno/NOUN,scolastico/ADJ,successivo/ADJ
piccoli/ADJ,campioni/NOUN,alimentari/ADJ
vari/ADJ,scrittori/NOUN,francesi/ADJ
geniale/ADJ,filosofo/NOUN,americano/ADJ
nuova/ADJ,scienza/NOUN,semiologica/ADJ
unico/ADJ,legatario/NOUN,universale/ADJ
unico/ADJ,esecutore/NOUN,testamentario/ADJ
notevoli/ADJ,ricadute/NOUN,industriali/ADJ
cosiddetta/ADJ,fisica/NOUN,sotterranea/ADJ
dichiarazioni/NOUN,personali/ADJ,sostitutive/ADJ
grande/ADJ,tavolo/NOUN,ovale/ADJ
discreta/ADJ,abilità/NOUN,propagandistica/ADJ
unico/ADJ,grosso/ADJ,dolore/NOUN
stupendi/ADJ,palazzi/NOUN,medioevali/ADJ
punteggio/NOUN,complessivo/ADJ,conseguito/ADJ
ristorante/NOUN,medio/ADJ,caro/ADJ
primo/ADJ,distretto/NOUN,sanitario/ADJ
trasferimenti/NOUN,suppletivi/ADJ,interprovinciali/ADJ
dotazioni/NOUN,organiche/ADJ,aggiuntive/ADJ
precedente/ADJ,primo/ADJ,comma/NOUN
terapia/NOUN,medico/ADJ,psichiatrica/ADJ
comunità/NOUN,economica/ADJ,europea/ADJ
duomo/NOUN,arabo/ADJ,normanno/ADJ
corrispondenti/ADJ,ruoli/NOUN,speciali/ADJ
zona/NOUN,montana/ADJ,bellunese/ADJ
trasferimenti/NOUN,interprovinciali/ADJ,medesimi/ADJ
forte/ADJ,quota/NOUN,azionaria/ADJ
altro/ADJ,anello/NOUN,debole/ADJ
profonde/ADJ,riforme/NOUN,istituzionali/ADJ
grande/ADJ,rilievo/NOUN,politico/ADJ
anni/NOUN,scolastici/ADJ,successivi/ADJ
riforme/NOUN,istituzionali/ADJ,comuni/ADJ
buon/ADJ,lavoro/NOUN,comune/ADJ
prossima/ADJ,prova/NOUN,elettorale/ADJ
regole/NOUN,istituzionali/ADJ,comuni/ADJ
nuovo/ADJ,boom/NOUN,economico/ADJ
continua/ADJ,incertezza/NOUN,politica/ADJ
giornale/NOUN,quotidiano/ADJ,americano/ADJ
seconda/ADJ,guerra/NOUN,mondiale/ADJ
intero/ADJ,popolo/NOUN,bosniaco/ADJ
esperimenti/NOUN,nucleari/ADJ,francesi/ADJ
grande/ADJ,anniversario/NOUN,francese/ADJ
puro/ADJ,titolo/NOUN,indicativo/ADJ
ulteriori/ADJ,parchi/NOUN,marini/ADJ
ultime/ADJ,elezioni/NOUN,politiche/ADJ
enormi/ADJ,differenze/NOUN,economiche/ADJ
debito/NOUN,pubblico/ADJ,spaventoso/ADJ
miglioramento/NOUN,didattico/ADJ,universitario/ADJ
unico/ADJ,quadro/NOUN,moderno/ADJ
prossimo/ADJ,anno/NOUN,accademico/ADJ
prima/ADJ,facoltà/NOUN,europea/ADJ
dotazioni/NOUN,organiche/ADJ,aggiuntive/ADJ
pensiero/NOUN,laico/ADJ,ottocentesco/ADJ
vicina/ADJ,zona/NOUN,industriale/ADJ
altre/ADJ,città/NOUN,europee/ADJ
vari/ADJ,correttivi/NOUN,statistici/ADJ
crescente/ADJ,conformismo/NOUN,sociale/ADJ
relativo/ADJ,contingente/NOUN,assegnato/ADJ
complessiva/ADJ,dotazione/NOUN,organica/ADJ
dotazioni/NOUN,organiche/ADJ,aggiuntive/ADJ
nuova/ADJ,finanziaria/NOUN,agricola/ADJ
opportune/ADJ,azioni/NOUN,giudiziarie/ADJ
sistemi/NOUN,ferroviari/ADJ,integrati/ADJ
alta/ADJ,velocità/NOUN,ferroviaria/ADJ
alto/ADJ,livello/NOUN,professionale/ADJ
impianti/NOUN,fissi/ADJ,ferrotranviari/ADJ
vecchio/ADJ,spionaggio/NOUN,industriale/ADJ
singole/ADJ,scelte/NOUN,manageriali/ADJ
libero/ADJ,confronto/NOUN,organizzato/ADJ
moderato/ADJ,trend/NOUN,positivo/ADJ
moderata/ADJ,tendenza/NOUN,positiva/ADJ
nuova/ADJ,fase/NOUN,espansiva/ADJ
favorevoli/ADJ,condizioni/NOUN,climatiche/ADJ
sole/ADJ,industrie/NOUN,manifatturiere/ADJ
cosiddetti/ADJ,prezzi/NOUN,consigliati/ADJ
vero/ADJ,colpo/NOUN,basso/ADJ
altra/ADJ,piccola/ADJ,breccia/NOUN
intera/ADJ,fascia/NOUN,costiera/ADJ
nuovo/ADJ,consiglio/NOUN,direttivo/ADJ
scambi/NOUN,commerciali/ADJ,intracomunitari/ADJ
interscambio/NOUN,commerciale/ADJ,complessivo/ADJ
società/NOUN,privata/ADJ,bulgara/ADJ
forte/ADJ,declino/NOUN,industriale/ADJ
primo/ADJ,capannone/NOUN,industriale/ADJ
principale/ADJ,consorzio/NOUN,siberiano/ADJ
seconda/ADJ,città/NOUN,polacca/ADJ
dirigente/NOUN,bancario/ADJ,oristanese/ADJ
ultime/ADJ,elezioni/NOUN,politiche/ADJ
vecchie/ADJ,forze/NOUN,politiche/ADJ
pubblici/ADJ,amministratori/NOUN,inerti/ADJ
disciolto/ADJ,consiglio/NOUN,comunale/ADJ
straordinarie/ADJ,bellezze/NOUN,paesaggistiche/ADJ
importante/ADJ,complesso/NOUN,ricettivo/ADJ
paesi/NOUN,extra/ADJ,comunitari/ADJ
determinata/ADJ,cordata/NOUN,politica/ADJ
grande/ADJ,area/NOUN,archeologica/ADJ
imprese/NOUN,medio/ADJ,piccole/ADJ
principale/ADJ,sede/NOUN,operativa/ADJ
comprensibili/ADJ,motivi/NOUN,tattici/ADJ
profonde/ADJ,modifiche/NOUN,normative/ADJ
chiara/ADJ,politica/NOUN,unitaria/ADJ
grave/ADJ,debolezza/NOUN,istituzionale/ADJ
primi/ADJ,punti/NOUN,fermi/ADJ
Unico/ADJ,paese/NOUN,europeo/ADJ
compagnie/NOUN,assicurative/ADJ,francesi/ADJ
anno/NOUN,solare/ADJ,successivo/ADJ
importante/ADJ,gruppo/NOUN,finanziario/ADJ
grandi/ADJ,sistemi/NOUN,territoriali/ADJ
unico/ADJ,quadro/NOUN,obbligatorio/ADJ
altre/ADJ,erogazioni/NOUN,similari/ADJ
intero/ADJ,territorio/NOUN,nazionale/ADJ
grandi/ADJ,archivi/NOUN,telematici/ADJ
maggior/ADJ,reddito/NOUN,dichiarato/ADJ
altre/ADJ,norme/NOUN,agevolative/ADJ
maggior/ADJ,reddito/NOUN,dichiarato/ADJ
maggior/ADJ,reddito/NOUN,dichiarato/ADJ
limitata/ADJ,dimensione/NOUN,assoluta/ADJ
infrastrutture/NOUN,connettive/ADJ,interne/ADJ
forte/ADJ,polemica/NOUN,politica/ADJ
presunti/ADJ,aspetti/NOUN,elusivi/ADJ
secondo/ADJ,anno/NOUN,consecutivo/ADJ
normali/ADJ,modelli/NOUN,cartacei/ADJ
contributi/NOUN,sanitari/ADJ,dovuti/ADJ
resistenti/ADJ,barriere/NOUN,burocratiche/ADJ
nuova/ADJ,fisionomia/NOUN,regolamentare/ADJ
servizio/NOUN,segreto/ADJ,civile/ADJ
Altri/ADJ,consigli/NOUN,giudiziari/ADJ
contenzioso/NOUN,amministrativo/ADJ,infinito/ADJ
altra/ADJ,spinosa/ADJ,questione/NOUN
nuovi/ADJ,estimi/NOUN,catastali/ADJ
ambiente/NOUN,socio/ADJ,economico/ADJ
prima/ADJ,sezione/NOUN,civile/ADJ
ordinario/ADJ,termine/NOUN,decennale/ADJ
unico/ADJ,imprescindibile/ADJ,requisito/NOUN
insufficiente/ADJ,preparazione/NOUN,giuridica/ADJ
complesso/ADJ,iter/NOUN,amministrativo/ADJ
gruppo/NOUN,assicurativo/ADJ,pubblico/ADJ
ferreo/ADJ,principio/NOUN,maggioritario/ADJ
pieno/ADJ,regime/NOUN,franchista/ADJ
importante/ADJ,società/NOUN,italiana/ADJ
ex/ADJ,ente/NOUN,pubblico/ADJ
eventuali/ADJ,collocamenti/NOUN,riservati/ADJ
varie/ADJ,classifiche/NOUN,comparative/ADJ
servizi/NOUN,assicurativi/ADJ,pubblici/ADJ
ingenti/ADJ,perdite/NOUN,accumulate/ADJ
eventuali/ADJ,azioni/NOUN,legali/ADJ
tasso/NOUN,minimo/ADJ,stabile/ADJ
tasso/NOUN,minimo/ADJ,stabile/ADJ
principali/ADJ,mercati/NOUN,europei/ADJ
consorzio/NOUN,ferroviario/ADJ,europeo/ADJ
piazze/NOUN,finanziarie/ADJ,europee/ADJ
tasso/NOUN,fisso/ADJ,quinquennale/ADJ
prossimo/ADJ,primo/ADJ,giugno/NOUN
normali/ADJ,sportelli/NOUN,bancari/ADJ
terzo/ADJ,produttore/NOUN,nipponico/ADJ
amministrazioni/NOUN,regionali/ADJ,belghe/ADJ
nuova/ADJ,holding/NOUN,pubblica/ADJ
prestito/NOUN,obbligazionario/ADJ,convertibile/ADJ
attivo/NOUN,patrimoniale/ADJ,consolidato/ADJ
preventivo/ADJ,via/NOUN,libera/ADJ
ambienti/NOUN,finanziari/ADJ,milanesi/ADJ
nuova/NOUN,finanziaria/ADJ,moderna/ADJ
ambienti/NOUN,finanziari/ADJ,milanesi/ADJ
posizione/NOUN,finanziaria/ADJ,netta/ADJ
industria/NOUN,automobilistica/ADJ,europea/ADJ
risultato/NOUN,economico/ADJ,netto/ADJ
utile/NOUN,netto/ADJ,consolidato/ADJ
rischi/NOUN,bancari/ADJ,generali/ADJ
congruo/ADJ,rimborso/NOUN,parziale/ADJ
prove/NOUN,documentali/ADJ,raccolte/ADJ
consorzio/NOUN,italo/ADJ,tedesco/ADJ
primo/ADJ,produttore/NOUN,europeo/ADJ
azienda/NOUN,alimentare/ADJ,pubblica/ADJ
omonimo/ADJ,gruppo/NOUN,spagnolo/ADJ
intero/ADJ,pacchetto/NOUN,azionario/ADJ
interessanti/ADJ,depositi/NOUN,minerari/ADJ
altre/ADJ,quote/NOUN,analoghe/ADJ
certe/ADJ,partecipazioni/NOUN,industriali/ADJ
altri/ADJ,problemi/NOUN,finanziari/ADJ
Oneri/NOUN,straordinari/ADJ,netti/ADJ
impegni/NOUN,tecnici/ADJ,netti/ADJ
margine/NOUN,lordo/ADJ,industriale/ADJ
oneri/NOUN,finanziari/ADJ,netti/ADJ
sfavorevole/ADJ,impatto/NOUN,economico/ADJ
capitale/NOUN,investito/ADJ,totale/ADJ
ulteriore/ADJ,prestito/NOUN,obbligazionario/ADJ
margine/NOUN,lordo/ADJ,industriale/ADJ
settore/NOUN,finanziario/ADJ,brasiliano/ADJ
stesso/ADJ,mercato/NOUN,nordamericano/ADJ
società/NOUN,commerciali/ADJ,estere/ADJ
oneri/NOUN,finanziari/ADJ,netti/ADJ
aree/NOUN,omogenee/ADJ,costituite/ADJ
grandi/ADJ,investitori/NOUN,finanziari/ADJ
nota/ADJ,azienda/NOUN,italiana/ADJ
piccola/ADJ,miniera/NOUN,aurifera/ADJ
inglesi/NOUN,filo/ADJ,zaristi/ADJ
prima/ADJ,guerra/NOUN,mondiale/ADJ
speciale/ADJ,commissione/NOUN,statale/ADJ
prestito/NOUN,franco/ADJ,russo/ADJ
ordinaria/ADJ,gestione/NOUN,aziendale/ADJ
valori/NOUN,patrimoniali/ADJ,attivi/ADJ
altri/ADJ,oneri/NOUN,finanziari/ADJ
altri/ADJ,proventi/NOUN,finanziari/ADJ
forma/NOUN,espositiva/ADJ,scalare/ADJ
risultati/NOUN,intermedi/ADJ,significativi/ADJ
aree/NOUN,gestionali/ADJ,omogenee/ADJ
esclusiva/ADJ,origine/NOUN,tributaria/ADJ
esclusiva/ADJ,origine/NOUN,tributaria/ADJ
corretti/ADJ,principi/NOUN,contabili/ADJ
vista/NOUN,economico/ADJ,tecnico/ADJ
corretti/ADJ,principi/NOUN,contabili/ADJ
significativi/ADJ,risultati/NOUN,intermedi/ADJ
corretti/ADJ,principi/NOUN,contabili/ADJ
risultato/NOUN,economico/ADJ,conseguito/ADJ
risultati/NOUN,intermedi/ADJ,significativi/ADJ
corretti/ADJ,principi/NOUN,contabili/ADJ
finalità/NOUN,economica/ADJ,diversa/ADJ
corretti/ADJ,principi/NOUN,contabili/ADJ
conto/NOUN,economico/ADJ,civilistico/ADJ
conto/NOUN,economico/ADJ,civilistico/ADJ
corretti/ADJ,principi/NOUN,contabili/ADJ
deperimento/NOUN,economico/ADJ,tecnico/ADJ
materie/NOUN,prime/ADJ,sussidiarie/ADJ
deperimento/NOUN,economico/ADJ,tecnico/ADJ
primo/ADJ,risultato/NOUN,intermedio/ADJ
risultato/NOUN,parziale/ADJ,comprensivo/ADJ
altri/ADJ,proventi/NOUN,finanziari/ADJ
altre/ADJ,componenti/NOUN,attive/ADJ
altri/ADJ,proventi/NOUN,finanziari/ADJ
conti/NOUN,correnti/ADJ,bancari/ADJ
altri/ADJ,oneri/NOUN,finanziari/ADJ
altre/ADJ,immobilizzazioni/NOUN,finanziarie/ADJ
secondo/ADJ,risultato/NOUN,intermedio/ADJ
soli/ADJ,fini/NOUN,fiscali/ADJ
soli/ADJ,fini/NOUN,fiscali/ADJ
corretti/ADJ,principi/NOUN,contabili/ADJ
conto/NOUN,economico/ADJ,legislativo/ADJ
corretti/ADJ,principi/NOUN,contabili/ADJ
altre/ADJ,norme/NOUN,civilistiche/ADJ
altri/ADJ,oneri/NOUN,finanziari/ADJ
criteri/NOUN,contabili/ADJ,adottati/ADJ
altre/ADJ,disposizioni/NOUN,legislative/ADJ
singole/ADJ,voci/NOUN,raggruppate/ADJ
corretti/ADJ,principi/NOUN,contabili/ADJ
corretti/ADJ,principi/NOUN,contabili/ADJ
altre/ADJ,informazioni/NOUN,necessarie/ADJ
corretti/ADJ,principi/NOUN,contabili/ADJ
corretti/ADJ,principi/NOUN,contabili/ADJ
situazione/NOUN,patrimoniale/ADJ,finanziaria/ADJ
situazione/NOUN,patrimoniale/ADJ,finanziaria/ADJ
stato/NOUN,patrimoniale/ADJ,comparativo/ADJ
situazione/NOUN,patrimoniale/ADJ,finanziaria/ADJ
situazione/NOUN,patrimoniale/ADJ,finanziaria/ADJ
situazione/NOUN,patrimoniale/ADJ,finanziaria/ADJ
capitale/NOUN,circolante/ADJ,netto/ADJ
capitale/NOUN,circolante/ADJ,netto/ADJ
capitale/NOUN,circolante/ADJ,netto/ADJ
capitale/NOUN,circolante/ADJ,netto/ADJ
capitale/NOUN,circolante/ADJ,netto/ADJ
capitale/NOUN,circolante/ADJ,netto/ADJ
capitale/NOUN,circolante/ADJ,netto/ADJ
risorsa/NOUN,finanziaria/ADJ,iniziale/ADJ
capitale/NOUN,circolante/ADJ,netto/ADJ
situazione/NOUN,patrimoniale/ADJ,finanziaria/ADJ
situazione/NOUN,patrimoniale/ADJ,finanziaria/ADJ
capitale/NOUN,circolante/ADJ,netto/ADJ
strutturato/ADJ,conto/NOUN,economico/ADJ
capitale/NOUN,circolante/ADJ,netto/ADJ
capitale/NOUN,circolante/ADJ,netto/ADJ
capitale/NOUN,circolante/ADJ,netto/ADJ
capitale/NOUN,circolante/ADJ,netto/ADJ
altre/ADJ,variazioni/NOUN,significative/ADJ
principio/NOUN,contabile/ADJ,generale/ADJ
capitale/NOUN,circolante/ADJ,netto/ADJ
situazione/NOUN,patrimoniale/ADJ,finanziaria/ADJ
capitale/NOUN,circolante/ADJ,netto/ADJ
capitale/NOUN,circolante/ADJ,netto/ADJ
capitale/NOUN,circolante/ADJ,netto/ADJ
capitale/NOUN,circolante/ADJ,netto/ADJ
capitale/NOUN,circolante/ADJ,netto/ADJ
capitale/NOUN,circolante/ADJ,netto/ADJ
capitale/NOUN,circolante/ADJ,netto/ADJ
capitale/NOUN,circolante/ADJ,netto/ADJ
valore/NOUN,netto/ADJ,contabile/ADJ
valore/NOUN,netto/ADJ,contabile/ADJ
valore/NOUN,netto/ADJ,contabile/ADJ
altre/ADJ,variazioni/NOUN,significative/ADJ
situazione/NOUN,patrimoniale/ADJ,finanziaria/ADJ
capitale/NOUN,circolante/ADJ,netto/ADJ
crescente/ADJ,capacità/NOUN,segnaletica/ADJ
situazione/NOUN,patrimoniale/ADJ,finanziaria/ADJ
altre/ADJ,immobilizzazioni/NOUN,tecniche/ADJ
principale/ADJ,attività/NOUN,gestionale/ADJ
altri/ADJ,fattori/NOUN,prodotti/ADJ
stato/NOUN,patrimoniale/ADJ,comparativo/ADJ
stati/NOUN,patrimoniali/ADJ,consecutivi/ADJ
corretti/ADJ,principi/NOUN,contabili/ADJ
reale/ADJ,dinamica/NOUN,finanziaria/ADJ
orzo/NOUN,nazionale/ADJ,pesante/ADJ
orzo/NOUN,vestito/ADJ,nazionale/ADJ
massa/NOUN,monetaria/ADJ,tedesca/ADJ
quarta/ADJ,seduta/NOUN,consecutiva/ADJ
maggiori/ADJ,piazze/NOUN,europee/ADJ
nuovo/ADJ,piano/NOUN,finanziario/ADJ
quinta/ADJ,seduta/NOUN,consecutiva/ADJ
diversi/ADJ,appesantimenti/NOUN,vistosi/ADJ
trattativa/NOUN,commerciale/ADJ,bilaterale/ADJ
amministrazione/NOUN,autonoma/ADJ,palestinese/ADJ
aree/NOUN,naturali/ADJ,protette/ADJ
principali/ADJ,catene/NOUN,alberghiere/ADJ
registro/NOUN,navale/ADJ,italiano/ADJ
ente/NOUN,governativo/ADJ,americano/ADJ
nuovo/ADJ,gestore/NOUN,unico/ADJ
principali/ADJ,esponenti/NOUN,politici/ADJ
principali/ADJ,temi/NOUN,operativi/ADJ
normale/ADJ,dialettica/NOUN,processuale/ADJ
unica/ADJ,vera/ADJ,garanzia/NOUN
falsa/ADJ,comunicazione/NOUN,sociale/ADJ
rispettive/ADJ,delibere/NOUN,assembleari/ADJ
colosso/NOUN,aerospaziale/ADJ,statunitense/ADJ
gruppo/NOUN,discografico/ADJ,inglese/ADJ
forte/ADJ,peso/NOUN,politico/ADJ
piccola/ADJ,sfera/NOUN,fosforescente/ADJ
piccolo/ADJ,sasso/NOUN,rotondo/ADJ
Unica/ADJ,spiegazione/NOUN,possibile/ADJ
grande/ADJ,istituto/NOUN,immobiliare/ADJ
prossime/ADJ,elezioni/NOUN,europee/ADJ
solo/ADJ,imputato/NOUN,prosciolto/ADJ
prossime/ADJ,elezioni/NOUN,europee/ADJ
altre/ADJ,forze/NOUN,politiche/ADJ
piccoli/ADJ,annunci/NOUN,elettronici/ADJ
elenco/NOUN,telefonico/ADJ,elettronico/ADJ
piccoli/ADJ,annunci/NOUN,elettronici/ADJ
utile/NOUN,netto/ADJ,mensile/ADJ
grosso/ADJ,punto/NOUN,interrogativo/ADJ
unico/ADJ,dato/NOUN,rassicurante/ADJ
orrendo/ADJ,vasetto/NOUN,mucillaginoso/ADJ
primo/ADJ,computer/NOUN,italiano/ADJ
sofisticati/ADJ,sistemi/NOUN,integrati/ADJ
strano/ADJ,mondo/NOUN,colorato/ADJ
prima/ADJ,missione/NOUN,ufficiale/ADJ
principali/ADJ,interlocutori/NOUN,stranieri/ADJ
grande/ADJ,intensità/NOUN,cromatica/ADJ
grandi/ADJ,passioni/NOUN,geografiche/ADJ
ricchissima/ADJ,cultura/NOUN,visiva/ADJ
situazione/NOUN,politica/ADJ,italiana/ADJ
materia/NOUN,plastica/ADJ,povera/ADJ
altri/ADJ,interlocutori/NOUN,europei/ADJ
nuova/ADJ,divisione/NOUN,elettronica/ADJ
Maggiore/ADJ,comunicazione/NOUN,reciproca/ADJ
organizzazioni/NOUN,israelitiche/ADJ,americane/ADJ
varie/ADJ,buone/ADJ,ragioni/NOUN
contesto/NOUN,socio/ADJ,economico/ADJ
comunità/NOUN,scientifica/ADJ,italiana/ADJ
nuovo/ADJ,sistema/NOUN,elettorale/ADJ
nuovo/ADJ,sistema/NOUN,politico/ADJ
riviste/NOUN,scientifiche/ADJ,internazionali/ADJ
prime/ADJ,iniziative/NOUN,concrete/ADJ
grandi/ADJ,scelte/NOUN,future/ADJ
magro/ADJ,stipendio/NOUN,garantito/ADJ
Analisi/NOUN,tecnica/ADJ,programmatica/ADJ
recente/ADJ,manifestazione/NOUN,pubblica/ADJ
comunità/NOUN,scientifica/ADJ,italiana/ADJ
nesso/NOUN,operativo/ADJ,organico/ADJ
normazione/NOUN,privati/ADJ,italiani/ADJ
corrispondente/ADJ,regola/NOUN,tedesca/ADJ
piano/NOUN,nucleare/ADJ,americano/ADJ
indubbia/ADJ,ondata/NOUN,emotiva/ADJ
ex/ADJ,impero/NOUN,sovietico/ADJ
questione/NOUN,politica/ADJ,nazionale/ADJ
forte/ADJ,lobby/NOUN,nucleare/ADJ
piano/NOUN,energetico/ADJ,nazionale/ADJ
mercati/NOUN,petroliferi/ADJ,esteri/ADJ
precisa/ADJ,scelta/NOUN,politica/ADJ
ente/NOUN,elettrico/ADJ,tedesco/ADJ
enti/NOUN,energetici/ADJ,nazionali/ADJ
minacciose/ADJ,nubi/NOUN,radioattive/ADJ
nuove/ADJ,centrali/NOUN,nucleari/ADJ
terza/ADJ,grande/ADJ,incognita/NOUN
nervi/NOUN,nazionalistici/ADJ,scoperti/ADJ
anti/ADJ,rischio/NOUN,russo/ADJ
famoso/ADJ,bipede/NOUN,pennuto/ADJ
segreto/NOUN,professionale/ADJ,strettissimo/ADJ
prestigiosi/ADJ,enti/NOUN,scientifici/ADJ
altri/ADJ,ministri/NOUN,interessati/ADJ
comitato/NOUN,tecnico/ADJ,scientifico/ADJ
latte/NOUN,fresco/ADJ,contaminato/ADJ
possibili/ADJ,retroscena/NOUN,economici/ADJ
prima/ADJ,emergenza/NOUN,nucleare/ADJ
altri/ADJ,paesi/NOUN,europei/ADJ
particolari/ADJ,misure/NOUN,tecniche/ADJ
piena/ADJ,autonomia/NOUN,nazionale/ADJ
altri/ADJ,paesi/NOUN,europei/ADJ
presumibile/ADJ,maggiore/ADJ,difficoltà/NOUN
sistema/NOUN,economico/ADJ,internazionale/ADJ
sistema/NOUN,monetario/ADJ,internazionale/ADJ
altri/ADJ,paesi/NOUN,avanzati/ADJ
autorevoli/ADJ,esponenti/NOUN,socialisti/ADJ
distinto/ADJ,c-c/NOUN,postale/ADJ
prossimo/ADJ,anno/NOUN,fiscale/ADJ
relativo/ADJ,carico/NOUN,complessivo/ADJ
detto/ADJ,ultimo/ADJ,anno/NOUN
quinto/ADJ,giorno/NOUN,successivo/ADJ
competente/ADJ,ragioneria/NOUN,provinciale/ADJ
grande/ADJ,sindacato/NOUN,nero/ADJ
seconda/ADJ,rata/NOUN,consecutiva/ADJ
ulteriori/ADJ,procedure/NOUN,esecutive/ADJ
seconda/ADJ,rata/NOUN,consecutiva/ADJ
speciale/ADJ,registro/NOUN,cronologico/ADJ
stessa/ADJ,esperienza/NOUN,storica/ADJ
patrimonio/NOUN,storico/ADJ,ideale/ADJ
classe/NOUN,operaia/ADJ,industriale/ADJ
produzione/NOUN,moderno/ADJ,capitalistico/ADJ
recente/ADJ,storia/NOUN,americana/ADJ
certe/ADJ,divisioni/NOUN,tecniche/ADJ
sintesi/NOUN,sociale/ADJ,liberatoria/ADJ
innovazione/NOUN,scientifico/ADJ,tecnologica/ADJ
grandi/ADJ,rotture/NOUN,traumatiche/ADJ
grande/ADJ,conflitto/NOUN,internazionale/ADJ
repubblica/NOUN,popolare/ADJ,cinese/ADJ
insolita/ADJ,udienza/NOUN,finale/ADJ
nuovo/ADJ,ordine/NOUN,internazionale/ADJ
sedi/NOUN,negoziali/ADJ,adeguate/ADJ
grandi/ADJ,organizzazioni/NOUN,internazionali/ADJ
fondo/NOUN,monetario/ADJ,internazionale/ADJ
intera/ADJ,economia/NOUN,mondiale/ADJ
altra/ADJ,specie/NOUN,vivente/ADJ
pura/ADJ,crescita/NOUN,quantitativa/ADJ
interesse/NOUN,economico/ADJ,immediato/ADJ
altissimi/ADJ,costi/NOUN,sociali/ADJ
attuali/ADJ,tendenze/NOUN,rovinose/ADJ
grande/ADJ,spinta/NOUN,rivoluzionaria/ADJ
moderna/ADJ,società/NOUN,industriale/ADJ
sistema/NOUN,informativo/ADJ,internazionale/ADJ
avanzate/ADJ,soglie/NOUN,tecnologiche/ADJ
intensa/ADJ,ristrutturazione/NOUN,tecnologica/ADJ
conoscenze/NOUN,tecniche/ADJ,necessarie/ADJ
blocco/NOUN,militare/ADJ,industriale/ADJ
altri/ADJ,paesi/NOUN,capitalistici/ADJ
attuale/ADJ,aspro/ADJ,momento/NOUN
amicizia/NOUN,europeo/ADJ,americana/ADJ
unità/NOUN,politica/ADJ,sovrannazionale/ADJ
piena/ADJ,autonomia/NOUN,internazionale/ADJ
grandi/ADJ,trasformazioni/NOUN,tecnologiche/ADJ
diversi/ADJ,partiti/NOUN,comunisti/ADJ
grande/ADJ,lavoro/NOUN,comune/ADJ
reciproche/ADJ,pregiudiziali/NOUN,ideologiche/ADJ
giovani/ADJ,stati/NOUN,africani/ADJ
seconda/ADJ,guerra/NOUN,mondiale/ADJ
grande/ADJ,significato/NOUN,storico/ADJ
sistemi/NOUN,democratici/ADJ,rappresentativi/ADJ
nuova/ADJ,direzione/NOUN,sovietica/ADJ
nuove/ADJ,relazioni/NOUN,internazionali/ADJ
altri/ADJ,alleati/NOUN,europei/ADJ
politica/NOUN,estera/ADJ,statunitense/ADJ
profondi/ADJ,cambiamenti/NOUN,strutturali/ADJ
moderni/ADJ,servizi/NOUN,reali/ADJ
sfera/NOUN,economica/ADJ,industriale/ADJ
caschi/NOUN,blu/ADJ,africani/ADJ
nuovi/ADJ,soggetti/NOUN,sociali/ADJ
grande/ADJ,mobilitazione/NOUN,popolare/ADJ
scelte/NOUN,pubbliche/ADJ,fondamentali/ADJ
enorme/ADJ,potenza/NOUN,finanziaria/ADJ
relativa/ADJ,arretratezza/NOUN,tecnologica/ADJ
altri/ADJ,paesi/NOUN,capitalistici/ADJ
necessarie/ADJ,scelte/NOUN,innovative/ADJ
minori/ADJ,introiti/NOUN,fiscali/ADJ
mix/NOUN,pubblico/ADJ,privato/ADJ
intera/ADJ,struttura/NOUN,produttiva/ADJ
vecchio/ADJ,modello/NOUN,consumistico/ADJ
rivoluzione/NOUN,tecnico/ADJ,scientifica/ADJ
altre/ADJ,forze/NOUN,democratiche/ADJ
significativo/ADJ,programma/NOUN,comune/ADJ
ampio/ADJ,confronto/NOUN,unitario/ADJ
fondamentali/ADJ,opzioni/NOUN,programmatiche/ADJ
nuovo/ADJ,schieramento/NOUN,sociale/ADJ
precise/ADJ,opzioni/NOUN,programmatiche/ADJ
nuova/ADJ,alleanza/NOUN,riformatrice/ADJ
rivoluzione/NOUN,tecnologica/ADJ,scientifica/ADJ
contenuti/NOUN,tecnico/ADJ,scientifici/ADJ
tale/ADJ,visione/NOUN,nazionale/ADJ
nuovo/ADJ,democratico/ADJ,sistema/NOUN
moderna/ADJ,questione/NOUN,giovanile/ADJ
straordinarie/ADJ,mobilitazioni/NOUN,studentesche/ADJ
peso/NOUN,politico/ADJ,diretto/ADJ
stessi/ADJ,partiti/NOUN,politici/ADJ
precise/ADJ,opzioni/NOUN,programmatiche/ADJ
grande/ADJ,tessuto/NOUN,associativo/ADJ
altra/ADJ,ispirazione/NOUN,religiosa/ADJ
stesse/ADJ,gerarchie/NOUN,ecclesiastiche/ADJ
maggior/ADJ,forza/NOUN,possibile/ADJ
stessa/ADJ,azione/NOUN,rivendicativa/ADJ
necessaria/ADJ,riorganizzazione/NOUN,democratica/ADJ
diverse/ADJ,figure/NOUN,sociali/ADJ
nuove/ADJ,figure/NOUN,sociali/ADJ
Altro/ADJ,elemento/NOUN,essenziale/ADJ
altre/ADJ,forze/NOUN,sociali/ADJ
altre/ADJ,forze/NOUN,politiche/ADJ
nuove/ADJ,aggregazioni/NOUN,politiche/ADJ
tale/ADJ,visione/NOUN,riduttiva/ADJ
tradizionali/ADJ,componenti/NOUN,storiche/ADJ
nuova/ADJ,sinistra/NOUN,riformatrice/ADJ
forze/NOUN,politiche/ADJ,democratiche/ADJ
ultima/ADJ,crisi/NOUN,ministeriale/ADJ
necessarie/ADJ,riforme/NOUN,istituzionali/ADJ
tradizionali/ADJ,alleanze/NOUN,sociali/ADJ
autentico/ADJ,disegno/NOUN,riformista/ADJ
grandi/ADJ,formazioni/NOUN,politiche/ADJ
sostanziale/ADJ,politica/NOUN,neoliberista/ADJ
attuale/ADJ,direzione/NOUN,politica/ADJ
mitico/ADJ,aggregato/NOUN,monetario/ADJ
diversa/ADJ,ispirazione/NOUN,ideale/ADJ
politica/NOUN,monetaria/ADJ,tedesca/ADJ
altre/ADJ,confessioni/NOUN,religiose/ADJ
sistema/NOUN,politico/ADJ,italiano/ADJ
massa/NOUN,monetaria/ADJ,tedesca/ADJ
grandi/ADJ,sconvolgimenti/NOUN,sociali/ADJ
largo/ADJ,consenso/NOUN,elettorale/ADJ
stessa/ADJ,situazione/NOUN,italiana/ADJ
vari/ADJ,strati/NOUN,sociali/ADJ
altre/ADJ,forze/NOUN,politiche/ADJ
interno/ADJ,pluralismo/NOUN,culturale/ADJ
gravi/ADJ,ritardi/NOUN,culturali/ADJ
forte/ADJ,strumento/NOUN,ideologico/ADJ
tale/ADJ,perentorio/ADJ,vincolo/NOUN
piena/ADJ,unità/NOUN,operativa/ADJ
vita/NOUN,democratica/ADJ,interna/ADJ
vita/NOUN,democratica/ADJ,interna/ADJ
reale/ADJ,vita/NOUN,democratica/ADJ
tale/ADJ,pratica/NOUN,unitaria/ADJ
necessità/NOUN,politica/ADJ,primaria/ADJ
nuova/ADJ,tensione/NOUN,ideale/ADJ
dirigente/NOUN,locale/ADJ,socialdemocratico/ADJ
ex/ADJ,settore/NOUN,orientale/ADJ
vertici/NOUN,bilaterali/ADJ,francotedeschi/ADJ
storica/ADJ,città/NOUN,tedesca/ADJ
bilancia/NOUN,commerciale/ADJ,tedesca/ADJ
attivo/NOUN,commerciale/ADJ,tedesco/ADJ
cesura/NOUN,storica/ADJ,radicale/ADJ
nuovo/ADJ,ordine/NOUN,mondiale/ADJ
bilancia/NOUN,corrente/ADJ,tedesca/ADJ
principali/ADJ,paesi/NOUN,occidentali/ADJ
opinione/NOUN,pubblica/ADJ,democratica/ADJ
patto/NOUN,russo/ADJ,tedesco/ADJ
interscambio/NOUN,commerciale/ADJ,tedesco/ADJ
affari/NOUN,culturali/ADJ,giapponesi/ADJ
ultime/ADJ,sofisticate/ADJ,invenzioni/NOUN
mercato/NOUN,automobilistico/ADJ,interno/ADJ
Importante/ADJ,ritrovamento/NOUN,archeologico/ADJ
unica/ADJ,piazza/NOUN,telematica/ADJ
intero/ADJ,territorio/NOUN,nazionale/ADJ
nuova/ADJ,figura/NOUN,professionale/ADJ
piccola/ADJ,telecamera/NOUN,portatile/ADJ
inesplicabile/ADJ,sospensione/NOUN,incantatoria/ADJ
canzoni/NOUN,ispano/ADJ,americane/ADJ
importante/ADJ,musicista/NOUN,brasiliano/ADJ
distanza/NOUN,interpretativa/ADJ,astrale/ADJ
comicità/NOUN,rossiniana/ADJ,imposta/ADJ
forze/NOUN,armate/ADJ,cinesi/ADJ
scenari/NOUN,futuri/ADJ,possibili/ADJ
grande/ADJ,impegno/NOUN,costante/ADJ
solite/ADJ,aree/NOUN,desolate/ADJ
stesso/ADJ,impianto/NOUN,audio/ADJ
berretti/NOUN,frigi/ADJ,rossi/ADJ
deficit/NOUN,commerciale/ADJ,americano/ADJ
voluminoso/ADJ,libro/NOUN,bianco/ADJ
pubblico/ADJ,registro/NOUN,automobilistico/ADJ
intero/ADJ,territorio/NOUN,provinciale/ADJ
pubblico/ADJ,registro/NOUN,automobilistico/ADJ
concreta/ADJ,esperienza/NOUN,lavorativa/ADJ
lunghi/ADJ,capelli/NOUN,neri/ADJ
impeccabili/ADJ,completi/NOUN,scuri/ADJ
graziosa/ADJ,indossatrice/NOUN,russa/ADJ
ultimo/ADJ,giorno/NOUN,utile/ADJ
primo/ADJ,film/NOUN,italiano/ADJ
piena/ADJ,campagna/NOUN,elettorale/ADJ
giovani/ADJ,registi/NOUN,inglesi/ADJ
tesi/ADJ,rapporti/NOUN,commerciali/ADJ
principali/ADJ,potenze/NOUN,industriali/ADJ
mera/ADJ,consulenza/NOUN,professionale/ADJ
banale/ADJ,intervento/NOUN,chirurgico/ADJ
indice/NOUN,destro/ADJ,bendato/ADJ
ex/ADJ,estremista/NOUN,nero/ADJ
presunte/ADJ,connivenze/NOUN,mafiose/ADJ
altre/ADJ,regioni/NOUN,italiane/ADJ
protezione/NOUN,civile/ADJ,turca/ADJ
prima/ADJ,importante/ADJ,verifica/NOUN
porcastri/NOUN,selvaggi/ADJ,genovesi/ADJ
ricchi/ADJ,turisti/NOUN,americani/ADJ
interi/ADJ,settori/NOUN,vuoti/ADJ
primo/ADJ,ministro/NOUN,inglese/ADJ
troppe/ADJ,volte/NOUN,rimandata/ADJ
ex/ADJ,corridori/NOUN,francesi/ADJ
Altri/ADJ,soggetti/NOUN,politici/ADJ
rovesci/NOUN,locali/ADJ,pomeridiani/ADJ
prime/ADJ,reazioni/NOUN,negative/ADJ
scarsa/ADJ,correttezza/NOUN,istituzionale/ADJ
secondo/ADJ,problema/NOUN,politico/ADJ
compagnie/NOUN,assicurative/ADJ,generali/ADJ
potere/NOUN,politico/ADJ,romano/ADJ
storica/ADJ,fabbrica/NOUN,vicentina/ADJ
unico/ADJ,gestore/NOUN,tecnico/ADJ
ultimo/ADJ,giorno/NOUN,utile/ADJ
ex/ADJ,direttore/NOUN,generale/ADJ
emissioni/NOUN,obbligazionarie/ADJ,comunali/ADJ
programmazione/NOUN,economico/ADJ,finanziaria/ADJ
grandi/ADJ,agenzie/NOUN,estere/ADJ
altre/ADJ,borse/NOUN,europee/ADJ
altre/ADJ,piazze/NOUN,europee/ADJ
dati/NOUN,macroeconomici/ADJ,statunitensi/ADJ
nuovo/ADJ,gestore/NOUN,pubblico/ADJ
vice/ADJ,direttore/NOUN,generale/ADJ
primo/ADJ,shock/NOUN,petrolifero/ADJ
regole/NOUN,istituzionali/ADJ,comuni/ADJ
regole/NOUN,istituzionali/ADJ,comuni/ADJ
regole/NOUN,istituzionali/ADJ,comuni/ADJ
nuovo/ADJ,sistema/NOUN,previdenziale/ADJ
solo/ADJ,grande/ADJ,brivido/NOUN
definitivo/ADJ,semaforo/NOUN,verde/ADJ
riforma/NOUN,previdenziale/ADJ,governativa/ADJ
breve/ADJ,pausa/NOUN,feriale/ADJ
nuove/ADJ,elezioni/NOUN,politiche/ADJ
prossime/ADJ,mosse/NOUN,politiche/ADJ
piccole/ADJ,bombe/NOUN,atomiche/ADJ
agenti/NOUN,segreti/ADJ,francesi/ADJ
finte/ADJ,bombe/NOUN,atomiche/ADJ
caschi/NOUN,blu/ADJ,francesi/ADJ
mondo/NOUN,politico/ADJ,culturale/ADJ
poche/ADJ,autorità/NOUN,invitate/ADJ
grigio/ADJ,orizzonte/NOUN,politico/ADJ
nuova/ADJ,geografia/NOUN,politica/ADJ
leader/NOUN,xenofobo/ADJ,francese/ADJ
estrema/ADJ,destra/NOUN,francese/ADJ
diverso/ADJ,sistema/NOUN,elettorale/ADJ
nuova/ADJ,offensiva/NOUN,serba/ADJ
grandi/ADJ,democrazie/NOUN,occidentali/ADJ
intero/ADJ,corpo/NOUN,elettorale/ADJ
azione/NOUN,militare/ADJ,efficace/ADJ
ultime/ADJ,elezioni/NOUN,politiche/ADJ
caschi/NOUN,blu/ADJ,britannici/ADJ
nuova/ADJ,legge/NOUN,elettorale/ADJ
ultima/ADJ,pulizia/NOUN,etnica/ADJ
enclave/NOUN,smilitarizzata/ADJ,musulmana/ADJ
violento/ADJ,attacco/NOUN,serbo/ADJ
presidente/NOUN,serbo/ADJ,bosniaco/ADJ
pattuglie/NOUN,serbo/ADJ,bosniache/ADJ
alti/ADJ,comandi/NOUN,militari/ADJ
stesso/ADJ,presidente/NOUN,francese/ADJ
nuovo/ADJ,sistema/NOUN,elettorale/ADJ
nuova/ADJ,sfida/NOUN,serba/ADJ
ex/ADJ,zona/NOUN,protetta/ADJ
nuova/ADJ,normativa/NOUN,garantista/ADJ
definitivo/ADJ,fattore/NOUN,decisivo/ADJ
dato/NOUN,politico/ADJ,sociale/ADJ
vecchia/ADJ,legge/NOUN,proporzionale/ADJ
opposto/ADJ,versante/NOUN,politico/ADJ
candidato/NOUN,uninominale/ADJ,comune/ADJ
inattaccabile/ADJ,perfezione/NOUN,formale/ADJ
candidato/NOUN,uninominale/ADJ,comune/ADJ
principali/ADJ,riviste/NOUN,italiane/ADJ
candidato/NOUN,uninominale/ADJ,comune/ADJ
tanti/ADJ,valenti/ADJ,studiosi/NOUN
ultime/ADJ,tornate/NOUN,concorsuali/ADJ
altri/ADJ,intoccabili/ADJ,poteri/NOUN
importanti/ADJ,vasi/NOUN,sanguini/ADJ
seconda/ADJ,guerra/NOUN,mondiale/ADJ
organizzazioni/NOUN,ebraiche/ADJ,locali/ADJ
principali/ADJ,testate/NOUN,israeliane/ADJ
finti/ADJ,soldati/NOUN,britannici/ADJ
vecchia/ADJ,legge/NOUN,proporzionale/ADJ
finte/ADJ,unità/NOUN,inglesi/ADJ
seconda/ADJ,guerra/NOUN,mondiale/ADJ
unico/ADJ,commento/NOUN,ufficiale/ADJ
prossima/ADJ,scadenza/NOUN,europea/ADJ
citate/ADJ,dichiarazioni/NOUN,ufficiali/ADJ
anacronistica/ADJ,presenza/NOUN,coloniale/ADJ
soliti/ADJ,commenti/NOUN,critici/ADJ
recente/ADJ,vertice/NOUN,europeo/ADJ
primi/ADJ,centri/NOUN,europei/ADJ
complessi/ADJ,dossier/NOUN,europei/ADJ
complesso/ADJ,dossier/NOUN,europeo/ADJ
grandi/ADJ,sedi/NOUN,mondiali/ADJ
equilibri/NOUN,economico/ADJ,politici/ADJ
grandi/ADJ,sedi/NOUN,mondiali/ADJ
infinite/ADJ,applicazioni/NOUN,settoriali/ADJ
articolata/ADJ,capacità/NOUN,progettuale/ADJ
pura/ADJ,paranoia/NOUN,politica/ADJ
certa/ADJ,parte/NOUN,politica/ADJ
antichi/ADJ,sodalizi/NOUN,fiorentini/ADJ
patrimonio/NOUN,artistico/ADJ,archeologico/ADJ
concrete/ADJ,politiche/NOUN,sociali/ADJ
misteriosa/ADJ,ispezione/NOUN,bis/ADJ
nuovo/ADJ,interrogatorio/NOUN,segreto/ADJ
ex/ADJ,vice/ADJ,presidente/NOUN
altro/ADJ,provvedimento/NOUN,restrittivo/ADJ
tormentata/ADJ,comunità/NOUN,umana/ADJ
nuovi/ADJ,significativi/ADJ,episodi/NOUN
ex/ADJ,leader/NOUN,socialista/ADJ
esperimenti/NOUN,nucleari/ADJ,francesi/ADJ
esperimenti/NOUN,nucleari/ADJ,francesi/ADJ
centrale/NOUN,nucleare/ADJ,ucraina/ADJ
gigantesca/ADJ,nube/NOUN,radioattiva/ADJ
vecchi/ADJ,tabù/NOUN,pacifisti/ADJ
casa/NOUN,automobilistica/ADJ,torinese/ADJ
nuovo/ADJ,processo/NOUN,penale/ADJ
banca/NOUN,commerciale/ADJ,italiana/ADJ
importanti/ADJ,progetti/NOUN,infrastrutturali/ADJ
nuovi/ADJ,spazi/NOUN,competitivi/ADJ
altri/ADJ,paesi/NOUN,europei/ADJ
imprese/NOUN,europee/ADJ,distributrici/ADJ
raccolta/NOUN,pubblicitaria/ADJ,netta/ADJ
ordini/NOUN,professionali/ADJ,abilitati/ADJ
terzo/ADJ,simposio/NOUN,internazionale/ADJ
ultimi/ADJ,dati/NOUN,disponibili/ADJ
grandi/ADJ,rassegne/NOUN,internazionali/ADJ
nuovo/ADJ,mondo/NOUN,editoriale/ADJ
cosiddetti/ADJ,multimedia/NOUN,interattivi/ADJ
nuovi/ADJ,collegamenti/NOUN,informatici/ADJ
nel/ADJ,pre/ADJ,serale/NOUN
