count,awf,nwf
1,1.,luokka
1,19.,kevätkuuta
4,2.,luokka
1,21.,päiväh
1,23.,kešäkuuta
1,24.,kevätkuuta
1,25.,kevätkuuta
1,27.,päivänä
1,28.,oraškuuta
1,28.,tuiskukuuta
1,4.,luokka
2,eeppini,forumi
1,eeppisen,perinnön
2,eeppisien,kulttuurien
1,enšimmäisellä,paikalla
1,enšimmäisen,muan
1,enšimmäiset,ropehet
1,enšimmäiseššä,vaihiešša
1,epävirallista,tunnelmua
1,eri,paikkojen
1,erilaisie,eläkkeläisliittoja
1,erilaisie,flashmobija
1,erilaisie,karttoja
1,erilaisien,järještöjen
1,erimoisie,šeikkailupelijä
1,eryähänä,huomenekšena
1,henkelliseh,kulttuurih
1,henkellisen,elävyttämistä
1,hienot,vičat
1,hyvyä,mieltä
1,jokavuotini,aktijo
1,kaitani,meččätie
1,kanšainvälini,aktijo
1,kanšainvälisellä,tašolla
1,kanšainvälisistä,järještöistä
1,kanšallisen,omaperäisyön
2,kanšallisien,järještöjen
5,kanšallisien,kulttuurien
1,karjalaisen,lipun
1,karjalaisie,lauluja
1,keinotekoista,spektaklie
1,kippuran’okkaset,piekšut
1,kirkaš,huomeneš
1,kolmannella,šijalla
1,kovalla,iänellä
1,kuulusimmissa,nähtävykšissä
1,kymmenenteh,kertah
1,kymmeneš,aktijo
1,loppuset,evähät
1,luajittuja,töitä
1,luonnollisen,ympäristön
1,mahtavie,ryhmie
1,makiet,lahjat
1,melukaš,peli
1,mimmoset,šähkölaittehet
1,nerokkahie,ihmisie
1,nuorie,ihmisie
1,oikiešša,šeikkailupelissä
1,omalla,pojalla
1,omalla,ruavolla
1,oman,paikkakunnan
1,oman,šeuvun
1,omat,ropehet
1,omat,tehtävät
1,omatoimiset,artistat
1,omie,anomukšie
1,omie,artistoja
1,omie,karttoja
1,omie,mielipitoja
1,omie,neroja
1,omie,nuapurija
1,omie,projektija
1,omie,vehkehie
1,omien,lapšien
1,omilla,lapšillah
1,omissettuja,piiruššukšie
1,omissetut,pivot
2,omua,kotimuata
1,omua,kulttuurie
1,omua,muata
1,omua,šieluo
1,parahakši,runonlaulajakši
1,parahat,kollektiivit
1,paraš,keino
1,paremmat,tulokšet
1,parempie,vaihtoehtoja
1,pienet,koukut
1,pieni,anomuš
1,pikkaraiseh,tuohikesselih
1,pitän,aikua
1,tarvittavat,tiijot
1,tarvittavie,vehkehie
1,toisella,šijalla
1,toisen,ihmisen
1,toisen,šijan
1,toisie,hahmoja
1,toisie,ihmisie
1,toisie,kulttuurija
1,toisie,maita
1,toisissa,paikoissa
1,totista,voimua
1,tovellista,elämyä
1,tuohiset,ropehet
1,tuttu,persona
1,tyhjä,kesseli
1,täyši,henkie
2,uuvven,juonen
2,uuši,istorija
1,valkien,paikan
1,valtijollini,talo
1,valtijollisie,ohjelmie
1,vanhanaikasien,rahvahantapojen
1,vapuaehtoni,aktijo
1,vaštuullini,šuhtautumini
1,viimesen,ropehen
1,viimesenä,šuovattana
1,viimesie,ropehie
1,virallini,saitti
1,virallisilla,nettišivuilla
1,yksinäisie,muamoja
1,Šeuruava,peli
1,šamalla,ruavolla
1,šamanmoisie,ihmisie
1,šamat,proplemat
1,šemmoni,šeikkailupeli
1,šemmosen,ajatukšen
1,šemmosie,ihmisie
1,šemmosie,lahjoja
2,šemmosie,ohjelmie
1,šemmosie,pruasniekkoja
1,šeuruavana,vuotena
1,šuurella,kiinnoššukšella
1,šuurena,proplemana
1,šuurie,ohjelmie
1,šuurimmista,järještöistä
1,šuurimpie,tapahtumie
