count,awf,nwf
1,Алдыңғы,жылы
1,Ақ,отаудың
1,Банктік,қызмет
1,Барлық,министрлер
1,Барлық,мәселелер
1,Барлық,құқық
1,Барша,еліміз
1,Бас,жоспар
1,Бастауыш,білім
1,Басқа,дүниеге
1,Белгілі,ғалым
1,Бітеу,жара
1,Ежелгі,театры
1,Екіжақты,қарым-қатынастарды
1,Ерте,заманда
1,Еуразиялық,Одаққа
1,Жаппай,тәртіпсіздік
1,Жас,тобы
1,Жауапты,хатшы
1,Жақсы,атаның
1,Жаңа,кәсіпорындардың
1,Жаңа,тұжырымдама
1,Жаңа,үкімет
1,Жаңа,әуежай
1,Жедел,жәрдем
1,Жирен,орыс
1,Инвестициялық,ынтымақтастық
1,Кедей,жақтың
1,Кедендік,одақтың
1,Кішкене,жорға
1,Макроэкономикалық,көрсеткіштер
1,Мемлекеттік,Думаға
1,Мемлекеттік,діні
1,Мемлекеттік,кірістің
1,Мемлекеттік,сыйлығына
1,Мәңгілік,Ел
1,Мәңгілік,Перзенті
1,Нарықтық,экономика
1,Нақтылы,учаскесінде
1,Негізгі,сауда
1,Оң,серпін
1,Ресми,тілі
1,Санаулы,сәттерден
1,Саяси,партияларға
1,Саяси,қызметкерлер
1,Соңғы,жылда
1,Таулы,аудандарда
1,Тұрғын,үй
1,Халықаралық,күн
1,Халықаралық,қатынастар
1,Циклдық,жұмыссыздық
1,Шектес,теңіздері
1,Шірік,ит
1,Экологиялық,тәрбие
1,Экономикалық,Одаққа
1,автоматты,түрде
1,адал,дастарқанына
1,азаматтық,қозғалыс
1,айрықша,қамқорлық
1,айқын,тетіктерін
1,алып,орны
1,алғашқы,ел
1,алғашқы,мемлекеттер
1,америкалық,елдер
1,ар,жағында
1,арам,қолымды
1,арнаулы,агенттік
1,артық,қатынын
1,археологиялық,жұмыстары
1,архитектуралық,мұралары
1,архитектуралық,құрылыстар
1,арғы,тамыз
1,арғы,үйге
1,арғы,әжесінің
1,астам,билікке
1,астам,шақырымды
1,астам,қаржы
1,асыл,металдан
1,атақты,болыстың
1,атқарушылық,құжаттардың
1,ауылшаруашылық,авиациясының
1,ауыр,зардаптар
1,ауыр,міндетті
1,ауыр,сырқаттан
1,ашық,құжат
1,ақсүйектік,дәрежелер
1,ақылды,жігіт
1,базалық,өлшемі
1,бай,ел
1,байланысты,проблема
1,барлық,бағыт
1,барлық,жабдықтармен
1,барлық,мәселені
1,барлық,әкімдер
1,барша,халықпен
1,барша,христиандардың
1,бастапқы,жылы
1,бастапқы,кезде
1,басты,міндеті
1,басты,мәселе
1,басты,проблеманың
1,басты,серіктестері
1,басты,шарт
1,басым,бағыт
1,басым,бағыттарды
1,басым,міндет
1,басқа,бірліктермен
1,басқа,бірліктерімен
1,басқа,салалары
1,басқа,халықтардың
1,басқа,қалаларымен
1,басқа,қырынан
1,батыс,бөлігінде
1,безер,ит
1,бейбіт,жиналыстар
1,бейбіт,тұрғын
1,белгілі,ассоциацияға
1,белсенді,жұмысы
1,белсенді,мүшесі
1,берекелі,бірлігіміз
1,биік,белестерді
1,биік,герцогиниясы
1,боз,жорға
1,бос,бөлмелер
1,бос,орындыққа
1,британ,монархы
1,бірдей,қорғауды
1,бірегей,мүмкіндігі
1,дана,саясатыңыздың
1,дардай,басымен
1,демократиялық,желеуді
1,демократиялық,идеяның
1,дипломатиялық,байланыс
1,діни,мемлекет
1,діни,ғұрып
1,діни,ұйымдар
1,дүниежүзілік,конференция
1,дәстүрлі,түрлері
1,егемен,Президенті
1,едәуір,өзгерістер
1,екіжақты,ынтымақтастықтың
1,екіжақты,қарым-қатынастарды
1,елеулі,табыстарға
1,елеулі,түрде
1,елеулі,үлес
1,ерекше,миссияны
1,ерекше,қуанышпен
1,ерекше,құрметпен
1,еркімен,бас
1,еркін,келісімі
1,ерте,диагностика
1,ерте,заманнан
1,ескі,ағаштың
1,ескі,заман
1,еуропалық,мемлекеттер
1,еуропалық,мемлекеттердің
1,еуропалық,мәдениеті
1,еуропалық,театрлар
1,еуропалық,өнердің
1,жалаң,аяқ
1,жалпы,шаңырағымыздың
2,жалпы,құны
1,жалпы,өнім
1,жалғыз,ел
1,жалғыз,өлім
1,жаман,көрсеткіш
1,жаман,сезім
1,жаман,сөзді
1,жансыз,тастай
1,жарық,күнін
1,жарқын,дәлелі
1,жарқын,мейрамымен
1,жас,балаларына
1,жас,келіншектермен
1,жас,конкурсы
1,жасар,бала
1,жат,жан
1,жақсы,алғышарттар
1,жақсы,жағынан
1,жақсы,кісі
1,жақсы,қыз
1,жаңа,ауданын
1,жаңа,бизнес
1,жаңа,елордада
1,жаңа,жетістіктерге
1,жаңа,жылға
1,жаңа,кезеңі
1,жаңа,мамандар
1,жаңа,мұралары
1,жаңа,мәдениет
1,жаңа,орындары
1,жаңа,толқулар
1,жаңа,ғимараттар
1,жаңа,қолжазбасымен
1,жаңа,құрал-жабдық
1,жаңа,құрылыстар
1,жаңа,үйлер
1,жаңа,үкімет
1,жаңа,үлгісін
1,жаһандық,дағдарыс
1,жеке,басына
1,жеке,достығымыз
1,жергілікті,орган
1,жергілікті,полиция
1,жергілікті,шикізат
1,жирен,орыс
1,жирен,орысты
1,жолғы,форумның
1,жоғары,дәрежеге
1,жоғары,дәрежеде
1,жылдық,мөлш.
1,жылғы,желтоқсанда
1,жүйелі,жоба
1,зор,алғысымызды
1,зор,қуанышқа
1,зор,әлеуетке
1,инновациялық,бағыты
1,келесі,жылы
1,келесі,көрсеткіштер
1,кер,биенің
1,керемет,елде
1,классикалық,дәуірін
1,коммуналдық,базарында
1,кішкентай,бала
1,кішкентай,күшігі
1,кішкентай,қол
1,кіші,залына
1,кішірек,қорадан
1,күйсіз,қалпында
1,кәрі,монарх
1,кәсіби,актерлер
1,көгалды,шаруашылығы
1,көп,ақшасын
1,көп,конфессияның
1,көркем,заттар
1,көрікті,жерлерімен
1,лайықты,беделге
1,маңызды,кездесу
1,маңызды,өзгерістер
1,медициналық,жыр
1,медициналық,орталықтар
1,мемлекеттік,төңкеріс
1,мемлекеттік,қызметкерлер
1,мемориалдық,тақта
1,мерзімді,демалысқа
1,монодиялық,түрде
1,музыкалық,комедияларға
1,міндетті,түрде
1,мүліктік,жағдаяттарға
1,мұсылмандық,мәдениетінің
1,мәдени,дамуды
1,мәдени,ескерткіштер
1,мәдени,өмірінде
1,надан,адамшылығын
1,нарықтық,қатынастар
1,нашар,ауылдар
1,нағыз,сынақ
1,нақты,мүдделерді
1,нақты,нәтижелер
2,нақты,тапсырмалар
1,негізгі,бағыт
1,негізгі,орталықтарының
1,орта,тұсынан
1,орташа,жас
1,орташа,температура
1,ортақ,нәрсеміз
1,ортақ,шаңырағымыздың
1,оң,жағында
1,оң,жағындағы
1,оңтүстік-батыс,бөлігінде
1,практикалық,қажеттілік
1,сай,жұмыс
1,сансыз,қыздарының
1,сары,орыспен
1,саяси,билік
1,саяси,жағдай
1,саяси,жүйені
1,саяси,мәртебесінің
1,саяси,наным-сенімдеріне
1,саяси,ұйымдарға
1,саяси,өмірімен
1,семіз,малын
1,сенімді,бақылауда
1,сепаратистік,пиғылдағы
1,соқыр,сезіммен
1,соңғы,уақытта
1,статистикалық,көрсеткіш
1,стратегиялық,жол
1,стратегиялық,тарихындағы
1,стратегиялық,ұстанымымыз
1,стратегиялық,әріптестік
1,стратегиялық,әріптестікке
1,сыпайы,қонағына
1,сыртқы,байланыстардың
1,сыртқы,есікті
1,сыртқы,қарыздың
1,сыртқы,үміт
1,сұлу,қызға
1,табиғи,ресурстар
1,табиғи,ұясы
1,табысты,жұмыс
1,табысты,өтуде
1,талай,қызды
1,тамаша,жерге
1,тамаша,жеңістерге
1,тамаша,нәтижелерге
1,тар,өзені
1,тарихи,жеңістерге
1,тасты,сайдың
1,таулы,шаруашылығы
2,таулы,қыратының
1,терең,құрметке
1,территориялық,тұтастығын
1,типті,құрылыстар
1,тиімді,келісімшарт
1,тиісті,орган
1,толық,қуатымен
1,трагедиялық,мистерия
1,турнирлік,кестедегі
1,туыстық,қарым-қатынас
2,тығыз,байланыс
1,тығыз,қатынастар
1,тілсіз,жаулар
1,түркі,тайпасынан
1,түркі,танырлық
1,түркі,тек
1,тұрақты,даму
1,тұрмыстық,техникамен
2,тұрғылықты,жері
1,тұщы,су
1,тәуір,киімдерін
1,тәуір,үйге
1,финалдық,кезеңі
1,финалдық,матчында
1,халықаралық,кинофестивальдер
1,халықаралық,қоғамдастық
1,халықаралық,құқық
1,халықаралық,әуежай
1,халықтық,басылым
1,халықтық,дәстүрлерде
1,шартты,түрде
1,шаршы,метрді
1,шағын,драмаларға
1,шетелдік,фильмдер
1,экологиялық,білім
1,экономикалық,ахуалды
1,экономикалық,байланыстардың
1,экономикалық,дағдарыс
1,экономикалық,институтын
1,экономикалық,мүдделерді
1,экономикалық,ынтымақтастық
1,экономикалық,өрлеу
1,экспозициялық,зал
1,эллиндік,мемлекеттердің
1,этностық,шекараларды
1,этностық,құрамына
1,ірі,жыр
1,ірі,орталықтар
1,ірі,қалалар
1,іскерлік,қатынастар
1,ішкі,жағдай
1,ішкі,кикілжіңдер
1,ішкі,істеріне
1,ішкі,өміріне
1,ішкі,өнім
1,ішкі,өнімі
1,Ғашық,Көші-қон
1,Ғашық,адамға
1,ғасырлық,дәстүрі
1,Қадірлі,жамағат
1,Қазақстандық,сиқыршы
1,Қазіргі,дағдарыс
1,Қазіргі,таңда
1,Қара,күшке
1,Қара,шаттан
1,Қорқақ,аңдар
1,Қымбатты,отандастар
1,Қымбатты,ханымдар
1,Қысқа,мерзімде
1,Құрметті,Президент
1,қабілетті,әлеуеті
1,қабілетті,әулетінен
1,қажетті,алғышарттар
1,қажетті,жабдықтармен
1,қажетті,қаражат
1,қажетті,құрал-саймандар
1,қазақстандық,шаңырағымыздың
1,қазақстандық,әріптестерімізбен
1,қазіргі,стиль
1,қайырлы,қала
1,қалың,шөп
1,қанағаттанарлық,сезіммен
1,қара,жұмысқа
1,қара,мұрт
1,қатты,сөз
1,қолайлы,мекен
1,қу,дала
1,қылмыстық,іс
1,қымбатты,отандастар
1,қыстық,азығын
1,қысқа,демалысқа
1,қысқы,бақ
1,құқықтық,базасы
1,құқықтық,базасын
1,Үлкен,еркектің
1,Үлкен,төре
1,Үмітсіз,кредиттердің
1,үздік,мектептердің
1,үздік,үлгілерді
1,үздіксіз,күрес
1,үздіксіз,сиқыр
1,үздіксіз,соғыс
1,үлгілі,дамудың
1,үлкен,ағаштың
1,үлкен,ағашқа
1,үлкен,делегацияны
1,үлкен,жетістігіміз
1,үлкен,жетістік
1,үлкен,жұт
1,үлкен,мәртебе
1,үлкен,орын
1,үлкен,оқиға
1,үлкен,толғаныспен
1,үлкен,төре
1,үлкен,қарсылықты
1,үлкен,қорым
1,үлкен,қызы
1,үлкен,құрмет
1,үлкен,үйдің
1,үлкен,үстел
1,үлкен,әлеуетке
1,үлкен,әсер
1,үлкен,өзгерістер
1,үлкен,өкінішпен
1,Ұлттық,ақша
1,Ұлттық,байлықтың
1,Ұлттық,мейрамы
1,Ұлттық,табыс
1,Ұлттық,театр
1,Ұлы,соғысында
1,Ұсақ,халықтар
1,ұзақ,жылдар
1,ұлт-азаттық,қозғалысы
1,ұлттық,заңдар
1,ұлттық,идеясы
1,ұлттық,тегіне
1,ұлттық,теннис
1,ұлттық,құндылықтардың
1,ұлттық,құрамы
1,ұлы,мерекесі
1,ұлық,мереке
1,әдемі,өмірім
1,әлемдік,көшбасшы
1,әлемдік,өнім
1,әлеуметтік,жағдайы
1,әлеуметтік,қорғауды
1,әрдайым,қарым-қатынасымыздың
1,әскери,келісімдер
1,Өзара,деңгейі
1,өзара,келісімі
1,өзара,сауда
1,өзара,сенімге
1,өзге,балаларынан
1,өзге,елдерінде
1,өзге,мемлекеттер
1,өзге,тәртіппен
1,өзекті,мәселелер
1,өзіндік,моделін
1,өкілетті,делегацияны
1,өркениетті,миссияны
1,өңірлік,қаржы
1,өңірлік,өнімі
