count,awf,nwf
1,Армияса,командирӧн
1,Берёзовский,район
1,Бур,урожай
1,Второй,группа
1,Главнӧй,уличаыс
1,Гырысь,каръясын
1,Дженьыдик,висьтӧ
1,Задньӧй,ходыс
1,Кремльса,башня
1,Ленинградскей,фронт
1,Народнӧй,Комиссарӧс
1,Ненецкий,олень-совхоз
1,Неылысса,олэмыс
1,Неылысса,сикт-грездын
1,Присада,возраста
1,Присада,ді
1,Пятиизбеннӧй,станица
1,Пӧсь,сынӧдыс
1,Сельсӧветъясса,председательяс
1,Сиктса,организацияяс
1,Союзса,маршалӧс
1,Спасскӧй,башня
1,Ставсоюзса,выставка
1,Сӧветскӧй,держава
1,Техническӧй,культураяс
1,Торъя,колхозникъяс
1,Францияса,керка
1,Францияса,юркарын
1,Чорыд,киыс
1,Ыджыд,шуд
1,автономнэй,округын
1,агитационно-массӧвӧй,удж
1,антимеханизаторскӧй,настроение
1,ас,местэам
1,ас,муас
1,аскежъя,пывсянъясыд
2,бия,пачӧ
1,боевӧй,автомобиль
1,боевӧй,случай
1,боевӧй,ӧшинь
1,бокиса,переулокъясас
1,большевистскӧй,партия
1,большевистскӧй,успех
1,броневикса,командирӧн
1,быдса,колхозъясӧн
1,важ,воротаысь
1,важ,оланіныс
1,важ,пывсян
1,важ,тӧдсаинӧ
1,важ,чом
1,важнӧй,делӧӧн
1,векньыдик,щельясӧд
1,великӧй,вождь
1,великӧй,воинлысь
1,великӧй,местэас
1,военнэй,училище
1,восьса,эрд
1,второй,мая
1,вывса,тундраын
1,вывса,яг
1,вӧеннэй,училище
1,гражданскӧй,война
1,гыма,зэрӧн
1,гырысь,войтъяс
1,девятого,юля
1,дженьыд,срокъясӧн
1,дик,шерыс
1,задньӧй,ходлысь
1,замечательнӧй,олӧмас
1,зерновӧй,кокъясэ
2,зерновӧй,культураяс
1,иностраннэй,местаясэ
1,ичӧт,ӧдъясӧн
1,ичӧтик,баляяс
1,ичӧтик,ныв
1,ичӧтик,сиктысь
1,ичӧтик,ю
1,ичӧтик,юкӧн
1,казацкӧй,вӧвъясӧс
1,казацкӧй,сикт
1,клубного,гортлань
1,клубного,объединения
1,кодь,туйӧд
1,кодь,уска
1,колхозъясса,во
1,колхозъясса,немсэ
4,колхозъясса,председательяс
1,колхозъясса,председательяскӧд
1,кос,корӧсьӧн
1,красноармейскӧй,частьяс
1,краснӧй,боецъясӧс
1,краснӧй,чӧртъяс
1,кузь,письмӧ
1,кузь,уска
1,кыз,книга
1,кык-суда,дӧмын
1,кык-суда,дӧмысь
1,кык-суда,сынӧдыс
1,лёк,висьӧм
1,машиннӧй,удж
1,меддор,керка
1,неыджыд,тӧвру
1,неыджыд,эрд
1,няпойнэй,чом
1,обыкновеннӧй,случай
1,одиннадцатого,мая
1,озыр,урожайсӧ
1,оленеводческая,бригада
1,оленеводческая,колхозница
1,опаснӧй,могӧн
1,партийно-комсомольскӧй,организацияяс
1,пемыд,посёлокӧ
1,первом,году
1,первомайскӧй,парад
1,подводнэй,лодка
1,пожӧма,тундраын
1,пожӧма,яг
1,половозрастнӧй,разделенньӧ
1,пони,тятей
1,посни,кӧрыс
1,походнэй,чом
1,почетнӧй,ним
1,приятнӧй,казьтылӧм
1,производительностя,удж
1,пытшса,йӧзлӧн
1,пӧрысь,бабушка
1,пӧсь,свинец
1,районувса,колхозъясын
1,районувса,оленевод
1,решительнӧй,маме
1,решительнӧй,тыш
1,рӧднэй,рӧдина
1,священнӧй,границаяс
1,седьмой,годын
1,сезоннӧй,удж
2,сельскохозяйственнӧй,выставка
1,сельсӧветъясса,колхозъяс
1,сиктса,керкаяс
1,сиктса,общественность
1,смелӧй,разведкаӧ
1,ставсоюзса,выставка
1,сталинскӧй,урожай
1,стариннэй,название
1,странаса,воинлысь
1,странаса,томйӧзлӧн
1,сісь,пӧв
1,сӧветскӧй,правительство
1,сӧдз,ваӧдз
1,сӧдз,кӧрес
1,сӧстӧм,амбаръясӧ
1,том,зонка
1,тошка,мужик
1,тыр,нагрузкаӧн
1,тыртӧм,сарайын
1,уборочнӧй,машинаяс
1,честнӧй,дінад
1,школьного,возраста
1,школьного,ді
1,шуштӧм,коми
1,шуштӧм,сьӧлӧм
1,щӧтӧвӧднэй,курс
1,ыджыд,Ваыс
1,ыджыд,канму
1,ыджыд,лагун
1,ыджыд,мортлӧн
1,ыджыд,ныр
1,ыджыд,тӧдчанлун
1,ыджыд,урожай
1,ыджыд,челядьӧс
1,японскӧй,самурайяслы
1,ён,бойысь
1,ёсь,тӧлыс
1,ӧтласа,пывсянъясын
