count,awf,nwf
1,aborî,warê
1,aktîftirîn,kesan
1,avî,çandiniya
1,azad,bernameyeke
1,balkêş,xwezaya
1,baş,gotinên
1,baş,ragihandineke
1,baş,zanîngeha
1,bejinbilind,zilamekî
1,belek,mare
1,belek,Şelîta
1,belek,Şelîteke
2,belek,şelîta
1,berê,dewletên
1,bi-emniyet,cihekî
1,bihêz,ajalên
1,bilind,kesên
1,bilind,lîsansa
1,bilind,metroyan
1,bilind,perwerdeya
1,bilind,rûmetêk
1,bingehîn,sîstema
1,biçûk,çemekî
1,bêxwedî,kûçikên
1,civakî,armanceke
1,ciwan,kulîlka
1,ciwan,xanimeke
1,cografîk,navên
1,cuda,bihayên
1,cuda,taybetiyên
1,cûrbicûr,rêbazên
1,damayî,bihinekê
1,derewîn,zengilekî
2,derve,wezîrtiya
1,derûniyê,ravekirina
1,derûnî,operasyonên
1,devkî,wêjeya
1,dewlemend,malbateke
1,dewlemend,malbatê
1,dewlementir,malbatên
1,dijwartirîn,arîşeyên
1,din,alîkî
1,din,awakî
1,din,bajarên
1,din,bergên
2,din,careke
1,din,carekê
2,din,dengekî
1,din,gotineke
1,din,gotinên
1,din,kibrîteke
1,din,odeke
1,din,odeyên
1,din,odêyen
1,din,pîrozbahiyên
1,din,sedemek
1,din,welatên
1,dirêj,demek
1,dirêj,demeke
1,dirêj,fîlmên
1,dirêj,midekî
1,dirêj,saline
1,duyem,cara
1,duyemîn,cara
1,duyemîn,kesê
1,dî,qeydek
1,dîrokî,komeke
1,dîrokî,pira
1,dîrokî,razek
1,dîrokî,xwarineke
1,dîtir,roja
1,ecêb,marekî
1,ecêb,qîrîneke
1,ecêb,tamîratine
1,ecêb,tiştekî
1,edebî,berhemên
1,edebî,warê
1,federal,navçeyên
1,federal,welatekî
1,fermî,jimarên
1,fermî,zimanekî
1,fermî,zimanê
1,fireh,agahiyeke
1,fransî,arşîvên
1,fransî,kesê
1,fransî,wêjeya
1,fransî,zimanê
1,gelêrî,bijîşkiya
1,giran,qerasên
1,giran,rehneke
1,giran,xwarinên
1,girover,maseke
1,girîng,nasnameyeke
1,girîng,çekeke
1,girîngtir,kesê
1,giştî,zanyariyên
1,herêmî,çanda
1,hesinîn,dolaba
1,hesinîn,dolabeke
1,hesinîn,rotikê
1,hesinîn,tiştekî
1,heyecanamîz,dengekî
1,hişk,dengekî
1,hişk,kesayetiya
1,hêja,awazên
1,hênik,ava
1,hêşîn,welatekî
1,ilmî,kitêbine
1,ingilîzî,zêrên
1,jêhatî,kesekî
1,kemalîst,rojnameya
1,kevin,malbateke
1,kevinare,qesirekê
1,kevn,yewnaniya
1,kevn,îraniya
1,kevnar,dîrokên
1,kevnar,pira
1,kevnare,gelên
1,kevnare,qesirekê
1,kurdî,alfabeya
1,kurdî,bijîşkiya
1,kurdî,helbestên
1,kurdî,hunera
1,kurdî,kitêbên
1,kurdî,linux
1,kurdî,nivîsên
1,kurdî,wêjeye
1,kurdî,zaravayên
3,kurdî,zimanê
1,kûr,baweriya
1,kûr,derûnnasiya
1,kûr,işekî
1,kûr,îşekî
1,latînî,alfabeya
1,lezgîn,trênên
1,leşkerî,akademiya
1,leşkerî,desthilatdariya
1,leşkerî,nexweşxaneya
1,mazin,pirtûkeke
1,mezin,bajarê
1,mezin,birayê
1,mezin,cihekê
1,mezin,dengbêjên
1,mezin,dewleta
1,mezin,diqeteke
1,mezin,heycaneke
1,mezin,hostatiyeke
1,mezin,kanûna
1,mezin,kariyereke
1,mezin,odeke
1,mezin,rengdêra
1,mezin,rêveberên
1,mezin,Şaredariya
1,mezin,şerên
1,mihim,tiştekî
1,misrî,hiyeroglîfên
1,mêşe,darên
1,nadir,stranên
1,nas,darên
1,navdar,kesekî
1,navendî,komîteya
1,navneteweyî,qada
1,navnetewî,seeta
1,navxweyî,serhildanên
1,navîn,dibistana
2,navîn,oda
1,navîn,rojhilata
1,neteweyî,sirûdeke
1,neteweyî,xwarinên
1,normal,germiyeke
1,nîvro,trêna
1,nû,bajarê
1,nû,formeke
1,nû,peymana
1,nû,rengekî
1,nû,roja
1,nû,serdemên
1,nûjen,bijîşkiya
1,olî,nakokiyên
1,paqij,robarên
1,piçûk,dengekî
1,piçûk,odeke
1,piştre,demên
1,polîtîk,gotûbêjên
1,pozîtîv,zanînên
1,psîkolojîk,operasyonên
1,psîkolojîk,Şerê
1,psîkolojîk,şerê
1,pêşketî,bajarekî
1,pêşketî,serê
1,pêşî,cara
1,pêşî,xwendekarê
2,pêşîn,cara
1,pêşîn,dibistana
1,pêşîn,hejmara
1,pîroz,pirtûka
1,pûyan,tariya
2,rehmetî,xweha
1,reş,deqine
1,reş,keşîşê
1,reş,kumê
1,reş,tûleke
1,reş,Şeveke
1,rojî,Şerê
1,rût,çavên
1,salî,jinikekê
1,salî,zarokên
1,sar,şerê
1,serbest,kêşa
1,serbixwe,rojnamevana
1,serbixwe,rojnamevanek
1,sereka,armanca
1,sereke,cihekê
1,sereke,wateya
1,serkeftî,saziya
1,sivîl,rêxistinên
1,siyasî,barên
1,siyasî,girtiyên
1,siyasî,kar
1,siyasî,xebata
1,sor,şaşikeke
1,spî,cilên
1,stûr,rûviya
1,stûr,îzara
1,suryanî,xwarinên
1,sêyem,berga
1,sêyemîn,kesê
1,sîyasî,nivîsên
1,sûrî,dewleta
1,sûrî,tiştî
1,taybet,komeke
1,taybet,nêrîneke
1,taybet,Şerê
1,taybet,şowên
1,taybetî,dîwarên
1,taybetî,rêya
1,tekane,otêla
1,teknîk,zanîngeha
1,teng,demên
1,teng,textekî
1,teng,xweya
1,tevahiya,behsa
1,tevlîhev,kitêbine
1,tevî,nûçeyan
1,tijî,jiyaneke
1,tirkî,dewleta
1,tirkî,zimanê
1,welê,tiştekî
1,wenda,welatê
1,wiha,ceribandinên
1,xerîb,fikireke
1,xerîb,kesekî
1,xerîb,tiştine
1,xeternak,mirovekî
1,xeternaktir,kes
1,xeternaktir,marên
1,xeyabî,hukmê
1,xurt,bakî
1,xurt,taybetmendiya
1,xwe-sihbet,mirovekî
1,xwerû,rêxistinên
1,xweser,cûreyan
1,xweş,koçberê
1,xweş,roja
1,yekbûyî,dewletên
1,yekemin,şerê
1,yekemîn,cara
1,yekemîn,helbestê
1,zanistî,lêkolîneke
2,zanistî,lêkolînên
1,zanistî,xebateke
1,zer,şelîteke
1,zirav,rûviya
1,zêde,tunebûna
1,zêdetir,sembol
1,çandî,beşa
1,çekdarî,şerî
1,çift,şeva
1,îlahî,evîna
1,îranî,zimanêkî
