suum/ADJ,proprium/ADJ,nomen/NOUN
universos/ADJ,filios/NOUN,tuos/ADJ
pater/NOUN,vester/ADJ,caelestis/ADJ
suis/ADJ,causis/NOUN,aequivocis/ADJ
virtutibus/NOUN,operativis/ADJ,humanis/ADJ
simplex/ADJ,suum/ADJ,esse/NOUN
simplex/ADJ,esse/NOUN,divinum/ADJ
res/NOUN,intelligibilis/ADJ,infinita/ADJ
rem/NOUN,intelligibilem/ADJ,infinitam/ADJ
infinitas/ADJ,partes/NOUN,consimiles/ADJ
actus/NOUN,primus/ADJ,subsistens/ADJ
primum/ADJ,motorem/NOUN,immobilem/ADJ
primam/ADJ,causam/NOUN,efficientem/ADJ
primam/ADJ,causam/NOUN,effectivam/ADJ
sua/ADJ,naturali/ADJ,virtute/NOUN
inferiora/ADJ,corpora/NOUN,caelestia/ADJ
primum/ADJ,corpus/NOUN,caeleste/ADJ
primorum/ADJ,philosophorum/NOUN,naturalium/ADJ
suam/ADJ,absolutam/ADJ,perfectionem/NOUN
suus/ADJ,ultimus/ADJ,finis/NOUN
suum/ADJ,obiectum/NOUN,principale/ADJ
suo/ADJ,principali/ADJ,obiecto/NOUN
sola/ADJ,universalis/ADJ,causa/NOUN
suum/ADJ,ultimum/ADJ,finem/NOUN
primis/ADJ,principiis/NOUN,indemonstrabilibus/ADJ
suam/ADJ,naturalem/ADJ,conditionem/NOUN
consilium/NOUN,tuum/ADJ,antiquum/ADJ
humanam/ADJ,vitam/NOUN,activam/ADJ
suum/ADJ,proprium/ADJ,bonum/NOUN
sua/ADJ,operatio/NOUN,intellectualis/ADJ
sua/ADJ,ultima/ADJ,perfectione/NOUN
sua/ADJ,operatio/NOUN,intellectualis/ADJ
sua/ADJ,simplici/ADJ,intelligentia/NOUN
suo/ADJ,esse/NOUN,simplici/ADJ
ultimam/ADJ,suam/ADJ,perfectionem/NOUN
suam/ADJ,simplicem/ADJ,intelligentiam/NOUN
suo/ADJ,simplici/ADJ,intellectu/NOUN
plures/ADJ,operationes/NOUN,intellectuales/ADJ
vires/NOUN,cognoscitivas/ADJ,humanas/ADJ
suas/ADJ,causas/NOUN,proximas/ADJ
causis/NOUN,necessariis/ADJ,primis/ADJ
suas/ADJ,virtutes/NOUN,activas/ADJ
quodam/NOUN,medio/ADJ,exemplari/ADJ
substantiae/NOUN,naturales/ADJ,inanimatae/ADJ
suum/ADJ,esse/NOUN,simplex/ADJ
diversis/ADJ,principiis/NOUN,substantialibus/ADJ
diversa/ADJ,accidentia/NOUN,propria/ADJ
simplici/ADJ,voluntati/NOUN,divinae/ADJ
causam/NOUN,mediam/ADJ,particularem/ADJ
universalis/ADJ,virtus/NOUN,activa/ADJ
sola/ADJ,virtute/NOUN,universali/ADJ
sola/ADJ,virtute/NOUN,universali/ADJ
causis/NOUN,superioribus/ADJ,universalibus/ADJ
causarum/NOUN,particularium/ADJ,inferiorum/ADJ
causae/NOUN,inferiores/ADJ,particulares/ADJ
corporeo/ADJ,agente/NOUN,medio/ADJ
plures/ADJ,appetitivae/ADJ,virtutes/NOUN
suis/ADJ,actibus/NOUN,propriis/ADJ
suis/ADJ,personalibus/ADJ,actibus/NOUN
primis/ADJ,divinis/ADJ,effectibus/NOUN
finem/NOUN,suum/ADJ,ultimum/ADJ
multiplices/ADJ,leges/NOUN,meas/ADJ
substantiis/NOUN,intellectualibus/ADJ,caelestibus/ADJ
interioris/ADJ,veri/ADJ,sacrificii/NOUN
pluribus/ADJ,substantiis/NOUN,intellectualibus/ADJ
suis/ADJ,essentialibus/ADJ,principiis/NOUN
suum/ADJ,finem/NOUN,naturalem/ADJ
animal/NOUN,rationale/ADJ,mortale/ADJ
ultimum/ADJ,finem/NOUN,suum/ADJ
ultimum/ADJ,finem/NOUN,suum/ADJ
solum/ADJ,liberum/ADJ,arbitrium/NOUN
ultimum/ADJ,suum/ADJ,finem/NOUN
primi/ADJ,universalis/ADJ,agentis/NOUN
suarum/ADJ,naturalium/ADJ,potentiarum/NOUN
potentiam/NOUN,activam/ADJ,naturalem/ADJ
potentiam/NOUN,activam/ADJ,divinam/ADJ
sua/ADJ,potentia/NOUN,activa/ADJ
suae/ADJ,causae/NOUN,exemplaris/ADJ
prima/ADJ,forma/NOUN,substantialis/ADJ
ultimae/ADJ,formae/NOUN,constitutivae/ADJ
formae/NOUN,communi/ADJ,simplici/ADJ
nova/ADJ,forma/NOUN,substantialis/ADJ
ultima/ADJ,differentia/NOUN,constitutiva/ADJ
pauciores/ADJ,formae/NOUN,intelligibiles/ADJ
potentia/NOUN,naturalis/ADJ,activa/ADJ
formam/NOUN,corporalem/ADJ,communem/ADJ
pluribus/ADJ,formis/NOUN,substantialibus/ADJ
sua/ADJ,forma/NOUN,substantiali/ADJ
forma/NOUN,generalis/ADJ,incompleta/ADJ
duplex/ADJ,esse/NOUN,substantiale/ADJ
prima/ADJ,forma/NOUN,substantialis/ADJ
formae/NOUN,substantiales/ADJ,materiales/ADJ
esse/NOUN,formali/ADJ,intelligibili/ADJ
formae/NOUN,substantiales/ADJ,ultimae/ADJ
formam/NOUN,inferiorem/ADJ,corporalem/ADJ
plures/ADJ,formae/NOUN,humanae/ADJ
forma/NOUN,simplex/ADJ,subsistens/ADJ
formae/NOUN,connaturalis/ADJ,perfectae/ADJ
vitam/NOUN,activam/ADJ,perfectam/ADJ
suo/ADJ,perfecto/ADJ,esse/NOUN
materialem/ADJ,formam/NOUN,substantialem/ADJ
diversae/ADJ,formae/NOUN,substantiales/ADJ
forma/NOUN,substantialis/ADJ,materialis/ADJ
forma/NOUN,substantialis/ADJ,materialis/ADJ
formas/NOUN,suas/ADJ,substantiales/ADJ
diversis/ADJ,formis/NOUN,imaginabilibus/ADJ
formam/NOUN,intelligibilem/ADJ,increatam/ADJ
formae/NOUN,intelligibili/ADJ,increatae/ADJ
intellectus/NOUN,noster/ADJ,possibilis/ADJ
suae/ADJ,naturali/ADJ,formae/NOUN
diversae/ADJ,formae/NOUN,substantiales/ADJ
suam/ADJ,formam/NOUN,substantialem/ADJ
multas/ADJ,formas/NOUN,accidentales/ADJ
formas/NOUN,simplices/ADJ,subsistentes/ADJ
principia/NOUN,universalia/ADJ,formalia/ADJ
suam/ADJ,formam/NOUN,intelligibilem/ADJ
suam/ADJ,formam/NOUN,naturalem/ADJ
simplici/ADJ,divina/ADJ,voluntate/NOUN
suam/ADJ,perfectionem/NOUN,intelligibilem/ADJ
plures/ADJ,formas/NOUN,speciales/ADJ
forma/NOUN,intelligibilis/ADJ,subsistens/ADJ
primi/ADJ,corporis/NOUN,sensibilis/ADJ
naturam/NOUN,spiritualem/ADJ,informem/ADJ
propriam/ADJ,rationem/NOUN,formalem/ADJ
infinita/ADJ,principia/NOUN,materialia/ADJ
infinita/ADJ,principia/NOUN,materialia/ADJ
diversa/ADJ,principia/NOUN,materialia/ADJ
prima/ADJ,principia/NOUN,contraria/ADJ
formam/NOUN,solam/ADJ,materialem/ADJ
multae/ADJ,formae/NOUN,sensibiles/ADJ
sola/ADJ,sua/ADJ,bonitate/NOUN
nobiliores/ADJ,spirituales/ADJ,substantiae/NOUN
multae/ADJ,substantiae/NOUN,rationales/ADJ
primam/ADJ,causam/NOUN,efficientem/ADJ
suum/ADJ,esse/NOUN,substantiale/ADJ
suum/ADJ,esse/NOUN,subsistens/ADJ
propriam/ADJ,naturam/NOUN,suam/ADJ
substantiae/NOUN,completae/ADJ,simplices/ADJ
suorum/ADJ,principiorum/NOUN,naturalium/ADJ
primam/ADJ,formam/NOUN,substantialem/ADJ
solus/ADJ,intellectus/NOUN,passivus/ADJ
potentia/NOUN,activa/ADJ,naturalis/ADJ
physici/ADJ,corporis/NOUN,organici/ADJ
suprema/ADJ,virtus/NOUN,cognoscitiva/ADJ
multae/ADJ,calefactiones/NOUN,passivae/ADJ
diversas/ADJ,potentias/NOUN,sensitivas/ADJ
diversas/ADJ,potentias/NOUN,sensitivas/ADJ
intellectus/NOUN,possibilis/ADJ,noster/ADJ
intellectum/NOUN,possibilem/ADJ,nostrum/ADJ
diversae/ADJ,species/NOUN,intelligibiles/ADJ
plures/ADJ,intellectus/NOUN,possibiles/ADJ
parvum/ADJ,lumen/NOUN,intelligibile/ADJ
anima/NOUN,intellectiva/ADJ,humana/ADJ
incorporea/ADJ,substantia/NOUN,sua/ADJ
diversas/ADJ,opiniones/NOUN,extraneas/ADJ
sensitivam/ADJ,propriam/ADJ,operationem/NOUN
suarum/ADJ,principalium/ADJ,partium/NOUN
infinita/ADJ,corpora/NOUN,humana/ADJ
propriae/ADJ,suae/ADJ,originis/NOUN
principio/NOUN,activo/ADJ,extrinseco/ADJ
multae/ADJ,generationes/NOUN,intermediae/ADJ
plures/ADJ,animae/NOUN,intellectivae/ADJ
plures/ADJ,substantiae/NOUN,intellectuales/ADJ
plura/ADJ,corpora/NOUN,caelestia/ADJ
suam/ADJ,formam/NOUN,naturalem/ADJ
suae/ADJ,formae/NOUN,naturalis/ADJ
suum/ADJ,esse/NOUN,materiale/ADJ
suum/ADJ,esse/NOUN,intelligibile/ADJ
sua/ADJ,virtute/NOUN,activa/ADJ
intellectum/NOUN,possibilem/ADJ,humanum/ADJ
sola/ADJ,natura/NOUN,divina/ADJ
intellectus/NOUN,possibilis/ADJ,noster/ADJ
superiores/ADJ,substantiae/NOUN,intelligibiles/ADJ
intellectus/NOUN,possibilis/ADJ,nostri/ADJ
primam/ADJ,intelligibilem/ADJ,speciem/NOUN
vis/NOUN,apprehensiva/ADJ,sensualis/ADJ
causa/NOUN,finalis/ADJ,proxima/ADJ
finem/NOUN,suum/ADJ,proprium/ADJ
suum/ADJ,simplex/ADJ,esse/NOUN
solum/ADJ,suum/ADJ,esse/NOUN
superioris/ADJ,agentis/NOUN,intellectualis/ADJ
suprema/ADJ,intellectualis/ADJ,substantia/NOUN
inferioris/ADJ,substantiae/NOUN,intellectualis/ADJ
suum/ADJ,finem/NOUN,ultimum/ADJ
suum/ADJ,finem/NOUN,ultimum/ADJ
ultima/ADJ,felicitas/NOUN,humana/ADJ
principiis/NOUN,primis/ADJ,indemonstrabilibus/ADJ
intellectus/NOUN,possibilis/ADJ,noster/ADJ
operatio/NOUN,sua/ADJ,propria/ADJ
perfectio/NOUN,ultima/ADJ,humana/ADJ
primum/ADJ,ens/NOUN,solum/ADJ
intellectus/NOUN,possibilis/ADJ,noster/ADJ
humana/ADJ,felicitas/NOUN,ultima/ADJ
natura/NOUN,intellectualis/ADJ,perfecta/ADJ
suam/ADJ,perfectam/ADJ,rationem/NOUN
sua/ADJ,virtus/NOUN,activa/ADJ
suum/ADJ,finem/NOUN,ultimum/ADJ
suum/ADJ,finem/NOUN,ultimum/ADJ
suum/ADJ,finem/NOUN,ultimum/ADJ
ultimum/ADJ,suum/ADJ,finem/NOUN
suo/ADJ,fine/NOUN,ultimo/ADJ
ultimo/ADJ,suo/ADJ,fine/NOUN
suam/ADJ,virtutem/NOUN,activam/ADJ
nostra/ADJ,corporali/ADJ,facie/NOUN
virtus/NOUN,activa/ADJ,corporalis/ADJ
sua/ADJ,naturali/ADJ,virtute/NOUN
suo/ADJ,connaturali/ADJ,lumine/NOUN
diversa/ADJ,subiecta/NOUN,prima/ADJ
suum/ADJ,ultimum/ADJ,finem/NOUN
sua/ADJ,capacitas/NOUN,naturalis/ADJ
suum/ADJ,ultimum/ADJ,finem/NOUN
suam/ADJ,ultimam/ADJ,felicitatem/NOUN
suam/ADJ,ultimam/ADJ,perfectionem/NOUN
particulare/ADJ,agens/NOUN,univocum/ADJ
quantitatem/NOUN,dimensivam/ADJ,infinitam/ADJ
proprio/ADJ,effectui/NOUN,particulari/ADJ
multis/ADJ,animalibus/NOUN,brutis/ADJ
solae/ADJ,intellectuales/ADJ,creaturae/NOUN
substantiae/NOUN,intellectivae/ADJ,inferiores/ADJ
inferiorum/ADJ,intellectualium/ADJ,naturarum/NOUN
superiores/ADJ,intellectuales/ADJ,substantiae/NOUN
superiores/ADJ,intellectuales/ADJ,substantias/NOUN
substantiae/NOUN,intellectuales/ADJ,superiores/ADJ
supremis/ADJ,intellectualibus/ADJ,substantiis/NOUN
superiores/ADJ,intellectuales/ADJ,substantias/NOUN
simplici/ADJ,divina/ADJ,voluntate/NOUN
caelestes/ADJ,essentiae/NOUN,intellectuales/ADJ
spiritum/NOUN,rationalem/ADJ,iustum/ADJ
primi/ADJ,motus/NOUN,caelestis/ADJ
formam/NOUN,suam/ADJ,corpoream/ADJ
causa/NOUN,media/ADJ,necessaria/ADJ
suorum/ADJ,principiorum/NOUN,essentialium/ADJ
solis/ADJ,principiis/NOUN,formalibus/ADJ
nostra/ADJ,intellectualis/ADJ,cognitio/NOUN
sancte/ADJ,Lucane/ADJ,ecclesie/NOUN
denarios/NOUN,bonos/ADJ,expendibiles/ADJ
sancte/ADJ,Lucanem/ADJ,ecclesie/NOUN
sancte/ADJ,Lucanem/ADJ,ecclesie/NOUN
sancte/ADJ,Lucanem/ADJ,ecclesie/NOUN
sancte/ADJ,Lucane/ADJ,ecclesie/NOUN
denarios/NOUN,bonos/ADJ,expendiviles/ADJ
sancte/ADJ,Lucane/ADJ,ecclesie/NOUN
sancte/ADJ,Lucane/ADJ,ecclesie/NOUN
sancte/ADJ,Lucanem/ADJ,ecclesie/NOUN
denarios/NOUN,bonos/ADJ,expendiviles/ADJ
sancte/ADJ,Lucane/ADJ,ecclesie/NOUN
denarios/NOUN,bonos/ADJ,expendiviles/ADJ
aucellos/NOUN,bonos/ADJ,murtinos/ADJ
sancte/ADJ,Lucane/ADJ,ecclesie/NOUN
singulos/ADJ,menses/NOUN,ianuario/ADJ
denarios/NOUN,bonos/ADJ,expendibiles/ADJ
denarios/NOUN,bonos/ADJ,expendiviles/ADJ
sancte/ADJ,Lucanem/ADJ,ecclesie/NOUN
sancte/ADJ,Lucanem/ADJ,ecclesie/NOUN
sancte/ADJ,Lucanem/ADJ,ecclesie/NOUN
sancte/ADJ,Lucane/ADJ,ecclesie/NOUN
sancte/ADJ,Lucane/ADJ,ecclesie/NOUN
bonos/ADJ,denarios/NOUN,expendiviles/ADJ
sancte/ADJ,Lucane/ADJ,ecclesie/NOUN
sancte/ADJ,Lucane/ADJ,ecclesie/NOUN
denarios/NOUN,bono/ADJ,expendiviles/ADJ
sancte/ADJ,Lucane/ADJ,ecclesie/NOUN
sancte/ADJ,Lucane/ADJ,ecclesie/NOUN
denarios/NOUN,bonos/ADJ,expendiviles/ADJ
sancte/ADJ,Lucane/ADJ,ecclesie/NOUN
sancte/ADJ,Lucane/ADJ,ecclesie/NOUN
denarios/NOUN,bono/ADJ,expendiviles/ADJ
sancte/ADJ,Lucanem/ADJ,ecclesie/NOUN
denarios/NOUN,bonos/ADJ,expendiviles/ADJ
sancte/ADJ,Lucane/ADJ,ecclesie/NOUN
denarios/NOUN,bonos/ADJ,expendiviles/ADJ
sancte/ADJ,Lucanem/ADJ,ecclesie/NOUN
bonos/ADJ,denarios/NOUN,expendiviles/ADJ
sancte/ADJ,Lucane/ADJ,ecclesie/NOUN
denarios/NOUN,bonos/ADJ,expendiviles/ADJ
sancte/ADJ,Lucane/ADJ,ecclesie/NOUN
denarios/NOUN,bonos/ADJ,expendiviles/ADJ
sancte/ADJ,Lucanem/ADJ,ecclesie/NOUN
sancte/ADJ,Lucane/ADJ,ecclesie/NOUN
denarios/NOUN,bonos/ADJ,expendiviles/ADJ
sancte/ADJ,Lucanem/ADJ,ecclesie/NOUN
sancte/ADJ,Lucane/ADJ,ecclesie/NOUN
sancte/ADJ,Lucane/ADJ,ecclesie/NOUN
sancte/ADJ,Lucane/ADJ,ecclesie/NOUN
denarios/NOUN,bonos/ADJ,expendiviles/ADJ
sancte/ADJ,Lucane/ADJ,ecclesie/NOUN
denarios/NOUN,bonos/ADJ,expendiviles/ADJ
sancte/ADJ,Lucane/ADJ,ecclesie/NOUN
sancte/ADJ,Lucane/ADJ,ecclesie/NOUN
sancte/ADJ,Lucane/ADJ,ecclesie/NOUN
denarios/NOUN,bonos/ADJ,expendiviles/ADJ
sancte/ADJ,Lucane/ADJ,ecclesie/NOUN
sancte/ADJ,Lucanem/ADJ,ecclesie/NOUN
sancte/ADJ,Lucane/ADJ,ecclesie/NOUN
bonos/ADJ,denarios/NOUN,expendiviles/ADJ
bonos/ADJ,denarios/NOUN,expendiviles/ADJ
sancte/ADJ,Lucane/ADJ,ecclesie/NOUN
sancte/ADJ,Lucane/ADJ,ecclesie/NOUN
denarios/NOUN,bono/ADJ,expendiviles/ADJ
denarios/NOUN,bonos/ADJ,expendiviles/ADJ
sancte/ADJ,Lucane/ADJ,ecclesie/NOUN
denarios/NOUN,bonos/ADJ,expendiviles/ADJ
sancte/ADJ,Lucane/ADJ,ecclesie/NOUN
sancte/ADJ,Lucane/ADJ,ecclesie/NOUN
denarios/NOUN,bonos/ADJ,expendiviles/ADJ
sancte/ADJ,Lucanem/ADJ,ecclesie/NOUN
sancte/ADJ,Lucane/ADJ,ecclesie/NOUN
denarios/NOUN,bonos/ADJ,expendiviles/ADJ
sancte/ADJ,Lucane/ADJ,ecclesie/NOUN
sancte/ADJ,Lucane/ADJ,ecclesie/NOUN
sancte/ADJ,Lucane/ADJ,ecclesie/NOUN
sancte/ADJ,Lucane/ADJ,ecclesie/NOUN
sancte/ADJ,Lucane/ADJ,ecclesie/NOUN
denarios/NOUN,bonos/ADJ,expendiviles/ADJ
sancte/ADJ,Lucane/ADJ,ecclesie/NOUN
denarios/NOUN,bonos/ADJ,expendiviles/ADJ
sancte/ADJ,Lucanem/ADJ,ecclesie/NOUN
sancte/ADJ,Lucane/ADJ,ecclesie/NOUN
sancte/ADJ,Lucane/ADJ,ecclesie/NOUN
denarios/NOUN,bonos/ADJ,expendiviles/ADJ
sancte/ADJ,Lucane/ADJ,ecclesie/NOUN
bonos/ADJ,denarios/NOUN,expendiviles/ADJ
mense/NOUN,decembrio/ADJ,proximo/ADJ
sancte/ADJ,Lucane/ADJ,ecclesie/NOUN
denarios/NOUN,bonos/ADJ,expendiviles/ADJ
sancte/ADJ,Lucane/ADJ,ecclesie/NOUN
sancte/ADJ,Lucane/ADJ,ecclesie/NOUN
bonos/ADJ,denarios/NOUN,expendiviles/ADJ
sancte/ADJ,Lucane/ADJ,ecclesie/NOUN
sancte/ADJ,Lucane/ADJ,ecclesie/NOUN
denarios/NOUN,bonos/ADJ,expendiviles/ADJ
sancte/ADJ,Lucane/ADJ,ecclesie/NOUN
sancte/ADJ,Lucane/ADJ,ecclesie/NOUN
sancte/ADJ,Lucane/ADJ,ecclesie/NOUN
denarios/NOUN,bonos/ADJ,expendiviles/ADJ
denarios/NOUN,bonos/ADJ,expendivilis/ADJ
sancte/ADJ,Lucane/ADJ,ecclesie/NOUN
denarios/NOUN,bonos/ADJ,expendiviles/ADJ
sancte/ADJ,Lucane/ADJ,ecclesie/NOUN
sancte/ADJ,Lucane/ADJ,ecclesie/NOUN
sancte/ADJ,Lucane/ADJ,ecclesie/NOUN
sancte/ADJ,Lucane/ADJ,ecclesie/NOUN
sancte/ADJ,Lucane/ADJ,ecclesie/NOUN
sancte/ADJ,Lucane/ADJ,ecclesie/NOUN
denarios/NOUN,bonos/ADJ,expendiviles/ADJ
sancte/ADJ,Lucane/ADJ,ecclesie/NOUN
sancte/ADJ,Lucane/ADJ,ecclesie/NOUN
sancte/ADJ,Lucane/ADJ,ecclesie/NOUN
sancte/ADJ,Lucane/ADJ,ecclesie/NOUN
sancte/ADJ,Lucane/ADJ,ecclesie/NOUN
sancte/ADJ,Lucanem/ADJ,ecclesie/NOUN
sancte/ADJ,Lucane/ADJ,ecclesie/NOUN
sancte/ADJ,Lucane/ADJ,ecclesie/NOUN
sancte/ADJ,Lucane/ADJ,ecclesie/NOUN
sancte/ADJ,Lucane/ADJ,ecclesie/NOUN
sancte/ADJ,Lucane/ADJ,ecclesie/NOUN
denarios/NOUN,bonos/ADJ,expendiviles/ADJ
magnus/ADJ,pacificus/ADJ,imperator/NOUN
magnus/ADJ,pacificus/ADJ,imperator/NOUN
magnus/ADJ,pacificus/ADJ,imperator/NOUN
magnus/ADJ,pacificus/ADJ,imperator/NOUN
sanctae/ADJ,Lucanae/ADJ,ecclesiae/NOUN
bonos/ADJ,denarios/NOUN,mundos/ADJ
magnus/ADJ,pacificus/ADJ,imperator/NOUN
sancte/ADJ,Lucane/ADJ,ecclesie/NOUN
magnus/ADJ,pacificus/ADJ,imperator/NOUN
magnus/ADJ,pacificus/ADJ,imperator/NOUN
magnus/ADJ,pacificus/ADJ,imperator/NOUN
dinari/NOUN,boni/ADJ,mundi/ADJ
sancte/ADJ,Lucane/ADJ,ecclesie/NOUN
sancte/ADJ,Lucane/ADJ,ecclesie/NOUN
berbice/NOUN,adnutino/ADJ,bono/ADJ
sanctae/ADJ,Lucensis/ADJ,ecclesiae/NOUN
sancte/ADJ,Lucanem/ADJ,ecclesie/NOUN
sancte/ADJ,Lucanem/ADJ,ecclesie/NOUN
sancte/ADJ,Lucane/ADJ,ecclesie/NOUN
sancte/ADJ,Lucane/ADJ,ecclesie/NOUN
sancte/ADJ,Lucane/ADJ,ecclesie/NOUN
rotas/NOUN,carraricias/ADJ,bonas/ADJ
sancte/ADJ,Lucane/ADJ,ecclesie/NOUN
sancte/ADJ,Lucane/ADJ,ecclesie/NOUN
sancte/ADJ,Lucensis/ADJ,ecclesie/NOUN
sanctem/ADJ,Lucanem/ADJ,ecclesie/NOUN
sancte/ADJ,Lucane/ADJ,ecclesie/NOUN
denarios/NOUN,bonos/ADJ,expendibiles/ADJ
sancte/ADJ,Lucane/ADJ,ecclesie/NOUN
denarios/NOUN,bonos/ADJ,expendibiles/ADJ
sancte/ADJ,Lucanem/ADJ,ecclesie/NOUN
denarios/NOUN,bonos/ADJ,expendibilis/ADJ
sancte/ADJ,Lucanem/ADJ,ecclesie/NOUN
sancte/ADJ,Lucane/ADJ,ecclesie/NOUN
denarios/NOUN,bonos/ADJ,expendibiles/ADJ
denarios/NOUN,bonos/ADJ,expendibiles/ADJ
sancte/ADJ,Lucanem/ADJ,ecclesie/NOUN
sancte/ADJ,Lucane/ADJ,ecclesie/NOUN
sancte/ADJ,Lucane/ADJ,ecclesie/NOUN
berbice/NOUN,obtimo/ADJ,bono/ADJ
sancte/ADJ,Lucane/ADJ,ecclesie/NOUN
denarios/NOUN,bonos/ADJ,expendibiles/ADJ
denarios/NOUN,bonos/ADJ,expendibiles/ADJ
sancte/ADJ,Lucane/ADJ,ecclesie/NOUN
sancte/ADJ,Lucane/ADJ,ecclesie/NOUN
sancte/ADJ,Lucane/ADJ,ecclesie/NOUN
denarios/NOUN,bonos/ADJ,expendibiles/ADJ
denarios/NOUN,bonos/ADJ,expendibiles/ADJ
sancte/ADJ,Lucane/ADJ,ecclesie/NOUN
denarios/NOUN,bonos/ADJ,expendibiles/ADJ
sancte/ADJ,Lucanem/ADJ,ecclesie/NOUN
denarios/NOUN,bonos/ADJ,expendibiles/ADJ
sancte/ADJ,Lucanem/ADJ,ecclesie/NOUN
sancte/ADJ,Lucane/ADJ,ecclesie/NOUN
sancte/ADJ,Lucane/ADJ,ecclesie/NOUN
sancte/ADJ,Lucane/ADJ,ecclesie/NOUN
sancte/ADJ,Lucane/ADJ,ecclesie/NOUN
sancte/ADJ,Lucane/ADJ,ecclesie/NOUN
sancte/ADJ,Lucanem/ADJ,ecclesie/NOUN
berbice/NOUN,annutino/ADJ,optimo/ADJ
sancte/ADJ,Lucane/ADJ,ecclesie/NOUN
sancte/ADJ,Lucane/ADJ,ecclesie/NOUN
denarios/NOUN,bonos/ADJ,expendiviles/ADJ
sancte/ADJ,Lucane/ADJ,ecclesie/NOUN
pisces/NOUN,bonos/ADJ,gubitales/ADJ
denarios/NOUN,bonos/ADJ,expendibiles/ADJ
sancte/ADJ,Lucane/ADJ,ecclesie/NOUN
sagra/ADJ,iussio/NOUN,imperialis/ADJ
sancte/ADJ,Lucane/ADJ,ecclesie/NOUN
sancte/ADJ,Lucane/ADJ,ecclesie/NOUN
sancte/ADJ,Lucane/ADJ,ecclesie/NOUN
sancte/ADJ,Lucane/ADJ,ecclesie/NOUN
denarios/NOUN,bonos/ADJ,expendiviles/ADJ
denarios/NOUN,bonos/ADJ,expendibiles/ADJ
denarios/NOUN,bonos/ADJ,expendiviles/ADJ
sancte/ADJ,Lucane/ADJ,ecclesie/NOUN
sancte/ADJ,Lucanem/ADJ,ecclesie/NOUN
sanctem/ADJ,Lucanem/ADJ,ecclesie/NOUN
sancte/ADJ,Lucanem/ADJ,ecclesie/NOUN
sancte/ADJ,Lucanem/ADJ,ecclesie/NOUN
denarios/NOUN,bonos/ADJ,expendiviles/ADJ
denarios/NOUN,bonos/ADJ,expendiviles/ADJ
sancte/ADJ,Lucane/ADJ,ecclesie/NOUN
denarios/NOUN,bonos/ADJ,expendiviles/ADJ
sancte/ADJ,Lucane/ADJ,ecclesie/NOUN
sancte/ADJ,Lucane/ADJ,ecclesie/NOUN
sancte/ADJ,Lucane/ADJ,ecclesie/NOUN
sancte/ADJ,Lucane/ADJ,ecclesie/NOUN
sancte/ADJ,Lucane/ADJ,ecclesie/NOUN
sancte/ADJ,Lucane/ADJ,ecclesie/NOUN
sancte/ADJ,Lucanem/ADJ,ecclesie/NOUN
denarios/NOUN,bonos/ADJ,expendiviles/ADJ
sancte/ADJ,Lucane/ADJ,ecclesie/NOUN
denarios/NOUN,bonos/ADJ,expendiviles/ADJ
denarios/NOUN,bonos/ADJ,expendiviles/ADJ
denarios/NOUN,bonos/ADJ,expendiviles/ADJ
sancte/ADJ,Pisensis/ADJ,ecclesie/NOUN
sancte/ADJ,Lucensis/ADJ,ecclesie/NOUN
denarios/NOUN,bonos/ADJ,expendiviles/ADJ
sancte/ADJ,Lucane/ADJ,ecclesie/NOUN
denarios/NOUN,bonos/ADJ,expendiviles/ADJ
sancte/ADJ,Lucane/ADJ,ecclesie/NOUN
bonos/ADJ,denarios/NOUN,mundos/ADJ
denarios/NOUN,bonos/ADJ,expendiviles/ADJ
denarios/NOUN,bonos/ADJ,expendiviles/ADJ
denarios/NOUN,bonos/ADJ,expendiviles/ADJ
sancte/ADJ,Lucane/ADJ,ecclesie/NOUN
sancte/ADJ,Lucane/ADJ,ecclesie/NOUN
sancte/ADJ,Lucane/ADJ,ecclesie/NOUN
sancte/ADJ,Lucane/ADJ,ecclesie/NOUN
sancte/ADJ,Lucane/ADJ,ecclesie/NOUN
sancte/ADJ,Lucane/ADJ,ecclesie/NOUN
denarios/NOUN,bonos/ADJ,expendiviles/ADJ
denarios/NOUN,bonos/ADJ,expendiviles/ADJ
sancte/ADJ,Lucane/ADJ,ecclesie/NOUN
sancte/ADJ,Lucane/ADJ,ecclesie/NOUN
denarios/NOUN,bonos/ADJ,mundos/ADJ
mense/NOUN,aprile/ADJ,proximo/ADJ
denarios/NOUN,bonos/ADJ,expendivilis/ADJ
sancte/ADJ,Lucane/ADJ,ecclesie/NOUN
sancte/ADJ,Lucane/ADJ,ecclesie/NOUN
sancte/ADJ,Lucane/ADJ,ecclesie/NOUN
sancte/ADJ,Lucane/ADJ,ecclesie/NOUN
sancte/ADJ,Lucane/ADJ,ecclesie/NOUN
sancte/ADJ,Lucane/ADJ,ecclesie/NOUN
sancte/ADJ,Lucane/ADJ,ecclesie/NOUN
denarios/NOUN,bonos/ADJ,expendiviles/ADJ
sancte/ADJ,Lucane/ADJ,ecclesie/NOUN
sancte/ADJ,Lucane/ADJ,ecclesie/NOUN
denarios/NOUN,bonos/ADJ,expendiviles/ADJ
denarios/NOUN,bonos/ADJ,expendiviles/ADJ
sancte/ADJ,Lucane/ADJ,ecclesie/NOUN
sancte/ADJ,Hlucane/ADJ,ecclesie/NOUN
denarios/NOUN,bonos/ADJ,expendiviles/ADJ
sancte/ADJ,Lucane/ADJ,ecclesie/NOUN
denarios/NOUN,bonos/ADJ,expendiviles/ADJ
sancte/ADJ,Lucane/ADJ,ecclesie/NOUN
sancte/ADJ,Lucanem/ADJ,ecclesie/NOUN
sancte/ADJ,Lucane/ADJ,ecclesie/NOUN
sancte/ADJ,Lucane/ADJ,ecclesie/NOUN
sancte/ADJ,Lucane/ADJ,ecclesie/NOUN
sancte/ADJ,Lucane/ADJ,ecclesie/NOUN
sancte/ADJ,Lucane/ADJ,ecclesie/NOUN
sancte/ADJ,Lucane/ADJ,ecclesie/NOUN
sancte/ADJ,Lucane/ADJ,ecclesie/NOUN
sancte/ADJ,Lucane/ADJ,ecclesie/NOUN
denarios/NOUN,bonos/ADJ,expendiviles/ADJ
denarios/NOUN,bonos/ADJ,expendiviles/ADJ
denarios/NOUN,bonos/ADJ,expendiviles/ADJ
denarios/NOUN,bonos/ADJ,expendiviles/ADJ
denarios/NOUN,bono/ADJ,expendiviles/ADJ
sancte/ADJ,Lucanem/ADJ,ecclesie/NOUN
denarios/NOUN,bonos/ADJ,expendiviles/ADJ
sancte/ADJ,Lucane/ADJ,ecclesie/NOUN
bonos/ADJ,denarios/NOUN,expendiviles/ADJ
sancte/ADJ,Lucane/ADJ,ecclesie/NOUN
bonos/ADJ,denarios/NOUN,expendiviles/ADJ
bonos/ADJ,denarios/NOUN,expendiviles/ADJ
sancte/ADJ,Lucane/ADJ,ecclesie/NOUN
sancte/ADJ,Lucane/ADJ,ecclesie/NOUN
sancte/ADJ,Lucane/ADJ,ecclesie/NOUN
denarios/NOUN,bono/ADJ,expendiviles/ADJ
sancte/ADJ,Lucane/ADJ,ecclesie/NOUN
denarios/NOUN,bonos/ADJ,expendiviles/ADJ
sancte/ADJ,Lucane/ADJ,ecclesie/NOUN
sancte/ADJ,Lucane/ADJ,ecclesie/NOUN
sancte/ADJ,Lucanem/ADJ,ecclesie/NOUN
denarios/NOUN,bonos/ADJ,expendivilis/ADJ
sancte/ADJ,Lucane/ADJ,ecclesie/NOUN
denarios/NOUN,bonos/ADJ,expendiviles/ADJ
sancte/ADJ,Lucanem/ADJ,ecclesie/NOUN
denarios/NOUN,bonos/ADJ,expendiviles/ADJ
sancte/ADJ,Lucanem/ADJ,ecclesie/NOUN
denarios/NOUN,bonos/ADJ,expendivilis/ADJ
sancte/ADJ,Lucane/ADJ,ecclesie/NOUN
sancte/ADJ,Lucane/ADJ,ecclesie/NOUN
denarios/NOUN,bonos/ADJ,expendiviles/ADJ
sancte/ADJ,Lucanem/ADJ,ecclesie/NOUN
sancte/ADJ,Lucane/ADJ,ecclesie/NOUN
sancte/ADJ,Lucanem/ADJ,ecclesie/NOUN
sancte/ADJ,Lucanem/ADJ,ecclesie/NOUN
denarios/NOUN,bonos/ADJ,expendiviles/ADJ
sancte/ADJ,Lucanem/ADJ,ecclesie/NOUN
sancte/ADJ,Lucane/ADJ,ecclesie/NOUN
sancte/ADJ,Lucanem/ADJ,ecclesie/NOUN
denarios/NOUN,bonos/ADJ,expendiviles/ADJ
sancte/ADJ,Lucanem/ADJ,ecclesie/NOUN
denarios/NOUN,bonos/ADJ,expendiviles/ADJ
sancte/ADJ,Lucane/ADJ,ecclesie/NOUN
denarios/NOUN,bonos/ADJ,expendiviles/ADJ
sancte/ADJ,Lucane/ADJ,ecclesie/NOUN
denarios/NOUN,bonos/ADJ,expendiviles/ADJ
sancte/ADJ,Lucane/ADJ,ecclesie/NOUN
denarios/NOUN,bono/ADJ,expendiviles/ADJ
denarios/NOUN,bonos/ADJ,expendiviles/ADJ
sancte/ADJ,Lucanem/ADJ,ecclesie/NOUN
denarios/NOUN,bonos/ADJ,expendiviles/ADJ
denarios/NOUN,bonos/ADJ,expendiviles/ADJ
sancte/ADJ,Lucane/ADJ,ecclesie/NOUN
sancte/ADJ,Lucanem/ADJ,ecclesie/NOUN
denarios/NOUN,bonos/ADJ,expendiviles/ADJ
sancte/ADJ,Lucane/ADJ,ecclesie/NOUN
sancte/ADJ,Lucanem/ADJ,eclesie/NOUN
denarios/NOUN,bonos/ADJ,expendiviles/ADJ
sancte/ADJ,Lucane/ADJ,ecclesie/NOUN
sancte/ADJ,Lucane/ADJ,ecclesie/NOUN
denarios/NOUN,bonos/ADJ,expendiviles/ADJ
sancte/ADJ,Lucane/ADJ,ecclesie/NOUN
denarios/NOUN,bono/ADJ,expendiviles/ADJ
sancte/ADJ,Lucane/ADJ,ecclesie/NOUN
denarios/NOUN,bonos/ADJ,expendiviles/ADJ
sancte/ADJ,Lucanem/ADJ,eclesie/NOUN
denarios/NOUN,bonos/ADJ,expendiviles/ADJ
sancte/ADJ,Lucane/ADJ,ecclesie/NOUN
denarios/NOUN,bonos/ADJ,expendiviles/ADJ
sancte/ADJ,Lucane/ADJ,ecclesie/NOUN
sancte/ADJ,Lucane/ADJ,ecclesie/NOUN
sancte/ADJ,Lucane/ADJ,ecclesie/NOUN
sancte/ADJ,Lucane/ADJ,ecclesie/NOUN
denarios/NOUN,bonos/ADJ,expendiviles/ADJ
sancte/ADJ,Lucane/ADJ,ecclesie/NOUN
denarios/NOUN,bonos/ADJ,expendiviles/ADJ
sancte/ADJ,Lucane/ADJ,ecclesie/NOUN
bonos/ADJ,denarios/NOUN,expendiviles/ADJ
denarios/NOUN,bonos/ADJ,expendiviles/ADJ
sancte/ADJ,Lucane/ADJ,ecclesie/NOUN
denarios/NOUN,bonos/ADJ,expendiviles/ADJ
sancte/ADJ,Lucane/ADJ,eclesie/NOUN
denarios/NOUN,bonos/ADJ,expendiviles/ADJ
sancte/ADJ,Lucane/ADJ,ecclesie/NOUN
sancte/ADJ,Lucanem/ADJ,eclesie/NOUN
denarios/NOUN,bonos/ADJ,expendiviles/ADJ
sancte/ADJ,Lucane/ADJ,ecclesie/NOUN
denarios/NOUN,bonos/ADJ,expendiviles/ADJ
sancte/ADJ,Lucane/ADJ,ecclesie/NOUN
denarios/NOUN,bonos/ADJ,expendiviles/ADJ
sancte/ADJ,Lucane/ADJ,ecclesie/NOUN
denarios/NOUN,bonos/ADJ,expendiviles/ADJ
sancte/ADJ,Lucane/ADJ,ecclesie/NOUN
sancte/ADJ,Lucanem/ADJ,eclesie/NOUN
sancte/ADJ,Lucane/ADJ,ecclesie/NOUN
sancte/ADJ,Lucanem/ADJ,eclesie/NOUN
denarios/NOUN,bonos/ADJ,expendiviles/ADJ
sancte/ADJ,Lucane/ADJ,ecclesie/NOUN
denarios/NOUN,bonos/ADJ,expendibiles/ADJ
sancte/ADJ,Lucane/ADJ,ecclesie/NOUN
denarios/NOUN,bonos/ADJ,expendiviles/ADJ
sancte/ADJ,Lucane/ADJ,ecclesie/NOUN
denarios/NOUN,bonos/ADJ,expendiviles/ADJ
sancte/ADJ,Lucane/ADJ,ecclesie/NOUN
denarios/NOUN,bono/ADJ,expendiviles/ADJ
sancte/ADJ,Lucane/ADJ,ecclesie/NOUN
denarios/NOUN,bonos/ADJ,expendiviles/ADJ
sancte/ADJ,Lucane/ADJ,ecclesie/NOUN
denarios/NOUN,bonos/ADJ,expendiviles/ADJ
sancte/ADJ,Lucane/ADJ,ecclesie/NOUN
consalutatio/NOUN,forensis/ADJ,perhonorifica/ADJ
omne/ADJ,trimenstrium/ADJ,genus/NOUN
omnis/ADJ,spiritus/NOUN,inmundi/ADJ
omnis/ADJ,volucris/NOUN,inmundae/ADJ
byssinum/NOUN,album/ADJ,mundum/ADJ
thronum/NOUN,magnum/ADJ,candidum/ADJ
locis/NOUN,frigidis/ADJ,niuosis/ADJ
albo/ADJ,saxo/NOUN,duro/ADJ
aliud/ADJ,corium/NOUN,subtilius/ADJ
ceteris/ADJ,noxiis/ADJ,animalibus/NOUN
alterum/ADJ,uicinum/ADJ,locum/NOUN
falciculas/NOUN,breuissimas/ADJ,tubulatas/ADJ
mense/NOUN,ianuario/ADJ,ultimo/ADJ
albi/ADJ,lapides/NOUN,minutissimi/ADJ
uini/NOUN,ueteris/ADJ,styptici/ADJ
regionibus/NOUN,frigidis/ADJ,pluuiosis/ADJ
alterius/ADJ,seras/ADJ,maturitates/NOUN
summo/ADJ,discessu/NOUN,bonorum/ADJ
summa/ADJ,re/NOUN,publica/ADJ
toti/ADJ,rationi/NOUN,agrariae/ADJ
multos/ADJ,bonos/ADJ,viros/NOUN
extremae/ADJ,epistulae/NOUN,tuae/ADJ
malus/ADJ,emptor/NOUN,alienus/ADJ
aestivos/ADJ,mensis/NOUN,reliquos/ADJ
Cassi/ADJ,litterae/NOUN,victrices/ADJ
cives/NOUN,Romani/ADJ,pauci/ADJ
reliqua/ADJ,privata/ADJ,aedificia/NOUN
proelium/NOUN,equestre/ADJ,adversum/ADJ
porrecta/ADJ,loca/NOUN,aperta/ADJ
duplici/ADJ,altissimo/ADJ,muro/NOUN
paucae/ADJ,ultimae/ADJ,nationes/NOUN
Tigna/NOUN,bina/ADJ,sesquipedalia/ADJ
maritimos/ADJ,aestus/NOUN,maximos/ADJ
continuos/ADJ,complures/ADJ,dies/NOUN
universi/ADJ,generis/NOUN,humani/ADJ
pestifera/ADJ,bella/NOUN,civilia/ADJ
Atticorum/ADJ,antiqua/ADJ,comoedia/NOUN
multi/ADJ,falsi/ADJ,testes/NOUN
multa/ADJ,opera/NOUN,bona/ADJ
nardi/NOUN,pistici/ADJ,pretiosi/ADJ
solum/ADJ,verum/ADJ,Deum/NOUN
Iudaei/ADJ,viri/NOUN,religiosi/ADJ
gentilium/ADJ,mulierum/NOUN,honestarum/ADJ
praesenti/ADJ,saeculo/NOUN,nequam/ADJ
tela/NOUN,nequissimi/ADJ,ignea/ADJ
arbores/NOUN,autumnales/ADJ,infructuosae/ADJ
Vestimenta/NOUN,mea/ADJ,cubitoria/ADJ
rem/NOUN,omnium/ADJ,delicatissimam/ADJ
duo/ADJ,Aethiopes/NOUN,capillati/ADJ
grata/ADJ,peregrina/ADJ,hospita/NOUN
corpus/NOUN,totum/ADJ,lividum/ADJ
servo/NOUN,suo/ADJ,misello/ADJ
porticus/NOUN,marmoratos/ADJ,duos/ADJ
ostiarii/ADJ,cellam/NOUN,perbonam/ADJ
multa/ADJ,nefanda/ADJ,stupra/NOUN
inparatam/ADJ,rem/NOUN,publicam/ADJ
imperia/NOUN,saeva/ADJ,multa/ADJ
Egregia/ADJ,tua/ADJ,fides/NOUN
multa/ADJ,nefaria/ADJ,facinora/NOUN
bellis/NOUN,Punicis/ADJ,omnibus/ADJ
tanto/ADJ,omnium/ADJ,metu/NOUN
gente/NOUN,clarissuma/ADJ,Corneliorum/ADJ
pristinae/ADJ,suae/ADJ,dignitatis/NOUN
multa/ADJ,exempla/NOUN,maiorum/ADJ
vivi/ADJ,conlegae/NOUN,mei/ADJ
Signa/NOUN,militaria/ADJ,complura/ADJ
Ioui/NOUN,Optimo/ADJ,Maximo/ADJ
ullum/ADJ,nocturnum/ADJ,spectaculum/NOUN
lapide/NOUN,mundo/ADJ,candido/ADJ
unus/ADJ,angelus/NOUN,fortis/ADJ
femur/NOUN,suum/ADJ,nomen/ADJ
proximis/ADJ,comitiis/NOUN,consularibus/ADJ
rem/NOUN,publicam/ADJ,universam/ADJ
alio/ADJ,incredibili/ADJ,scelere/NOUN
infestis/ADJ,omnium/ADJ,oculis/NOUN
quanto/ADJ,aere/NOUN,alieno/ADJ
