visapusiškas/ADJ,nepriklausomas/ADJ,tyrimas/NOUN
didesnės/ADJ,piniginės/ADJ,baudos/NOUN
techninius/ADJ,investicinius/ADJ,projektus/NOUN
naujos/ADJ,atominės/ADJ,jėgainės/NOUN
slogūs/ADJ,sovietiniai/ADJ,laikai/NOUN
paprasto/ADJ,balto/ADJ,lapo/NOUN
pastarąją/ADJ,teigiamą/ADJ,tendenciją/NOUN
ilgalaikės/ADJ,pagrindinės/ADJ,sąlygos/NOUN
nedidelė/ADJ,administracinė/ADJ,našta/NOUN
nuostabių/ADJ,ramių/ADJ,akimirkų/NOUN
įvairų/ADJ,teisinį/ADJ,pagrindą/NOUN
vidutinis/ADJ,metinis/ADJ,biudžetas/NOUN
naujus/ADJ,pasaulinius/ADJ,uždavinius/NOUN
didesnio/ADJ,socialinio/ADJ,teisingumo/NOUN
svarbiausia/ADJ,sudėtinė/ADJ,dalis/NOUN
bendra/ADJ,socialine/ADJ,atsakomybe/NOUN
Naujiems/ADJ,skaitmeniniams/ADJ,produktams/NOUN
naujosios/ADJ,atominės/ADJ,elektrinės/NOUN
rūgščios/ADJ,forminės/ADJ,duonos/NOUN
didžiulę/ADJ,žalią/ADJ,trirublę/NOUN
grėsminga/ADJ,parazitine/ADJ,liga/NOUN
sunki/ADJ,parazitinė/ADJ,liga/NOUN
Puikių/ADJ,šventinių/ADJ,patiekalų/NOUN
tradicinių/ADJ,kalėdinių/ADJ,kepinių/NOUN
kvapūs/ADJ,kosmetiniai/ADJ,aliejai/NOUN
pašėlusi/ADJ,šventinė/ADJ,karštinė/NOUN
vietiniais/ADJ,simfoniniais/ADJ,orkestrais/NOUN
skausmingas/ADJ,ekonomines/ADJ,reformas/NOUN
viešieji/ADJ,juridiniai/ADJ,asmenys/NOUN
konkreti/ADJ,organinė/ADJ,patologija/NOUN
plonom/ADJ,stiklinėm/ADJ,kojom/NOUN
idealaus/ADJ,begarsio/ADJ,pasaulio/NOUN
dailių/ADJ,pacukruotų/ADJ,paviršių/NOUN
didžiojo/ADJ,kosminio/ADJ,ošimo/NOUN
gerus/ADJ,socialinius/ADJ,santykius/NOUN
tarptautinių/ADJ,ekonominių/ADJ,santykių/NOUN
viešojoje/ADJ,informacinėje/ADJ,erdvėje/NOUN
naujų/ADJ,informacinių/ADJ,technologijų/NOUN
kultūrinis/ADJ,istorinis/ADJ,kraštovaizdis/NOUN
paslaptingą/ADJ,kosminį/ADJ,kryželį/NOUN
nykių/ADJ,vyriškų/ADJ,problemų/NOUN
neatidėliotinais/ADJ,alkoholiniais/ADJ,reikalais/NOUN
abstrakčiais/ADJ,egzistenciniais/ADJ,klausimais/NOUN
bukaprotišku/ADJ,aliejiniu/ADJ,žvilgsniu/NOUN
stiprios/ADJ,motiniškos/ADJ,meilės/NOUN
Skausmingas/ADJ,psichinis/ADJ,nejautrumas/NOUN
simbolinė/ADJ,plastmasinė/ADJ,pertvara/NOUN
tikri/ADJ,vyriški/ADJ,gestai/NOUN
savitą/ADJ,egzistencinę/ADJ,laikyseną/NOUN
bjauriu/ADJ,nuogu/ADJ,užpakaliu/NOUN
Valstybinio/ADJ,socialinio/ADJ,draudimo/NOUN
išsamią/ADJ,teorinę/ADJ,apžvalgą/NOUN
lietuviškosios/ADJ,periodinės/ADJ,spaudos/NOUN
šiandieninėje/ADJ,informacinėje/ADJ,visuomenėje/NOUN
gausią/ADJ,teorinę/ADJ,literatūrą/NOUN
sudėtingus/ADJ,teorinius/ADJ,modelius/NOUN
Įdomūs/ADJ,kultūriniai/ADJ,skirtumai/NOUN
meninį/ADJ,siužetinį/ADJ,straipsnį/NOUN
ūkinę/ADJ,komercinę/ADJ,veiklą/NOUN
ūkine/ADJ,komercine/ADJ,veikla/NOUN
metinę/ADJ,finansinę/ADJ,atskaitomybę/NOUN
metinę/ADJ,finansinę/ADJ,atskaitomybę/NOUN
metinė/ADJ,finansinė/ADJ,atskaitomybė/NOUN
metinė/ADJ,finansinė/ADJ,atskaitomybė/NOUN
metinėje/ADJ,finansinėje/ADJ,atskaitomybėje/NOUN
svarbiausių/ADJ,išorinių/ADJ,veiksnių/NOUN
viešųjų/ADJ,elektroninių/ADJ,ryšių/NOUN
sunkų/ADJ,finansinį/ADJ,laikotarpį/NOUN
privataus/ADJ,medicininio/ADJ,gydymo/NOUN
Šiuolaikinės/ADJ,lietuviškosios/ADJ,emigracijos/NOUN
viešieji/ADJ,juridiniai/ADJ,asmenys/NOUN
privačių/ADJ,juridinių/ADJ,asmenų/NOUN
šiuolaikinės/ADJ,lietuviškosios/ADJ,migracijos/NOUN
demografinių/ADJ,statistinių/ADJ,parametrų/NOUN
socialinio/ADJ,ekonominio/ADJ,konteksto/NOUN
tradicinio/ADJ,teorinio/ADJ,požiūrio/NOUN
tarptautinio/ADJ,ekonominio/ADJ,migrantiškumo/NOUN
efektyvi/ADJ,viešoji/ADJ,politika/NOUN
patikimų/ADJ,mokslinių/ADJ,įrodymų/NOUN
neigiamą/ADJ,vartotojišką/ADJ,požiūrį/NOUN
žemas/ADJ,duslus/ADJ,amtelėjimas/NOUN
smėlėtais/ADJ,aukštais/ADJ,skardžiais/NOUN
kukli/ADJ,asmeninė/ADJ,gerovė/NOUN
ekonominiai/ADJ,politiniai/ADJ,prioritetai/NOUN
autentiškais/ADJ,kokybiniais/ADJ,duomenimis/NOUN
palankios/ADJ,ideologinės/ADJ,terpės/NOUN
Poleminis/ADJ,publicistinis/ADJ,stilius/NOUN
aiškiais/ADJ,didaktiniais/ADJ,principais/NOUN
įvairiuose/ADJ,tarptautiniuose/ADJ,projektuose/NOUN
pradiniai/ADJ,teoriniai/ADJ,modeliai/NOUN
vertingas/ADJ,prevencinis/ADJ,įrankis/NOUN
pagrindinį/ADJ,teigiamą/ADJ,personažą/NOUN
nuolatinis/ADJ,voveriškas/ADJ,sukimasis/NOUN
ilgalaikės/ADJ,vizualiosios/ADJ,kultūros/NOUN
aktyvūs/ADJ,viešieji/ADJ,ryšiai/NOUN
beveidė/ADJ,pasyvi/ADJ,minia/NOUN
tinkamos/ADJ,profesinės/ADJ,kvalifikacijos/NOUN
šiandieniame/ADJ,politiniame/ADJ,gyvenime/NOUN
hierarchinę/ADJ,daugiamatę/ADJ,regresiją/NOUN
SUBJEKTYVAUS/ADJ,TRAUMINIO/ADJ,PATYRIMO/NOUN
sintetinio/ADJ,integracinio/ADJ,funkcionavimo/NOUN
aiškinamosios/ADJ,faktorinės/ADJ,analizės/NOUN
dažnų/ADJ,nereikšmingų/ADJ,dirgiklių/NOUN
dažnų/ADJ,nereikšmingų/ADJ,dirgiklių/NOUN
retesni/ADJ,reikšmingi/ADJ,dirgikliai/NOUN
liguista/ADJ,psichinė/ADJ,būsena/NOUN
kitas/ADJ,etnines/ADJ,mažumas/NOUN
įvairiais/ADJ,protingais/ADJ,būdais/NOUN
kitų/ADJ,totalitarinių/ADJ,nusikaltimų/NOUN
aiškios/ADJ,tautinės/ADJ,sąmonės/NOUN
normalias/ADJ,demokratines/ADJ,praktikas/NOUN
kitai/ADJ,karinei/ADJ,technikai/NOUN
anachroniškas/ADJ,mentalinis/ADJ,konstruktas/NOUN
puikiais/ADJ,poetiškais/ADJ,chorais/NOUN
patriarchališkai/ADJ,doras/ADJ,žemdirbys/NOUN
tamsios/ADJ,internacionalinės/ADJ,jėgos/NOUN
šventą/ADJ,gintarinį/ADJ,pajūrį/NOUN
siaurą/ADJ,primityvų/ADJ,mentalitetą/NOUN
naujoviška/ADJ,beatodairiška/ADJ,korupcija/NOUN
pasaulinė/ADJ,ekonominė/ADJ,krizė/NOUN
