count,awf,nwf
1,1939,metais
1,1939,metų
1,1939,vadovų
1,1941,metų
1,1941,pasirinkimas
1,1941,skausmus
1,1941,žydų
1,1944,metas
1,1961,globalizmo
1,1961,m
1,2002,metų
1,2002,sąmonės
1,2016-ųjų,institutų
1,2016-ųjų,žmogumi
1,25,dieną
1,25,pakaušio
1,423,galvos
1,423,metais
1,9-jame,dešimtmetyje
1,9-jame,savaitę
1,abejotinoms,vertybėms
1,abipusį,supratimą
1,absoliuti,dauguma
1,absoliuti,miške
1,absoliuti,suma
1,absoliutus,tėvas
1,absoliučia,takų
1,absoliučia,universitetų
1,absoliučia,vertybe
1,absoliučiu,krachu
1,abstrakčiais,klausimais
1,abstrakčius,klausimus
1,absurdiški,projektai
1,absurdiški,vasarą
1,absurdiško,komplekso
1,absurdiškų,konvencijų
1,adaptyvią,įveiką
1,administraciniai,areštai
1,administraciniai,gebėjimai
1,administraciniai,pastangų
3,administracinių,pažeidimų
1,administracinių,pinigus
1,administracinė,našta
1,administracinės,kliūtys
1,administracinę,struktūrą
1,agitacine,medžiaga
1,agitacinei,kampanijai
1,agitacinė,medžiaga
1,agitacinėms,kampanijoms
1,agitacinės,medžiagos
1,agitacinės,sergamumo
1,agitacinę,medžiagą
1,agrarinė,visuomenė
1,agrarinė,šeimų
2,agresyvaus,elgesio
1,agresyvi,ksenofobija
1,aiškaus,reguliavimo
1,aiškaus,vertinimo
1,aiškesnio,valstybėms
1,aiškesnio,vertinimo
1,aiškesnės,logistika
1,aiškesnės,tendencijos
1,aiškesnės,vasaras
1,aiškesnį,reguliavimą
1,aiški,kryptis
3,aiškiais,kriterijais
1,aiškiais,principais
1,aiškiam,imperijoje
1,aiškiam,likimui
2,aiškias,kryptis
1,aiškias,struktūras
1,aiškias,žemėlapio
1,aiškinamosios,analizės
1,aiškios,gairės
1,aiškios,koncepcijos
1,aiškios,sąmonės
1,aiškios,tendencijos
1,aiškios,žmogaus
1,aiškius,kriterijus
1,aiškių,gairių
1,aiškių,krypčių
1,aiškus,globalistas
1,akademinei,visuomenei
1,akademiniai,tyrimai
1,akademiniuose,baruose
2,akademinių,bibliotekų
1,akademinių,debatų
2,akademinė,biblioteka
1,akademinės,aplinkos
1,akademinės,bendruomenės
2,akademinės,bibliotekos
1,akademinį,procesą
1,akcinėse,bendrovėse
1,akiniuoto,gražuolio
1,akivaizdi,nauda
1,akivaizdus,metodas
1,akivaizdus,turtas
1,akivaizdūs,dalykų
1,akivaizdžių,laidininkų
1,akivaizdžių,ligų
1,akivaizdžių,rašytojas
1,akivaizdžių,sekretoriaus
1,aktuali,veikla
1,aktualia,literatūra
3,aktualiais,klausimais
1,aktualius,uždavinius
1,aktualią,problemą
1,aktyviausia,veikėja
1,aktyvios,diskusijos
1,aktyvios,žinias
1,aktyvių,narių
1,aktyvus,bendravimas
1,aktyvus,konservatorius
1,aktyvūs,dviračių
1,aktyvūs,ryšiai
1,aktyvūs,žmonės
1,aliejiniu,žvilgsniu
1,alkoholiniais,reikalais
2,alkoholinių,gėrimų
1,alternatyvinės,istorijos
1,alternatyvinės,pagundų
1,alternatyvinės,pasakojimas
1,alternatyvių,medžiagų
1,alternatyvių,problematiką
1,alveokokine,echinokokoze
1,alveokokinė,ataskaitomis
1,alveokokinė,echinokokozė
1,alveokokinės,ataskaitos
1,alveokokinės,echinokokozės
1,alveokokinės,lankų
1,alveokokinę,echinokokozę
1,amžinasis,džiaugsmas
1,amžinasis,kontūrai
1,amžinasis,moteriškumas
1,anachroniška,sąmonė
1,anachroniškas,konstruktas
1,analitiniai,gebėjimai
2,analitinius,gebėjimus
1,analitišką,skaitytoją
1,analogiškas,publikacijas
1,analogiškus,žingsnius
1,analogiškų,skalių
1,anglakalbių,šalių
1,angliškasis,terminas
1,angliškuosius,variantus
1,angliškus,terminus
1,angliškąjį,terminą
1,animacinių,filmų
1,ankstesnes,knygos
1,ankstesnes,šventes
1,ankstesni,merai
1,ankstesniais,lyderiais
2,ankstesniais,metais
1,ankstesnių,autorių
1,ankstesnių,klasifikacijų
1,ankstesnių,merų
1,ankstesnių,mokymų
1,ankstesnių,nuosmukių
1,ankstesnių,poeto
1,ankstesnių,tyrimų
1,ankstesnėms,klasifikacijoms
1,ankstesnėse,klasifikacijose
1,ankstesnėse,sąjūdžio
1,ankstesnėse,visuomenėse
1,ankstyvosios,nepriklausomybės
1,anoniminių,automobilių
1,anoniminių,demonų
1,antisovietinio,judėjimo
1,antivyriausybiniai,protestuotojai
1,antrine,įmone
1,antroji,dienas
1,antroji,dramoje
1,antroji,klaida
1,antroji,namuose
1,apatinė,riba
2,apatinę,ribą
1,apibrėžtas,sritis
1,aplinkiniai,žmonės
1,aplinkinių,genezę
1,aplinkinių,pagarbos
1,aplinkinių,žmonių
1,apsauginiai,gaminiai
1,apsauginiai,nėriniai
1,apsauginę,kapsulę
1,apskritą,ciferblatą
1,apverktina,būklė
1,apverktina,žinovas
1,apykaitinė,dūmimas
1,apykaitinė,migracija
1,apykaitinės,migracijos
1,archyviniais,šaltiniais
1,archyvinė,medžiaga
1,archyvinės,medžiagos
1,archyvinės,paspaudimų
1,aromatinė,žvakė
1,aromatinėmis,medžiagomis
1,arterinis,daug
1,arterinis,spaudimas
1,artimas,suma
1,artimas,žmogus
1,artimiausiais,bendražygiais
1,artimiausio,laikotarpio
1,artimiausiu,išeitį
2,artimiausiu,metu
1,artimiausiu,siaubas
1,artimo,kelionę
1,artimo,paskalos
1,artimu,naratyvu
1,artimų,draugų
1,artimų,tendenciją
1,artimų,žmonių
1,aršių,tvarka
1,aršių,įsibrovėlių
1,asmenine,atsakomybe
1,asmenine,patirtimi
1,asmeninio,patyrimo
1,asmeninis,jaunikaičiu
1,asmeninis,patriotų
1,asmeninis,tekstas
1,asmeninius,motyvus
1,asmeninių,istorijų
1,asmeninių,pasiekimų
1,asmeninė,gerovė
1,asmeninė,motyvacija
1,asmeninę,informaciją
1,ataskaitiniais,metais
1,ataskaitinio,laikotarpio
1,atbulinė,pavara
1,atbulinę,pavarą
1,ateiviškame,vadovėlyje
1,atgalia,moteris
1,atgalia,ranka
1,atitinkamoje,rinkoje
1,atitinkamoms,agentūroms
1,atitinkamos,paskatos
1,atitinkamos,publikacijos
1,atitinkamos,rinkos
1,atitinkamus,metas
1,atitinkamų,pataisų
1,atliekamų,veiksmų
1,atokioje,išlaidų
1,atokioje,trobelėje
7,atominės,elektrinės
1,atominės,gyvenimo
1,atominės,jėgainės
1,atominės,metu
1,atostoginių,pinigų
1,atostoginių,technologijas
1,atsakingo,asmens
1,atsakingoji,institucija
1,atsakingoms,institucijoms
1,atsakingą,pozicijas
1,atsakingą,požiūrį
1,atsakingą,sprendimą
1,atsakingų,kaimynų
1,atsargesnis,variantas
1,atsargios,pozicijos
1,atsitiktine,tvarka
1,atsitiktinio,įvykio
1,atsitiktinė,imtis
1,atsitiktinės,imties
1,atskirais,etapais
1,atskirais,klausimais
1,atskirais,narėse
1,atskiras,frazes
1,atskiras,grupes
1,atskiras,skyrelis
1,atskiri,aspektai
1,atskiri,darbai
1,atskiriems,projektams
1,atskiro,dėmesio
1,atskiro,leidimo
1,atskiro,prezidentūra
1,atskiros,pastangoms
1,atskiros,temos
1,atskirąją,nuomonę
1,atskirų,aspektų
3,atskirų,dalių
1,atskirų,partnerystės
1,atskirų,sutvėrimas
1,atskirų,teikėjų
1,atskirų,įmonių
1,atskirų,šalių
2,atvira,samprata
1,atvirais,paskatoms
1,atvirais,pečiais
1,atvirame,laiške
1,atviroje,erdvėje
1,atviromis,organizacijomis
1,atviros,aprangos
5,atviros,rinkos
1,atviros,sąlyga
1,atviru,balsavimu
1,atviru,tekstu
1,atvirą,drabužį
1,atvirą,draugų
1,atvirą,kalbėjimąsi
1,audiovizualinį,projektą
1,augaliniai,aliejai
1,augalinis,aliejus
1,auksinės,degtinės
1,auksinės,valstybės
1,aukštais,skardžiais
1,aukštam,lygiui
1,aukštas,metikas
1,aukštas,pareigas
1,aukštas,vyriškis
2,aukštesniais,įverčiais
1,aukštesnioji,būtybė
1,aukšto,bordiūro
5,aukšto,lygio
1,aukšto,įvertinimo
5,aukštojo,mokslo
1,aukštos,daugybės
1,aukštos,kokybės
1,aukštos,komplekse
3,aukštos,kvalifikacijos
1,aukštos,sąvokos
1,aukštos,vertės
1,aukštosios,mokyklos
1,aukštosios,valdžios
5,aukštųjų,mokyklų
1,aukštųjų,polinkis
1,aukštųjų,rašytoja
1,aukštųjų,visuomenės
1,aukštųjų,žingsnį
1,aukščiausiose,instancijose
1,autentiškais,duomenimis
1,autonominėje,dalyje
1,avantiūristinė,veikla
1,avarinė,imperiją
1,avarinė,pliusus
1,avarinė,tarnyba
1,avarinės,darbuotojai
1,avarinės,tarnybos
1,avarinės,vadovybe
1,avikirpėm,žirklėm
1,avižiniai,dribsniai
1,ašarotais,veidukais
1,aštriais,dantukais
1,aštrią,adatą
1,ažūrinius,dvasiukus
1,baisiomis,aplinkybėmis
1,baisiomis,valdžia
1,baisiąją,sankirtą
1,balta,tyrimų
1,balta,varna
1,baltais,pakaušiais
1,baltas,laukus
1,baltas,puslapis
1,baltas,siluetas
1,balto,adrese
1,balto,lapo
1,balto,žirgo
1,baltos,lankos
1,baltos,žodžiai
1,baltą,mišrainę
1,banali,realybė
1,banalų,rinkinį
1,baugią,pagarbą
1,baugią,steigimo
1,bazinė,institucija
2,bažnytinių,kapelų
1,beatodairiška,korupcija
1,beatodairiška,rinktinei
1,begarsio,pasaulio
1,bendra,analizė
1,bendra,atsakomybe
1,bendra,situacija
1,bendra,suma
1,bendra,vakarienė
2,bendrais,bruožais
1,bendrakultūrinio,pagrindo
1,bendram,tikslui
3,bendrame,kontekste
1,bendras,galingumas
1,bendras,klases
1,bendras,plotas
1,bendrieji,klausimai
1,bendro,gyvenimo
2,bendro,naudojimo
1,bendro,pobūdžio
1,bendroji,programa
1,bendroji,rinka
1,bendrojo,produkto
1,bendrojoje,programoje
1,bendroms,programoms
2,bendros,iniciatyvos
1,bendros,išvados
1,bendros,kultūros
1,bendros,masažas
1,bendros,tendencijos
1,bendrose,iniciatyvose
2,bendrosios,nuostatos
1,bendrosios,politikos
1,bendrosios,įžvalgos
1,bendrus,požymius
1,bendrus,uždavinius
1,bendrą,lauką
3,bendrą,politiką
1,bendrą,sistemą
1,bendrąja,programa
1,bendrąją,priežiūrą
3,bendrąją,programą
1,bendrąją,rinką
1,bendrąjį,kontūrą
1,bendrąsias,tendencijas
1,bendrų,bruožų
1,bendrų,ekspertų
1,bendrų,idėjų
1,bendrų,ponia
1,bendrų,taisyklių
1,bendrų,veiksmų
1,bendrų,vertybių
1,bendrųjų,terminų
1,beprasmiam,darbui
1,beprasmiškos,dėžės
1,beribe,erdve
1,beribĖ,erdvĖ
1,beribĖ,pasiūlymas
1,beribė,erdvė
1,beribėje,erdvėje
1,beveidė,minia
1,beviltišką,atsilikimą
1,biudžetinius,metus
1,biurokratinėje,kolaboravimo
1,biurokratinėje,skaitytojui
1,biurokratinėje,visuomenėje
1,bjauriu,užpakaliu
1,bjaurių,žodžių
1,blizgių,gyvenime
1,blizgių,vitrinų
1,bloga,arenos
3,bloga,diena
1,bloga,dieta
1,bloga,klaidos
1,bloga,pabaigos
1,blogas,tonas
1,blogų,produktų
1,brangaus,aliejaus
1,brangiausias,koncertas
1,brangios,žuvys
1,brangius,kulinarijos
1,brangius,veidus
1,brangūs,produktai
1,brangų,laiką
1,brangų,pensijų
1,brikoliažinių,struktūrų
1,brutaliausiais,metodais
1,buhalterinė,apskaita
1,bukaprotišku,žvilgsniu
1,bulvarinės,spaudos
1,būdinga,autonomija
1,būdingas,elgesys
1,būdingas,priežastis
1,būdingas,savybes
1,būdingi,klausimai
2,būdingiausi,bruožai
1,būdingiausi,prasmę
1,būdingus,bruožus
1,būdingą,bruožą
1,būdingą,požymį
1,būdingą,šeimos
1,būdingų,bruožų
1,būtina,aprangos
1,būtina,bilietai
1,būtina,komisija
1,būtina,minutės
3,būtina,sąlyga
1,būtina,sąveika
1,būtiniems,darbams
1,būtiniems,veiklos
1,būtino,lygio
1,būtinomis,žiniomis
1,būtinos,priemonės
1,būtinosioms,paslaugoms
2,būtinus,aktus
1,būtinus,dokumentus
1,centrines,institucijas
1,centriniu,lygmeniu
1,centriniu,tyrimuose
1,centrinėje,dalyje
1,centrinėje,vieta
1,centrinės,kategorijos
1,choleriško,būdo
1,choleriško,fondo
1,choralinės,muzikos
2,cistinė,echinokokozė
1,cistinė,teritorijoje
1,cistinės,echinokokozės
1,cistinę,echinokokozę
1,cistinę,rinkimų
1,civilinio,kodekso
1,civilinės,metrikacijos
1,civilizuotų,santykių
1,dabartine,politika
2,dabartine,teritorija
1,dabartiniais,aktais
1,dabartinis,finansavimas
1,dabartinis,laiką
1,dabartinis,politikas
1,dabartinių,vežimėlį
1,dabartinių,vokiečių
1,dabartinių,žmonės
1,dabartinė,sklaida
1,dabartinė,struktūra
1,dabartinėje,spaudoje
1,dabartinės,algos
1,dabartinę,degalinė
1,dabartinę,diena
1,dabartinę,laikotarpių
1,dabartinę,politiką
1,dabartinį,partnerį
1,dabartinį,sutartis
1,dabartinį,žemėlapį
1,dailia,servetėle
1,dailiomis,formomis
1,dailių,paviršių
4,daliniam,finansavimui
1,dalinis,dengimas
1,dalinis,finansavimas
1,dalinį,finansavimą
1,dalykiniai,susitikimai
2,darnaus,vystymosi
1,darniam,vystymuisi
1,darnios,aplinkos
1,darnią,aplinką
1,darnią,raidą
1,darnus,vystymasis
2,darnų,vystymąsi
1,daugiabuČiŲ,namŲ
1,daugiabučiams,namams
5,daugiabučių,namų
1,daugiamatę,regresiją
1,daugiatomę,sintezę
1,daugiatūkstantinė,demonstracija
1,daugiatūkstantinė,viduje
1,dažniausių,priežasčių
2,dažnų,dirgiklių
1,debesinius,mezginėlius
1,deklaratyvias,teises
1,dekoratyvines,detales
2,delinkventinio,elgesio
1,delinkventinį,elgesį
1,demografines,charakteristikas
1,demografines,tendencijas
2,demografiniai,pokyčiai
1,demografiniai,rodikliai
1,demografinių,charakteristikų
1,demografinių,parametrų
1,demografinių,procesų
1,demografinių,įvykių
1,demokratines,praktikas
1,deramą,dėmesį
1,deramą,sklaidą
1,derybinės,grupės
1,derybinį,bombos
1,derybinį,dialogą
1,deskriptyviuoju,požiūriu
1,destruktyvūs,veiksmai
1,detalaus,pasakojimo
1,detalesnio,duomenų
1,detalesnio,pristatymo
1,diadinė,metodika
1,diadinės,šeimos
1,didaktiniais,principais
1,dideles,pajamas
1,dideli,asignavimai
1,dideliais,viršininkais
1,didelio,pavojaus
1,didelis,atsparumas
1,didelis,daiktas
1,didelis,inovacijų
1,didelis,išsibarstymas
1,didelis,pliusas
1,didelis,plotas
1,didelis,privalumas
1,didelis,vaidmuo
1,didelis,žavėjimasis
1,dideliu,greičiu
1,dideliu,intensyvumu
1,dideliu,postūmiu
1,dideliu,šalyse
1,didelių,nuolaidų
1,didelių,pastangų
2,didelių,pažeidimų
1,didelių,pokyčių
1,didelių,raguočių
1,didelių,tikslų
1,didelių,valandos
1,didelių,žinių
1,didelė,banga
1,didelė,dalis
1,didelė,drobė
1,didelė,kaita
1,didelė,laimė
1,didelė,naujovė
1,didelė,pažanga
1,didelėmis,išlaidomis
1,didelės,diena
1,didelės,klaidos
1,didelės,kompanijos
1,didelės,pabaigos
1,didelės,pagarbos
1,didelės,paskatos
1,didelės,reikšmės
1,didelės,rizikos
1,didelės,įmonės
1,didelį,kibiną
1,didelį,pliusą
1,didelį,poveikį
1,didesnio,europietė
1,didesnio,intensyvumo
1,didesnio,masto
1,didesnio,skaidrumo
1,didesnio,teisingumo
1,didesnis,kiekis
1,didesnis,tyrimo
1,didesniu,mastu
1,didesnius,įsipareigojimus
1,didesnių,baudų
1,didesnių,investicijų
1,didesnė,dalis
1,didesnė,dovana
1,didesnė,dėmesys
1,didesnės,baudos
1,didesnės,seniūnas
1,didesnę,autonomiją
1,didesnę,dalį
1,didesnę,duobę
1,didesnį,įsisavinimą
1,didmenine,prekyba
1,didmenine,Švietimo
1,didokos,galvutės
1,didžiaisiais,miestais
1,didžiajai,daliai
1,didžiausia,kliūtis
1,didžiausia,momentas
1,didžiausia,sensacija
1,didžiausias,šventes
1,didžiausios,sėkmės
1,didžiausią,įspūdį
1,didžiausių,darželių
1,didžioji,autorės
4,didžioji,dalis
1,didžioji,darbo
1,didžioji,dauguma
1,didžiojo,ošimo
1,didžiosios,ekonomikos
2,didžiosios,kunigaikštystės
1,didžiosios,sociologija
1,didžiosios,šventės
1,didžiu,manymu
1,didžiu,politiku
1,didžiuliame,kokybės
1,didžiuliame,komplekse
1,didžiuliame,sąvokos
1,didžiulis,kontrastas
1,didžiulis,statinys
1,didžiulis,takai
1,didžiulės,žalos
1,didžiulę,trirublę
1,didžiulę,įrodymų
1,didžiulį,darbą
1,didžiuoju,prizu
3,didžiąją,dalį
1,didžiąją,valstybės
1,didžiąsias,šventes
1,didžiųjų,kompanijų
1,didžiųjų,praktikos
1,dinamiška,tapatybe
2,dinamiško,verslo
1,dirbtines,kvotas
1,dirbtinių,rinkos
1,dirbtinių,spindulių
1,diskusinis,pobūdis
1,doras,įstatymas
1,doras,žemdirbys
1,dorų,žemdirbių
1,dosnios,valstybės
1,drastiškais,pokyčiais
1,drausmingiems,aparatai
1,drausmingiems,infliacija
1,drausmingiems,žmonėms
1,drumzliną,orą
1,drąsi,marmuru
1,drąsi,šalis
1,drąsiais,vertinimais
1,drąsų,mokyklų
1,drąsų,žingsnį
1,drėgnam,pusrūsy
1,dukterines,įmones
1,dukterinių,įmonių
1,dusliu,balsu
1,duslus,amtelėjimas
1,dvasines,praktikas
1,dvasiniu,atgimimu
1,dvejopas,vaidmuo
1,dvidešimtmetį,jaunuolį
1,dvigulei,lovai
1,edukaciniais,tikslais
1,edukacinę,veiklą
1,edukacinį,komponentą
1,efektyvaus,dalijimosi
1,efektyvesnę,priežiūrą
1,efektyvi,politika
1,efektyviam,sprendimui
1,efektyviausių,mechanizmų
1,efektyvią,ampulę
1,efektyvią,jėga
1,egzistenciniais,klausimais
1,egzistencinę,laikyseną
1,egzotiniai,vaisiai
1,egzotiškoje,kelionėje
1,egzotiškoje,požiūriu
1,eilinis,agentas
1,eilinė,sėkmė
1,ekologiniai,ūkiai
1,ekologinio,lakas
1,ekologinio,projektavimo
1,ekologinis,rezultatu
1,ekologinis,ūkis
1,ekologinių,inovacijų
1,ekologinių,metodų
1,ekologinių,rinkodaros
1,ekologinių,ūkių
1,ekologiškas,inovacijas
1,ekologiškesnius,automobilius
1,ekologiškesnius,produktus
1,ekologiškesnių,elektrinių
2,ekologiški,produktai
1,ekologiško,transporto
1,ekologiškoms,naujovėms
1,ekologiškoms,šaknimis
1,ekologiškuose,ūkiuose
1,ekologiškus,maišelius
1,ekologiškų,automobilių
1,ekonomines,reformas
1,ekonominiai,dovanos
1,ekonominiai,motyvai
2,ekonominiai,požiūriai
1,ekonominiai,prioritetai
1,ekonominiai,veiksniai
1,ekonominio,konteksto
1,ekonominio,migrantiškumo
1,ekonominio,sunkmečio
1,ekonominis,atgimimas
1,ekonominis,požiūris
1,ekonominis,santykių
1,ekonominius,eilė
1,ekonominius,lėšos
1,ekonominius,procesus
1,ekonominių,privalumų
1,ekonominių,santykių
1,ekonominė,fondai
2,ekonominė,krizė
2,ekonominė,situacija
1,ekonominės,migracijos
1,ekonominės,pietų
1,ekonominės,plėtros
1,ekonominės,priežastys
1,ekonominės,sąveikos
1,ekonominės,transformacijos
1,ekonominės,žaidėjai
1,ekonominį,savarankiškumą
1,eksperimentinio,meno
1,ekstaitiškomis,liturgijomis
1,ekstatiški,mėgėjus
1,ekstatiški,ritualai
2,eksternalių,sunkumų
1,ekstremaliausiomis,bendrovių
1,ekstremaliausiomis,užduotimis
1,ekumeninės,dvasios
1,elektroninio,garso
2,elektroninio,pašto
5,elektroninių,ryšių
1,elektroninė,forma
1,elektroninė,spauda
1,elektroninėje,erdvėje
1,elektroninėje,formoje
3,elektroninėmis,priemonėmis
1,elektroninės,bankininkystės
1,elementariausių,dalykų
1,elementariausių,funkcijų
1,elementarios,tvarkos
1,elementarios,Žodis
1,elementarus,chuliganėlis
4,emociniai,sunkumai
1,emociniams,sunkumams
1,emociniŲ,sunkumŲ
1,emocinė,iškrova
1,emocinės,iškrovos
1,emocinės,pusiausvyros
1,emocinį,intelektą
1,emocinį,terorizavimą
1,emocinį,įtampa
1,empirinis,pagrindas
1,empirinių,duomenų
1,empirinių,tyrimų
1,empirinė,medžiaga
1,empirinę,strategiją
1,energetinį,lauką
1,energinio,efektyvumo
1,erdviniam,planavimui
2,erdviniu,planavimu
1,erotinius,paklydimus
1,esmine,informacija
1,esmingas,veiksnys
1,esminiai,pasikeitimai
1,esminiai,seimui
1,esminiais,klausimais
1,esminio,kriterijaus
1,esminio,skirtumo
1,esminis,momentas
1,esminis,sensacija
1,esminių,bruožų
1,esminių,funkcijų
1,esminių,paskirčių
1,esminė,dalis
1,esminė,prielaida
1,etaloninio,kapinyno
1,etnines,mažumas
1,etnines,sudėtį
1,etninės,kultūros
1,etnodemografinei,situacijai
1,europiniŲ,interesŲ
1,faktine,bambeklės
1,faktine,medžiaga
1,faktinis,ambasadoje
1,faktinis,biuras
1,faktinis,mentaliteto
1,faktinis,įvedimas
1,faktinėmis,aplinkybėmis
1,faktinės,medžiagos
1,faktinės,mąstymu
2,faktorinės,analizės
1,fasoninio,kirpimo
1,feministinių,studijų
1,filosofiniais,išvedžiojimais
1,filosofiniais,programos
1,finansines,ataskaitas
3,finansiniai,dokumentai
9,finansiniai,duomenys
1,finansiniais,dokumentais
3,finansiniais,duomenimis
1,finansiniais,įsipareigojimais
1,finansiniams,duomenims
1,finansiniams,metams
1,finansiniu,rezultatu
1,finansiniu,smūgiu
1,finansiniu,teisės
1,finansiniu,ūkis
4,finansiniuose,dokumentuose
1,finansinių,dokumentų
1,finansinių,institucijų
1,finansinių,korporacijų
1,finansinių,metų
1,finansinė,atostogas
2,finansinė,atskaitomybė
2,finansinė,parama
1,finansinė,priemonė
3,finansinėje,atskaitomybėje
2,finansinės,atskaitomybės
1,finansinės,paramos
2,finansinės,perspektyvos
5,finansinę,atskaitomybę
1,finansinę,paramą
1,finansinį,laikotarpį
1,fiskalinio,federalizmo
1,fiskalinis,aukštaūgiais
1,fiskalinis,deficitas
1,fizines,jėgas
1,fiziniai,asmenys
2,fiziniams,asmenims
1,fizinio,asmens
2,fizinio,smurto
3,fizinis,asmuo
1,fizinis,smurtas
1,fizinius,asmenis
4,fizinių,asmenų
1,fizinių,susidūrimų
1,fizinė,erdvė
1,fizinę,kaimynystę
1,fizinį,smurtą
1,foniniai,žmonės
1,foninių,žinių
1,formalaus,dialogo
1,formaliaisiais,kriterijais
1,formaliojo,švietimo
1,formalūs,eksperimentai
1,formalųjį,ugdymą
1,forminės,duonos
1,fundamentinius,tyrimus
1,funkciniam,nepriklausomumui
1,funkcinio,stiliaus
1,galimos,kritikos
1,galimu,vertinimu
1,galimą,išbraukimą
1,galimų,krypčių
1,galimų,sprendimų
1,galingais,aukštaūgiais
1,galingais,deficitas
1,galutines,ataskaitas
1,galutinis,dovanas
1,galutinė,vertė
1,gamybinės,bendrovė
1,gamybinės,dalykas
1,gamybinės,įmonės
1,gamybinę,vietą
1,garsaus,iliustratoriaus
1,garsieji,intelektualai
1,garsusis,žodynas
1,gausią,literatūrą
1,gausią,paramą
1,gausių,išteklių
1,gausūs,pranašumai
1,gazuotus,gėrimus
1,generaliniam,direktoriui
1,generaliniam,paslaugoms
1,generaliniame,konsulate
1,generalinio,prokuroro
2,generalinis,direktorius
1,generalinis,politikoje
1,genetinė,medžiaga
1,genetiškus,išdavikus
1,genetiškus,patriotus
1,geografinę,padėtį
1,gera,proga
1,geras,noras
1,geras,pavyzdys
1,geras,tonas
1,geras,tuzinas
2,geresnes,sąlygas
1,geresnio,paminklo
1,geresnių,išeičių
2,geresnių,sąlygų
1,geresnė,sistema
1,geresnės,karjeros
1,geresnį,dalyvavimą
1,geresnį,vadovavimą
1,geri,darbai
1,geri,iŠvados
1,geri,mokiniai
1,geriausi,prieskoniai
1,geriausi,žaidėjai
1,geriausias,veikalas
1,geriausio,formą
1,geriausio,skonio
1,geriausiomis,sąlygomis
1,geriausios,dovanos
1,geriausios,kirpėjos
1,geriausios,prioritetai
1,geriausios,žinovės
1,geriausiu,atveju
1,geriausiu,litų
1,geriausius,specialistus
1,geriausius,ženklus
1,geriems,darbams
1,gero,pusvalandžio
1,geroje,dienas
1,geroje,dramoje
1,geroje,klaida
1,geroje,namuose
1,geros,koncertą
1,geros,nuotaikos
1,geros,periodą
14,geros,praktikos
1,geros,specialistai
1,geros,turgeliuose
1,geros,įžvalgų
1,gerosioms,savybėms
1,gerosios,aplinką
1,gerosios,ekspertų
3,gerosios,patirties
1,gerus,pagrindus
3,gerus,santykius
1,gerus,uždavinius
1,gerą,muilo
1,gerą,pasivaikščiojimas
1,gerą,progą
1,gerą,specialistę
1,gerą,įstatymą
1,gerąja,patirtimi
1,gerų,gebėjimų
1,gerų,prisiminimų
1,gerų,žodžių
1,gerųjų,vietų
1,gilesnės,refleksijos
1,gilesnę,analizę
1,gili,įduba
1,giliomis,raukšlėmis
1,giluminių,interviu
1,gilus,supratimas
1,gintarinį,pajūrį
1,gipsinės,skulptūros
1,gleivėtas,atlaidumas
1,globalinė,sąjungą
1,globalinį,tinklą
1,globaliosios,samprata
1,globaliosios,vertės
1,globalistinę,indoktrinaciją
1,globalistinę,kapitalizmui
1,globalistinę,neišbaigtumas
1,globaliu,reiškiniu
1,globalių,įtakų
1,glūpais,vaikais
1,gorbofobinės,tendencijos
1,graudi,liūto
1,graudi,šviesa
1,gražiausios,niufaunlendės
1,gražių,jaunikaičiu
1,gražių,naktų
1,gražių,patriotų
1,gražių,tekstas
1,gražių,šunyčių
1,gražių,žmonių
1,gražus,miestas
1,gražų,veidą
1,greita,prieiga
1,greitais,ciklais
1,greitesniu,tempu
1,greito,poveikio
1,greito,žmogus
9,gretutinių,teisių
1,griautinių,kapų
1,griežtesnes,bausmes
1,griežtesnes,rudenį
1,griežtesnes,sankcijas
1,griežtos,ribos
1,griežtos,taisyklės
1,griežtus,reikalavimus
1,griežtų,orientyrų
1,griežtų,taisyklių
1,griežčiausias,kritikas
1,griežčiausias,planų
1,griežčiausiomis,bausmėmis
1,griežčiausiomis,skrydžių
1,groteskiškus,pavidalus
1,grožinėje,literatūroje
1,gryname,konjunktūros
2,gryname,ore
1,gryname,vakarėliuose
1,gryno,armėnams
1,gryno,oro
1,grynosios,pajamos
1,grynuoju,balansu
1,grėsminga,diena
2,grėsminga,liga
1,grėsminga,valdžios
1,grėsmingos,ligos
1,grįžtamajai,formai
1,grįžtamąjį,ryšį
1,gudri,esybė
1,gurmaniški,produktai
2,gynybinis,funkcionavimas
1,gyvas,velnias
1,gyvąja,tradicija
1,gėdingo,patriarchato
1,gūdžiais,laikais
1,harmoningos,aplinkos
1,hierarchiniai,lygmenys
1,hierarchinis,netolygumas
1,hierarchinę,regresiją
1,holistiniais,principais
1,horizontalios,pagalbos
1,humanistinis,požiūris
1,humanistinis,vienuolijos
1,idealaus,pasaulio
1,idealių,modelių
1,ideologiniai,mokymo
1,ideologiniai,veiksniai
1,ideologinio,pobūdžio
1,ideologinius,motyvus
1,ideologinės,terpės
1,ikiteisminis,tyrimas
1,ikiteisminis,vietoje
1,ikiteisminis,žirklėmis
1,ilgaamžiai,dainininkas
1,ilgaamžiai,žygdarbiai
1,ilgaamžėmis,tradicijomis
1,ilgais,auklėtinių
1,ilgais,plaukais
2,ilgalaike,investicija
2,ilgalaikes,kryptis
2,ilgalaikiam,turtui
1,ilgalaikio,išsaugojimo
1,ilgalaikis,bendradarbiavimas
1,ilgalaikis,metu
1,ilgalaikis,poveikis
1,ilgalaikiu,lakavimu
1,ilgalaikiu,planu
1,ilgalaikiu,įmonės
1,ilgalaikių,pasekmių
1,ilgalaikių,rezultatų
2,ilgalaikių,tikslų
1,ilgalaikės,kultūros
1,ilgalaikės,situaciją
1,ilgalaikės,sąlygos
1,ilgalaikės,šviestuvus
2,ilgalaikę,strategiją
1,ilgam,gyvenimui
1,ilgamete,drauge
1,ilgametės,priespaudos
1,ilgas,logistika
1,ilgas,pasivaikščiojimas
1,ilgas,progą
1,ilgas,tendencijos
1,ilgas,vasaras
1,ilgo,pasivaikščiojimo
1,ilgo,sąjūdžio
1,ilgos,minutės
1,ilgu,laiku
1,ilgus,ruožus
1,ilgų,klajonių
1,imbierinių,sausainių
1,individuali,glėbį
1,individuali,nuomonė
1,individualias,aikštelę
1,individualias,koncepcijas
1,individualias,nuostatas
1,individualias,visuomenei
1,individualią,atsakomybę
1,individualią,krašto
1,individualią,įmonę
3,individualių,tinklų
1,infekcinės,blogį
1,infekcinės,ligos
1,informacines,technologijas
1,informaciniuose,dokumentuose
1,informacinius,dokumentus
1,informacinius,žanrus
1,informacinių,nuotaiką
2,informacinių,sistemų
6,informacinių,technologijų
1,informacinė,branda
2,informacinė,elgsena
1,informacinė,sistema
1,informacinė,visuomenė
1,informacinėje,erdvėje
1,informacinėje,sistemoje
1,informacinėje,visuomenėje
1,informacinėms,sistemoms
2,informacinės,elgsenos
1,informacinės,plėtros
2,informacinės,sistemos
1,informacinės,visuomenės
2,informacinę,sistemą
1,informacinę,tarnybą
1,iniciatyvinė,grupė
1,iniciatyvinė,versija
1,iniciatyvinė,žodžius
1,inkrementines,reformas
1,inkubacinis,periodas
1,inkubacinis,žemyne
1,inkštiruota,gėda
1,inovacinės,formų
1,inovacinės,visuomenės
1,inovacinį,potencialą
1,inovatyvaus,verslo
1,inovatyvius,metodus
1,inovatyvus,aspektas
1,institucine,autonomija
1,institucinis,pobūdis
1,integracinio,funkcionavimo
2,integralios,apsaugos
1,intelektine,nuosavybe
1,intelektinei,nuosavybei
1,intelektinė,nuosavybė
7,intelektinės,nuosavybės
2,intelektinį,kapitalą
1,intelektualinio,lygio
1,intelektualios,terpės
1,inteligentiškas,žmogus
1,interaktyvių,struktūrų
1,internacionalinės,jėgos
1,internalių,sunkumų
1,internetinės,spaudos
1,interpretacines,kryptis
1,intymiomis,detalėmis
1,intymūs,santykiai
1,investicinius,projektus
1,investicinės,bendrovės
1,investicinės,programos
1,inžineriniuose,karjera
1,inžineriniuose,tinkluose
1,inžinerinius,tinklus
1,istorines,nacizmas
1,istorines,vietas
1,istoriniai,veikalai
1,istorinio,laikotarpio
2,istorinio,naratyvų
1,istorinio,pasakojimų
1,istorinio,periodo
1,istorinis,kraštovaizdis
1,istorinis,naratyvas
1,istoriniu,laikotarpiu
1,istorinius,laikotarpius
1,istorinių,laikotarpių
1,istorinių,pilių
2,istorinių,tekstų
1,istorinių,įvykių
1,istorinės,mokestis
1,istorinės,praeities
1,istorinės,raidos
1,istorinę,puslapiuose
1,istorinę,reintegraciją
1,istorinį,metodą
1,istorinį,objektyvumą
1,istorinį,tekstą
1,išankstinio,leidimo
1,išankstinio,pasirengimo
1,išankstinio,įspėjimo
1,išankstiniu,įsitikinimu
5,išankstinės,patikros
2,išankstinę,patikrą
1,iškalbingas,faktas
1,iškiliausių,sociologų
1,iškilminga,ceremonija
1,išmintingai,politikai
1,išmintingos,vadovybės
1,išoriniai,veiksniai
1,išoriniu,dalyku
1,išorinių,apribojimų
1,išorinių,veiksnių
1,išsamaus,narių
1,išsamaus,pristatymo
1,išsamaus,vertinimo
1,išsamesnį,pristatymą
1,išsami,darbotvarkė
1,išsamiai,apžvalgai
1,išsamiomis,išvadomis
1,išsamios,analizės
1,išsamios,monografijos
1,išsamią,analizę
1,išsamią,apžvalgą
1,išsamią,bibliografiją
1,išsamią,informaciją
1,išsamią,klasifikaciją
1,išsamių,diskusijų
1,išsamus,aprašymas
1,išsamus,erdve
1,išsamus,inovacijoms
1,išsamus,vertinimas
1,išsamūs,duomenis
1,išsamūs,pažadą
1,išsamų,ugdymą
1,išskirtiniai,specialistai
1,išskirtiniai,žydę
1,išskirtinį,dėmesį
1,ištikimi,palydovai
1,ištisi,filmą
1,ištisi,pasauliai
1,ištiso,stiliaus
1,ištisos,kartos
1,ištisą,poskyrį
1,išvirkščiąją,pusę
1,jauna,m
1,jauna,moteris
1,jauna,namas
1,jauna,vilnietė
1,jauna,šuns
1,jaunas,kolektyvas
1,jauni,žmonės
1,jaunosios,kartos
1,jaunų,inovacijų
1,jaunų,vyrų
1,jaunų,šeimų
1,jautrias,pozicijas
1,jautrias,sprendimą
1,jautrią,įrangą
1,jautrūs,žodžiai
1,judrioje,gatvėje
1,judrioje,vasarą
1,jungtines,valstijas
1,jungtinių,institucijų
1,jungtinių,pajėgų
2,jungtinės,karalystės
5,jungtinės,priežiūros
1,jungtinės,tvarką
1,juodi,ratilai
1,juodo,dvasia
1,juodo,tunelio
1,juodoje,ertmėje
1,juodojoje,jūroje
1,juodojoje,ženklai
1,juodosiomis,dėžėmis
1,juodosios,jūros
1,juodosios,teismų
1,juodą,darbą
1,juodą,informacijos
1,juodą,problemos
1,juokingas,reiškinys
1,juokinguose,informacija
1,juokinguose,konkursuose
1,juokingą,konkursą
1,juokingą,skaitytoją
1,juostinius,magnetofonus
2,juridiniai,asmenys
1,juridinio,asmens
3,juridinis,asmuo
2,juridiniuose,asmenyse
1,juridinius,asmenis
3,juridinių,asmenų
1,kabelinės,televizijos
1,kairioji,kojelė
1,kalbinius,reiškinius
1,kalbinėmis,priemonėmis
1,kalendorines,dienas
1,kalendorines,mitas
1,kalendoriniams,metams
1,kalėdinis,kaimo
1,kalėdinis,laikas
1,kalėdiniu,vakarėliu
1,kalėdinių,gintaras
1,kalėdinių,gyvūnų
1,kalėdinių,kepinių
1,kalėdinių,stebuklų
1,kalėdinės,eglutės
1,karinei,technikai
1,karinę,tarnybą
1,karščiausiomis,dienomis
1,kasdieniame,gyvenime
1,kasdienio,vartojimo
1,kasetinių,darbo
1,kasetinių,magnetofonų
1,kasetinių,saksofonininku
1,kasetinių,sąjūdžio
1,kasmetinio,vertinimo
1,kasmetinė,bendradarbiais
1,kasmetinė,nominacija
1,kasmetinė,skleidimas
1,kasmetinė,teigimu
1,kaukėti,plėšikai
1,kaukėtų,mokesčius
1,kaukėtų,įsibrovėlių
1,keistais,ornamentėliais
1,keistas,elgesys
1,keistas,logiškumas
1,keistas,mišinys
1,keistu,būdu
1,keleivinis,laineris
1,keliaaukščiai,biurai
1,keliaaukščiai,gatvė
1,kenksmingus,ĮproČius
1,kenksmingą,įprotį
1,kiekybinio,tyrimo
1,kiekybinis,modelis
2,kiekybinių,duomenų
1,kiekybinė,analizė
1,kiekybinę,darbo
1,kiekybinę,metodologiją
1,kiekybinį,pavidalą
1,kietosios,kopijos
1,kilnus,dalykas
1,kilometrinių,punktyrų
1,kilometrinių,įtakos
1,kinišką,kiškutį
1,kitai,technikai
1,kitais,kraštais
1,kitais,paminklą
1,kitame,kontinente
1,kitas,dalykas
1,kitas,kontoroje
1,kitas,mažumas
1,kitas,priešas
1,kitas,sudėtį
1,kiti,prietaisai
1,kitokių,kategorijų
1,kitokių,pižamą
1,kitokių,vertybių
1,kitos,šalys
1,kituose,skyriuose
1,kitų,gamintoja
1,kitų,informaciją
1,kitų,interesus
1,kitų,nusikaltimų
1,klaidingu,keliu
2,klaidingus,duomenis
1,klasikinei,tapybai
1,klasikiniai,eksperimentai
1,klasikiniu,taikymu
1,klasikinius,kūrinius
1,klasikinių,aplinkosaugos
1,klasikinių,spalvų
1,klinikinis,taikymas
2,kognityvinio,komplekso
1,kognityvinių,funkcijų
1,kognityvinį,kompleksą
1,koktaus,atsainumo
1,kokybiniais,duomenimis
1,kokybiniais,metodais
1,kokybinio,elgesys
1,kokybinio,kiekis
1,kokybinio,konvergencijos
1,kokybinio,metodo
3,kokybinio,tyrimo
1,kokybinis,tyrimas
1,kokybiniuose,efektyvumo
1,kokybiniuose,lygmeniu
3,kokybiniuose,tyrimuose
1,kokybinių,metodų
5,kokybinių,tyrimų
1,kokybinių,varna
1,kokybinė,metodologija
2,kokybinės,metodologijos
1,kokybinę,išraišką
1,kokybinę,šalimis
1,kokybinį,inovacijos
1,kokybinį,metodą
1,kokybinį,tyrimą
1,kokybinį,vyno
1,kolegialiu,svarstymu
1,kolektyviniame,sode
2,kolektyvinio,investavimo
1,komercine,veikla
1,komercinei,pasiūlai
1,komerciniais,bankais
1,komerciniais,rezultatais
1,komerciniais,subjektais
1,komerciniu,požiūriu
1,komercinių,epochos
1,komercinių,nefilosofų
1,komercinių,statybų
1,komercinėje,rinkoje
1,komercinę,veiklą
1,kompensacinę,schemą
1,kompiuterines,programas
1,kompiuteriniams,žaidimams
1,kompiuterinio,krepšinio
1,kompiuterinis,vaizdas
1,kompiuterinių,žaidimų
1,kompiuterinį,krepšinį
1,kompleksinę,analizę
3,komunalines,paslaugas
1,komunalinio,įmonėms
1,komunalinio,ūkio
1,komunikacinio,dėmens
1,konceptualaus,modelio
2,konceptualusis,modelis
1,konceptualusis,mokyklos
1,konceptualųjį,tyrimo
1,koncertinį,turą
1,konkretesnę,vietą
1,konkreti,bendravimas
1,konkreti,diplomatai
1,konkreti,patologija
1,konkreti,suma
1,konkreti,žmogus
1,konkretus,asmuo
1,konkretūs,dalyvavimo
1,konkretūs,darbai
1,konkretūs,pavyzdžiai
1,konkretūs,simpatijomis
1,konkretų,teikėją
1,konkrečiai,grupei
1,konkrečiais,prašymais
1,konkrečios,paramos
1,konkrečios,partnerio
1,konkrečios,priemonės
1,konkrečios,rekomendacijos
1,konkrečios,valstybės
1,konkrečiose,mokykloms
1,konkrečiose,situacijose
1,konkrečius,atsakymus
1,konkrečius,veiksmus
1,konkrečią,formą
1,konkrečią,paslaugą
1,konkrečių,informantų
1,konkrečių,metodų
1,konkrečių,metų
1,konkrečių,poreikių
1,konkurencingai,bazei
1,konkurencingos,įmonės
1,konkurencingos,šeimos
1,konkurencinėje,kovoje
1,konkurencinės,aplinkos
1,konservatyvaus,mentaliteto
1,konservatyvių,pažiūrų
2,konstituciniu,teismu
1,konstitucinį,teismą
1,konsulinio,departamento
1,konsultacinėje,klinikoje
1,kontaktinius,duomenis
1,kontaktinį,centrą
1,kontekstinė,informacija
1,kontrastinių,dušų
1,kontrastinių,parlamento
1,koreliacinė,priklausomybė
1,kosmetiniai,agentūra
1,kosmetiniai,aliejai
1,kosmetiniai,valstybės
1,kosminio,ošimo
1,kosminėje,orbitoje
1,kosminį,kryželį
1,kraupus,įnagis
1,kraštutinis,antraeiliškumas
1,kreivom,kojelėm
1,krikščioniškosios,bendruomenės
1,kriminalinių,kronikų
1,kritinio,požiūrio
1,kritinio,skaitymo
1,kritinio,vertinimo
1,kritinių,kliūčių
1,kritinės,masės
1,kritinį,mąstymą
1,kritiŠko,skaitytojo
1,kritiškas,komentaras
1,kritiškas,skaitytojas
1,kritiškų,pastabų
1,kruopštus,chirurgas
1,kruopštus,šypsena
1,kryptinga,sklaida
1,kuklaus,pasirodymo
1,kukli,gerovė
1,kuklus,bandymas
1,kuklus,namuose
1,kuklus,remonto
2,kultūrines,kompetencijas
1,kultūrines,reikšmes
1,kultūrines,žinias
1,kultūriniai,normatyvai
1,kultūriniai,skirtumai
1,kultūriniai,vaizdiniai
1,kultūriniam,švietimui
3,kultūriniame,gyvenime
1,kultūrinio,aktyvumo
1,kultūrinio,užimtumo
1,kultūrinio,švietimo
1,kultūrinis,kraštovaizdis
1,kultūriniu,branduoliu
1,kultūriniu,požiūriu
1,kultūrinius,poreikius
1,kultūrinių,industrijų
1,kultūrinių,interesų
1,kultūrinėje,aplinkoje
1,kultūrinėje,bičiulių
1,kultūrinėje,veikloje
1,kultūrinėmis,tradicijomis
1,kultūrinėms,iniciatyvoms
1,kultūrinės,aplinkos
1,kultūrinės,informacijos
1,kultūrinės,kompetencijos
1,kultūrinės,pasaulis
1,kultūrinės,plėtros
1,kultūrinės,stalinizmas
2,kultūrinę,erdvę
1,kultūrinę,savimonę
1,kultūrinį,bendrumą
1,kultūrinį,gyvenimą
2,kultūrinį,tapatumą
3,kultūrinį,švietimą
1,kupina,aplinkos
1,kupina,monografija
1,kvadratinių,autorių
1,kvadratinių,grafiką
3,kvadratinių,metrų
1,kvadratinių,norą
1,kvalifikuotais,darbuotojais
1,kvapūs,agentūra
1,kvapūs,aliejai
1,kvapūs,valstybės
1,kūniškiausias,laikas
2,kūrybines,industrijas
1,kūrybiniai,gebėjimai
1,kūrybiniais,gebėjimais
1,kūrybinis,sektorius
1,kūrybinių,gebėjimų
6,kūrybinių,industrijų
1,kūrybinė,veikla
1,kūrybinį,potencialą
1,kūrybiško,dalyvavimo
1,laikinajai,komisijai
1,laikinieji,pažymėjimai
1,laikinoji,vyriausybė
1,laikinosios,darbo
1,laikinosios,feminizmo
1,laikinosios,klausimus
1,laikinosios,komisijos
1,laikinosios,skalbyklės
2,laikinosios,vyriausybės
1,laikinąją,vyriausybę
1,laisvas,pasirinkimas
1,laisvesnio,plėtrą
1,laisvesnio,stiliaus
1,laisvieji,konstitucijos
1,laisvieji,pasaulyje
1,laisvieji,pilotai
1,laisvo,augimo
2,laisvo,laiko
1,laisvo,mąstymo
1,laisvo,pasirinkimo
1,laisvo,pirkimai
1,laisvo,vakarų
1,laisvos,asmenybės
1,laisvos,formos
1,laisvu,apipavidalinimas
1,laisvu,metu
1,laisvą,vietą
1,lakiųjų,materijų
2,lankstų,modelį
1,lanksčiu,požiūriu
1,legendinis,alus
1,legendinis,langą
1,lemiamu,dujų
1,lemiamu,laikotarpiu
1,lemiamą,poveikį
1,lemtingi,pasirinkimo
1,lemtingi,stalinizmo
1,lemtingi,žodžiai
1,lemtingu,politikams
1,lemtingu,šūviu
1,lengvasis,automobilis
1,lengvatinių,paskolų
1,lengvatinė,paskola
2,lengvatinėmis,sąlygomis
1,lengvi,voratinkliai
1,lengvų,receptų
1,lenkų,kalbas
1,lenkų,kultūra
1,lenkų,žurnale
1,liesas,vyras
1,liesos,mėsos
1,lietuvis,stovėjimo
1,lietuviŠkŲjŲ,ŽanrŲ
1,lietuviška,metodika
1,lietuviška,virtuvė
1,lietuviškais,namuose
1,lietuviškais,terminais
1,lietuviškas,kapitalizmas
1,lietuviškas,maistas
1,lietuviškieji,žanrai
1,lietuviško,maisto
1,lietuviško,mentaliteto
1,lietuviško,žodžio
1,lietuviškoje,spaudoje
1,lietuviškoji,klasifikacija
1,lietuviškos,degtinės
1,lietuviškos,valstybės
1,lietuviškosios,emigracijos
2,lietuviškosios,migracijos
1,lietuviškosios,prospekte
1,lietuviškosios,spaudos
1,lietuvišku,detalės
1,lietuvišku,midumi
1,lietuvišku,pasaliu
1,lietuvišku,prietaisu
1,lietuvišku,sprando
1,lietuvišku,studijų
1,lietuvišku,teršalų
1,lietuvišku,vietoje
1,lietuvišką,maistą
1,lietuvišką,pasaką
1,lietuviškąją,triadą
1,lietuviškąjį,trikampį
1,lietuviškų,dienraščių
1,lietuviškų,naudos
1,lietuviškų,sferos
1,lietuviškų,žanrų
1,lietuviškųjų,terminų
3,lietuviškųjų,žanrų
1,lietuvių,savaitgalį
1,lietuvių,spaudoje
1,lietuvių,tautos
2,lietuvių,tautą
1,lietuvių,tėvo
1,lietuvių,valdžiai
1,ligoto,žmogaus
1,liguista,būsena
1,lingvistiniai,tyrimai
1,lingvistinių,tyrimų
1,linksmoje,gyventojų
1,linksmoje,situacijoje
1,literatūriniam,naratyvui
1,literatūriniu,požiūriu
1,literatūrologinės,disciplinos
1,litrine,miera
1,lituanistiniam,ugdymui
1,liūdniausių,tipažų
1,lygiaverčius,duomenis
1,lyginamuosiuose,tyrimuose
1,lėtiniai,susirgimai
1,magiškąjį,ritualą
1,makro-,tyrimus
1,makroekonominius,veiksnius
1,maloni,staigmena
1,malonią,pašnekovę
1,malonių,staigmenų
1,malonus,kortelių
1,malonus,namai
1,malonus,pabendravimas
1,masinio,gerovės
1,masinio,judėjimo
1,masinio,vartojimo
1,masiniuose,renginiuose
1,matematinį,modelį
1,materialaus,pasaulio
2,materialaus,paveldo
1,materialinę,klaidų
1,materialinę,paramą
1,materialųjį,paveldą
1,matomoje,detalės
1,matomoje,midumi
1,matomoje,vietoje
1,matrimonialinei,elgsenai
1,maža,paskola
4,maža,įmonė
1,mažai,įmonei
1,mažesnis,savivaldybės
1,mažesnius,projektus
1,mažesnį,dydį
1,mažesnį,mokestį
1,maži,asignavimai
1,maži,būreliai
1,maži,laikotarpiai
1,maži,ožiai
1,maži,rūšys
1,mažiausio,dydžio
1,mažiausio,gerovės
1,mažiausių,smulkmenų
1,mažmeninės,prekybos
1,mažmeninės,šalies
2,mažoms,įmonėms
1,mažos,bažnyčios
1,mažus,žingsnelius
1,mažą,pelną
1,mažų,atlyginimų
1,mažų,paskolų
1,mažų,įmonių
1,mažųjų,įmonių
1,mechanine,maŠinĖle
1,mechaninės,mašinėlės
1,mechaninės,produktams
1,mechaninę,lauke
1,mechaninę,mašinėlę
1,medicininio,gydymo
1,meninei,saviraiškai
1,meninių,įvykių
1,meninė,kūryba
1,meninės,kalbos
1,meninės,kūrybos
1,meninį,skonį
1,meninį,straipsnį
1,meninį,ugdymą
1,menkas,vaidmuo
1,menkesniais,ertme
1,menkesniais,padarais
1,menkus,žmogiūkščius
1,mentalinei,transformacijai
1,mentalinei,vadovus
1,mentalinis,konstruktas
1,metaforinio,atspalvio
1,metaforinės,reikšmės
1,metine,ataskaita
1,metines,ataskaitas
1,metines,pajamas
1,metinio,dydžio
2,metinis,biudžetas
1,metinių,ataskaitų
1,metinių,pajamų
2,metinė,atskaitomybė
1,metinėje,ataskaitoje
1,metinėje,atskaitomybėje
1,metinėms,pajamoms
1,metinės,ataskaitos
1,metinės,ataskaitų
1,metinės,atskaitomybės
12,metinės,pajamos
1,metinę,ataskaitą
2,metinę,atskaitomybę
1,metinę,misiją
1,metodinius,reikalavimus
1,metodinių,dokumentų
1,metodinių,paslaugų
1,metodinių,priemonių
1,metodiškas,taupymas
1,metodiškas,trimitavimas
1,metodologines,rekomendacijas
1,metodologiniai,sprendimai
1,metodologiniu,pranašumu
1,metraštiškas,dėstymas
1,metraštiškas,ministerijos
1,metraštiškas,priežiūros
1,miegamuosius,kompleksą
1,miegamuosius,rajonus
1,mieli,veideliai
1,mielinę,panetonę
1,miels,broli
1,mielą,narėms
1,mielą,smulkmenėlę
1,migracinio,tinklo
1,migracinių,realijų
1,migracinėms,patirtims
1,mikro-,kapitalo
1,milijoninės,kitoniškumas
1,milijoninės,sumos
1,milijoninę,sumą
1,milžiniška,eksperimentas
1,milžiniška,gamykla
1,milžiniška,kovas
1,milžiniškas,honoraras
1,milžiniškos,sumos
1,milžinišką,mokymui
1,milžinišką,įtampą
1,mineraliniai,vandenys
1,mini,draugų
1,mini,spektakliais
1,minkštas,žodis
1,minėtąjį,balsą
1,mirtiną,pavojų
1,mišraus,mainus
1,mišraus,pobūdžio
1,mišrus,modelis
1,mišrūs,atvejai
1,mobiliuosius,telefonus
1,moderniajai,tapybai
1,moderniausia,sistema
1,moderniojo,gyvenimo
1,modernioms,šalims
1,modernios,gerovės
1,modernios,porą
1,modernios,technologijos
1,modernios,visuomenės
1,modernią,valstybę
1,modernių,formų
1,modernus,diskursas
1,mokestinėmis,paskatomis
2,mokomajai,knygai
1,mokomajai,literatūrai
4,mokomoji,knyga
1,mokomojo,pobūdžio
3,mokomosios,knygos
1,mokomąją,medžiagą
1,moksline,verte
1,mokslines,publikacijas
1,moksliniai,radijo
1,moksliniai,redaktoriai
3,moksliniai,tyrimai
1,moksliniams,atvejais
1,moksliniams,klausimų
1,moksliniams,redaktoriams
6,moksliniams,tyrimams
1,mokslinis,darbuotojas
4,mokslinius,tyrimus
1,mokslinių,debatų
1,mokslinių,draugei
1,mokslinių,ekranų
1,mokslinių,gebėjimai
1,mokslinių,individų
1,mokslinių,laiko
1,mokslinių,pasiekimų
1,mokslinių,publikacijų
1,mokslinių,stresą
25,mokslinių,tyrimų
1,mokslinių,vakarėlį
1,mokslinių,vandens
1,mokslinių,įrodymų
1,mokslinių,šeimos
1,mokslinė,erdvė
1,mokslinėje,literatūroje
1,mokslinėje,periodikoje
3,mokslinės,literatūros
1,mokslinės,radikalizmo
1,mokslinės,sąjungos
1,mokslinės,veiklos
1,mokykliniame,vadovėlyje
1,mokyklinių,karjeristai
1,mokyklinių,programų
1,momentinę,neištikimybę
1,moraliniam,argumentavimui
1,moteriškos,lyties
1,moteriškos,ribas
1,motiniškos,meilės
1,muzikinis,repertuaras
1,muzikinių,rankraščių
1,mėgstamo,žurnalo
1,mėlynu,treningu
1,mėšlungiškos,pastangos
1,nacionalines,strategijas
1,nacionalines,vonią
1,nacionaliniai,interesai
1,nacionaliniam,paveldui
3,nacionalinio,investuotojo
1,nacionalinio,kankano
1,nacionalinio,lygmenų
1,nacionalinio,saugumo
1,nacionalinių,biudžetų
1,nacionalinių,ekspertų
1,nacionalinių,harmoniją
1,nacionalinių,institucijų
1,nacionalinių,problemų
1,nacionalinių,publikacijų
1,nacionalinė,institucija
1,nacionalinėje,sistemoje
1,nacionalinėmis,institucijomis
1,nacionalinės,grėsmės
1,nacionalinės,institucijos
1,nacionalinės,kultūros
1,nacionalinės,prekės
1,nacionalinės,tarybos
1,nacionalinės,truputėlį
1,nacionalinę,agentūrą
1,nacionalinį,biudžetą
1,nacionalinį,vilniečiai
1,naktiniame,klube
1,naktiniame,sistemų
1,naktinių,klubų
1,naktinių,stūmos
1,natūralaus,sultinio
1,natūrali,dalis
1,natūrali,šalies
1,natūralioje,pozoje
1,natūralios,rūšys
1,natūraliu,apygardoje
2,natūraliu,būdu
1,natūralius,organizmus
1,naudingas,politikas
1,naudingesnė,strategija
1,naudingos,kategorijos
1,naudingų,komisija
1,naudingų,patarimų
1,nauja,atmaina
1,nauja,atostogas
1,nauja,forma
1,nauja,kultūra
1,nauja,priemonė
2,nauja,redakcija
1,nauja,sąmonė
1,nauja,viešbutyje
1,nauja,įmonė
1,nauja,šukuosena
1,naujai,gerovės
1,naujai,palaidinukei
1,naujais,būdais
1,naujame,rajone
1,naujas,analize
1,naujas,augalas
2,naujas,formas
1,naujas,galimybes
1,naujas,galvos
1,naujas,idėjas
1,naujas,karjerą
1,naujas,kategorijas
1,naujas,klausimai
1,naujas,paslaugas
1,naujas,taisykles
2,naujas,technologijas
1,naujas,terminas
1,naujas,vietos
1,naujas,vietą
1,naujas,žinojimas
1,naujasis,įstatymas
1,naujasis,žemdirbys
1,naujausiais,tyrimais
1,naujausias,žinias
1,naujausiomis,iniciatyvomis
1,naujausiomis,technologijomis
1,naujausių,paskalų
1,nauji,akcentavimo
1,nauji,diskursai
1,nauji,parametrai
1,nauji,pavojai
1,nauji,reiškiniai
1,naujiems,konkurentams
1,naujiems,pabaiga
1,naujiems,pasiūlymams
1,naujiems,produktams
1,naujiems,projektams
1,naujiems,valdžią
1,naujiems,valstybės
1,naujo,kapitono
1,naujo,ligos
1,naujo,ministro
1,naujo,premjero
1,naujo,seimo
1,naujo,tėvų
1,naujo,varianto
1,naujoji,elektrinė
1,naujoji,žmogumi
1,naujojo,albumo
1,naujojo,gatvių
1,naujojo,unitų
1,naujomis,paslaugomis
1,naujomis,taisyklėmis
1,naujomis,technologijomis
1,naujoms,ekspertų
1,naujoms,infrastruktūroms
1,naujoms,madoms
1,naujoms,reformoms
1,naujoms,vietoms
1,naujos,diskurse
1,naujos,galimybės
1,naujos,jėgainės
1,naujos,priemonės
1,naujos,redakcijos
2,naujos,technologijos
2,naujos,įmonės
1,naujosios,elektrinės
1,naujosios,sąjungos
1,naujoviška,korupcija
1,naujoviška,rinktinei
1,naujoviškas,formas
1,naujoviškas,norvegų
1,naujoviškesnius,produktus
1,naujoviškesnius,įtaką
1,naujoviškų,pasitikėjimas
3,naujoviškų,produktų
1,naujoviškų,soliariume
1,nauju,iššūkiu
1,naujuoju,instrumentu
1,naujus,maršrutus
3,naujus,parametrus
1,naujus,poreikius
1,naujus,procesus
1,naujus,produktus
1,naujus,tyrimų
1,naujus,uždavinius
1,naują,dydį
1,naują,krautuvę
1,naują,pirmininkas
1,naują,prietaisą
1,naują,projektą
1,naują,sintezę
1,naują,sistemą
1,naują,įstatymą
1,naująją,tvarką
1,naująją,žydų
1,naujŲ,parametrŲ
1,naujŲ,santykiŲ
1,naujų,aplinkybių
1,naujų,būdų
1,naujų,idėjų
1,naujų,investicijų
1,naujų,iššūkių
1,naujų,kompleksų
1,naujų,modelių
1,naujų,narių
1,naujų,partnerysčių
1,naujų,potyrių
1,naujų,produktų
1,naujų,reiškinių
3,naujų,technologijų
1,naujų,terminų
1,naujų,tradicijų
1,naujų,tyrimų
1,naujų,veislių
1,naujų,vietų
1,naujų,įgūdžių
1,naujų,įmonių
1,naujų,žanrų
1,naujų,žinių
1,naujųjų,amžių
1,naujųjų,metų
1,naujųjų,pagalbos
1,naujųjų,valstybių
1,neabejotinas,garantas
1,neabejotiną,visapusiškumą
1,neaiškios,kilmės
1,neaiškius,dalykus
1,neaiškių,žinių
1,neaiškus,nepasitenkinimas
1,neatidėliotinais,reikalais
1,neatskiriamas,matmuo
1,neautomatiniu,būdu
1,neblaiviems,vairuotojams
1,nebrangius,patiekalus
1,nebūtini,dalykai
1,nedaugelio,intelektualų
1,nedemokratinės,apraiškos
1,nedideliu,kiekiu
1,nedidelė,klaida
1,nedidelė,našta
1,nedidelėje,grupėje
1,nedidelės,mąstyklos
1,neformalieji,investuotojai
1,neformalioje,aplinkoje
1,neformalioje,srityje
1,neformalusis,investuotojas
1,negalimos,izoliacija
1,negalimos,tikslas
1,negatyvi,interpretacija
1,negeri,pavyzdžiui
1,negriežtojo,galvos
1,negriežtojo,varianto
1,neigiamo,poveikio
1,neigiamo,įvertinimo
1,neigiamą,požiūrį
1,neigiamą,pusę
3,neigiamą,įtaką
1,neigiamą,žemę
1,neinvaziniu,būdu
1,neištikimas,netikrumo
1,neištikimas,vyras
1,neištikimas,šalys
1,neišvaizdaus,ženklo
1,nejaukias,situacijas
1,nekaloringų,patiekalų
1,nekasdieniškų,pojūčių
1,neklusnūs,vaikai
1,nekomiška,būtybė
1,nelegaliems,būdams
1,nemaloni,atmosfera
1,nemalonios,formos
1,nemalonių,eilių
1,nemalonių,sistema
1,nematerialius,objektus
1,nematomais,čiuptuvais
1,nemaža,aplinkoje
1,nemaža,dalimi
1,nemažas,iššūkis
1,nemažas,sektoriaus
1,nemažas,tarpas
1,nemažą,protestas
1,nemažą,įtampą
1,nemenkas,iššūkis
1,nemenkas,ryšys
1,nemenkas,vadovo
1,nemenką,bagažą
1,nemokamą,prieigą
1,nenaudingas,žingsnis
1,neoficialių,apklausų
1,neoficialus,tekstas
1,nepagrįsti,lūkesčiai
1,nepalankias,išvadas
1,nepalankias,nekentėjai
1,nepalankų,lūžį
1,nepaprastasis,pasiuntinys
1,nepilnamečiais,pažeidėjais
1,nepilnus,echinokoko
1,neprastas,čiuprynas
1,nepriklausoma,institucija
1,nepriklausomas,tyrimas
1,nepriklausomi,ekspertai
1,nepriklausomoje,valstybėje
1,nepriklausomus,tikrinimus
1,nepriklausomą,valstybę
1,nereikalingas,medžiagas
2,nereikalingus,daiktus
1,nereikalingų,daiktų
1,nereikalingų,išlaidų
1,nereikalingų,pokalbių
1,nereikalingų,prekių
1,nereikalingų,veiksmą
1,nereikšminga,pagalba
1,nereikšmingus,dirgiklius
1,nereikšmingą,pagalbą
2,nereikšmingų,dirgiklių
1,neribotą,laisvę
1,neribotą,produktų
1,neribotą,šalininkai
1,neribotų,galimybių
1,neriebus,pyragas
1,nervinga,paauglystė
1,nervinės,įtampos
1,nesaugiu,greičiu
1,neseną,instituciją
1,nesimpatingų,istorijos
1,nesimpatingų,vingių
1,nestiprus,ryšys
1,nesveika,bėda
1,nesveikas,reakcijas
1,nesĄŽiningŲ,sĄlygŲ
1,nesąžiningų,sąlygų
1,nesėkmingas,ratas
1,netechnologiniai,aspektai
1,netechnologiniai,knygos
1,neteisingos,informacijos
1,neteisingu,būdu
1,netikslinga,apeiga
1,netikslių,metimų
1,netikusių,kolegų
1,netikėtų,efektų
1,netinkamais,priedais
1,netinkamas,laikymas
1,netinkamu,keliu
1,netolimas,emigracija
1,netolimas,kaimynas
1,neurofiziologinės,informacijos
1,neurologiniai,simptomai
1,neuroninių,išteklių
1,neužterštą,ugnį
1,nevienodą,kiekį
1,nevietinės,kilmės
1,nevyriausybines,organizacijas
1,nevyriausybinių,kiškučius
2,nevyriausybinių,organizacijų
1,neįmanoma,paviršiuje
1,neįprastą,radinį
1,neįprastų,drabužių
1,neįveikiamomis,kliūtimis
1,nešvankia,šlykštybe
1,nežemiškomis,būtybėmis
1,nežinomas,teritorijas
1,nežinomo,gyvenimo
1,nežinomu,klausimu
1,nikeliuota,mašinėlė
1,normalias,praktikas
1,normalios,terpės
1,normalios,šeimos
1,normalus,prakeikimu
1,normalus,rinkimas
1,normatyvinei,sampratai
1,normatyvinio,inovacijų
1,normatyvinio,modelio
1,norminio,akto
1,nuobodžiu,intelektualu
1,nuodingos,mintys
1,nuodingąsias,nuostatas
1,nuodugnių,tyrimų
1,nuogu,užpakaliu
1,nuogų,merginų
1,nuolatinio,kartų
1,nuolatinio,tikrinimo
1,nuolatinis,sukimasis
1,nuolatiniu,kaltes
1,nuolatiniu,nepasitikėjimu
1,nuolatiniu,viešumo
1,nuolatiniu,šeštadienį
1,nuolatinių,pokyčių
1,nuolatinė,kaita
2,nuolatinės,vietos
1,nuolatinę,priežiūrą
1,nuolatinę,sistemą
1,nuolatinę,įtampą
1,nuolatinį,dėmesį
1,nuolatinį,ugdymą
1,nuosavame,name
1,nuosavu,kapitalu
1,nuosavą,kapitalą
1,nuosavą,turtą
1,nuoseklesnė,sistema
1,nuostabia,pergale
1,nuostabių,akimirkų
1,nuotolines,studijas
1,nuotolinių,išteklių
1,nuotolinių,metodas
1,nuoširdus,dėmesys
1,nuoširdus,vietų
1,nykių,problemų
1,nykūs,pašaipūnai
1,objektyvesnio,įvertinimo
1,odontologinės,demu
1,odontologinės,problemos
1,oficialaus,iniciatyvos
2,oficialaus,tyrimo
1,oficialaus,vėžiui
1,oficialiame,rašte
1,oficialios,aplinkos
1,oficialios,dienos
1,oficialios,priežastys
1,oficialios,smegduobių
1,oficialios,sovietmečiu
1,oficialios,sąlygose
1,oficialiu,lygiu
1,oficialūs,asmenys
1,oficialų,statusą
1,operatyvinĖs,veiklos
3,operatyvinės,veiklos
1,operatyvinės,veikos
1,optimalius,sprendimus
1,oranžine,moralę
1,oranžiniai,dviračiai
1,oranžiniai,organizatoriai
2,oranžinis,dviratis
1,oranžinis,palikimas
1,oranžinis,valstybės
2,oranžinės,akcijos
1,oranžinės,graikų
1,oranžinės,vyriausybė
1,oranžinį,dviratį
1,organiniu,maistu
1,organinių,pakitimų
1,organinė,bendravimas
1,organinė,diplomatai
1,organinė,patologija
1,organizacines,priemones
1,organizaciniai,metodai
1,organizaciniai,modeliai
2,organizacinių,modelių
2,organizacinė,struktūra
1,organizacinė,veikla
1,originalios,degtinės
1,originalios,valstybės
1,originalus,kambarius
1,originalus,sumanymas
1,originalų,metodą
1,originalų,tekstą
1,orūs,miestai
1,osteologinių,tyrinėjimų
1,pacukruotų,paviršių
1,padorūs,nepakankamumą
1,padorūs,vardo
1,padorūs,žmonės
1,pagrindine,dalimi
1,pagrindine,jėga
1,pagrindines,kryptis
1,pagrindines,sąlygas
2,pagrindiniai,elementai
1,pagrindiniai,instrumentai
1,pagrindiniai,ištekliai
1,pagrindiniai,platintojai
1,pagrindiniai,rinkai
2,pagrindiniai,rodikliai
1,pagrindiniai,siekiniai
2,pagrindiniai,veiksniai
1,pagrindiniais,sektoriais
1,pagrindinio,šaltinio
1,pagrindinis,adresatas
1,pagrindinis,atsakymas
1,pagrindinis,dalyje
1,pagrindinis,dovana
3,pagrindinis,dėmesys
1,pagrindinis,izoliacija
1,pagrindinis,klausimas
1,pagrindinis,nugalėtojas
1,pagrindinis,objektas
2,pagrindinis,principas
1,pagrindinis,senumo
1,pagrindinis,teisę
2,pagrindinis,tikslas
1,pagrindinis,veiksnys
1,pagrindinius,etapus
1,pagrindinius,komponentus
1,pagrindinius,veiksnius
1,pagrindinius,vyriausybė
1,pagrindinių,ausies
1,pagrindinių,baimių
1,pagrindinių,kanalų
2,pagrindinių,konkurentų
1,pagrindinių,privalumų
1,pagrindinių,rytų
1,pagrindinių,sąlygų
1,pagrindinių,tarpukario
1,pagrindinių,valgymų
1,pagrindinių,veikėjų
1,pagrindinė,dalis
1,pagrindinė,prielaida
1,pagrindinėmis,nuostatomis
1,pagrindinėmis,technologijomis
1,pagrindinės,automagistralės
1,pagrindinės,dalys
1,pagrindinės,gavėjos
1,pagrindinės,infrastruktūros
1,pagrindinės,nusikaltimo
1,pagrindinės,situaciją
1,pagrindinės,sąlygos
2,pagrindinės,sąvokos
1,pagrindinės,šviestuvus
1,pagrindinėse,dienos
1,pagrindinėse,sąlygose
1,pagrindinę,funkciją
1,pagrindinę,infrastruktūrą
1,pagrindinį,personažą
1,pagrįstą,ekonomiką
1,pagrįstą,grožio
1,pagyvenusių,žmonių
1,pajėgūs,žmonės
1,pakaltinamų,asmenų
1,pakankamo,dėmesio
1,pakankamos,apsaugos
1,pakartotinei,migracijai
1,pakartotiniu,migravimu
1,pakartotinės,santuokos
1,pakilią,nuotaiką
1,pakilią,vertinimą
1,palankesnes,sąlygas
1,palankesnėmis,sąlygomis
1,palanki,sistema
1,palanki,zona
7,palankias,sąlygas
1,palankiausia,aprašymas
1,palankiausia,erdve
1,palankios,terpės
1,palankią,aplinką
2,palankių,sąlygų
1,palankus,klimatas
1,pamatines,žinias
1,pamatinių,teisių
1,pamatinės,sąvokos
1,panašaus,amžiaus
1,panašaus,avarijų
1,panašiais,žanrais
1,panašioje,situacijoje
1,panašios,tendencijos
1,panašiose,situacijose
1,panašiuose,renginiuose
1,panašiuose,susibūrimuose
1,panašius,procesus
1,panašių,atributų
1,panašių,autorių
1,panašių,incidentų
1,panašių,pavyzdžių
1,panašių,vertingumo
1,panašus,jausmas
1,panašūs,prietaisai
1,papildomo,mokymo
1,papildomus,mokymus
1,papildomus,parametrus
1,papildomą,finansavimą
1,papildomų,konotacijų
1,paprasta,dauguma
1,paprasta,taisykle
1,paprastai,gausu
1,paprastai,minčiai
1,paprastai,reikalavimai
1,paprastam,vartotojui
1,paprastas,moksleivis
1,paprasto,adrese
1,paprasto,lapo
1,paprastų,žmonių
1,paraleliniai,bėgiai
1,paralelinis,idėjos
1,paralelinis,pasaulis
2,parazitine,liga
1,parazitinė,liga
1,parazitinė,nuomonę
1,partinio,iždo
1,partinio,kailio
1,partinio,vadovo
1,partinių,lėšų
1,partizaninio,karo
1,partnerine,įmone
1,partnerinei,įmonei
2,partnerinių,įmonių
2,partnerinė,įmonė
6,partnerinės,įmonės
1,pasaulinio,karo
1,pasauliniu,lygiu
4,pasauliniu,mastu
1,pasauliniu,žiniatinkliu
1,pasaulinius,uždavinius
1,pasaulinė,fondai
1,pasaulinė,krizė
1,pasaulinė,paroda
1,pasaulinė,politika
2,pasaulinės,reikšmės
1,pasaulinės,rinkimų
1,pasaulinės,saulės
1,pasaulinės,žodžius
1,pasibaisėtinas,sadizmas
1,paskutines,rungtynes
1,paskutines,sekundžių
1,paskutiniai,lankos
2,paskutiniai,žodžiai
1,paskutiniais,pakeitimais
1,paskutiniajame,spektaklio
1,paskutiniame,poskyryje
1,paskutinieji,nutarimai
1,paskutinieji,radijo
1,paskutinieji,žodžiai
1,paskutinis,kiaulė
1,paskutinius,metu
1,paskutinius,peršalimas
1,paskutinius,žodžius
1,paskutinius,žydšaudžių
1,paskutinės,komisija
1,paskutinės,minutės
1,paskutinę,apsaugos
1,paskutinę,dieną
1,paskutinę,kuprines
1,paskutinę,literatūra
6,paskutinę,minutę
1,paskutinį,kartą
1,paskutinį,laiptelį
1,paskutinį,pusmetį
1,paskutinį,ribos
1,paslaptingą,kryželį
1,pastaraisiais,atsikalbinėjimų
1,pastaraisiais,dešimtmečiais
5,pastaraisiais,metais
1,pastaraisiais,recepto
1,pastaraisiais,žemėlapio
1,pastarojo,dalyvavimo
1,pastarojo,dešimtmečio
1,pastarosiomis,dienomis
4,pastaruoju,metu
1,pastaruoju,mintimis
1,pastaruosius,dešimtmečius
1,pastaruosius,metų
1,pastarąją,tendenciją
2,pastarąjį,dešimtmetį
1,pastarųjų,akiduobių
2,pastarųjų,dešimtmečių
1,pastarųjų,metų
1,pastarųjų,veiksmų
1,pastebimų,padarinių
1,pasyvi,minia
1,pataikūniškus,žodžius
1,patenkinamą,tinkamumą
1,patikimas,ekonomikos
1,patikimas,žinias
1,patikimų,įrodymų
1,patogiausioje,vietoje
1,patogu,respublikos
1,patogus,susisiekimas
1,patraukli,pasiūla
1,patrauklią,aplinką
1,patrauklus,įvaizdis
1,patriarchališkai,įstatymas
1,patriarchališkai,žemdirbys
2,pavaldžių,institucijų
1,pavaldžių,įstaigų
1,pavieniams,asmenims
1,paviršutiniškus,santykius
1,pavojingas,daiktas
1,pavojingomis,situacijomis
1,pavojingomis,statiniams
1,pavojingu,metu
1,pavojingą,triadą
1,pašaipaus,juoko
1,pašaipaus,namų
1,pašėlusi,karštinė
1,pažangaus,inovacijų
1,pažangaus,modelio
1,pažangioms,bendrovėms
1,pažangios,galimybę
1,pažangios,koncepcija
1,pažangių,gamyklų
1,pažintiniai,straipsniai
1,penkiolikmetėmis,mamomis
1,penktąja,kolona
1,penktąja,nerimą
1,penktąją,darbuotojas
1,penktąją,koloną
1,pensinio,amžiaus
1,pensinio,departamente
1,periodinė,spauda
5,periodinės,spaudos
1,perteklinių,duomenų
1,perteklinės,citatos
1,pietinės,valstybės
1,pigesnę,žuvį
1,pigmentinės,dėmės
1,piktavališkų,paskatų
1,pikti,tėvai
1,piktus,ožiukus
1,piktybiška,demagogija
1,piktybiška,miesto
1,piktų,intencijų
1,pilietiniu,nepaklusnumu
1,pilietinė,pozicija
1,pilni,vardai
1,pilno,sudėjimo
1,pilnos,gelmės
1,piniginės,baudos
1,piniginės,seniūnas
1,pirmalaikiai,rinkimai
1,pirmapradė,esencija
1,pirmapradės,meilės
1,pirmieji,tyrimai
1,pirminiais,balais
2,pirminiais,duomenimis
1,pirmoji,autorių
1,pirmoji,klaida
1,pirmąjį,apdovanojimą
1,pirmąjį,įsakymą
1,plastines,operacijas
1,plastmasinė,pertvara
1,plataus,administravimo
1,plataus,masto
1,plataus,pripažinimo
1,plataus,užmojo
1,platesni,tikslai
1,platesni,vadovėlius
1,platesnio,naudojimo
1,platesnio,vakarėlio
1,platesniuose,kontekstuose
1,platesnius,tikslus
1,platesnius,įgaliojimus
1,platesnių,sluoksnių
1,platesnės,informacijos
1,platesnės,pasaulis
1,platesnės,stalinizmas
1,platesnį,prieinamumą
1,platininių,vasario
1,platus,lėšas
1,platus,sąrašas
1,platus,tyrimą
1,platų,spektrą
1,plačiajam,skaitytojų
1,plačiajuostis,iššūkis
1,plačiajuostis,ryšys
1,plačiajuostis,vadovo
1,plačiajuosčio,ryšio
1,plačias,galimybes
1,plačiąja,komunikatas
3,plačiąja,prasme
1,plonom,kojom
1,plyname,lauke
1,plyname,mašinėlę
1,plyno,lauko
2,plėšraus,kapitalizmo
1,poetiškais,chorais
1,pokomunistinei,specifikai
1,pokomunistinis,modelis
1,poleminis,atveju
1,poleminis,stilius
1,politiniai,dovanos
1,politiniai,pasikeitimai
1,politiniai,prioritetai
1,politiniam,gyvenimui
1,politiniame,diskurse
1,politiniame,gyvenime
4,politinio,diskurso
1,politinio,proceso
1,politinis,gyvenimas
1,politinis,stuburą
1,politiniu,kontekstais
1,politinius,ryšius
1,politiniŲ,partijŲ
1,politinių,debatų
1,politinių,gairių
1,politinių,jėgų
1,politinių,nesutarimų
1,politinių,organizacijų
1,politinių,parama
4,politinių,partijų
1,politinių,perėjūnų
1,politinių,priešų
1,politinių,reformų
1,politinių,vakarėlyje
1,politinė,scena
1,politinė,situacija
1,politinėje,dienotvarkėje
1,politinės,istorijos
1,politinės,jūros
4,politinės,komunikacijos
1,politinės,reikalai
2,politinės,scenos
1,politinės,sovietų
1,politinės,struktūros
1,politinę,informaciją
1,politinę,situaciją
1,politinę,sąlygos
1,politinę,šviestuvus
1,politinį,diskursą
1,politinį,stabilumą
1,popierines,dėžutes
1,popierines,produktus
1,popierines,teorijų
1,popierinės,spaudos
1,popkultūrinė,kalba
1,populiarią,dainą
1,populiarių,centrų
1,populiarių,valstybės
1,postmodernistiniai,filosofai
1,potencialių,rinkėjų
2,potrauminio,augimo
2,potrauminio,streso
1,potrauminis,augimas
1,pozityvūs,procesai
1,prabangiame,restorane
1,prabangiame,tyrimų
1,prabangus,kiosko
1,prabangus,stalas
1,pradiniai,modeliai
1,pradinis,skaičius
1,pragmatinėmis,kategorijomis
1,praktiniai,aspektai
1,praktinio,atlikimo
1,praktinio,partnerių
1,praktinis,angažuotumas
1,praktinius,klausimus
1,praktinių,patarimų
1,praktinė,pagalba
1,pramoginį,pobūdį
1,pramoninei,bazei
1,prasmingiausių,kiemo
1,prasmingiausių,švenčių
1,prasmingo,gyvenimo
1,prasta,darželiams
1,prasta,galimybių
1,prasta,vieta
1,prastos,operetės
1,prastą,naudojimą
1,prastą,įdegio
1,pravirą,alus
1,pravirą,langą
1,prašmatnesnę,buitį
1,prašmatnios,dovanos
1,preliminarius,skaičiavimus
1,preliminarią,analizę
1,preskriptyviu,požiūriu
1,prestižiniame,klube
1,prestižinėse,salėse
1,prevenciniai,tikrinimai
1,prevencinis,įrankis
2,prevencinių,tikrinimų
1,prevencinės,paveldosaugos
2,prevencinę,veiklą
1,pridėtinei,vertei
2,pridėtinės,vertės
3,pridėtinę,vertę
1,priekabus,viršininkas
1,priekiniais,ratais
1,priešgaisrine,tarnyba
1,priešingi,dalykai
1,priešingomis,vertybėmis
1,priešingu,atveju
1,priešingu,tyrimas
1,priešingų,pusių
1,prieštaringų,atgarsių
1,prieštvaninį,mentalitetą
1,prieštvaninį,valstybė
1,prieštvaninį,įstaigos
1,prigimtinė,teisė
1,priimtinu,laiku
1,primityvus,būdas
1,primityvus,nacionalizmas
1,primityvūs,aparatai
1,primityvūs,infliacija
1,primityvūs,žmonėms
1,primityvų,mentalitetą
1,prioritetinių,krypčių
1,prioritetinĖs,kryptys
1,prioritetinė,sritis
1,prioritetinės,srities
1,privaloma,informacija
1,privataus,finansavimo
1,privataus,gydymo
1,privataus,gyvenimo
2,privataus,kapitalo
3,privataus,sektoriaus
1,privatiems,subjektams
1,privatus,verslas
1,privačiai,bendrovei
3,privačiame,sektoriuje
1,privačias,investicijas
1,privačias,tyrimus
1,privačiojo,sektoriaus
1,privačiojo,tarpas
1,privačioms,investicijoms
2,privačios,bendrovės
1,privačių,asmenų
1,privačių,bendrovių
1,privačių,investuotojų
1,probleminis,industrijai
1,probleminis,principas
1,probleminius,terminus
1,probleminių,skalių
1,problemiškiems,aspektams
3,procentiniais,punktais
1,procentiniu,punktu
1,produktyviosios,dienraščių
1,produktyviosios,naudos
1,produktyviosios,sferos
8,profesinio,ugdymo
1,profesinių,interesų
2,profesinių,sąjungų
1,profesinės,kvalifikacijos
1,profesinės,patirtys
1,profesinės,veiklos
1,profesionaliam,istorikui
1,profesionalieji,investuotojai
1,profesionalios,kūrybos
1,profesionalius,vadybininkus
2,profesionalių,menininkų
1,programinės,įrangos
1,prometėjišką,veiklą
1,propagandinis,žanras
1,protinga,esybė
1,protingais,būdais
1,protinis,išsivystymas
1,protokoliniu,nutarimu
1,prototipinis,klasifikavimas
1,prototipinius,žanrus
1,psichinis,nejautrumas
1,psichinė,būsena
1,psichinės,sandaros
1,psichodelinis,priėmimą
1,psichodelinis,vyras
1,psichologiniai,padariniai
1,psichometrinės,savybės
1,publicistinis,atveju
1,publicistinis,stilius
1,puiki,priemonė
1,puikia,dvaselės
1,puikia,izoliacija
1,puikia,savijauta
1,puikia,tikslas
1,puikiais,chorais
1,puikią,vaizduotę
1,puikių,patiekalų
1,puikių,pusiaunakčio
1,puikus,centras
1,puikus,meisteris
1,puikus,organizmams
1,puikus,pasiūlymas
1,puikus,sprendimas
1,puošnesnių,detalių
1,pusamžis,gėrimus
1,pusamžis,vyriškis
1,pusplikę,galvą
1,pusplikę,remontu
1,racionalaus,laikraščio
1,racionalaus,pasirinkimo
1,racionalus,dialogas
1,racionalus,spektras
1,radikalūs,pasikeitimai
1,radikalų,feminizmą
1,radikalų,tiesos
1,radikalų,vandenį
1,raguotu,padaru
1,raguotu,pusiaunakčio
1,raktiniai,žodžiai
1,ramios,muzikos
1,ramių,akimirkų
1,rasistinis,išeitį
1,rasistinis,metu
1,rasistinis,siaubas
1,rašytinis,pranešimas
1,rašytinius,šaltinius
1,realaus,pagrindo
1,reali,politika
1,realiam,seksualumui
1,realiame,gyvenime
1,realiame,laike
1,realiame,vitrinų
1,realiausia,grupė
1,realiausia,versija
1,realiausia,žodžius
1,realios,naudos
1,realių,aliarmo
1,realių,programų
1,realių,tekstų
1,realių,žingsnių
1,referencinėje,sferoje
1,regimą,šviesą
1,regioninis,integravimas
1,regioninis,pabaltiečius
1,regioniniu,knygos
1,regioniniu,lygmenimis
1,regioninę,organizaciją
1,reguliari,mankšta
1,reikalingas,priemones
1,reikalingos,informacijos
1,reikalingus,duomenis
3,reikalingą,informaciją
1,reikalingą,laiką
1,reikiamą,vietą
1,reikšmingi,dirgikliai
1,reikšmingu,žodžiu
1,reikšmingus,dirgiklius
1,reikšmingą,dirgiklį
2,reikšmingų,dirgiklių
1,reklaminių,klipų
2,rekomendacinio,pobūdžio
1,reliatyvus,dalykas
1,religinė,bendruomenė
1,repatriacinio,susitarimo
2,reprezentacinių,rūmų
2,reprezentatyvi,apklausa
1,reprezentatyvios,apklausos
1,reprezentatyvią,apklausą
1,retas,vadovas
1,retesni,dirgikliai
1,retos,išimties
1,retų,dirgiklių
1,ribiniai,tekstai
1,ribinio,įverčių
1,ribotas,galias
1,riboto,pakaltinamumo
1,ribotos,apimties
1,ribotus,pajėgumus
1,ribotų,tikslų
1,riešutinis,kremas
1,rimtais,klausimais
1,rimtas,darbe
1,rimtas,istorikas
1,rimtas,vyras
1,rimtesnių,grėsmių
1,rimtų,problemų
1,rizikingesnius,bruožus
1,rizikingų,sprendimų
1,romantinį,vakarą
1,ruda,spalva
1,rudosios,lapės
1,rudųjų,lapių
1,rupaus,malimo
1,rytiniuose,kamščiuose
1,rytiniuose,seimo
1,rytiniuose,sąskaitų
1,ryškia,kapsules
1,ryškiausi,atstovai
1,ryškus,bruožas
1,ryškus,žmonėms
1,ryžtingų,veiksmų
1,rūgščios,duonos
1,rūsti,ultrapatriotų
1,rūsti,uošvė
1,rūstūs,žodžiai
1,saldu,rūšys
1,saldžius,žodžius
1,salsvas,kvapas
1,sanitarinis,švietimas
1,sanitarinį,valiklį
1,santūrus,dizainas
1,sarkastišką,prunkštimą
1,satyriniai,žanrai
2,saugaus,eismo
1,saugaus,komiteto
1,saugaus,litų
1,saugaus,neišvengiamybė
1,saugioje,aplinkoje
1,saugios,aplinkos
1,saugų,laikais
1,saugų,ratą
1,savaiminio,naudojimą
1,savaiminio,įdegio
1,savaitinius,užsiėmimus
1,savaitinį,užsiėmimą
1,savanoriškam,naudojimui
1,savarankiška,įmonė
1,savarankiškas,valstybingumas
1,savarankiško,darbo
1,savarankiškos,įmonės
1,savarankiškus,sprendimus
1,savarankišką,mąstymą
1,savikritiškas,pristatymas
1,savikritiškas,vakarėliai
1,savirašiai,autoriai
1,savirašiai,prietaisai
1,savirašio,asmenybė
1,savirašio,prietaisą
1,savirašio,skausmas
1,savirašio,sĄjŪdŽio
1,savirašis,prietaisas
1,savirašį,prietaisą
1,savireguliacinės,sistemos
1,savita,galimybė
1,savitą,laikyseną
1,savitą,santykį
1,savotiška,konkurencija
1,savotiškas,matas
1,savotiškas,varžybas
1,savotiški,poskyriai
1,savotišką,kraštais
1,savotišką,paminklą
1,seklesnis,veiksmas
1,seksualiausiu,automobiliu
1,seksualinę,informaciją
1,seksualios,pupytės
1,seksualių,rūbų
1,senais,pinigais
1,senaisiais,dievais
1,senesnių,automobilių
1,seni,drabužiai
1,seni,kūriniai
1,seniausias,mikrorajonas
1,senos,kojinės
1,senosiomis,valstybėmis
1,senovinius,simbolius
1,senovinių,respublika
1,senovinių,žemėlapių
1,sensoriniai,dirgikliai
1,senuosius,knygos
1,senuosius,metus
1,senus,laikraščius
1,senus,stabą
1,senus,žemėlapius
1,seną,bičiulį
1,seną,rublį
1,seną,sutartį
1,senųjų,komitetas
1,senųjų,nenuolaidumas
1,senųjų,priekabių
1,senųjų,žaizdų
2,sezoninės,migracijos
1,sezoninės,vadovus
1,siaubingas,katastrofas
1,siaurakakčiai,patriotai
1,siaurakakčiai,trečdalį
1,siaurą,mentalitetą
1,silpniausia,materija
1,simbolinio,interakcionizmo
1,simbolinis,dominavimas
1,simbolinis,interakcionizmas
1,simbolinė,kapsulė
1,simbolinė,pertvara
1,simbolinė,pradžią
1,simfoniniais,aplinkybes
1,simfoniniais,globalizmo
1,simfoniniais,orkestrais
1,simultaniško,pasakojimo
1,sintetiniam,gliutamatui
1,sintetinio,funkcionavimo
1,sintetinių,dietos
1,sintetinių,istorijų
1,sintetinį,mąstymą
1,sisteminės,kapitono
1,sisteminės,ligos
1,sisteminės,seimo
1,sisteminės,tėvų
1,siužetinį,straipsnį
1,skaitmeniniai,įgūdžiai
1,skaitmeniniams,produktams
2,skaitmeniniu,būdu
1,skaitmeninių,diskų
7,skaitmeninės,informacijos
1,skaitmeninę,informaciją
1,skandinaviškas,ištakas
1,skandinaviškas,procesų
1,skandinaviškąjį,diskursą
1,skanu,terminas
1,skaudi,gėla
1,skausminga,nejautra
1,skausmingas,nejautrumas
1,skausmingas,reformas
1,skausmingesnių,prisiminimų
1,skausmingesnių,scenarijų
1,skirtingas,formas
1,skirtingas,puses
1,skirtingi,autoriai
1,skirtingi,požiūriai
1,skirtingo,pobūdžio
1,skirtingo,stilius
1,skirtingoms,firmoms
1,skirtingoms,formoms
1,skirtingos,formos
1,skirtingos,grupuotės
1,skirtingos,ksenofobų
1,skirtingos,sferos
1,skirtingos,taurę
1,skirtingos,tradicijos
1,skirtingose,grįžimo
1,skirtingose,mokyklose
1,skirtingu,vertinimu
1,skirtingus,etapus
1,skirtingus,laikotarpius
1,skirtingus,tipus
1,skirtingų,frakcijų
1,skirtingų,grupių
1,skirtingų,gydytoja
1,skirtingų,klasifikacijų
1,skirtingų,padalinių
1,skirtingų,perspektyvų
1,skirtingų,požiūrių
1,skirtingų,proporcijų
2,skirtingų,rūšių
1,skirtingų,tipų
1,skirtingų,valstybių
2,skirtingų,šalių
2,skirtingų,žanrų
1,sklidinas,balsas
1,sklidinas,vyras
1,skoningos,dekoracijos
1,skubotos,akcijos
1,skubotos,trečiadienį
1,skystam,pavidale
1,slaptame,adrese
1,slaptame,lapo
1,slaptas,rūkymas
1,slaptą,misiją
1,slaviško,žodžio
1,slogūs,laikai
1,smagūs,punktą
1,smagūs,velniukai
1,smagūs,žaidimai
1,smulkaus,verslo
1,smulkiajam,verslui
1,smulkiesiems,verslininkams
30,smulkiojo,verslo
1,smulkų,veiklai
1,smulkų,versliuką
1,smėlėtais,skardžiais
1,socialine,atsakomybe
1,socialines,problemas
1,socialiniai,klausimai
1,socialiniam,draudimui
1,socialiniams,metodas
1,socialiniams,partneriams
1,socialiniams,skyriaus
1,socialiniams,įgūdžiams
1,socialinio,dialogo
1,socialinio,draudimo
1,socialinio,konteksto
2,socialinio,modelio
1,socialinio,partneryste
1,socialinio,saugumo
1,socialinio,teisingumo
1,socialinius,gebėjimus
1,socialinius,mokslus
1,socialinius,santykius
1,socialiniŲ,partneriŲ
1,socialiniŲ,reikalŲ
2,socialinių,kontaktų
3,socialinių,mokslų
1,socialinių,normų
3,socialinių,partnerių
2,socialinių,reikalų
3,socialinių,tinklų
2,socialinių,tyrimų
1,socialinių,veiksmų
1,socialinių,veiksnių
1,socialinių,veikėjų
1,socialinių,įstaigų
1,socialinių,įvaizdžių
1,socialinių,žemės
1,socialinĖ,veidmainystĖ
1,socialinė,apsauga
1,socialinė,parama
1,socialinė,sistema
1,socialinėmis,programomis
1,socialinės,analizės
2,socialinės,antropologijos
12,socialinės,apsaugos
1,socialinės,darbo
1,socialinės,derintojas
1,socialinės,dienai
1,socialinės,integracijos
1,socialinės,kasdienybės
1,socialinės,klausimas
1,socialinės,knygų
1,socialinės,mikrobangų
1,socialinės,minutę
1,socialinės,namai
1,socialinės,namus
1,socialinės,narių
2,socialinės,paramos
1,socialinės,plaukais
13,socialinės,politikos
1,socialinės,problemos
1,socialinės,reformos
1,socialinės,regionai
2,socialinės,sanglaudos
1,socialinės,svetainė
1,socialinės,terpės
1,socialinės,valstybės
1,socialinės,veikimui
1,socialinės,verslininkų
1,socialinės,veterinarijos
1,socialinės,žaisliukus
1,socialinę,atskirtį
2,socialinę,sanglaudą
1,socialinę,struktūrą
1,socialinį,saugumą
1,sociodemografinės,charakteristikos
1,sociologinio,tyrimo
1,sociologinio,įmonės
1,sociologiniuose,prigimties
1,sociologiniuose,tyrimuose
1,solidaus,darbo
2,somatinių,skundų
1,sovietiniai,laikai
1,sovietiniais,laikais
1,sovietiniais,stresą
1,sovietinio,laikotarpio
1,sovietinio,saugumo
1,sovietinis,moksleivis
1,sovietinių,laikų
1,sovietinė,patirtis
1,sovietinė,puslapiai
1,sovietinė,sistema
1,sovietinėje,imperijoje
1,sovietinėje,likimui
1,sovietinės,avariją
1,sovietinės,bendruomenėse
1,sovietinės,istoriografijos
1,sovietinės,okupacijos
1,sovietinės,visuomenės
1,sovietinę,metu
1,sovietinę,sistemą
1,spalvinių,efektų
1,spalvotame,žurnale
1,spalvoti,vitražai
1,spalvotų,stikliukų
1,specialia,kliūtis
1,specialia,servetėle
1,specialios,normos
1,specialios,politikos
2,specialiose,išnašose
1,specialiosios,tarnybos
1,specialiu,purškikliu
1,specialiu,skyriaus
1,specialiąsias,tarnybas
1,specialiųjų,sankirtos
3,specialiųjų,tyrimų
1,specifiniai,drabužiai
1,specifiniai,interesai
1,specifiniai,terminai
1,specifinius,interesus
1,specifinį,komitetui
1,specifinį,reiškinį
1,spigius,keiksmažodžius
1,spigius,šilumos
1,spiralinėje,sistemoje
1,spiralinį,bangavimą
1,spiralinį,dulkių
1,spiralinį,filosofijos
1,spygliuota,viela
1,spyruoklinę,džiovyklę
1,stabilus,metus
1,stabilus,šaltinis
1,stambiam,gamintojui
1,stambiausiuose,tyrimuose
1,stambiom,apygardose
1,stambiom,raidėm
1,standartinius,rėmus
1,standi,siena
1,statistiniais,duomenimis
1,statistinio,lėšos
1,statistinio,reprezentatyvumo
1,statistinių,parametrų
1,statybinių,medžiagų
1,statybinės,atliekos
1,stačia,galva
1,stačiuose,šlaituose
1,stačių,skardžių
2,stiklinėm,kojom
1,stilingi,srityje
1,stilingi,šalikai
1,stilingu,motoroleriu
1,stilingu,policijos
1,stipresnį,gerovės
1,stipresnį,pajautimą
1,stipri,grupė
1,stipri,laidus
1,stipriausioje,lygoje
1,stiprios,meilės
1,stipriosioms,pusėms
1,stiprius,kompiuteriui
1,stiprius,laukas
1,stiprius,smūgius
1,stipriųjų,gėrimų
1,stipriųjų,tyrimų
1,stiprus,pobūdžio
1,stiprus,stilius
1,stiprų,lauką
1,stora,frazes
1,strategine,kryptimi
5,strateginiame,plane
1,strateginiams,biudžetą
1,strateginiams,rusų
1,strateginiams,tikslams
1,strateginio,planavimo
1,strateginio,plano
2,strateginio,tikslo
2,strateginiu,planu
1,strateginius,sprendimus
2,strateginių,krypčių
1,strateginių,tikslų
1,strateginė,kryptis
1,strateginėje,programoje
1,strateginėms,programoms
2,strateginę,kryptį
1,strateginę,sistemą
1,strateginį,požiūrį
1,strateginį,tikslą
1,struktūriniai,trūkumai
1,struktūriniai,veiksniai
5,struktūrinių,fondų
1,struktūrinių,įgūdžių
1,struktūrinę,paramą
1,studentiško,amžiaus
1,subjektyvaus,patyrimo
1,subjektyvus,intensyvumas
1,sudėtingas,formas
1,sudėtingas,procesas
1,sudėtingesnė,forma
1,sudėtingesnė,migrena
1,sudėtingesnė,sausio
1,sudėtingos,patirtį
1,sudėtingos,programos
1,sudėtingos,simbolikos
1,sudėtingus,modelius
3,sudėtinė,dalis
1,suicidinĖ,rizika
1,sumanaus,dėstytojo
2,sunkesne,forma
1,sunki,liga
1,sunki,nuomonę
1,sunkius,pažeidimus
1,sunkiųjų,metalų
1,sunku,politikų
2,sunkų,laikotarpį
1,sutartinius,įsipareigojimus
1,svarbaus,paveldo
1,svarbesni,vaikų
1,svarbesni,įvykiai
2,svarbi,dalis
1,svarbi,klausimą
1,svarbi,metų
1,svarbi,monografija
1,svarbi,nuostata
1,svarbi,sąlyga
1,svarbi,ūkio
1,svarbiais,klausimais
1,svarbias,sąvokas
1,svarbiausi,bruožai
1,svarbiausi,dovanos
1,svarbiausi,ištekliai
1,svarbiausi,prioritetai
1,svarbiausi,rodikliai
1,svarbiausia,dalis
1,svarbiausia,užduotis
1,svarbiausias,aplinką
1,svarbiausias,daiktas
2,svarbiausias,dalykas
1,svarbiausias,dėmesys
1,svarbiausias,grupes
1,svarbiausias,išteklius
1,svarbiausias,motyvas
1,svarbiausias,požiūris
1,svarbiausias,sutapimas
1,svarbiausias,įžvalgas
1,svarbiausiomis,išvadomis
1,svarbiausioms,problemoms
1,svarbiausios,grupės
1,svarbiausios,kryptys
1,svarbiausios,problemos
1,svarbiausiu,tašku
1,svarbiausius,aspektus
1,svarbiausius,autorius
1,svarbiausius,klausimus
1,svarbiausius,sprendimus
1,svarbiausius,tikslus
1,svarbiausius,užuolaidas
1,svarbiausių,charakteristikų
1,svarbiausių,garantų
1,svarbiausių,tikslų
2,svarbiausių,uždavinių
1,svarbiausių,veiksnių
1,svarbius,aspektus
2,svarbią,vietą
1,svarbių,interesui
1,svarbių,periodą
1,svarbių,praktikos
1,svarbių,priežasčių
1,svarbių,problemų
1,svarbių,savybė
1,svarbių,įžvalgų
1,svarbus,tiekėjas
1,svarbus,trūkumas
1,svarbus,vaidmuo
1,svarbus,veiksnys
1,svarbūs,lygmenys
1,svarbūs,pusė
1,svarbūs,samprotavimuose
1,svarbūs,tyrimai
1,svarbūs,žmonės
1,svarbų,privalumą
1,svarbų,straipsnį
1,svarią,autorių
1,svarią,priežastį
1,sveikam,protui
1,sveikam,pykčiui
1,sveikas,gyvūnas
1,sveikas,pyktis
1,sveikas,socialliberalų
1,sveiki,asmenys
1,sveiko,maisto
1,sveiko,proto
1,sveiką,būdą
1,sveiką,protą
1,sveiką,punktyras
2,sveiką,pyktį
1,svetimas,automobilis
1,svetimas,vyras
1,svetimo,skausmo
1,svetimos,kultūros
1,svetimose,citatose
1,svetimose,poeto
1,sąjunginių,respublikų
1,sąlyginio,augimo
1,sąlyginės,gerovės
1,sąmoningi,laisvę
1,sąmoningi,produktų
1,sąmoningi,šalininkai
1,sąmoningą,gyvenimą
1,sąmoningą,pinigų
1,sąrašinio,skaičiaus
1,sąrašinis,skaičius
1,sąrašinį,skaičių
1,sėkminga,bilietai
1,sėkminga,integracija
1,sėkminga,veikla
1,sėkmingai,konkurencijai
1,sėkmingai,veiklai
1,sėkmingi,atvejai
1,sėkmingo,rato
1,sėkmingos,ateities
1,sėkmingą,integraciją
1,taikiu,būdu
1,taiklius,atitikmenis
1,taiklus,pasirinkimas
1,taikus,grįžimas
1,taisyklingo,trikampio
1,tamsios,jėgos
1,tamsiose,platybėse
1,tamsiose,vyras
1,tamsią,prigimtį
1,tamsybiškas,klerkalizavimas
1,tamsybiškas,pavyzdžiui
1,tariamas,formavimas
1,tariamas,medžioklės
1,tariamo,gyvūnu
1,tariamo,įvaizdžio
1,tarnybinis,romanas
1,tarpasmeninis,išsibarstymas
1,tarpasmeninių,santykių
1,tarpdisciplininiame,direktyvoje
1,tarpdisciplininiame,tyrime
1,tarpdisciplininio,mokslo
1,tarpdisciplininė,teorija
1,tarpdisciplininį,pobūdį
1,tarpinstitucinio,bendradarbiavimo
1,tarpinstitucinių,programų
1,tarptautines,reikalavimų
1,tarptautines,struktūras
1,tarptautines,sutartis
1,tarptautiniai,apdovanojimai
2,tarptautiniai,donorai
2,tarptautiniam,bendradarbiavimui
1,tarptautiniame,kontekste
1,tarptautiniams,santykiams
1,tarptautinio,būdo
3,tarptautinio,fondo
1,tarptautinio,migrantiškumo
1,tarptautinio,poreikius
1,tarptautinis,kontekstas
1,tarptautinis,tyrimas
1,tarptautiniu,darbo
2,tarptautiniu,mastu
1,tarptautiniu,veiklos
1,tarptautiniuose,projektuose
2,tarptautiniuose,renginiuose
1,tarptautinius,donorus
1,tarptautinius,populiacija
1,tarptautinių,debatų
1,tarptautinių,draugei
1,tarptautinių,ekspertų
3,tarptautinių,santykių
1,tarptautinių,sutarčių
1,tarptautinių,taisyklių
1,tarptautinėje,konferencijoje
1,tarptautinėje,veikloje
1,tarptautinės,grupės
1,tarptautinės,migracijos
1,tarptautinės,programos
1,tarptautinę,erdvę
2,tarptautinį,bendradarbiavimą
1,tarptautinį,fondą
1,tarptautinį,konkurencingumą
1,tarptautinį,spaudimą
1,tarpvalstybinės,sutartys
1,tarpvalstybinę,biuro
1,tarpvalstybinę,rinką
2,tarybiniais,laikais
1,tausi,energetika
1,tausi,statyba
1,tautiniai,skirtingumai
1,tautinio,atgimimo
1,tautinius,šūkius
1,tautinių,šūkių
1,tautinė,savigarba
2,tautinėmis,kategorijomis
1,tautinėmis,mokymuisi
1,tautinės,kultūros
1,tautinės,metų
2,tautinės,sąmonės
1,tautinės,šventenybės
1,tautinį,momentą
1,technines,apžiūras
1,techninis,indoktrinaciją
1,techninis,kapitalizmui
1,techninis,neišbaigtumas
1,techninius,projektus
3,techninių,inovacijų
1,techninės,įrangos
1,tefloninė,etika
1,teigiamas,emocijas
1,teigiamo,poveikio
1,teigiamu,daiktu
1,teigiamu,faktų
1,teigiamą,personažą
1,teigiamą,pusę
1,teigiamą,tendenciją
1,teigiamų,dauguma
1,teigiamų,emocijų
1,teigiamų,pokyčių
1,teisingas,kolegą
1,teisingas,žingsnis
1,teisingą,laiką
1,teisingą,sampratą
1,teisiniai,padariniai
1,teisiniai,požiūriai
2,teisinio,reglamentavimo
3,teisinio,reguliavimo
1,teisinio,statuso
1,teisinio,švietimo
1,teisinis,dialogas
1,teisinis,pagrindas
2,teisinis,reglamentavimas
1,teisinis,rezultatais
1,teisiniu,pagrindu
1,teisiniu,požiūriu
1,teisiniu,reguliavimu
1,teisiniu,žmogaus
1,teisinių,priemonių
4,teisinė,sistema
1,teisinėje,sistemoje
7,teisinės,apsaugos
1,teisinės,bazės
1,teisinės,formos
1,teisinės,prigimties
3,teisinę,bazę
1,teisinę,formą
1,teisinį,pagrindą
1,teisinį,reguliavimą
3,teisinį,statusą
1,teisminio,persekiojimo
1,teisėtą,tvarkymą
1,teisėtą,įsisteigimą
1,teisėtų,interesų
1,tekstiniams,mechanizmams
1,tekstinius,skirtumus
1,tekstinėje,plotmėje
1,teminis,straipsnis
1,teminį,vakarėlį
1,tendencingus,tekstus
1,tenykščių,gyventojų
1,tenykščių,situacijoje
2,teoriniai,aspektai
1,teoriniai,modeliai
1,teoriniai,pagrindai
1,teoriniai,tyrimai
1,teoriniais,klausimais
1,teoriniais,narėse
1,teoriniais,pagrindais
1,teorinio,išmanymo
1,teorinio,iššūkio
1,teorinio,mokyklų
1,teorinio,požiūrio
1,teorinio,tyrimo
1,teorinius,inovacijų
1,teorinius,klausimus
1,teorinius,modelius
1,teorinius,pagrindus
1,teorinius,planus
3,teorinių,modelių
1,teorinių,nariai
1,teorinių,pagrindų
1,teorinių,pastangos
1,teorinių,prieigų
1,teorinių,prielaidų
1,teorinių,sąvokų
1,teorinių,teiginių
1,teorinių,valstybių
1,teorinė,apžvalga
2,teorinėje,apžvalgoje
1,teorinėmis,inovacijas
1,teorinėmis,prielaidomis
1,teorinėmis,žiniomis
1,teorinės,apžvalgos
1,teorinės,literatūros
1,teorinės,nuosmukio
1,teorinės,sociologai
1,teorinės,įžvalgos
1,teorinę,apžvalgą
1,teorinę,dalis
1,teorinę,literatūrą
1,teorinį,diskursą
2,teorinį,pagrindą
1,tepų,mišinį
1,teritorinių,tarnybų
1,teroristinės,organizacijos
1,tiesioginiai,mainai
1,tiesioginiame,eteryje
1,tiesioginiams,susitikimams
1,tiesioginių,tiekėjų
1,tiesioginių,vartotojų
1,tiesioginė,rinkodara
2,tiesioginės,rinkodaros
1,tiesioginį,poveikį
1,tikra,kančia
1,tikra,palaima
1,tikras,dieną
1,tikras,kulnas
1,tikras,meistras
1,tikras,vyras
1,tikrasis,iššūkis
1,tikri,gestai
1,tikri,intelektualai
1,tikri,ministerija
1,tikriausias,ateivis
1,tikriesiems,kunigui
1,tikriesiems,patriotams
1,tikrojo,elektrinės
1,tikrojo,gyvenimo
1,tikruosius,iniciatorius
1,tikrą,kainą
1,tikrąja,prasme
1,tikrąją,bruožai
1,tikrąją,prasmę
1,tikslios,charakteristikos
1,tiksliuosius,mokslus
1,tinkama,apsauga
1,tinkama,galimybė
1,tinkamai,kokybei
1,tinkamam,apsaugos
1,tinkamam,veikimui
1,tinkamas,metas
1,tinkamas,operacijas
1,tinkamas,priemones
2,tinkamas,sąlygas
1,tinkamiausias,akcijos
1,tinkamiausias,būdas
1,tinkamiausio,modelio
1,tinkamo,pasirengimo
1,tinkamoje,tyrimas
1,tinkamoje,vietoje
1,tinkamoje,žirklėmis
1,tinkamos,kvalifikacijos
1,tinkamos,medžiagos
1,tinkamu,būdu
1,tinkamą,finansavimą
1,tinkamą,narius
1,tinkamą,padėtį
1,tinkamų,patalpų
1,tinkamų,sąlygų
1,tinklinė,plėtra
1,tipinius,atvejus
1,tipinius,žanrus
1,tobulas,kūnas
1,tobulo,grožio
1,tobulą,gaires
1,tobulą,sistemą
1,tobulų,proporcijų
1,tolesniems,tyrimams
1,tolesnio,bendradarbiavimo
1,tolesnio,perspektyva
1,tolesnių,tyrimų
1,tolesnės,pastangos
1,tolesnės,pokalbio
1,tolesnį,saugojimą
1,tolimesniam,vystymuisi
1,tolimesnius,kraštus
1,tolimuosiuose,rytuose
1,tolygaus,vystymosi
1,tolygi,sklaida
1,tolygią,sklaidą
1,totalitarinių,informaciją
1,totalitarinių,nusikaltimų
1,totalūs,borto
1,totalūs,elektrinė
1,totalūs,karpymai
1,tradicine,prasme
1,tradicines,veikla
1,tradicines,vertybes
1,tradiciniai,dėmesį
1,tradiciniai,parametrai
1,tradiciniai,priešininkai
1,tradicinio,maisto
1,tradicinio,mokyklų
1,tradicinio,požiūrio
1,tradicinius,metodus
1,tradicinių,gintaras
1,tradicinių,gyvūnų
1,tradicinių,kepinių
1,tradicinių,vertybių
1,tradicinėje,aplinkoje
1,tradicinėje,dalimi
1,tradicinėmis,darbas
1,tradicinėmis,vertybėmis
1,tradicinį,teorizavimą
1,tragiškas,mokslo
1,tragiškas,piko
1,tragiškas,ryšys
1,tragiškų,bruožų
1,transnacionalinio,požiūrio
1,transnacionalinių,šeimų
1,trapus,ežero
1,trapus,ryšys
1,trauminio,patyrimo
1,trauminio,įvykio
2,trauminės,patirties
2,trauminį,įvykį
1,trečią,galvos
1,trečią,terminas
1,trečią,vietos
1,trečią,vietą
1,trinarę,konstrukciją
1,triukšminga,aplinka
1,triukšminga,pradžios
1,triukšminga,vėliavomis
1,triukšmingam,sąjūdžiui
1,triukšmingų,centrų
1,triukšmingų,srityje
1,tropinių,audrų
1,tropinių,rajonuose
1,trumpa,istorija
1,trumpas,iniciatyvos
1,trumpas,masažas
2,trumpesnį,terminą
1,trumputį,tostą
1,tuometiniai,planuotojai
1,tuometinis,meras
1,turistines,galimybes
1,turistines,grafiko
1,turistines,realizavimo
1,turtinga,bazė
1,turtingosios,valstybės
1,tuščias,apsimetinėjimas
1,tuščio,lauko
1,tuščio,sodo
1,tuščių,dalyvavimo
1,tuščių,iliuzijų
1,tvankioj,eilėj
1,tvaraus,apimtimi
1,tvaraus,vartojimo
1,tvariai,ekonomikai
1,tvariai,perskaitymas
1,tvarios,ekonomikos
1,tvarios,pramonės
1,tvirtesnės,partnerystės
1,tvirtesnės,šeimos
1,tylia,neištikimybe
1,tylia,verslumas
1,tylieji,rytmečiai
1,tylią,aimaną
1,tylią,etiketę
1,tyrasis,komizmas
1,tėviški,jausmai
1,tęstiniame,tyrime
1,tęstinio,tyrimo
1,unikalūs,žmonės
1,universalaus,metais
1,universalaus,recepto
1,universitetinių,žinių
1,uolaus,skaitytojo
2,urbanistine,plėtra
1,urbanistinei,plėtrai
1,uždara,valstybė
1,uždaros,aplinkos
1,uždarose,patalpose
1,uždarus,žargonus
1,uždarą,apimtis
1,uždarą,rytmetį
1,uždarą,tiesos
1,užpakalinio,buferio
1,vaikiška,nuoskauda
1,vaikiško,herojų
1,vaikiško,prisiminimo
1,vakarietiškoje,kultūroje
1,vakarietiškoji,skirtis
1,vakarietiškus,kraštus
1,vakarietiškus,pašalinių
1,vakarietiškus,potvynio
1,vakarietišką,valstybę
1,vakarietiškąją,tradiciją
1,vakarinę,pokyčius
1,vakarinę,suknelę
1,valstybine,teise
1,valstybinei,inspekcijai
2,valstybinei,tarnybai
1,valstybines,institucijas
1,valstybinio,draudimo
1,valstybinio,reguliavimo
1,valstybinis,reguliavimas
1,valstybinius,inspektorius
1,valstybinių,egzaminų
1,valstybinių,institutų
1,valstybinių,įstaigų
1,valstybinĖ,inspekcija
1,valstybinė,inspekcija
1,valstybinė,paveldosauga
2,valstybinė,sąmonė
1,valstybinė,viešbutyje
1,valstybinė,vizija
1,valstybinės,inspekcijos
1,valstybinės,kultūros
1,valstybinės,maisto
1,valstybinės,mentalitetą
2,valstybinės,tarnybos
1,valstybinės,valstybė
1,valstybinės,įstaigos
1,valstybinę,strategiją
1,varinis,jautis
1,vartotojiškos,visuomenės
1,vartotojišką,požiūrį
1,vartotojiškų,frustracija
1,vasariniai,drabužiai
1,vasarinių,gaurų
1,veiklus,žmogus
1,veiksminga,priemonė
1,veiksmingomis,parduotuvėse
1,veiksmingomis,priemonėmis
2,veiksmingą,modelį
1,veiksmingą,sistemą
1,veiksmingų,mechanizmų
1,veiksmingų,metodų
2,verbalinės,informacijos
1,vertas,tekstas
1,vertingas,įrankis
1,vertingas,šaltinis
1,vertingiausias,aktyvas
1,vertingų,pastangų
1,vertingų,pavyzdžių
1,vertingų,žinių
1,vertos,pozicijos
1,vertybinių,popierių
1,vidinio,brandumo
3,vidinio,suderinamumo
1,vidinių,apribojimų
1,vidinių,pokyčių
1,vidinių,veiksnių
1,vidinė,akis
1,vidinė,kultūra
1,vidinėmis,kompiuterio
1,vidinėmis,matavimo
1,vidinėmis,reformomis
1,vidinėmis,tekste
1,vidurinių,mokyklų
1,vidurinių,rinkimų
1,vidurinėms,mokykloms
2,vidurinės,mokyklos
1,vidurinės,nuotrauka
1,vidurinės,žmonėms
2,vidutinei,įmonei
1,vidutinio,dydžio
1,vidutinio,skaičiaus
1,vidutinis,biudžetas
1,vidutinis,darbuotojas
1,vidutinis,dažnis
1,vidutinis,koloną
1,vidutinis,skaičius
1,vidutinė,m
1,vidutinė,trukmė
1,vidutinė,įmonė
2,vidutinės,įmonės
1,vielinis,magnetofonas
1,vielinis,pajamų
1,vielinis,renginį
1,viena,pusė
1,viena,rašytoja
1,viena,tauta
1,vienadienė,plaštakė
1,vienapusio,judėjimo
1,vienas,gydymui
1,vienas,optimistas
1,vienas,politikas
1,vienas,skirtumas
1,vienas,užduotis
1,vienintele,ekspertize
1,vienintele,forma
1,vienintele,rankų
1,vienintelis,centre
1,vienintelis,dalykas
1,vienintelis,galvos
2,vienintelis,požiūris
1,vienintelis,trūkumas
2,vienintelis,vienuolijos
1,vieninteliu,atstovu
1,vienintelė,mintis
1,vienintelė,sritis
1,vienintelę,dimensiją
1,vienintelę,kirpyklą
1,vienintelę,publikaciją
1,vienišos,moters
1,vienišą,galvą
1,vienmandatėje,apygardoje
1,vienmandatėje,organus
1,vienmečių,aplinkoje
1,vienmečių,bičiulių
1,vietiniais,aplinkybes
1,vietiniais,globalizmo
1,vietiniais,orkestrais
1,vietinių,takų
1,vietinių,teismų
1,vietinės,organizacijos
1,vietinės,žiniasklaidos
1,viešajai,įstaigai
1,viešajame,amžiaus
2,viešajame,diskurse
1,viešajame,registre
1,viešajame,sektoriuose
2,viešieji,asmenys
1,viešieji,laiko
1,viešieji,pirkimai
2,viešieji,ryšiai
1,viešoji,nuomonė
1,viešoji,politika
2,viešoji,įstaiga
4,viešojo,administravimo
1,viešojo,diskurso
1,viešojo,pora
6,viešojo,sektoriaus
2,viešojo,sektorių
1,viešojo,užmojo
1,viešojo,valyklą
1,viešojo,įvykių
5,viešojoje,erdvėje
1,viešojoje,įstaigoje
1,viešos,konsultacijos
1,viešose,vietose
1,viešosios,bibliotekos
1,viešosios,erdvės
4,viešosios,nuomonės
2,viešosios,paslaugos
1,viešosios,pinigų
6,viešosios,politikos
1,viešosios,įrankiais
1,viešosios,įstaigos
1,viešuosiuose,debatuose
1,viešąją,erdvę
1,viešąjį,atmetimą
1,viešąjį,diskursą
1,viešąsias,biure
4,viešąsias,paslaugas
1,viešųjų,institucijų
1,viešųjų,išlaidų
1,viešųjų,kodas
1,viešųjų,odos
5,viešųjų,paslaugų
1,viešųjų,pirkimų
5,viešųjų,ryšių
1,viltingą,pusiausvyrą
1,viršutiniame,atsiradimo
1,viršutiniame,segmente
1,visapusiškai,asmenybei
1,visapusiškas,tyrimas
1,visapusiško,atsakymo
1,visapusišką,migravimą
1,visavertį,gyvenimą
1,visaverčius,takus
2,visaverčių,takų
1,visiškas,naudojimas
1,visiško,atsivėrimo
1,visišką,fiasko
1,visišką,nesėkmę
1,visokie,perėjūnai
1,visuomeniniŲ,santykiŲ
3,visuomeninių,organizacijų
1,visuomeninių,patarėjų
1,visuomeninių,reiškinių
1,visuomeninių,santykių
1,visuomeninė,institucija
1,visuotinės,rinkos
1,visuotinį,pasipiktinimą
1,visutėlaičiai,ateities
1,vizualiosios,kultūros
1,vizualus,panašumas
1,vokalinių,kolektyvų
1,voveriškas,sukimasis
1,vyresniame,amžiuje
1,vyresniame,valstybių
1,vyresnio,amžiaus
1,vyresnę,mergaitę
1,vyriausioji,komisija
1,vyriausioji,maisto
1,vyriausiosios,būstinės
1,vyriausybinius,sluoksnius
1,vyriški,gestai
1,vyrišku,prakaitu
1,vyriškų,bruožų
1,vyriškų,problemų
1,vėlesniam,laikotarpiui
1,vėlyvas,vakaras
2,vėlyvojo,sovietmečio
1,vėlyvą,vakarą
2,xix,amžiaus
1,xix,finansavimas
1,xix,kino
1,xx,amžiaus
1,ypatingas,dėmesys
1,ypatingas,ūkininkavimo
1,ypatingo,bruožas
1,ypatingo,žmonėms
1,ypatingos,paskirties
1,ypatingos,vietos
1,ypatingu,islamo
1,ypatingu,sukrėtimu
1,ypatingą,centruose
2,ypatingą,dėmesį
1,ypatingą,pagrindą
1,ypatingą,situaciją
1,ypatingą,vartojimas
2,ypatingą,vietą
1,ypatingą,įtampą
1,Įdomūs,skirtumai
1,Įprasta,situacija
1,Įvairiose,laidose
1,įdomiausia,dalis
1,įdomių,pastebėjimų
2,įdomūs,skirtumai
1,įkyrias,serialo
1,įkyrias,sieleles
1,įkyriausia,dalis
1,įkyrus,lietuvinimas
1,įkyrų,domėjimąsi
1,įperkamų,ankštinių
1,įprastas,dalykas
1,įprastas,pamokas
1,įprastas,produktus
1,įprasti,magnetofonai
1,įprastiniais,atgavimo
1,įprastiniais,bangos
1,įprastiniais,sūnus
1,įprastiniais,vaistais
1,įprastinių,atributų
1,įprastinių,parametrų
1,įprastinių,pojūčių
1,įprasto,gyvenimo
1,įprasto,pelningumo
1,įprastos,pastabos
1,įprastos,sąjungos
1,įprastus,veiksnius
1,įprastų,kavinių
1,įsakmus,balsas
1,įsakmus,nurodymas
1,įsakmus,taupymo
1,įspūdingu,sąrašu
1,įspūdingų,idėją
1,įspūdingų,kraštovaizdžių
1,įtartino,agentūrą
1,įvairaus,amžiaus
1,įvairesnių,formų
1,įvairesnių,visuomenės
1,įvairesnės,draugija
2,įvairiais,būdais
1,įvairiais,darbais
1,įvairiais,klausimais
1,įvairiais,padėjėjo
1,įvairiais,pavadinimais
1,įvairiais,požiūriais
1,įvairias,fobijas
1,įvairias,kompozicijas
1,įvairias,kompresai
1,įvairias,priemones
1,įvairiausius,bakus
1,įvairiausių,formų
1,įvairiausių,spalvų
1,įvairiomis,nuostatomis
1,įvairiomis,priemonėmis
1,įvairioms,priemonėms
1,įvairios,agentūros
1,įvairios,dešros
2,įvairios,firmos
1,įvairios,klasifikacijos
1,įvairios,kliūtys
2,įvairios,kruopos
1,įvairios,kryptys
1,įvairios,laukinių
1,įvairios,paskirtį
1,įvairios,įmonės
1,įvairiose,arbatos
1,įvairiose,rungtyse
2,įvairiose,srityse
1,įvairiuose,kelią
2,įvairiuose,lygmenyse
1,įvairiuose,projektuose
1,įvairius,būkle
1,įvairius,daiktus
1,įvairius,duomenis
1,įvairius,metodus
1,įvairius,narių
2,įvairius,sektorius
1,įvairius,užsakymus
1,įvairius,žodžius
1,įvairių,agentūrų
1,įvairių,dokumentų
1,įvairių,dolerių
1,įvairių,grupių
1,įvairių,gudrybių
1,įvairių,institucijų
1,įvairių,kompozitorių
1,įvairių,konkursų
1,įvairių,ligų
1,įvairių,pasiūlymų
1,įvairių,politiką
1,įvairių,priemonių
1,įvairių,sentimentų
2,įvairių,sričių
1,įvairių,subjektų
1,įvairių,teksto
1,įvairių,tęsinių
1,įvairių,žinybų
1,įvairūs,aspektai
1,įvairūs,kompleksai
1,įvairūs,patiekalai
1,įvairūs,požiūriai
1,įvairūs,tortai
1,įvairų,pagrindą
1,įžūlių,mokesčius
1,įžūlių,įsibrovėlių
1,Šiuolaikiniai,daiktai
1,Šiuolaikiniai,filosofai
1,Šiuolaikinio,žmogaus
1,Šiuolaikinės,emigracijos
1,Švento,rašto
1,Šventojo,rašto
1,Šventojo,tautos
1,Šventojo,tėvo
1,Švininis,užpakalis
1,šališki,veiksniai
1,šaltas,gelmes
1,šaltu,raibuliavimu
1,šalutinis,veiksnys
1,šalutinių,poveikių
1,šeiminiams,inovacijas
1,šeiminiams,santykiams
7,šeiminio,gyvenimo
1,šeiminio,šokių
1,šeiminio,žinių
1,šeiminis,pasaulis
1,šeiminę,struktūrą
1,šeriuoti,vyrai
1,šiaip,žmogui
1,šiandieniame,gyvenime
1,šiandieninėje,visuomenėje
1,šiltas,darbo
1,šiltas,šeštadienis
1,šilti,plaukai
1,šiltą,glėbį
1,šiltų,jūrų
1,šiltų,medžiagos
1,šiltų,paspaudimų
1,šimtamečių,kartais
1,šimtamečių,tradicijų
2,šiuolaikinio,gyvenimo
1,šiuolaikinio,požiūrio
2,šiuolaikinio,žinojimo
1,šiuolaikinių,sociologų
1,šiuolaikinėje,visuomenėje
2,šiuolaikinės,migracijos
1,šiuolaikinės,prospekte
2,šiuolaikinės,visuomenės
1,šiuolaikinę,migraciją
1,šiuolaikinę,teoriją
1,šiuolaikinę,šeimą
1,šiuolaikės,dailėtyros
1,šiurpios,avarijos
1,šlubas,veteranas
1,šlykštūs,plaukai
1,šokoladiniai,vafliai
1,šokoladinis,kremas
1,šokoladinė,parlamentaro
1,šokoladinė,plytelė
1,švarios,darbas
1,švarios,laikraščio
1,švelniu,pastatą
1,švelniu,ture
1,švelniu,šydu
1,šventa,apeiga
1,šventas,bendrovė
1,šventas,dalykas
1,šventas,įmonės
1,šventinio,stalo
1,šventinio,vakarėlio
1,šventinio,valstybės
1,šventinių,patiekalų
1,šventinių,pusiaunakčio
1,šventinė,karštinė
1,šventinės,temos
1,šventinę,nuotaiką
1,šventinį,biudžetą
1,šventinį,vakarą
1,šventvagišką,palengvėjimą
1,šventą,pajūrį
1,šviesų,audeklą
1,šviežią,laikraštį
1,šviežių,lašinukų
1,švininis,biustas
1,šykščių,tyrimų
1,ūkine,veikla
1,ūkinių,operacijų
1,ūkinių,prekių
1,ūkinės,knygos
1,ūkinės,laikraščiu
1,ūkinės,veiklos
1,ūkinę,veiklą
1,Žalia,tendencija
1,Žalia,žmonių
1,Žiauri,moteris
1,Žiauri,realybė
1,žaisminga,metafora
1,žaisminga,partizanų
1,žalingas,įprotis
1,žalios,darbus
1,žalios,spalvos
1,žaliosios,arbatos
1,žaliosios,srityse
1,žalią,trirublę
1,žalią,įrodymų
1,žaliųjų,žirnelių
1,žemas,amtelėjimas
1,žemas,lygis
1,žemesnėmis,būtybėmis
1,žemesnėmis,moters
1,žemesnės,kvalifikacijos
1,žemieji,sluoksniai
1,žiaurų,pokštą
1,žinomuose,būstuose
1,žmogiškajam,kapitalui
1,žmogiškasis,faktorius
1,žmogiškieji,pultu
1,žmogiškieji,veiksniai
1,žmogiškojo,bičiulių
4,žmogiškojo,kapitalo
1,žmogiškąjį,atstovų
2,žmogiškąjį,kapitalą
1,žmogiškųjų,išteklių
1,žvarbaus,požymių
1,žvarbaus,vėjo
1,žymesni,darbai
1,žymus,valstybininkas
