count,awf,nwf
1,10.,kezäkuudu
1,23.,sulakuudu
1,30.,pyörän
1,30.,päivässäh
1,30.,sulakuudu
1,arbuamatoi,muailmu
1,enzimäine,matku
1,eri,dieloloi
1,eri,puolis
1,eri,tabah
1,erilazii,metaaforoi
1,erähien,syylöin
1,erähil,kanzoil
2,hyväs,mieles
1,jogapäiväzeh,elaigah
1,jogapäiväzis,veššilöis
1,jälgimäine,pido
1,kaikkien,arbaituksien
1,karjalankielisty,kirjalližuttu
1,karjalazet,arbaitukset
1,karjalazis,arbaituksis
2,kielitiijollizii,tutkimuksii
1,kogo,muailmas
1,kolmandennu,päivänny
1,kolmas,päivy
1,koskijoi,tutkimuksii
1,mennyh,aigu
1,mifolougistu,personuažua
1,moizes,mieles
1,muinazennu,lajinnu
3,mustal,kraaskal
1,myöhembäite,arbaituksii
1,nuordu,tutkijua
1,omah,kodikyläh
1,omas,kodikyläs
1,omassah,97-vuozipäiviä
1,omis,projektois
1,omis,ruadonerolois
1,pahakse,mielekse
1,parahannu,aijannu
1,parembi,sualis
1,perindöllizet,arbaitukset
1,piälimäzii,pidoloi
1,semmostu,arbaitustu
1,semmostu,personuažua
1,semmozii,piirdehii
1,sigäläzes,kul’tuurutalois
1,suomalasugrilazen,nuorižon
1,suurdu,vuittii
1,suureh,konsertah
1,suuri,mua
1,suuri,vuitti
1,tavallizele,ristikanzale
1,toine,matku
1,toine,mašinan
1,toine,päivy
1,toizis,kul’tuurois
1,tverinkarjalazien,kielen
1,tverinkarjalazien,ystävien
1,tämänmoine,matku
1,tämänmoine,mašinan
1,tämänpäiväzile,lapsile
1,tärgienny,ruavonnu
1,uvvel,saaraa
1,uvvet,arbaitukset
1,vahnas,arbaitukses
1,vahnoin,arbaituksien
1,vepsäläzet,naizet
1,viluhkos,kul’tuurutalois
1,välialovehine,kannatuskeskus
