count,awf,nwf
2,abeljan,grupp
3,abjad,anġlu
1,abjad,fenek
1,abjad,sidirha
1,addizzjonali,forza
1,addizzjonali,għejun
1,adoloxxenti,tfajliet
1,adoloxxenti,xejra
1,adulti,persuni
1,affaxxinanti,tixbihat
1,affettiva,attrazzjoni
1,akbar,importanza
1,akbar,influss
1,akbar,numru
1,akbar,patri
1,akbar,responsabbiltà
1,akbar,rwol
1,akbar,sostenitur
1,akbar,vantaġġ
1,akbar,ħabiba
1,akbar,żieda
1,aktar,demokrazija
1,aktar,dipartimenti
1,aktar,domandi
1,aktar,kamp
1,aktar,malti
1,aktar,mezz
1,aktar,motiv
1,aktar,mumenti
1,aktar,negozju
1,aktar,nies
1,aktar,pac
1,aktar,pn
1,aktar,simpatija
2,aktar,storja
1,aktar,support
1,aktar,taħwid
1,aktar,tnaqqis
2,aktar,ħaġa
2,alpha,spectrometer
1,alternattiv,post
1,alternattiv,servizz
1,alternattivi,teoriji
1,ambivalenti,attitudni
1,ambjentali,impatt
1,ambjentali,istudju
1,amerikan,dollaru
1,amerikani,ajruplani
1,amministrattiv,aspett
1,amministrattiv,iter
1,amministrattivi,ispejjeż
1,analoġiku,mod
2,annwali,pjanti
1,annwali,rapport
1,antik,ritratt
1,antiki,affarijiet
1,antiki,diriġenti
1,antiki,gvern
1,antiki,rappreżentanti
1,antiki,ritratti
1,antiki,tipi
1,antiki,ħbieb
1,anzjana,ommha
1,apposta,insettiċida
1,apposta,kamra
1,apposta,kompost
1,apposta,serra
1,apposta,ġurija
1,aqwa,afrodisijaku
1,aqwa,programm
1,aqwa,targets
1,aromatiċi,ħxejjex
1,assoċjattiva,operazzjoni
2,astratta,alġebra
1,astratta,definizzjoni
1,astratta,tbatija
1,astronomika,komunità
1,attwali,esperjenza
1,attwali,reġim
2,aġent,kap
2,aġent,ministru
1,aġent,president
1,aġent,servizzi
1,aħdar,bergħud
1,aħdar,lewn
1,aħjar,kondizzjoni
1,aħjar,mod
1,aħjar,nkwiet
1,aħjar,operat
1,aħjar,post
1,aħjar,proposta
1,aħjar,suq
1,aħjar,target
1,aħjar,temperatura
1,aħjar,traba
1,aħjar,uffiċċju
1,aħmar,bżar
1,aħmar,fenek
1,aħmar,frott
1,aħmar,likwidu
1,aħrax,blat
1,aħħar,bniedem
1,aħħar,darba
1,aħħar,diskussjonijiet
1,aħħar,djalett
1,aħħar,edizzjoni
5,aħħar,elezzjoni
1,aħħar,elezzjonijiet
1,aħħar,inkonsiderazzjoni
1,aħħar,jiem
1,aħħar,kalkoli
1,aħħar,karnival
1,aħħar,kliem
1,aħħar,konferenza
1,aħħar,koppji
1,aħħar,korrispondenza
1,aħħar,laqgħa
2,aħħar,lejl
1,aħħar,onor
1,aħħar,partit
1,aħħar,partitarji
1,aħħar,persuni
1,aħħar,poplu
1,aħħar,post
1,aħħar,pubbliku
1,aħħar,semmiegħa
1,aħħar,sena
1,aħħar,serata
2,aħħar,sigħat
5,aħħar,snin
3,aħħar,ċans
1,aħħar,ċifri
2,aħħar,ġimgħat
2,aħħari,għan
1,aħħari,kobor
1,bajda,bandiera
1,bajda,dubbiena
1,bajda,fama
1,bajdanin,mustaċċi
1,bank,managers
1,bankarja,inġustizzja
1,bankarji,bini
1,bankarji,indikazzjoni
2,bankarji,kontijiet
1,bankarji,numru
1,bankarji,servizzi
1,bankarji,transazzjonijet
1,bankarji,ġimgħat
1,bankarju,kont
1,barjonika,densità
3,barjonika,materja
3,barranija,ġurija
2,barranin,affarijiet
1,barranin,pajjiżi
2,bati,dawl
1,bati,nar
3,battal,post
1,battala,klassi
1,baudelairejan,sens
1,baxx,dawl
1,baxx,vultaġġ
1,bay,gvern
2,bay,radio
1,bay,siġġu
1,bażika,infrastruttura
1,bażika,liġi
1,bażiku,tip
1,bażiċi,bżonnijiet
1,bażiċi,ġar
1,belti,djalett
1,bibbliċi,reżonanzi
1,bidimensjonali,vetturi
2,big,bang
1,bijoloġiku,intrapriża
1,bijoloġiku,proċess
2,bikrija,elezzjoni
1,bikrija,idea
1,bikrin,sigħat
8,binarja,operazzjoni
5,binarji,operazzjonijiet
1,bisesswali,oħrajn
1,biżarri,dettalji
1,blood,bini
1,blood,clot
1,blu,referenza
2,blu,Ġakketta
1,bojod,fjuri
1,breakfast,show
1,brechtjan,sens
1,broadcasting,services
1,bye,election
1,camera,persons
1,chief,officer
2,chilli,pepper
1,christmas,greetings
4,concept,paper
9,core,group
1,core,proċedura
1,cosmic,survey
1,debboli,imħuħ
1,debboli,tip
1,definittiva,xhieda
1,dejjaq,ħajt
1,delikata,biċċa
1,demokratiku,ċans
4,deputat,mexxej
1,deputy,leader
1,dettaljat,ommu
1,dettaljat,skrutinju
1,dettaljati,mapep
1,devjanti,xogħol
1,deċenti,insurance
1,deċenti,ħajja
1,dgħajfa,interazzjoni
1,dgħajjef,mod
1,dickensjani,proporzjonijiet
1,dielettrika,pjanċa
1,differenti,ambjent
1,differenti,barxa
1,differenti,dimensjoni
1,differenti,dinja
1,differenti,flavours
1,differenti,forom
1,differenti,gruppi
1,differenti,industriji
1,differenti,kompjuters
2,differenti,materja
1,differenti,mistoqsija
1,differenti,nisġa
2,differenti,numri
1,differenti,ortografija
1,differenti,postijiet
1,differenti,strutturi
1,differenti,valuri
1,differenti,ġilda
1,differenti,ħinijiet
1,diffiċli,sitwazzjoni
2,diffiċli,ħaġa
1,diffiċli,żmien
1,dijeġetika,dinja
1,dinamika,massa
1,dinjija,gwerra
1,diretta,referenza
1,diretta,responsabbiltà
3,diretta,xemx
1,diretta,xhieda
1,diretta,Ġakketta
1,disc,jockey
1,disc,jockeys
1,distributtiva,liġi
1,disturbanti,dettal
1,diversi,ajruporti
1,diversi,aspetti
2,diversi,drabi
1,diversi,fenomeni
1,diversi,indikazzjonijiet
1,diversi,intervisti
1,diversi,livelli
1,diversi,nies
2,diversi,persuni
1,diversi,riċerkaturi
1,diversi,twettiq
1,diversi,vidjows
1,diversi,xhur
1,diżappuntanti,riżultat
1,diżappuntanti,taljan
1,diżastruż,kunsill
1,diżastruż,riżultat
1,djalettali,aspetti
1,djalettali,bidliet
1,djalettali,differenza
1,domestika,vjolenza
1,dominanti,lingwi
1,dominanti,raġunar
1,doppja,insularità
1,doppju,sens
1,double,proġett
1,double,vision
1,drastiku,mod
1,edipku,kumpless
1,ekonomika,kriżi
1,ekonomika,sitwazzjoni
1,ekonomiku,gruppi
1,ekonomiku,irkupru
1,ekonomiku,istaġnar
1,ekonomiku,iżvilupp
1,ekonomiku,kamp
1,ekonomiku,karriera
1,ekonomiku,mezz
1,ekonomiku,migraine
1,ekonomiku,staġnar
3,ekonomiċi,servizzi
1,eks-,Ċermen
1,eks,dinja
1,eks,sindku
1,eks,ċermen
1,elementari,alġebra
1,elettorali,ammont
1,elettorali,darba
1,elettorali,employed
4,elettorali,kampanja
1,elettorali,kliem
1,elettorali,organizzazzjoni
1,elettorali,preżentatur
1,elettorali,suq
2,elettorali,telfa
9,elettorali,uffiċċju
3,elettorali,wegħda
1,elettorali,ħidma
2,elettriku,kamp
2,elettriċi,ċarġijiet
2,elettromanjetika,radjazzjoni
1,elettromanjetiku,ispettru
1,elettroniku,djalogu
1,emozzjonali,problemi
1,emozzjonali,rabta
1,enjoyable,nies
1,enormi,kwantitajiet
1,eqreb,ħbieb
1,erotika,doża
1,erotiku,kontenut
1,erotiċi,implikazzjonijiet
1,erotiċi,ġibdiet
1,eroġeni,żoni
1,espliċita,espressjoni
1,estemi,manifestazzjonijiet
1,estensiva,esperjenza
1,estern,regolatur
1,esterni,żoni
1,eterna,rota
1,eterosesswali,persuni
1,etika,kondotta
1,etniċi,snajja
1,evolution,survey
1,ewlenija,raġuni
1,ewlenin,bliet
1,ewlieni,bżonn
1,ewlieni,għan
1,ewlieni,iskop
1,ewlieni,kriterju
1,ewlieni,mutur
1,ewlieni,organizzatur
1,ewropea,awditur
1,ewropea,darbtejn
1,ewropea,fatt
1,ewropea,kummissjoni
1,ewropea,tunellata
8,ewropea,unjoni
1,ewropew,grupp
2,ewropew,partit
1,ewropew,pubbliku
1,ewropew,suq
1,ex,kandidat
1,ex,mexxej
1,eċċellenti,riżultati
1,eżekuttiv,kap
1,eżekuttiv,segretarju
4,eżekuttiva,deċiżjoni
1,falliku,simbolu
1,falliċi,simboli
1,familjari,qasam
1,family,welfare
1,famuż,recorder
1,fantasmorġiku,mument
1,fantastiċi,elementi
2,feasibility,study
1,ferriħija,tfajla
1,fertili,immaġinazzjoni
1,fiddien,dawl
1,fina,purtiera
1,finali,deċiżjoni
2,finali,dokument
1,finali,serata
1,finali,voti
1,finalisti,kanżunetti
1,finanzjarji,proċeduri
1,finazjarji,problemi
3,finiti,gruppi
1,fissi,ideat
1,fissi,regoli
1,fittizzja,letteratura
1,fiżika,għejja
1,fiżika,pajjiż
1,fiżika,preżenza
1,fiżika,umiljazzjoni
1,fiżiku,effett
1,fjamanta,karozza
1,fonda,raqda
1,fondamentali,mod
1,formali,dokument
1,formali,konferenza
1,formali,mod
1,formali,pożizzjoni
1,formali,virtwożiżmu
1,frammentarja,personalità
1,freudjana,novella
1,freudjani,termini
1,fundamentali,raġunijiet
1,galattika,raġġiera
1,galattiku,ċentru
1,galattiċi,mases
1,galattiċi,orbiti
1,gay,kondizzjoni
1,gay,koppji
1,gay,korrispondenza
1,gay,nies
1,gay,oħrajn
7,gay,persuni
1,gay,ħabib
1,gay,żagħżugħ
1,general,union
2,generali,kuntest
1,globali,irkupru
2,good,governance
1,good,practice
1,gratuwiti,referenzi
1,gravitazzjonali,anomaliji
1,gravitazzjonali,effett
3,gravitazzjonali,effetti
3,gravitazzjonali,forza
1,gravitazzjonali,għejun
2,gravitazzjonali,kamp
1,gravitazzjonali,lenti
2,gravitazzjonali,lentijiet
1,gravitazzjonali,massa
1,gravitazzjonali,polarizzazzjoni
1,gravitazzjonali,ċarġijiet
2,gravitazzjonali,ġibda
1,griega,kelma
1,gustuż,ġuvni
1,għajjiena,folklor
1,għajjiena,għajnejh
1,għajjiena,għajnejha
1,għamja,xita
1,għarbija,dinja
1,għarbija,tabiba
1,għariba,atmosfera
1,għarwien,raġel
1,għaslija,xofftejn
1,għawdxija,ekonomija
1,għawdxin,imprendituri
1,għawdxin,żgħażagħ
1,għaġġieli,għemil
1,għerja,saqajja
1,għolja,enerġija
1,għolja,istituzzjoni
1,għolja,veloċitajiet
1,għoljin,marki
1,għoljin,ħaġa
1,ideali,mudell
1,idjomatiku,sens
1,iebsa,deċiżjoni
1,iebsa,idea
1,iebsa,sura
1,iebsa,ħaġa
1,ieħor,bieb
1,ieħor,bogħod
1,ieħor,bqija
1,ieħor,djalett
1,ieħor,element
1,ieħor,eżerċizzju
1,ieħor,ftuħ
1,ieħor,gżejjer
1,ieħor,importanza
1,ieħor,individwu
1,ieħor,jiem
2,ieħor,kliem
1,ieħor,kummissarju
1,ieħor,leader
1,ieħor,lokal
2,ieħor,membru
1,ieħor,mlp
2,ieħor,mod
1,ieħor,naħat
1,ieħor,nuqqas
1,ieħor,operator
1,ieħor,pajjiż
1,ieħor,partit
1,ieħor,pjan
1,ieħor,post
1,ieħor,prezz
1,ieħor,rapport
1,ieħor,sett
1,ieħor,stokk
1,ieħor,studju
1,ieħor,twemmin
1,ieħor,xhud
8,ieħor,xogħol
1,ieħor,ċans
1,ieħor,ġranet
1,ikbar,assoċjazzjoni
1,ikbar,interessi
1,ikbar,orbiti
1,ikbar,parti
1,ikbar,xokk
1,iktar,azzjoni
1,iktar,gideb
1,iktar,imħuħ
1,iktar,interessi
1,iktar,mibegħda
1,iktar,oversight
1,iktar,pagamenti
1,iktar,passi
1,iktar,tajn
1,iktar,testijiet
1,iktar,tip
1,iktar,xogħol
1,iktar,ħaġa
1,iktar,żviluppi
2,illegali,rimi
1,illegali,sena
1,illużorji,distanzi
1,imbarazzanti,sitwazzjoni
1,immedjat,intervent
1,importanti,bidliet
1,importanti,deċiżjonijiet
1,importanti,evidenza
1,importanti,industrija
1,importanti,kwistjoni
1,importanti,riżultati
1,importanti,seminars
1,importanti,strutturi
1,importanti,ġrajja
1,importantissimu,assi
1,impossibbli,ħaġa
1,impressjonistiċi,daqqiet
1,independent,oversight
1,indipendenti,stima
2,individual,programme
1,individwali,kantanti
1,individwali,veloċitajiet
1,infantili,libido
1,infernali,xenarju
2,ingliż,gvern
2,ingliż,ministru
1,ingliż,pm
1,ingliż,protettorat
1,ingliż,saga
1,ingliż,sigħat
1,ingliż,standard
1,ingliża,gazzetta
1,ingliżi,familji
1,inkejjuż,dawl
1,inkejjuża,tbissima
1,innoċenti,dinja
1,innoċenti,nies
1,inqas,sħana
1,insurance,policies
1,insurance,testijiet
1,integrali,parti
1,intensiv,kompożituri
1,intensiv,mod
1,intensivi,inċertezza
1,intensivi,tħejjijiet
7,interi,numri
1,interna,diskussjoni
1,interna,strateġija
1,internazjonali,palk
1,internazzjonali,aġenzija
1,internazzjonali,istazzjon
1,internazzjonali,lymphoma
2,internazzjonali,palk
1,internazzjonali,prezz
1,internazzjonali,segretarju
1,internazzjonali,suq
1,interstellari,trab
1,interu,numru
1,intimi,mumenti
1,intimi,ħbieb
1,intiż,bniedem
2,intransittiva,narrattiva
2,invers,element
1,inversi,elementi
2,investor,programme
1,inviżibbli,massa
2,inġust,bullying
1,ipokriti,nies
1,ipotetiku,komponent
1,ipotetiku,mod
2,ipotetiċi,partiċelli
1,ironiku,temperament
1,irreżistibbli,xofftejn
1,isfar,lewn
1,ispaceborne,spectrometer
1,istanding,orders
2,isteering,committee
1,istess,atmosfera
1,istess,awgurju
2,istess,aġenda
1,istess,bieb
1,istess,bini
1,istess,demm
1,istess,distrett
1,istess,e-mail
1,istess,età
2,istess,fehma
1,istess,gazzetta
1,istess,gvern
1,istess,gwu
1,istess,kantaliena
2,istess,kuntratt
1,istess,lejl
1,istess,ministeru
1,istess,ministru
3,istess,mod
1,istess,nies
1,istess,nifs
2,istess,novella
1,istess,organizzazzjoni
1,istess,persuni
1,istess,poplu
1,istess,pożizzjoni
1,istess,saqaf
1,istess,serata
2,istess,sess
1,istess,sodda
1,istess,solennità
1,istess,storja
1,istess,temperatura
1,istess,tipi
1,istess,trawma
2,istess,waqt
1,istess,xenarju
1,istess,Ċiprijotti
1,istess,ġeneru
3,istess,ħin
1,istess,ħutu
1,istess,żmien
1,iswed,xagħarha
1,iswed,ħatar
1,itwal,novella
1,iċken,veloċitajiet
1,iċken,ħutha
1,iżjed,djalett
1,iżjed,wisgħa
1,jonji,gżejjer
1,jonji,lokal
1,junior,doctor
1,kanella,nani
1,kannella,xagħru
1,kapaċi,massa
1,kapriċċużi,pinzellati
1,kardinali,regola
1,karnali,istinti
1,kattolika,idea
1,kattoliku,ambjent
2,każwali,elezzjoni
1,kbar,accountant
1,kbar,azzjoni
1,kbar,blatiet
1,kbar,interessi
1,kbar,kumpaniji
1,kbar,kwantitajiet
1,kbar,mijiet
1,kbar,proġetti
1,kbar,ġennata
1,kbar,ħbieb
1,kbir,aghħa
1,kbir,ammont
1,kbir,basket
1,kbir,familja
3,kbir,għadd
1,kbir,għaġeb
1,kbir,kuraġg
2,kbir,liżar
1,kbir,mlp
1,kbir,moħħ
1,kbir,pass
1,kbir,piż
1,kbir,sabar
1,kbir,sforz
1,kbir,talent
1,kbir,xokk
1,kbir,ħabib
1,kbira,agħa
1,kbira,belt
1,kbira,bidla
1,kbira,biċċa
2,kbira,dar
1,kbira,daħka
1,kbira,determinazzjoni
1,kbira,esperjenza
1,kbira,għajnuna
1,kbira,importanza
1,kbira,influwenza
1,kbira,injoranza
1,kbira,kalma
1,kbira,kultura
1,kbira,kumitat
3,kbira,massa
1,kbira,mistoqsija
1,kbira,parir
3,kbira,parti
1,kbira,serjetà
1,kbira,telfa
1,kbira,ħeġġa
1,kiesaħ,riħ
1,kiesħa,blata
1,kisħa,materja
1,klandestina,kriżi
1,klassika,narrattiva
1,klassiku,każ
1,kompatti,oġġetti
2,kompetenti,awtoritajiet
1,kompetenti,nies
1,kompetittiv,programm
1,kompetittiv,suq
1,komplessa,azzjoni
2,komplessi,numri
1,komplet,kwadru
1,komuni,pronunzja
1,komuni,ġid
1,komuni,ħaġa
1,konservattiv,grupp
1,kontinentali,malti
1,konvenzjonali,qarrej
1,koroh,memorji
1,kożmika,abbondanza
1,kożmiku,vjaġġ
1,kożmiċi,raġġi
1,kożmoloġiku,mudell
1,kożmoloġiku,xenarju
1,kreattiv,kittieb
1,kritika,qagħda
1,kritiku,punt
1,kruċjali,frażi
1,kruċjali,ħaġa
1,kummerċjali,banek
1,kummerċjali,bażi
1,kummerċjali,impenn
1,kummerċjali,interessi
1,kummerċjali,kirjiet
1,kummerċjali,natura
1,kummerċjali,oqsma
1,kummerċjali,radju
1,kummerċjali,ċentri
1,kummerċjali,ċentru
1,kumpless,ritwal
1,kumplimentari,kabinett
1,kumplimentari,servizzi
1,kuntrarju,diskors
1,kwadru,kuntratt
1,kwadru,tapit
1,kwalunkwe,kalkolu
1,kwalunkwe,maltempata
1,kwiet,ambjent
1,kwieta,dehra
4,laburista,deputat
1,laburista,diskors
1,laburista,employed
1,laburista,kandidat
1,laburista,laqgħa
1,laburista,maġistrat
1,laburista,media
7,laburista,mexxej
16,laburista,partit
1,laburista,segretarju
1,laburista,suq
1,laburista,tendenza
1,laburista,tmexxija
4,laburista,uffiċċju
2,laburista,Ċentru
1,laburisti,delegati
1,laburisti,istrutturi
1,laburisti,kandidati
2,laburisti,partitarji
1,laburisti,snin
1,laburisti,uffiċjali
1,legali,dritt
2,leminija,siequ
1,lesbika,relazzjoni
1,lest,bniedem
1,lest,ċentru
1,lesti,subgħajh
1,leġiżlattiv,lat
1,leġġendarji,swaba'
1,leżbjani,persuni
1,libidinuż,mod
2,life,insurance
1,life,ħajja
1,lineari,mod
1,lirika,opra
1,logistical,support
1,logistical,tnaqqis
2,lokali,banek
1,lokali,gvern
1,lokali,isptar
2,lokali,kompetizzjonijiet
2,lokali,kunsill
9,lokali,kunsilli
1,lokali,suq
1,lokali,taħlita
1,lokali,ġudizzju
1,lokali,ħlasijiet
1,loġiku,mod
1,luminuża,parti
1,lussurjużi,swaba'
2,magnetic,spectrometer
1,makabru,umoriżmu
1,malafamanti,akkuża
1,malti,diskussjonijiet
5,malti,gvern
1,malti,interess
1,malti,konferenza
1,malti,marti
3,malti,nisel
1,malti,parlament
1,malti,patri
3,malti,poplu
4,malti,pubbliku
1,malti,qawl
1,malti,radju
1,malti,relazzjonijiet
1,malti,salott
1,malti,talent
1,malti,tħejjijiet
1,malti,vantaġġ
1,malti,xogħol
1,maltija,ambjent
1,maltija,awtorità
1,maltija,emigrazzjoni
1,maltija,iip
1,maltija,kanzunetta
1,maltija,kelma
2,maltija,komunità
1,maltija,kumitat
1,maltija,lingwa
1,maltija,mitkellem
1,maltija,oriġini
1,maltija,preżenza
1,maltija,soċjetà
1,maltija,tastiera
1,maltija,vultaġġ
1,maltija,widna
1,maltija,xena
1,maltija,xitwa
1,maltin,deputati
1,maltin,djalett
1,maltin,djaletti
1,maltin,gżejjer
1,maltin,komunitajiet
1,maltin,kultura
1,maltin,liri
1,maltin,politiċi
1,maltin,prinċipji
1,maltin,saħha
1,maltin,sorijiet
1,maltin,tipi
1,maltin,xjuħ
1,maltin,ċittadini
1,maltin,ħaddiema
1,marittimu,ambjent
1,massiv,influss
1,massiv,żieda
1,matematiku,mudell
1,maġiku,ritwal
1,medical,officer
1,medika,għajnuna
1,medika,litru
1,medika,ministru
1,medika,problema
1,mediku,konsulent
1,mediterran,baħar
1,militari,ajruporti
1,militari,mod
1,minaċċuża,burdata
1,ministerjali,dnub
1,minuri,dollaru
1,minuri,operazzjoni
1,misterjuż,riħ
1,misterjuż,vjaġġ
1,misterjuża,qawwa
1,mistifikanti,ingastar
1,modified,dynamics
3,moltiplikattiv,invers
1,moltiplikattiva,identità
1,monotonu,xogħol
1,morali,falliment
1,morali,kamp
1,morali,mażokiżmu
1,morbuża,inkejja
1,morbużi,predilizzjonijiet
1,mpressjonanti,taħdita
1,mużikali,qasam
2,mużikali,xena
1,mużikali,ħoss
1,nadif,ilma
1,nadifa,ingann
1,national,championships
1,naturali,estensjoni
1,naturali,kampanja
1,naturali,kas
1,naturali,numri
1,naturali,prodott
1,nature,study
1,nazzjonali,istazzjon
1,nazzjonali,pacs
1,nazzjonali,qasam
1,nazzjonali,sigurtà
2,nazzjonali,Ċentru
1,nazzjonalista,aspetti
1,nazzjonalista,etika
2,nazzjonalista,gvern
1,nazzjonalista,inkonsiderazzjoni
1,nazzjonalista,istamperija
1,nazzjonalista,kabinett
1,nazzjonalista,kontra
1,nazzjonalista,numru
9,nazzjonalista,partit
1,nazzjonalista,possibbiltà
1,nazzjonalista,servizzi
1,nazzjonalista,sigħat
2,nazzjonalista,sindku
1,nazzjonalista,tendenza
1,nazzjonalista,tmexxija
1,nazzjonalisti,diriġenti
1,nazzjonalisti,ipokrezija
1,nazzjonalisti,partitarji
1,nazzjonalisti,settur
1,negattiv,aspett
1,negattivi,numri
1,net,tv
1,newtonian,dynamics
1,newtonjana,dinamika
1,normali,kelma
1,normali,partiċelli
1,notturna,logħba
1,notturni,manuvri
1,nukleari,interazzjoni
1,ogħla,istituzzjoni
1,ogħla,livelli
1,ogħla,varjanti
1,omnixjenti,ħarsa
1,omosesswali,persuni
1,one,argument
1,one,emanċipazzjoni
1,one,tv
1,onest,bniedem
1,online,darba
1,onorabbli,laqgħat
1,onorabbli,triq
1,open,tapes
1,oppost,sess
3,oppost,sinjal
1,opposti,binarji
1,oppressi,minoranzi
1,orali,sorpriża
1,orali,tweĠibiet
4,orbitali,veloċitajiet
1,ordinarja,materja
1,oriġinali,deċiżjoni
2,oriġinali,kuntratt
1,oriġinali,mistoqsija
1,oriġinali,pjan
1,oriġinali,sinjal
1,oriġinali,ħin
1,ornamental,pepper
1,orħos,pakketti
1,osservabbli,komponent
1,osservati,effetti
1,osservattiva,evidenza
1,osservattiva,xhieda
1,ovvja,ħaġa
2,oħra,affarijiet
1,oħra,anomaliji
2,oħra,artijiet
1,oħra,blata
1,oħra,bnadi
1,oħra,darb'
1,oħra,diżgrazzja
1,oħra,domanda
1,oħra,drabi
1,oħra,etika
1,oħra,eżempji
1,oħra,frażijiet
1,oħra,grinta
1,oħra,gvern
1,oħra,għassiesa
1,oħra,gżejjer
1,oħra,haiti
1,oħra,impenji
1,oħra,insetti
1,oħra,interessi
1,oħra,investigazzjoni
1,oħra,ipoteżi
1,oħra,kategoriji
1,oħra,kelma
1,oħra,kirjiet
1,oħra,kmamar
1,oħra,kollezzjonist
1,oħra,kondizzjonijiet
1,oħra,kostitwenti
2,oħra,kumpaniji
1,oħra,lingwi
1,oħra,metodi
1,oħra,ministri
1,oħra,ministru
1,oħra,mpenji
8,oħra,naħa
1,oħra,naħat
2,oħra,operaturi
1,oħra,oġġetti
3,oħra,pajjiżi
1,oħra,partiċelli
3,oħra,persuna
1,oħra,pjaneti
1,oħra,pjanta
1,oħra,problema
2,oħra,proprjetà
1,oħra,prova
1,oħra,proġetti
2,oħra,qalb
1,oħra,radijiet
1,oħra,raġunijiet
1,oħra,realtà
1,oħra,reazzjoni
1,oħra,relattiviżmu
1,oħra,riżoluzzjoni
1,oħra,sena
1,oħra,sigħat
1,oħra,stilema
1,oħra,stima
3,oħra,storja
1,oħra,studji
1,oħra,superstizzjoni
1,oħra,tabib
1,oħra,tema
1,oħra,tfajla
1,oħra,varjetà
2,oħra,xhieda
1,oħra,xmara
1,oħra,xogħol
1,oħra,xort'
1,oħra,ġnus
1,oħra,ġurnata
1,oħra,Ħajja
1,oħra,ħaġ'
4,oħra,ħaġa
1,oħra,ħin
1,oħra,ħsieb
1,oħra,żieda
1,oħrajn,aspetti
1,oħrajn,darba
1,oħrajn,deputati
1,oħrajn,dokumenti
1,oħrajn,entitajiet
1,oħrajn,gvernijiet
1,oħrajn,kuntratti
1,oħrajn,liġijiet
1,oħrajn,nazzjonalisti
1,oħrajn,onor
2,oħrajn,pajjiżi
1,oħrajn,permess
1,oħrajn,persuni
1,oħrajn,preżentaturi
1,oħrajn,programmi
1,oħrajn,setturi
1,oħrajn,suġġetti
1,oħrajn,uffiċjali
1,oħxon,leħen
2,papali,dispensa
1,parallel,kapaċitur
1,paramilitari,skwadra
1,parlamentari,elezzjoni
1,parlamentari,grupp
1,parlamentari,istabilità
1,parlamentari,itu
1,parlamentari,kumitat
2,parlamentari,maġġoranza
1,parlamentari,membru
1,parlamentari,mistoqsija
1,parlamentari,riżoluzzjoni
1,parlamentari,segretarjat
1,parlamentari,segretarji
4,parlamentari,segretarju
1,parlamentari,sitwazzjoni
1,parlamentari,ħlas
1,parliamentary,oversight
1,partikolari,istorja
1,partikolari,każ
1,partikolari,klawsola
1,partikolari,klawsoli
1,partikolari,mod
1,partikulari,diskors
1,partikulari,karatteristiċi
1,paċifiċi,protesti
1,paċifiċi,realtà
1,paċifiċi,ġabra
1,perenni,pjanta
1,perfett,abbati
1,perfett,duwijiet
1,perfetta,fama
1,periferiċi,reġjuni
1,permanenti,dispensa
1,permanenti,kumitat
1,permanenti,makakkerija
1,permanenti,mużew
3,permanenti,segretarju
1,permanenti,triq
1,persistenti,attitudnijiet
1,persistenti,mod
1,persistenti,uġiegħ
1,personali,assistent
1,personali,bini
2,personali,informazzjoni
1,personali,karriera
1,personali,suċċess
1,personali,ħaġa
1,personali,ħutu
1,petrol,stations
1,petroleum,division
1,petroleum,rapport
1,planetarji,orbiti
2,politika,alleanza
1,politika,diskussjoni
1,politika,inċertezza
1,politika,istaġnar
2,politika,karriera
1,politika,kwistjoni
1,politika,laqgħa
1,politika,logħba
1,politika,tikketta
1,politika,ħajja
1,politika,ħidma
1,politiku,argument
1,politiku,awsterità
1,politiku,ingann
1,politiku,kalkolu
1,politiku,tattika
2,politiku,timbru
1,politiku,triq
2,politiċi,partiti
1,politiċi,persuni
1,politiċi,relazzjonijiet
1,popolari,mediċina
2,popolari,partit
1,popolari,programm
1,possibbli,kostitwenti
1,possibbli,mod
1,possibbli,xenarji
1,potenzjali,xhieda
1,power,ekonomija
8,power,plan
1,power,station
1,pożitivi,numri
1,pożittiv,atteġġament
1,pożittiva,attitudni
1,pożittiva,nota
1,prattiku,tip
1,pre-,operazzjoni
1,preliminari,avukat
1,preliminari,istudju
1,preliminari,studju
1,prevalenti,ipoteżijiet
1,preċedenti,amministazzjoni
1,preċedenti,għażla
1,preżenti,membri
1,preżenti,persons
1,preżenti,xogħlijiet
1,prim,bogħod
1,prim,channel
1,prim,delegati
1,prim,divorzju
1,prim,isptar
1,prim,mewġ
36,prim,ministru
1,prim,nr
1,prim,oġġetti
1,prim,oġġezzjonijiet
1,prim,problema
2,prim,radju
1,prim,rashom
1,prim,referenza
1,prim,sigħat
1,prim,tmexxija
1,prim,xenarju
1,prim,xjenza
1,primarja,iskola
1,primittivi,popli
1,prinċipali,fattur
1,privat,jet
1,privat,partitarji
4,privat,settur
1,privati,klijenti
1,profittabbli,kumpanija
1,progressivi,prinċipji
1,prominenti,post
1,propju,suq
1,propju,uffiċċju
1,proprja,libsa
1,pubblika,amministrazzjoni
1,pubblika,demm
1,pubblika,futur
1,pubblika,konsultazzjoni
1,pubblika,natura
1,pubblika,sejħa
1,pubbliku,dominju
6,pubbliku,kuntratt
1,pubbliku,mod
1,pubbliku,professur
2,pubbliĊi,kontijiet
1,pubbliĊi,vjaġġ
1,pubbliċi,kontijiet
1,pubbliċi,uffiċjali
1,public,services
1,pulita,figura
1,qadim,rumanzett
1,qares,frott
1,qarsa,banek
1,qarsa,taħlita
2,qasir,żmien
1,qawwi,brejk
1,qawwi,dawl
1,qawwi,nifs
1,qawwi,ċentru
1,qawwija,doża
1,qawwija,sħana
1,qawwija,ġibda
1,qerriedi,ewro
1,qerriedi,terremot
2,qodma,stejjer
1,qodma,sufan
1,rabti,djalett
1,razzjonali,numri
2,reali,numri
1,reception,class
1,rekord,każ
1,rekord,livell
1,rekord,livelli
1,relativistiċi,forzi
1,relattiv,kuntratt
1,reliġjuż,fundamentaliżmu
1,reliġjuż,parlament
1,reliġjuża,estasi
1,repeater,class
2,residenzjali,djar
1,residenzjali,kliem
1,responsabbli,bniedem
2,responsabbli,ministru
1,rising,sun
1,risoluttiv,mod
1,rqaq,insetti
1,rqiqa,kitba
2,rregolari,immigranti
1,russi,formalisti
1,sabiħ,mezz
1,sabiħ,spettaklu
1,sabiħ,ġejjieni
1,sabiħa,kitba
1,sado-mażokisti,ritwali
1,salvaġġ,baħar
2,second,reading
1,sekondarja,iskola
2,sekondarja,skola
1,sekondarja,ħaġa
16,self,employed
1,self,komunikazzjoni
1,self,mrs
1,self,prinċipju
1,self,salarji
1,self,uffiċċju
1,seminali,kunċett
1,sempliċi,fjuri
2,sempliċi,gruppi
1,sempliċi,kumitat
1,sempliċi,mikrofonu
1,sempliċi,persuna
1,sempliċi,ritratt
2,sensittivi,partijiet
1,sentimentali,onor
1,sentimentali,rabta
3,serja,mużika
1,serja,ħaġa
1,serju,benefiċċju
1,serju,politikant
1,serju,programm
1,services,corporation
1,sesswali,attività
1,sesswali,kapriċċi
1,sesswali,rapporti
1,sfiq,mod
1,simili,haiti
1,simili,materja
1,simili,mezzi
1,simili,psewdonimi
1,simili,strutturi
1,simili,tunnel
1,simili,xogħol
1,simili,żieda
1,simmetrica,gravitazzjoni
1,single,mothers
1,sinjur,għerq
1,sintendi,penitenza
1,sinċier,bniedem
1,sinċier,partit
1,sistematiku,bexx
1,sistematiku,mod
1,skabruża,ħolma
1,skandaluż,ispettaklu
1,skolastiku,futur
1,skunċertanti,narrattiva
1,skur,likwidu
1,skur,ġlekk
1,skura,enerġija
34,skura,materja
1,sod,karattru
1,sopranaturali,qawwa
1,sopranaturali,qawwiet
1,sorpriża,ismijiet
1,sorpriża,riżerva
1,sostanzjali,għajnuna
1,sostanzjali,kapriċċ
1,sotto,antibijotiċi
1,sotto,kumitat
1,sovversivi,parabboli
1,soċjali,affarijiet
1,soċjali,assenza
1,soċjali,djalett
1,soċjali,djaletti
1,soċjali,etika
1,soċjali,fatturi
1,soċjali,griegi
1,soċjali,gruppi
1,soċjali,għajnuna
1,soċjali,imsieħba
1,soċjali,politika
1,soċjali,qasam
1,soċjali,realtà
1,soċjali,servizzi
1,soċjali,snin
1,soċjali,solidarjetà
1,soċjali,soltu
1,soċjali,staġnar
1,soċjali,xejra
1,soċjali,ċirkustanzi
1,soċjali,ħajja
1,spazjali,istazzjon
1,spazjali,teleskopju
1,sperimentali,aspetti
2,sperimentali,evidenza
1,spettroskopika,analiżi
1,speċifika,mistoqsija
1,speċifika,proprjetà
1,speċjali,mod
1,speċjali,organizazzjoni
1,speċjali,radju
2,spirali,galassja
3,spirali,galassji
1,stampa,artijiet
1,stampa,konferenza
4,standard,djalett
6,standard,malti
1,standard,mudell
1,stilistiċi,devjazzjonijiet
1,storiċi,ċirkustanzi
2,stramb,xogħol
1,stramb,ħolm
1,stramba,relazzjoni
1,stramba,riħa
1,stramba,ħaġa
1,strambi,intimazzjonijiet
1,straordinarju,benefiċċju
1,stravaganti,liwjiet
1,street,leaders
1,super,argument
1,super,candidate
1,super,emanċipazzjoni
1,super,lista
1,super,tv
1,superdensi,korpi
1,supersimmetriċi,partiċelli
1,superveloċi,partiċelli
1,supplimentari,domanda
1,suwed,ħofor
1,sħan,jiem
1,sħaħ,sekli
1,sħiħ,dritt
1,sħiħ,falliment
1,sħiħ,ktejjeb
1,sħiħ,labirint
1,sħiħ,proġett
1,sħiħ,storbju
1,sħiħa,analiżi
1,sħiħa,reviżjoni
1,sħiħa,triq
2,sħun,post
1,sħuna,materja
1,tajba,ministru
1,tajba,ortografija
1,tajba,qalbu
1,tajba,ruħ
1,tajba,sens
1,tajba,sessjoni
1,tajba,xorti
1,tajbin,idejn
1,tajbin,relazzjonijiet
1,tajjeb,affarijiet
1,tajjeb,kantant
1,tali,diskussjoni
3,tali,kirja
1,tali,ksur
1,tali,kuntratt
1,tali,pn
1,tali,snin
1,tant,drabi
1,tant,żmien
1,tape,recorder
1,tekniku,lat
1,tekniċi,affarijiet
1,tekniċi,domandi
1,tekniċi,laqgħat
1,tekniċi,susa
1,televiżiv,preżentatur
1,televiżiv,programm
1,televiżiv,staġun
1,televiżiv,targets
1,temporali,djaletti
1,terribbli,tifla
1,test,competitions
1,tipika,solennità
1,tipiku,rażan
1,tipiċi,aċċelerazzjonijiet
1,tond,dawra
1,tonda,ras
1,tork,ċittadin
1,torka,ordni
1,torka,repubblika
4,totali,massa
1,tqal,nisa
1,trankwilla,kuxjenza
1,transgender,oħrajn
3,transittiva,narrattiva
1,trasparenti,pont
1,traġika,mewt
1,tropikali,amerika
1,turistika,attrazzjoni
1,twajba,erwieħ
1,twajjeb,raġel
1,twal,iljieli
1,twal,sigħat
1,twal,snin
1,uffiċjali,għeluq
1,uffiċjali,kuraġġ
1,uffiċjali,rapport
1,ugwali,drittijiet
1,ulterjuri,komunikazzjoni
1,uman,ġens
1,umana,flus
1,umana,razza
1,umanitarja,għajnuna
1,umli,bniedem
1,umli,pass
1,unika,bżonn
1,unika,differenza
1,unika,forza
1,unika,ingann
1,unika,kumpanija
1,unika,operazzjoni
1,unika,tama
1,unika,tibdil
1,unika,triq
1,unika,wild
1,uniku,assi
1,uniku,karattru
1,uniku,kumment
1,uniku,ministru
1,uniku,palk
1,uniku,uffiċjal
3,unit,renju
1,unitarja,massa
1,uniti,dar
1,uniti,istati
1,uniti,nazzjonijiet
1,universali,gravitazzjoni
1,universali,ilma
1,universali,kodifikazzjoni
1,universali,sistema
1,uniċi,ismijiet
1,utli,passatemp
1,validu,xogħol
1,varji,esponenti
1,varji,gruppi
1,varji,sinjali
1,vast,wiċċ
1,vasta,popolazzjoni
1,veru,partit
1,veru,sens
1,vizzjuż,ċirku
1,viċi,channel
1,viċi,isptar
5,viċi,ministru
1,viċi,oġġetti
1,viċi,president
1,viċi,problema
1,viċi,rashom
1,viċi,sindku
1,viċi,xjenza
1,viċin,futur
1,viċin,għejja
1,viċin,pajjiż
1,viċin,univers
1,viżibbli,mases
1,viżibbli,massa
3,viżibbli,materja
1,viżibbli,partijiet
7,vjola,xaħxieħ
1,vjolenti,raġel
1,vojta,klassi
1,vojta,propaganda
1,volontarja,ċaħda
1,vulnerabbli,immigranti
1,water,corporation
1,waħdanija,eżistenza
1,waħxija,maltempata
1,werżieqa,ilħna
1,western,europe
1,westminster,familji
1,westminster,tradition
1,westminster,workshop
1,wiesgħa,domanda
1,wiesgħa,preżenza
1,workers',union
1,xjentifiċi,investigazzjoni
1,xjentifiċi,istudji
1,xjentifiċi,qalb
1,xjentifiċi,studji
1,xotta,tweġiba
1,Ċivili,protezzjoni
1,ċar,weraq
1,ċar,xagħru
1,ċara,garaxx
1,ċara,referenza
1,ċara,rieda
1,ċass,ritratt
2,ċass,ħars
1,ċassa,ritratti
1,ċassi,uċuh
1,ċatt,kapaċitur
1,ċatti,rotazzjonijiet
1,ċelesti,korpi
1,ċentrali,karattri
1,ċerta,evidenza
1,ċerta,maturità
1,ċerta,proprjetà
1,ċerta,televiżjoni
1,ċerta,viżjoni
2,ċerti,aspetti
1,ċerti,attitudnijiet
1,ċerti,diviżjoni
1,ċerti,dottor
1,ċerti,faxex
1,ċerti,ideat
2,ċerti,klawsoli
1,ċerti,liġijiet
1,ċerti,messaġġi
1,ċerti,mod
1,ċerti,nies
1,ċerti,policies
1,ċerti,preżentaturi
1,ċerti,proċeduri
1,ċerti,regolamenti
1,ċerti,regoli
1,ċerti,snin
1,ċerti,standards
1,ċerti,testijiet
1,ċerti,turiżmu
1,ċerti,widna
1,ċerti,xeni
1,ċerti,ġuvintur
1,ċertu,ammont
1,ċertu,għalf
1,ċertu,informazzjoni
1,ċertu,kampanja
1,ċertu,xiri
1,ċikliċi,gruppi
1,ċirkolari,orbiti
1,ċivili,popolazzjoni
1,ċivili,soċjetà
2,ċkejken,appartament
1,ċkejken,dawl
1,ċkejken,sider
1,ċkejkna,belt
1,ċkejkna,gżira
1,ċkejkna,kamra
1,ċkejkna,qalb
1,ċkejkna,xtajtiet
7,Ġenerali,awditur
1,Ġenerali,awdituri
1,Ġenerali,konferenza
1,Ġenerali,konferma
1,Ġenerali,konfernza
1,Ġenerali,kumment
1,Ġenerali,ommu
2,Ġenerali,segretarju
1,Ġusta,fawna
1,Ġusta,kompetizzjoni
1,ġdid,apparat
1,ġdid,demm
1,ġdid,grad
1,ġdid,kelma
1,ġdid,kummissarju
1,ġdid,mca
1,ġdid,metodu
2,ġdid,mexxej
1,ġdid,parlament
2,ġdid,qamar
1,ġdid,segretarju
1,ġdid,sindku
1,ġdid,staġun
1,ġdid,talent
1,ġdid,xogħol
1,ġdid,ċans
1,ġdid,ħoss
1,ġdida,belt
1,ġdida,bord
1,ġdida,esperjenza
1,ġdida,intrapriża
1,ġdida,istrateġija
1,ġdida,jum
1,ġdida,karozza
1,ġdida,kontroversja
1,ġdida,logħba
1,ġdida,proċess
1,ġdida,realtà
1,ġdida,settur
1,ġdida,sfida
1,ġdida,skola
1,ġdida,sodisfazzjon
1,ġdida,teorija
1,ġdida,ħatra
1,ġdida,ħaġa
1,ġdida,ħidma
1,ġenerali,diskussjoni
1,ġenerali,element
9,ġenerali,elezzjoni
1,ġenerali,kunċett
1,ġenerali,natura
1,ġenerali,numru
1,ġenerali,operazzjoni
1,ġenerali,oħrajn
1,ġenerali,programm
1,ġenerali,saqajhom
1,ġenerali,segretarju
1,ġenerali,snin
1,ġenerali,tagħrif
2,ġenerali,teorija
1,ġenerali,tqala
1,ġenwina,imħabba
1,ġenwina,overdraft
1,ġeografiċi,djaletti
1,ġeologiku,studju
1,ġodda,esperjenzi
1,ġodda,kandidaturi
1,ġodda,kap
1,ġodda,klijenti
1,ġodda,piżijiet
1,ġodda,rimjiet
1,ġodda,servizzi
1,ġodda,uċuħ
1,ġodda,xogħlijiet
1,ġodda,ħaddiema
1,ġusta,kompetizzjoni
1,ġwejjed,raġel
1,ħadra,dubbiena
1,ħafifa,libsa
1,ħafifa,modifika
1,ħaj,xogħol
1,ħamra,brimba
2,ħamra,qargħa
1,ħażin,aħbar
1,ħażin,demm
1,ħodor,għajnejh
1,ħoxnin,dnubiet
2,Żgħar,negozji
1,żejda,bankijiet
1,żejda,massa
1,żejda,siegħa
1,żejda,sħana
1,żejjed,ħlas
1,żgħar,djalett
1,żgħar,fjuri
2,żgħar,komunitajiet
1,żgħar,negozji
1,żgħar,pajjiżi
1,żgħir,daqs
1,żgħir,kontijiet
1,żgħir,numru
1,żgħira,bidu
1,żgħira,brief
1,żgħira,enerġija
1,żgħira,komunità
1,żgħira,parti
1,żgħira,popolazzjoni
1,żleali,bidla
1,żleali,vantaġġi
1,żleali,żvantaġġ
1,żoroq,għajnejha
