ċerti/ADJ,ideat/NOUN,fissi/ADJ
Deputat/ADJ,Mexxej/NOUN,Laburista/ADJ
sitwazzjoni/NOUN,ekonomika/ADJ,diffiċli/ADJ
Ċentru/NOUN,Nazzjonali/ADJ,Laburista/ADJ
uffiċjali/NOUN,oħrajn/ADJ,Laburisti/ADJ
Uffiċċju/NOUN,Elettorali/ADJ,Laburista/ADJ
istess/ADJ,organizzazzjoni/NOUN,elettorali/ADJ
ex/ADJ,kandidat/NOUN,Laburista/ADJ
Uffiċċju/NOUN,Elettorali/ADJ,Laburista/ADJ
elezzjoni/NOUN,ġenerali/ADJ,bikrija/ADJ
aħħar/ADJ,elezzjoni/NOUN,ġenerali/ADJ
Uffiċċju/NOUN,Elettorali/ADJ,Laburista/ADJ
Segretarju/NOUN,Ġenerali/ADJ,Laburista/ADJ
Deputat/ADJ,Mexxej/NOUN,Laburista/ADJ
telfa/NOUN,elettorali/ADJ,kbira/ADJ
iktar/ADJ,imħuħ/NOUN,debboli/ADJ
karozza/NOUN,ġdida/ADJ,fjamanta/ADJ
laqgħa/NOUN,politika/ADJ,laburista/ADJ
istess/ADJ,gvern/NOUN,Nazzjonalista/ADJ
eks/ADJ,sindku/NOUN,Nazzjonalista/ADJ
xena/NOUN,mużikali/ADJ,Maltija/ADJ
Ċentru/NOUN,Nazzjonali/ADJ,Laburista/ADJ
komunitajiet/NOUN,żgħar/ADJ,Maltin/ADJ
studji/NOUN,xjentifiċi/ADJ,oħra/ADJ
Prim/ADJ,Ministru/NOUN,Ingliż/ADJ
żieda/NOUN,oħra/ADJ,simili/ADJ
Prim/ADJ,Ministru/NOUN,Ingliż/ADJ
irkupru/NOUN,ekonomiku/ADJ,globali/ADJ
Viċi/ADJ,Prim/ADJ,Ministru/NOUN
diversi/ADJ,ajruporti/NOUN,militari/ADJ
Partit/NOUN,Popolari/ADJ,Ewropew/ADJ
Partit/NOUN,Popolari/ADJ,Ewropew/ADJ
Super/ADJ,One/ADJ,TV/NOUN
mexxej/NOUN,ġdid/ADJ,Laburista/ADJ
mexxej/NOUN,ġdid/ADJ,Laburista/ADJ
realtà/NOUN,oħra/ADJ,soċjali/ADJ
likwidu/NOUN,skur/ADJ,aħmar/ADJ
Chief/ADJ,Medical/ADJ,Officer/NOUN
staġun/NOUN,televiżiv/ADJ,ġdid/ADJ
evidenza/NOUN,sperimentali/ADJ,ċerta/ADJ
evidenza/NOUN,osservattiva/ADJ,importanti/ADJ
ikbar/ADJ,orbiti/NOUN,galattiċi/ADJ
iċken/ADJ,veloċitajiet/NOUN,orbitali/ADJ
Cosmic/ADJ,Evolution/ADJ,Survey/NOUN
Alpha/ADJ,Magnetic/ADJ,Spectrometer/NOUN
Istazzjon/NOUN,Spazjali/ADJ,Internazzjonali/ADJ
materja/NOUN,skura/ADJ,barjonika/ADJ
kostitwenti/NOUN,oħra/ADJ,possibbli/ADJ
materja/NOUN,skura/ADJ,barjonika/ADJ
massa/NOUN,unitarja/ADJ,kbira/ADJ
interazzjoni/NOUN,nukleari/ADJ,dgħajfa/ADJ
materja/NOUN,skura/ADJ,kisħa/ADJ
materja/NOUN,skura/ADJ,sħuna/ADJ
Modified/ADJ,Newtonian/ADJ,Dynamics/NOUN
anomaliji/NOUN,gravitazzjonali/ADJ,oħra/ADJ
korpi/NOUN,ċelesti/ADJ,superdensi/ADJ
forza/NOUN,gravitazzjonali/ADJ,addizzjonali/ADJ
kapaċitur/NOUN,ċatt/ADJ,parallel/ADJ
xhieda/NOUN,osservattiva/ADJ,oħra/ADJ
Public/ADJ,Broadcasting/ADJ,Services/NOUN
camera/ADJ,persons/NOUN,preżenti/ADJ
General/ADJ,Workers'/ADJ,Union/NOUN
kuntratt/NOUN,pubbliku/ADJ,relattiv/ADJ
Water/ADJ,Services/ADJ,Corporation/NOUN
INDIVIDUAL/ADJ,INVESTOR/ADJ,PROGRAMME/NOUN
Individual/ADJ,Investor/ADJ,Programme/NOUN
Viċi/ADJ,Prim/ADJ,Ministru/NOUN
Viċi/ADJ,Prim/ADJ,Ministru/NOUN
Viċi/ADJ,Prim/ADJ,Ministru/NOUN
xagħru/NOUN,kannella/ADJ,ċar/ADJ
aġent/ADJ,prim/ADJ,ministru/NOUN
aġent/ADJ,prim/ADJ,ministru/NOUN
sempliċi/ADJ,ritratt/NOUN,ċass/ADJ
dawl/NOUN,bati/ADJ,inkejjuż/ADJ
kitba/NOUN,rqiqa/ADJ,sabiħa/ADJ
tape/ADJ,recorder/NOUN,famuż/ADJ
istess/ADJ,solennità/NOUN,tipika/ADJ
istess/ADJ,atmosfera/NOUN,għariba/ADJ
aħjar/ADJ,mod/NOUN,possibbli/ADJ
immigranti/NOUN,rregolari/ADJ,vulnerabbli/ADJ
gruppi/NOUN,finiti/ADJ,varji/ADJ
operazzjoni/NOUN,binarja/ADJ,ġenerali/ADJ
numri/NOUN,naturali/ADJ,pożitivi/ADJ
element/NOUN,invers/ADJ,ġenerali/ADJ
gruppi/NOUN,finiti/ADJ,sempliċi/ADJ
gruppi/NOUN,sempliċi/ADJ,finiti/ADJ
operazzjoni/NOUN,binarja/ADJ,assoċjattiva/ADJ
ornamental/ADJ,chilli/ADJ,pepper/NOUN
fjuri/NOUN,żgħar/ADJ,bojod/ADJ
kriżi/NOUN,ekonomika/ADJ,klandestina/ADJ
