count,awf,nwf
1,अर्धा,लाडू
1,असा,विचार
1,इतकी,किंमत
1,एकुलता,मुलगा
1,एवढी,जमीन
2,काही,दिवस
1,किती,चिंता
1,कुशल,प्रश्न
1,केवढी,कृतज्ञताबुद्धी
1,गिधाडी,दृष्टी
1,छोटा,कुत्रा
1,छोटा,हात
1,छोटी,मुलगी
1,जवळच्या,तलवारीने
1,जुने,कागदपत्र
1,जुने,मंदिर
1,तेथील,जीवन
1,तेथील,हास्यविनोद
1,थोड्या,वेळाने
1,दुतर्फा,लोक
1,नवीन,राजा
2,पांढरी,फुले
1,प्रचंड,घंटा
1,फक्त,गरिबांना
1,फक्त,बोलणी
1,मगरूर,वृत्ती
1,मूळचे,मालक
1,मोठमोठी,माणसे
1,म्हातारे,विचार
2,म्हातारे,शेतकरी
1,म्हाताऱ्या,गुरवाने
1,लहान,भावंडाला
1,लहान,मुलगा
1,लहानसा,गोठा
1,लहानसे,शेत
1,लाल,तुकडा
1,शेकडो,माणसे
1,श्रीमंत,मंडळी
1,सगळी,जमीन
1,सर्व,जग
1,सारी,कथा
1,सारी,गरिबांना
1,सारी,प्रजा
1,सारी,बोलणी
1,सारी,मंडळी
1,सारी,हकीगत
1,सारे,गोरगरीब
2,सारे,शेतकरी
1,साऱ्या,बेडकांनी
1,सावकारी,पाशात
1,सुंदर,सभामंडप
