count,awf,nwf
1,Васенце,сентябрсь
1,Весяла,пайгонясь
1,Кодама-кодама,фронтовик
1,Коськана,шамац
1,Омбоце,шись
1,Тяфтама,мяльса
1,Школьнай,комнатаса
1,ару,сёрот
1,васенце,рабочайти
1,ине,ошец
1,кичкор,мадя
1,колмоце,класса
1,колхозной,утопненди
1,лямбе,илиса
1,мазы,ава
1,нюрьхкяня,ожа
1,од,сорт
1,омбоце,ризфсь-пичефкссь
1,оцю,вайгяльхть
1,оцю,мастор
1,оцю,морява
1,оцю,ризфсь-пичефкссь
1,оцю,самолёт
1,оцю,статьяняса
1,постоялай,дворса
1,равжа,сельмонза
1,родной,паксянзон
1,сенем,менельть
1,серай,брюкаса
1,сизьгемонце,кизось
1,стака,мяльхне
1,танцти,симомбялькс
1,танцти,шиненя
1,шоколаднай,тюсса
1,эрек,картинань
1,эчке,доскаста
1,ёмла,мастор
