count,awf,nwf
1,able,leadership
1,admin,work
1,african,clash
1,african,countries
1,african,tory
5,agric,banga
1,alone,budget
1,alone,feeding
1,alone,government
1,alone,work
1,american,gift
1,animal,stone
1,anyhow,decision
1,available,care
1,available,job
1,average,billionaire
1,average,pikin
2,avian,flu
1,bad,boys
2,bad,country
1,bad,friends
1,bad,life
1,bad,people
1,bad,robbers
2,bad,side
2,bad,ting
4,bad,tings
1,bad,tory
1,basic,difference
1,basic,education
1,basic,thing
2,beautiful,morning
1,beautiful,place
1,beautiful,state
1,beautiful,weather
2,best,car
1,best,country
1,best,person
1,best,soldiers
1,best,solution
1,best,thing
2,best,time
2,best,ting
1,better,assessment
1,better,day
1,better,drainage
1,better,examination
1,better,example
2,better,eye
3,better,friend
1,better,future
1,better,grade
3,better,house
1,better,jubilation
1,better,life
1,better,meat
1,better,medicine
2,better,money
1,better,organisation
2,better,people
1,better,person
1,better,pikin
1,better,place
1,better,road
1,better,school
7,better,ting
1,better,tings
1,better,treatment
2,better,weather
1,better,witch
1,better,work
1,big,babe
2,big,belle
7,big,boy
1,big,broder
2,big,bros
1,big,chick
1,big,deal
1,big,drum
1,big,festival
1,big,fire
2,big,head
1,big,land
1,big,level
1,big,man
5,big,money
1,big,name
3,big,one
1,big,person
1,big,phone
1,big,place
1,big,problem
1,big,shawarma
1,big,shots
1,big,time
7,big,ting
2,big,tings
1,big,work
1,biggest,boutiques
1,biggest,investments
1,biggest,one
1,bitter,candidate
9,bitter,leaf
1,bitter,taste
3,black,man
1,black,way
1,blind,horses
1,broad,daylight
1,brown,paper
1,busy,banga
1,busy,place
1,catholic,church
1,catholic,kids
4,caustic,soda
1,central,police
1,certain,area
1,certain,fire
1,certain,time
1,certain,tings
1,chief,registrar
1,chinese,bread
1,christian,home
1,christian,house
1,christian,life
1,civil,authority
1,civil,service
2,clever,girl
1,close,minutes
1,cold,water
1,commercial,bank
1,commercial,class
1,commercial,farm
1,common,entrance
1,common,instruction
2,common,man
1,comprehensive,school
1,convenient,time
1,correct,business
1,correct,examination
1,correct,food
1,correct,judge
1,correct,oil
2,correct,one
1,correct,perfume
1,critical,situation
1,cultural,food
1,current,country
1,current,problem
1,daily,basis
1,dangerous,work
1,deir,pikin
1,departmental,behaviour
1,diabetic,patients
1,different,angle
1,different,area
1,different,attire
1,different,behaviour
1,different,card
1,different,challenges
1,different,churches
1,different,colour
1,different,countries
2,different,culture
1,different,degree
1,different,festival
1,different,gig
3,different,group
1,different,groups
1,different,guy
1,different,hole
1,different,houses
1,different,interviews
3,different,kind
2,different,kinds
1,different,languages
1,different,level
2,different,matter
1,different,meaning
2,different,method
1,different,palm
2,different,parts
5,different,people
1,different,perspective
1,different,place
2,different,places
1,different,pockets
1,different,proverbs
1,different,talk
4,different,things
11,different,tings
1,different,tradition
3,different,type
4,different,types
1,different,victims
1,different,village
1,different,villages
1,different,ways
1,different,words
1,dimensional,overture
1,direct,account
1,domiciliary,account
1,double,mind
1,double,suffer
4,dry,bitterleaf
5,dry,fish
4,dry,pepper
1,dry,season
1,earlier,report
9,early,morning
1,economic,matter
1,effective,management
1,elder,broder
1,elder,man
1,elder,ones
1,electoral,commission
1,electrical,engineer
2,electrical,engineering
1,electronic,solution
1,eleventh,week
1,english,language
1,english,man
1,english,version
1,enough,gas
1,enough,kerosine
2,enough,water
1,ethnic,group
2,ethnic,groups
1,eucharistic,sacrifice
1,exact,year
1,exclusive,breastfeeding
1,executive,council
1,expressional,overture
3,fake,story
1,fantastic,ting
1,fat,percent
1,fateful,day
1,fateful,teacher
1,favourable,admission
1,favourable,letter
1,federal,capital
1,federal,corps
1,federal,council
3,federal,government
1,federal,level
1,federal,ministry
1,federal,polytechnic
1,federal,service
1,fellow,being
1,fellow,girls
3,fellow,man
1,fellow,woman
1,fellow,youths
1,final,exam
1,final,one
1,final,tory
3,final,year
1,financial,flow
1,financial,investment
1,financial,mentorship
1,financial,problem
1,fine,art
1,fine,artist
1,fine,clothes
1,fine,things
3,first,day
1,first,degree
1,first,experience
1,first,gbege
1,first,girlfriend
1,first,grade
2,first,impression
1,first,kporo
1,first,lecture
2,first,number
5,first,one
1,first,people
1,first,pikin
2,first,place
1,first,process
2,first,story
8,first,time
1,first,ting
1,first,website
1,first,week
1,foolish,boy
1,foolish,ting
1,foreign,affairs
1,foreign,ministry
1,formal,letter
1,former,club
1,fourth,one
1,french,election
1,french,giant
1,french,one
1,fresh,blood
4,fresh,fish
2,fresh,okra
2,fresh,one
1,fresh,pepper
1,friendly,hour
1,friendly,people
1,fry,pan
1,full,bar
1,full,country
1,full,current
1,full,money
1,full,name
2,full,school
1,full,street
1,full,time
1,full,tori
1,funny,angle
1,funny,ting
1,general,hospital
1,general,language
1,general,manager
1,general,overseer
1,global,slate
1,goalless,draw
11,good,afternoon
2,good,evening
1,good,form
1,good,friends
1,good,grade
1,good,harvest
2,good,health
1,good,impression
1,good,job
1,good,man
1,good,meal
4,good,morning
2,good,news
1,good,people
1,good,place
1,good,tin
3,good,ting
1,good,tyre
1,good,way
1,good,weather
1,good,wishes
1,good,woman
1,good,work
1,greedy,one
1,green,beans
1,half,year
3,happy,birthday
1,happy,ending
1,hard,currency
1,hard,workers
1,hardest,part
2,hausa,man
1,hausa,word
1,heavy,money
1,high,building
1,high,dialysis
1,high,jump
1,high,level
1,higher,ground
1,higher,institution
1,highest,number
1,highest,talk
1,holy,ghost
1,honest,truth
1,hot,arrow
1,hot,blood
2,hot,oil
1,hot,one
1,hot,slap
1,hot,soup
1,hot,temper
3,hot,water
1,hot,weather
1,huge,investment
2,human,being
1,human,beings
1,humble,background
1,hungry,rice
1,idle,man
2,igbo,man
1,igbo,person
1,important,people
1,important,thing
1,independent,commission
1,indian,man
1,infinite,mercy
1,inland,revenue
1,innocent,people
1,interesting,opportunity
1,intergovernmental,organisation
1,international,community
1,international,day
1,international,language
1,international,maker
1,international,midfielder
1,international,standard
1,iranian,officers
1,iranian,parliament
1,islamic,state
1,joint,board
1,joint,force
1,jumbo,size
2,junior,broder
1,junior,ones
2,junior,sister
1,kain,body
1,kain,talk
1,kain,treatment
1,kain,waka
1,kajad,evening
1,kind,agreement
1,kind,b
1,kind,babe
1,kind,babes
1,kind,badness
1,kind,bill
1,kind,bucks
1,kind,campaign
1,kind,carpet
1,kind,cloth
1,kind,connection
1,kind,course
1,kind,court
1,kind,examination
1,kind,fish
1,kind,friends
1,kind,generation
1,kind,gist
1,kind,hand
1,kind,incantation
1,kind,informate
1,kind,issue
1,kind,issues
1,kind,jamz
1,kind,job
2,kind,knife
1,kind,land
1,kind,leg
1,kind,letter
1,kind,level
1,kind,life
1,kind,man
1,kind,maths
1,kind,matter
1,kind,message
1,kind,ojuju
1,kind,organisation
1,kind,ozigi
2,kind,people
1,kind,period
2,kind,person
1,kind,picture
2,kind,place
1,kind,poem
1,kind,post
1,kind,price
1,kind,problem
1,kind,right
1,kind,setting
1,kind,situation
1,kind,stuff
1,kind,taste
2,kind,thing
2,kind,things
4,kind,tin
16,kind,ting
6,kind,tings
3,kind,tins
1,kind,topics
1,kind,tory
1,kind,tour
1,kind,uniform
1,kind,water
2,kind,women
2,kind,words
1,kind,work
1,kind,writeup
1,kind,year
1,kpalasa,phone
2,last,card
1,last,cowtail
1,last,day
1,last,husbands
2,last,month
1,last,naira
1,last,number
2,last,one
1,last,paper
1,last,pikin
1,last,seminars
3,last,stone
1,last,story
1,last,supper
5,last,time
2,last,tin
1,last,tory
10,last,week
6,last,year
1,later,racket
1,lebanese,bread
1,legit,ting
1,lighter,man
2,lighter,note
1,lighter,person
1,like,minds
1,little,cloth
2,little,investment
2,little,one
1,little,parsee
1,little,tings
1,local,beer
1,local,contribution
1,local,currency
1,local,drink
14,local,government
1,local,kunu
1,local,pot
1,logistic,issues
1,long,break
1,long,chicken
2,long,distance
2,long,life
1,long,matter
1,long,run
1,long,sleeve
1,long,throat
1,long,time
1,long,trouser
1,long,way
1,lovely,child
1,low,investment
1,low,level
1,low,life
1,main,business
1,main,doctor
1,main,food
1,main,reason
1,main,thing
1,main,ting
1,main,tings
1,major,gbege
1,major,ting
1,many,body
1,many,children
1,many,cows
1,many,family
1,many,fowl
1,many,gods
1,many,languages
1,many,millions
1,many,months
2,many,naira
2,many,neighbours
1,many,papa
7,many,people
4,many,places
1,many,pot
1,many,preparation
1,many,prophet
1,many,sickness
5,many,things
1,many,time
1,many,ting
9,many,tings
3,many,tins
1,many,women
1,many,yarnings
1,many,yarns
3,many,years
1,mechanical,engineering
1,medical,care
1,medical,challenge
1,medical,psychologist
1,medical,school
1,medical,team
1,medical,treatment
1,medical,vacation
1,menial,job
1,mid,week
1,mild,story
1,mini,website
1,minimal,wage
1,mobile,court
3,mock,examination
1,more,advantage
2,more,effort
1,more,efforts
1,more,firewood
1,more,graduates
1,more,minutes
1,more,petrol
2,more,phd
1,more,problem
1,more,tori
3,most,people
1,most,station
2,most,times
1,most,ting
1,most,tings
1,most,women
2,much,money
1,much,noise
1,much,station
1,much,ting
1,multiple,yarnings
1,musical,instrument
1,muslim,school
1,national,assemble
1,national,assembly
1,national,curator
1,national,diploma
1,national,president
1,national,university
7,native,banga
1,native,difference
1,native,doctor
1,native,language
1,natural,oil
1,natural,resources
1,near,city
1,nearby,bank
1,negative,implicate
1,neighbouring,countries
1,neutral,level
1,new,area
1,new,clothes
1,new,contract
1,new,deal
1,new,gist
1,new,level
2,new,life
1,new,ones
1,new,people
2,new,person
2,new,season
1,new,shoe
1,new,year
1,next,class
11,next,day
2,next,minutes
1,next,money
1,next,month
1,next,months
1,next,morning
2,next,one
1,next,person
1,next,point
1,next,question
1,next,stage
2,next,time
4,next,tin
1,next,tomorrow
1,next,week
2,next,weeks
2,next,year
2,next,years
1,nigerian,authority
1,nigerian,currency
1,nigerian,man
1,nigerian,road
1,nigerian,union
1,nigerian,universities
3,nigerian,university
1,normal,bar
1,normal,guy
1,normal,maternity
1,normal,result
1,normal,ting
1,northern,council
1,northern,part
1,northern,setting
1,nutritional,value
1,nutritious,food
1,oda,boy
1,oda,branches
1,oda,countries
1,oda,day
1,oda,informate
1,oda,name
2,oda,one
2,oda,people
1,oda,perfume
1,oda,person
2,oda,place
1,oda,problem
1,oda,school
1,oda,side
1,oda,station
1,oda,way
1,oda,woman
1,oda,women
1,oder,block
1,oder,body
1,oder,books
1,oder,countries
2,oder,country
1,oder,course
1,oder,courses
2,oder,day
1,oder,dish
1,oder,family
1,oder,friend
1,oder,guy
1,oder,juju
1,oder,kind
2,oder,leaders
2,oder,leaves
1,oder,method
1,oder,name
1,oder,neighbour
1,oder,offences
1,oder,oga
4,oder,one
1,oder,ones
1,oder,part
1,oder,people's
8,oder,people
1,oder,person
1,oder,places
1,oder,question
1,oder,resources
1,oder,side
1,oder,son
1,oder,stuff
1,oder,thing
6,oder,tings
1,oder,tribe
1,oder,women
1,oders,increase
1,ogbonge,day
1,ogbonge,madam
1,old,chairs
1,old,citizens
1,old,level
1,old,mama
8,old,man
1,old,one
1,old,pensioner
5,old,people
1,old,suspect
1,old,ting
1,old,way
1,old,women
1,oldest,person
1,only,bank
1,only,cloth
1,only,colour
1,only,fuel
1,only,ladies
1,only,language
1,only,one
1,only,people
1,only,pikin
1,only,place
1,only,police
2,only,time
2,only,ting
2,only,way
1,open,eye
1,open,letter
1,open,university
1,optional,examination
1,ordinary,boxers
1,original,ting
1,original,tori
1,other,countries
1,other,language
1,other,person
1,other,supermarket
1,other,tings
1,our,luck
1,outside,opendential
1,overall,government
2,own,app
1,own,area
1,own,aspect
1,own,benefit
1,own,business
2,own,case
1,own,company
1,own,corn
1,own,country
1,own,creator
1,own,day
1,own,destiny
1,own,experience
3,own,family
1,own,gist
1,own,hand
1,own,hazard
1,own,head
2,own,house
1,own,humour
1,own,language
1,own,leader
1,own,leadership
1,own,level
1,own,mama
1,own,man
1,own,masa
1,own,matter
1,own,medicine
1,own,member
1,own,members
2,own,men
1,own,mindset
1,own,one
1,own,papa
1,own,parsee
1,own,pedal
3,own,pikin
1,own,plans
1,own,portion
1,own,presido
1,own,problem
1,own,profession
1,own,quota
1,own,revolution
1,own,rice
1,own,section
1,own,service
1,own,session
2,own,shop
1,own,side
1,own,son
1,own,stronghold
1,own,system
2,own,things
4,own,time
1,own,tings
3,own,tradition
1,own,week
1,own,woman
1,own,women
1,own,work
1,own,year
1,particular,money
1,particular,park
2,particular,place
3,peaceful,people
2,permanent,secretary
1,permanent,stop
2,personal,encounter
1,personal,person
1,petty,work
1,plenty,alert
1,plenty,ambitions
1,plenty,artworks
1,plenty,children
1,plenty,crayfish
1,plenty,fruit
1,plenty,girls
1,plenty,hairstyle
1,plenty,investment
3,plenty,money
1,plenty,opportunities
6,plenty,people
2,plenty,things
5,plenty,tings
1,plenty,vegetable
1,plenty,years
1,political,matter
1,political,parties
1,political,science
1,poor,family
3,poor,man
1,poor,matter
1,poor,one
2,poor,people
1,popular,station
1,possible,attack
3,pounded,yam
2,powerful,tool
1,pregnant,woman
1,pregnant,women
1,premier,season
1,present,ipad
1,present,way
1,presidential,approval
1,presidential,election
1,presidential,extension
1,presidential,villa
11,primary,school
1,private,business
1,private,school
1,private,universities
1,pro-european,candidate
1,public,yard
1,pure,water
1,quick,money
1,rainy,season
1,raw,materials
1,real,bird
3,real,person
1,real,players
2,red,carpet
1,red,carpets
1,red,cloth
1,red,gist
2,red,oil
1,red,ting
1,religious,issue
1,remaining,girls
3,rich,man
1,rich,men
1,rich,people
1,rich,women
2,richest,man
1,right,career
2,right,thing
1,sacred,time
1,safe,delivery
1,safe,hands
1,same,area
2,same,class
1,same,company
1,same,dust
1,same,fader
1,same,horses
1,same,kind
2,same,mistake
1,same,mistakes
1,same,moder
1,same,price
2,same,school
1,same,senate
3,same,time
1,same,tin
14,same,ting
1,same,tribe
1,second,extension
2,second,one
1,second,representative
1,second,term
1,second,tier
2,second,time
19,secondary,school
1,secular,music
1,secure,seat
1,self-sufficient,village
2,selfish,gain
2,senior,broder
1,sensitive,topics
1,serious,one
1,serious,opportunity
1,serious,time
1,sharp,guy
1,sharp,object
1,sharp,thing
1,sharp,tory
1,sharp,way
4,shikini,money
1,short,knicker
1,short,skirt
1,short,story
1,short,tori
1,sick,people
1,similar,checkup
1,similar,thing
1,simple,maths
1,sliding,net
1,small,acha
1,small,allowances
4,small,boy
1,small,boys
2,small,business
1,small,change
5,small,children
1,small,cocoa
1,small,cosy
1,small,injury
2,small,knife
1,small,lesson
1,small,man
11,small,money
1,small,motor
1,small,oil
1,small,one
1,small,opportunities
1,small,opportunity
1,small,pieces
10,small,pikin
1,small,problem
1,small,reception
2,small,salt
1,small,school
1,small,sin
1,small,story
1,small,thing
2,small,time
3,small,tin
5,small,ting
2,small,tings
1,small,wahala
4,small,water
3,small,work
1,social,hand
11,social,media
1,socioeconomic,development
1,socioeconomic,right
1,sociopolitical,group
1,soft,drink
1,soft,food
1,solid,food
1,spare,part
1,special,guest
1,special,likeness
1,sport,world
2,square,meal
1,square,meals
1,staunch,babe
1,straight,root
1,strong,contest
1,strong,girl
1,strong,head
1,strong,medin
1,stupid,investment
5,sulphuric,acid
1,supreme,court
1,sweet,corn
1,sweet,ending
1,sweet,soup
1,swiss,spirit
1,technical,cooperation
1,technical,director
1,technical,issues
1,technical,man
1,technical,tings
1,third,attack
2,third,one
1,third,person
1,third,reason
1,third,stone
1,tiny,ones
1,tiny,ting
1,top,gasket
1,tough,mathematics
1,traditional,dressing
1,traditional,way
1,tripartite,committee
1,typical,woman
1,undying,love
1,unexpected,call
1,unexpected,person
1,urhobo,woman
2,usual,parade
1,usual,thing
1,vital,message
1,waye,work
1,western,side
1,white,collar
1,whole,day
1,whole,house
1,whole,idea
1,whole,issue
1,whole,place
1,whole,schools
1,whole,street
1,whole,ting
1,whole,world
1,wonderful,care
2,wonderful,morning
1,wooden,hand
3,wowo,country
1,wrong,hand
1,wrong,way
1,yeye,man
1,yeye,okwakwa
1,yoruba,group
2,yoruba,man
1,yoruba,people
2,young,boys
1,young,children
2,young,girl
1,young,girls
6,young,man
2,young,men
9,young,people
1,young,treatment
3,younger,broder
2,younger,sister
1,youngest,president
1,your,death
