count,awf,nwf
2,10.,beaivvi
1,17.,artihkkal
1,17.,ustibat
1,2.,mielddus
1,agivuloš,mánná
1,aktiiva,doaibma
1,aktiiva,skuvlii
1,albma,jorbaoaivi
1,albma,ruovdi
1,albma,vástádusa
1,alit,čalmmit
1,alla,báktegaskii
2,alla,dásis
1,almmolaš,diehtojuohkima
1,almmolaš,mearridanproseassat
1,almmolaš,oahpahusa
1,almmolaš,statistihkaid
1,almmolaš,sámi
1,almmolaš,ásahusas
1,amas,dievdu
1,amas,jurdda
2,amas,loddi
1,amas,nisu
3,amas,olbmo
1,amas,olmmoš
1,amas,vahágiin
1,bahá,vuoiŋŋaid
1,bahás,gáhttu
1,bahás,jurdagat
1,bajitdási,váldofáddajoavkku
1,bassi,olbmuid
1,bassi,olmmoš
1,beaivválaš,jođiheaddji
1,beaivválaš,čoahkkimis
1,beaivásaš,oahpahusa
1,beakkán,buorideaddjit
1,beaktilis,sivat
2,bissovaš,rievttis
1,bissovaš,vissui
2,bistevaš,skuvlla
1,boahtte,crossa-gilvui
1,boahtte,geasi
1,boahtte,girjji
1,boahtte,vahkkoloahpa
1,boahtte,vahku
1,boahtte,áiggis
1,boahttevaš,jagiid
1,boares,govat
1,boares,rásiid
1,boares,sabehat
1,boares,vissui
1,boares,áddjá
1,boares,áiggis
1,boarráseamos,gállábárdni
1,boarráseamos,gállábártni
3,boarráseamos,oahppit
1,boarráseamos,oappát
1,boarráseamos,ovddasteaddjit
1,boarráseamos,viellja
1,boasttu,čuoččuhusaiguin
1,bonjuoaivvat,horti
1,buohccedikšofágalaš,dássi
1,buohccedikšofágalaš,mánáid
1,buoiddes,bierggu
1,buoremus,beliid
1,buoremus,bivdoalmmái
1,buoremus,buorideddjiid
1,buoremus,hillagáhkuid
1,buoremus,internáhtat
1,buoremus,lági
1,buoremus,olbmái
1,buoremus,olmmái
1,buoremus,sámepolitihkka
1,buoremus,vuostá
1,buoremus,vuovdi
1,buoremus,vuođđogeađgi
1,buoremus,čoavddus
1,buoret,birgejupmi
1,buoret,bissu
1,buoret,borramuš
1,buoret,dássi
1,buoret,guovlun
1,buoret,oktavuođa
1,buoret,áhčiset
1,buori,borramuša
1,buori,borramuššii
1,buori,báikki
1,buori,dola
1,buori,niibbis
1,buori,ovttasbarggu
1,buorit,attáldagat
1,buorit,buvssat
1,buorit,guolit
2,buorit,lanjat
1,buorit,ustibat
1,buorre,borramuš
1,buorre,dienas
1,buorre,doaimmaid
2,buorre,dálki
1,buorre,eallin
2,buorre,fanas
1,buorre,fuođđut
2,buorre,geassi
1,buorre,haddi
1,buorre,máhttu
1,buorre,oktavuohta
2,buorre,olmmoš
1,buorre,olmmái
1,buorre,ruhtadilli
1,buorre,veahkkin
1,buorre,váranjahki
1,buorre,áigodat
1,buorre,čuoigin
1,buorre,šiehtadussii
1,buriid,beivviid
1,buriid,biktasiid
1,buriid,šattuid
1,buriin,borramušain
1,buriin,suvlliin
1,buriin,vugiin
1,báhkka,geađgi
1,báhkka,čáziin
1,báikkálaš,bargolávdegottis
1,báikkálaš,dilálašvuođaid
1,báikkálaš,ealáhus
1,báikkálaš,gávdni
1,báikkálaš,olbmuid
2,báikkálaš,olbmuin
1,báikkálaš,veahkkin
1,báikkálaš,áviissa
1,bálkkáhis,kuráhtorin
1,bálkkálaš,eallinvuohkái
1,ceavzilis,boazodoallu
1,darfegoađášlágan,goahti
1,darfegoađášlágan,sámegiela
1,davit,sápmelaččat
1,davviriikkalaš,ovdagovaid
1,deaŧalaš,eaktu
1,deaŧalaš,sivva
1,deaŧaleamos,nannensuorgin
1,dehálaš,eallindiliid
1,dehálaš,jagi
1,dehálaš,rapporttain
1,deháleamos,ágga
1,digitála,diehtojuohkinreaidduid
1,dihto,eallindillái
1,dihto,surggiin
1,diimmá,jagi
1,divrras,geđggiiguin
1,divrras,skeaŋkkaid
1,doaibmevaš,ovdagovaid
1,doaimmalaš,johtui
1,doaimmalaš,nieidda
1,dološ,geavahusa
1,dološ,myhtain
1,dološ,olbmot
1,dološ,oskui
1,dološ,sámit
1,dološ,áiggi
1,dovddus,sámi
2,duolba,geađggi
1,duođalaš,váimmuin
1,dábálaš,dilli
2,dábálaš,eanavuovdimii
1,dábálaš,geavahanvuoigatvuođaid
1,dábálaš,gulahallanoahpaheaddji
1,dábálaš,headjaskeaŋka
1,dábálaš,jienastanvuoigatvuođa
2,dábálaš,mearrádusat
1,dábálaš,njuolggadusaid
1,dábálaš,suodjalanplánaid
1,dálá,boazodoallolága
1,dálá,geavada
1,dálá,oasálaččaide
1,dálá,ortnega
1,dálá,ortnegiin
1,dálá,ruoŧabeali
1,dálá,suomabeale
1,dálá,sámiid
1,dálá,áiggi
1,dáláš,gáibádusaid
1,dáláš,klássalanja
1,dárbbašlaš,dieđuid
1,dárbbašlaš,dieđuiguin
1,dárbbašlaš,olis
1,dárbbašlaš,veahki
1,dárkileamos,muittut
1,dárkilet,eavttuid
1,dárkilet,njuolggadusaid
1,dárogiel,sánit
1,dárogiel,teavstta
1,dárogielat,máná
1,dárogielat,mánáiguin
1,dárogielat,oahpaheaddjit
1,dárogielat,ránnját
1,dárogielat,sámi
1,dárogielat,sámit
1,eahkedis,mánoheahpin
1,eaktodáhtolaš,organisašuvnnaid
1,eaktodáhtolaš,oskui
1,eambbo,bierggu
1,eambbo,doaibmangeatnegasvuođa
1,eambbo,doaimmat
1,eambbo,gáhkuid
1,eambbo,ruđa
1,eambbo,ruđaid
1,eambbo,turistajohtolat
1,eanas,fágain
1,eanas,geasi
1,eanas,olbmuin
1,eanas,áigge
1,eanaš,bisánanbáikkit
1,eanaš,duopmárat
1,eanaš,filmmas
1,eanaš,fámut
1,eanaš,gáibádusat
1,eanaš,internáhtat
2,eanaš,mánát
1,eanaš,oahppit
1,eanaš,oassi
1,eanaš,ohppiide
1,eanaš,ruovttut
1,eanaš,skuvllat
1,eanaš,suohkaniin
1,eanaš,sámegiela
1,eanaš,viesuid
1,eanemus,girjjiid
1,eanemus,jienaid
1,eanet,dihtorprográmmaid
1,eanet,dutkama
1,eanet,geainnuid
1,eanet,láttagat
1,eanet,nohkkanáigge
1,eanet,sámegiela
1,eanet,sámi
1,earenoamáš,gelbbolašvuohta
1,ekonomalaš,doaimmaid
1,ekonomalaš,oalgeváikkuhusaiguin
1,ekstrema,dálkkit
1,elektrovnnalaš,sátnegirjjiiguin
1,elektruvnnalaš,jienastuslogus
1,erenoamáš,geometriija
1,erenoamáš,konvenšuvnnain
1,erenoamáš,mearrádusat
1,erenoamáš,muitu
1,erenoamáš,rolla
1,erenoamáš,ulbmiljoavku
1,fiinna,dávgebissu
1,fiinna,dávgebissuid
1,fiinna,heavdne-mánnigárvvut
1,fiinna,olmmái
1,fiskes,ivnnit
1,fiskes,viesus
1,formála,váldi
1,formálalaš,dearvvašvuođaoahppu
1,freestyle,motocrossa
1,freestyle,motocrossas
1,friija,álbmot
1,fuones,ášši
1,fámolaš,daguidis
1,fásta,dulkaveaga
1,fásta,opmodagaide
1,galbma,ijas
1,garra,gilvu
1,garra,miella
1,garra,oaivilat
1,garra,reakšuvnnaid
1,garra,sámi
1,gaskaboddosaš,dálut
1,gaskaboddosaš,lanjain
1,gaskaneas,váttisvuođaid
1,gaskasaš,ovttasbargoorgánii
1,geafes,bearrašiid
1,geafes,olbmá
2,geahppaset,gurppas
1,gelddolaččamus,girjjiid
1,geográfalaš,guovlu
1,gielalaš,ealáskahttimii
1,gievramus,stállu
1,gievrras,boles
1,gievrras,gieđain
1,girkes,sámi
1,girkes,čalmmiiguin
1,goalmmát,beaivvi
1,goalmmát,minuvttas
1,goalmmát,oasis
1,goalmmát,čuokkis
1,goappašat,bártniidis
1,goike,gáhčči
1,golmmagielat,gelbbolašvuođa
1,govdosaš,geaidnu
1,govttolaš,áigemeriin
3,grammatihkalaš,analysa
1,grammatihkalaš,analysii
1,guhkes,hearvabáttit
1,guhkes,njunis
1,guhkes,skuvlabeaivvit
1,guhkes,vuojeheame
1,guhkes,áigi
1,guhkimus,fanas
1,guhkit,mátki
3,guhkit,áiggi
1,gullevaš,doaibmabijut
1,guoskevaš,eiseválddiin
1,guoskevaš,áššiin
1,guovddáš,oassi
1,guovddáš,proseassaid
1,guovddáš,ulbmil
1,guovddáš,vuovddis
1,guovlluguovdasaš,dearvvašvuođadoaimmat
1,guovttegeardán,skoađas
1,gurut,oalggis
1,gustovaš,riekteteoriija
1,gánnetmeahttun,fálaldaga
1,gáržžes,ruhtadilli
1,heajos,dilli
1,heajos,dálki
1,heajos,dárogiela
1,heajos,jiekŋa
1,heajos,skuvllaboahtimii
1,heajumus,girji
1,heajut,dálki
1,heivvolaš,oaivil
1,hirbmat,julla
1,historjjálaš,dilit
1,horilaš,sohkaoaivámuččat
1,hálbbes,hoteallas
1,hálddahuslaš,jođiheapmái
1,ideologalaš,mearrádus
2,iešbirgejeaddji,ásahus
1,iešguđetlágán,eavttuiguin
1,iešguđetlágán,ipmárdusat
1,ihttá,sámi
1,individuála,eallinprošeavttaid
1,ivttáš,aviissas
2,jagáš,básárdoaluin
1,jahkebeallásaš,gávpeskuvlla
3,jahkásaš,bušeahttarámma
1,jahkásaš,doavttergrádakurssa
1,jahkásaš,gáfe
1,jahkásaš,johtolagat
1,jahkásaš,mearkkašumiideaset
1,jahkásaš,mánáin
1,jalges,dievás
1,jalges,gittiide
1,jallas,nieidda-guovttuin
1,jeavddalaš,goallossázu
1,jeavddalaš,skuvlavázzin
3,jorba,beavddit
1,jorba,gáhkuid
1,juhkkis,olmmoš
1,juogalágán,riikkaeadnin
1,juohkelágan,olbmot
1,jápma,olbmo
1,konkrehta,háve
1,konkrehta,áhči
1,konkrehtalaš,buoridandoaimmaid
1,kruvdnosaš,buhtadusa
1,kruvdnosaš,mearrádusaid
1,kultuvrralaš,konteavstta
1,lagas,ovttasbargu
1,lagaš,lákcagáhku
1,lagaš,olbmuideaset
1,liegga,bivttas
1,liegga,geasseijat
1,liegga,ilbmi
1,liegga,liema
1,liegga,proseassas
1,lihkatmeahttun,guovddáš
1,lingvisttalaš,filosofiija
1,loahpalaš,oaivilat
1,logát,luohká
1,lohkkis,mánná
1,lojit,hearggit
1,lotnolas,dássádatdilálašvuohta
1,lunddolaš,guvhlláriin
1,lunddolaš,lohkan
1,lunddolaš,rájáiguin
1,luohtehahtti,sánit
1,luohttevaš,ustit
1,lágán,diŋggaid
1,lágán,geđggiiguin
1,láikkes,olbmuide
1,maŋemus,bolesiin
1,maŋemus,jagi
1,maŋemus,vealahanáššis
1,maŋemuš,máilmmicupgilvvu
1,maŋimus,jagi
1,maŋimus,ovttasbargočoahkkin
1,maŋimus,veršuvnnaid
1,maŋimuš,stivrrasadji
1,maŋimuš,vuorbi
1,maŋimuš,áiggi
1,miellagiddevaš,olbmuid
1,mihtilmas,diliid
1,mihtilmas,sámi
1,molssaevttolaš,dálkkasdiehtaga
1,movttegis,bivdoalmmái
4,muhtinlágan,stállu
2,muhtinlágan,stálu
1,muhtinlágan,čoahkkimat
1,máilmmiviidosaš,oktavuohta
1,máttimus,sápmelaččat
1,máttimus,várrepresideanta
1,máŋggakultuvrrat,áddejumi
1,nana,boasttas
1,nana,jáhku
1,nana,searvevuohta
1,nana,árbevierru
1,nannoset,gáhttema
1,našunála,dutkanguovddáš
2,neavrres,olmmoš
1,neavrres,searvi
1,negatiiva,oainnut
1,njealját,bruvssa
1,njealját,lađđasii
1,njealját,oasis
1,njuolga,dakŋasiin
1,njuolga,oahpu
1,njuoska,biktasiid
1,njuoska,bálvaleaddjiidis
2,njálgga,gáhkuid
1,njálgga,mállása
1,norgalaš,cukcasat
1,nubbi,lađas
1,nuoramus,bártni
1,nuoramus,nieida
1,nuorat,oarbinat
1,nuorra,nieida
1,nuorra,nieiddat
1,nuorra,nisu
1,nuorra,prinssa
1,nuorra,sámenieidda
1,nuorra,taleanttaid
1,nuppi,buolvvas
1,nuppi,gearddis
1,nuppi,sámi
2,nuppi,vuorus
1,nuppi,čuollu
1,nággovuloš,ášši
1,náitalan,nissona
1,náitalan,prošeavttas
1,oanehis,botta
1,oanehis,juovlaluomus
1,oktasaš,evttohusa
1,oktasaš,lullisámi
1,oktasaš,stivrenorgánaide
1,oktasaš,vuoigatvuođaid
1,olgeš,guvlui
1,olles,bearrašiinnis
1,olles,bellodat
1,olles,dearvvuođaid
1,olles,doaibmaviessu
1,olles,dálvvi
1,olles,fatnasa
2,olles,gorut
1,olles,gáhku
1,olles,hálddašanláhka
1,olles,máilbmi
1,olles,máilmmis
1,olles,olgoriikii
1,olles,uhcitlohku
1,olles,áigge
1,olles,čoddagiin
1,ollislaš,gova
1,ollu,amerihkálaččat
1,ollu,artihkkal
1,ollu,bargu
1,ollu,bearrašat
1,ollu,boazosápmelaččaid
1,ollu,bohccot
1,ollu,bohccuid
1,ollu,cealkagiid
1,ollu,cizážat
1,ollu,dadjamuš
1,ollu,doalut
1,ollu,dokumeanttat
1,ollu,dáhpáhusaid
1,ollu,fápmu
1,ollu,geardduheapmi
3,ollu,girjjiid
1,ollu,internáhttabirrasis
1,ollu,jagiid
1,ollu,jekkiid
1,ollu,jiena
1,ollu,jienaid
1,ollu,joŋat
1,ollu,lieggasa
1,ollu,luopmánat
1,ollu,luottaid
1,ollu,láddelaččat
1,ollu,láttagat
1,ollu,muorjjit
1,ollu,muorttut
1,ollu,márkana
1,ollu,nuorat
1,ollu,oahppit
3,ollu,olbmot
1,ollu,olbmuid
1,ollu,ruhta
1,ollu,ránnját
1,ollu,stohkosat
1,ollu,studeanttat
1,ollu,suinniid
1,ollu,sámegiela
1,ollu,sámit
1,ollu,sápmelaččaide
1,ollu,tuollárat
1,ollu,turisttat
1,ollu,ustibat
1,ollu,veahki
3,ollu,váramat
1,ollu,áiggi
1,ollu,áigi
1,ollu,ásahusat
1,ollu,čiŋat
1,ollu,čálus
1,olu,biebmu
1,olu,doaimmain
1,olu,doalut
1,olu,gerddiid
1,olu,rássi
2,oppa,eatnama
1,oppa,fanasduddjonvieruid
1,oppa,joavkkuinis
1,oppa,áigge
1,oppalaš,geavahanvuoigatvuođaid
1,oppalaš,hábmema
1,oppalaš,konvenšuvnnain
1,oslolaš,gánda
1,otná,skuvlla
1,ovddasteaddji,orgána
1,ovddeš,internáhtain
1,ovddeš,oahppit
3,ovddeš,áiggiid
1,ovddit,jahkečuođi
1,ovddit,lága
1,ovddit,noađđehearggi
1,ovttalágan,ovdánanvejolašvuođaid
1,ovttalágan,áddejumiid
1,ovttaskas,boazodolliid
1,ovttaskas,olbmo
1,ovttaskas,olbmuide
1,ovttaárvosaš,gielat
1,ođđa,bargui
1,ođđa,beana
1,ođđa,biilla
1,ođđa,biktasiid
2,ođđa,boazodoallolága
1,ođđa,boazodoalloláhka
1,ođđa,buktagiid
1,ođđa,buvssat
1,ođđa,dearvvašvuođabargiidjoavkku
1,ođđa,dieđuid
1,ođđa,dokumentárafilbma
2,ođđa,dávgebissu
1,ođđa,fanas
1,ođđa,fatnasa
1,ođđa,gielkká
1,ođđa,girjin
1,ođđa,goanstta
1,ođđa,govaid
1,ođđa,gákti
1,ođđa,konvenšuvdnii
1,ođđa,luođi
1,ođđa,lyrihkka
2,ođđa,lágaid
2,ođđa,láibbohagas
1,ođđa,nuorran
2,ođđa,oahpaheaddji
1,ođđa,oasi
1,ođđa,olbmuid
2,ođđa,sabehat
1,ođđa,sabehiid
1,ođđa,sihkkeliid
1,ođđa,siidaosiid
1,ođđa,skuvla
1,ođđa,skuvlaplána
1,ođđa,sámi
1,ođđa,tunealla
1,ođđa,virggi
1,ođđa,áigái
1,ođđa,álddut
1,ođđamállet,fievrrut
1,ođđaseamos,biilla
1,ođđaseamos,harry_potter-filmma
1,ođđaáigásaš,čállinmášiidna
1,parlamentáralaččaid,gávppiin
1,parlamentáralaččaid,konferánsa
1,partiála,geavahanvuoigatvuođaid
1,persovnnalaš,fierpmádagaid
1,poliklinihkalaš,divššus
1,politihkalaš,doaimmain
1,prinsihpalaš,vuolggasajit
1,priváhta,oaivilat
2,priváhta,olbmuid
1,profehtalaš,sániid
1,rabas,boazodoalu
1,rabas,gulaskuddan
1,rabas,julggiid
1,rabas,mearas
1,rabas,mollii
1,rabas,seaidneskoađas
1,rabas,vuoigatvuođat
1,radikála,rievdadus
1,riektehistorjjálaš,ovdanbuktimis
1,rievttes,dárogiela
1,rievttes,namain
1,rievttes,olbmot
1,rievttes,valáštallansearvi
1,rievttálaš,árvvoštallamis
1,riggámus,sogas
1,riikkaidgaskasaš,birasulbmilat
1,riikkalaš,beroštumiiguin
1,rikkis,sogas
1,rivttes,vissui
1,roagga,gándajienat
1,romit,reivve
1,rukses,biillas
1,rukses,persovdnabiila
1,ruoná,geađgi
2,ruoŧa,hállehus
1,ruđalaš,ávki
1,ruškes,viesus
1,rádjerasttildeaddji,boazodoallu
1,rádjerasttildeaddji,boazodoalu
1,ráfálaš,luonddus
1,ráhpadat,ođđasishuksenáigge
1,ránes,balvva
1,ránes,datneláiggiin
1,ráđđeaddi,stáluide
2,ráđđeaddi,váldi
1,sadjásaš,stipeandda
1,seammalágan,vugiin
1,seammádássásaš,bohtosiid
1,sierra,eamiálbmotdutkamiid
1,sierra,fálaldat
1,sierra,joavku
1,sierra,linnjáid
1,sierra,neahttauskkádaga
1,sierra,niegu
1,sierra,prošeavtta
1,sierra,ruvnno
1,sierra,skuvlaviesut
1,sierra,suidnenlanjat
1,sierra,sámegielas
1,sierra,sámi
1,sierra,čilgehus
1,sierralágan,diehtojuohkingeahččaleamit
1,sierralágan,holbi
1,sierralágan,sáhpániid
1,sierranas,geavahanvuoigatvuođaid
1,sierranas,jearrama
1,siivo,olmmožin
1,silolaš,dilálašvuođa
1,siskkáldas,ovdánanvejolašvuođaid
1,siskkáldas,áddejumiid
1,skuvllageatnegahtton,ohppiin
1,smávit,vuoittut
1,smávva,barttažiin
1,smávva,ealibiin
1,smávva,elliid
1,smávva,latnja
1,smávva,sieđga
1,sosiála,gulavašvuođas
1,sosiála,áššiid
1,sosiálalaš,dáhpáhusat
1,sosiálalaš,meassamat
1,sosiálalaš,oktavuođadoallin
1,sosiálalaš,stáhta
1,sosiálalaš,čoaggananbáikin
1,struktuvrralaš,oaidninčiegas
1,stuora,beana
1,stuora,bovdna
1,stuora,duopmárat
1,stuora,eamiálbmogiid
1,stuora,erohusat
2,stuora,fámut
1,stuora,fápmu
2,stuora,gápmagiiguin
1,stuora,gávpogis
1,stuora,jeakkit
1,stuora,mánát
1,stuora,oasi
2,stuora,ovddasvástádusa
1,stuora,vahágin
1,stuora,vuordámušat
1,stuora,váivin
1,stuoribuš,osiid
1,stuorit,oađđenlanja
1,stuorit,ram-muitu
1,stuorra,báđi
1,stuorra,doarjaga
1,stuorra,geađgi
1,stuorra,gilvu
2,stuorra,gánddat
1,stuorra,luosa
1,stuorra,mánát
1,stuorra,nieida
1,stuorra,noađđi
1,stuorra,ránu
1,stuorra,sarvai
1,stuorra,sisaboahtun
1,stuorra,skuvllas
1,stuorra,snuolggat
1,stuorra,stálu
1,stuorra,sávzzat
1,stuorra,ávkin
1,stuorámus,bellodat
1,stuorámus,evttohanvuoigatvuohta
1,stuorát,deattu
1,stuorát,konfereansa
1,stuorát,mearkkašupmi
1,stuorát,oadjebasvuođa
1,stuorát,sisabáhkkemiin
1,stáhtalaš,eiseválddit
1,suhkkes,vuvddiid
1,sullasaš,bargguin
1,sullasaš,jearaldagaid
1,suohpahis,niidii
1,suohtas,bierggu
1,suohtas,áigi
1,suohttaseamos,áigi
1,suomagielat,gelbbolašvuođa
1,sámegiel,fálaldat
1,sámegiel,girji
1,sámegielat,buohccidivššárat
1,sámegielat,doaktáriid
1,sámegielat,guovllut
2,sámegielat,oahppit
1,sámegielat,studeanttat
1,sámegielat,sámi
1,sápmelaš,oahpahanvuogit
1,teknihkalaš,oasis
1,uhca,nieiddažis
1,uhca,stáloš
1,uhcimus,jienaid
1,ulbmillaš,vuogi
1,unna,buđehaš
1,unna,gánda
1,unna,jovkkoš
1,unna,mánáš
1,unna,vieljaš
1,unnit,mánáid
1,unohis,šlárvaságaid
1,varas,biergguid
1,varas,guolli
1,varas,luonddubuktagiiguin
1,varas,láibi
1,varas,olgoseaidni
1,varas,rušppiid
1,vejolaš,dikšunvugiid
1,vejolaš,viidodahkii
1,vieris,stáhtaiguin
1,viiddis,saji
1,viidáset,bargui
1,viidásut,geavaheamis
1,viidát,vuoigatvuođaid
3,vilges,viesus
1,visot,eanavuovdimii
1,visot,meahcielliiguin
1,visot,mánát
1,visot,suodjalanplánaid
1,vissis,mearri
1,viđát,minuvttas
1,viššalis,bargi
1,vuoiŋŋalaš,viessun
1,vuolit,duopmu
1,vuolit,dási
1,vuolit,dásis
1,vuolit,jávrái
1,vuolit,čázi
1,vuollegis,juoigan
1,vuollásaš,ráđit
1,vuorrasit,beallái
1,vuosttas,lađđasis
1,vuosttaš,beaivi
1,vuosttaš,beaivvi
1,vuosttaš,cd
1,vuosttaš,ceakkočuolddas
1,vuosttaš,duodjeoahpahalliin
2,vuosttaš,gearddis
1,vuosttaš,girji
1,vuosttaš,girjji
1,vuosttaš,goađi
4,vuosttaš,jagi
1,vuosttaš,jagiid
1,vuosttaš,jođiheaddji
1,vuosttaš,klássa
1,vuosttaš,logijagiid
1,vuosttaš,loktema
1,vuosttaš,luohkás
1,vuosttaš,minuvtta
1,vuosttaš,máilbmesoađi
1,vuosttaš,skeaŋkka
1,vuosttaš,skuvla-
1,vuosttaš,sámi
1,vuosttaš,veršuvdna
2,vuosttaš,vuoru
1,vuosttaš,válggas
1,vuđolaš,ságastallamiid
1,váilevaš,dieđuiguin
1,váilevaš,hearvásvuođat
1,váilevaš,oahppu
1,váilevaš,ovttastahttin
1,válmmas,dáigi
1,vástevaš,doaimmain
1,vátna,oahppiidis
1,váttes,jagiid
1,Álbmotrievttálaš,bearrašeallimii
1,Álbmotrievttálaš,riektegáldoosiid
1,áidna,deaivvadansajit
1,áidna,liggenvejolašvuohta
1,áidna,mearridanvuogádat
1,áidna,sámegiela
1,áigeguovdilis,govaid
1,áigeguovdilis,áššit
1,álkes,bihttá
1,álkes,vuohki
1,álkimus,fága
1,álkimus,gieđaideaset
1,álás,julggiid
1,árbevirolaš,juovlabására
1,árbevirolaš,mainnas
1,árra,iđit
1,ávkkálaččamus,vuohki
1,áŋgiris,bivdit
2,Čáhppes,bearral
1,čalmmehis,ášši
1,čeahpes,bivdoalmmái
1,českes,goruda
1,čielga,dieđu
1,čielga,gáibádusat
1,čielga,mearrádus
1,čielga,muođuid
1,čielga,niehku
1,čielga,oavdudagu
1,čielga,sámegiela
1,čielga,vugiin
1,čielga,vuohki
1,čuorbbimus,rievvár
1,čuovvovaš,kurssas
1,čuovvovaš,sajis
2,čuvges,vuovttaid
1,čáhppes,viesus
1,čálalaš,kultuvra
1,čáppa,diehpit
1,čáppa,dálki
1,čáppa,gohppu
1,čáppa,guovllus
1,čáppa,hámi
1,čáppa,johtui
1,čáppa,nieidda
1,čáppa,niibbi
1,čáppa,organisašuvnnat
1,čáskatmeahttun,dolas
1,čáskatmeahttun,nieidda
