motsetningsfylte/ADJ,politiske/ADJ,liv/NOUN
siste/ADJ,profesjonelle/ADJ,miljø/NOUN
billige/ADJ,retoriske/ADJ,grepet/NOUN
ny/ADJ,rødgrønn/ADJ,valgseier/NOUN
mange/ADJ,halvhjertede/ADJ,Ap-velgere/NOUN
frittalende/ADJ,finanspolitiske/ADJ,talsmann/NOUN
flere/ADJ,lignende/ADJ,flagginger/NOUN
oppbrettet/ADJ,hjemmesydd/ADJ,dongeribukse/NOUN
selvbiografiske/ADJ,ideologiske/ADJ,dokument/NOUN
ulike/ADJ,sentrum-venstre/ADJ,opposisjonspartier/NOUN
nye/ADJ,sosiale/ADJ,klasser/NOUN
store/ADJ,sosiale/ADJ,problemer/NOUN
stort/ADJ,demokratisk/ADJ,underskudd/NOUN
flere/ADJ,amerikanske/ADJ,medier/NOUN
industriell/ADJ,virksomhet/NOUN,generelt/ADJ
Nyere/ADJ,tekniske/ADJ,kulturminner/NOUN
fredet/ADJ,fast/ADJ,kulturminne/NOUN
marin/ADJ,vegetasjon/NOUN,generelt/ADJ
flere/ADJ,amerikanske/ADJ,myndighetspersoner/NOUN
løpende/ADJ,faste/ADJ,bosetting/NOUN
eksisterende/ADJ,statlig/ADJ,virksomhet/NOUN
intenst/ADJ,politisk/ADJ,arbeid/NOUN
økende/ADJ,internasjonal/ADJ,konkurranse/NOUN
mange/ADJ,livskraftige/ADJ,lokalsamfunn/NOUN
Flere/ADJ,nordkoreanske/ADJ,nyhetsbyråer/NOUN
Sterkere/ADJ,privat/ADJ,eierskap/NOUN
store/ADJ,sosialistiske/ADJ,tenkere/NOUN
mange/ADJ,sterke/ADJ,folk/NOUN
lange/ADJ,demokratiske/ADJ,tradisjoner/NOUN
sterke/ADJ,offentlige/ADJ,velferdstjenester/NOUN
Nye/ADJ,sikkerhetspolitiske/ADJ,utfordringer/NOUN
viktigste/ADJ,strategiske/ADJ,satsingsområde/NOUN
samlede/ADJ,norske/ADJ,interesser/NOUN
ansvarlig/ADJ,økonomisk/ADJ,politikk/NOUN
stor/ADJ,internasjonal/ADJ,skepsis/NOUN
flere/ADJ,titalls/ADJ,tusen/NOUN
økte/ADJ,politiske/ADJ,kjøttvekt/NOUN
nye/ADJ,krevende/ADJ,departement/NOUN
nedleggingstruede/ADJ,private/ADJ,tilbudet/NOUN
tyktflytende/ADJ,brunsvart/ADJ,øl/NOUN
mange/ADJ,nye/ADJ,folk/NOUN
lovende/ADJ,økonomiske/ADJ,utsikter/NOUN
prinsipiell/ADJ,politisk/ADJ,debatt/NOUN
ledende/ADJ,norske/ADJ,politikere/NOUN
første/ADJ,store/ADJ,biografien/NOUN
Flere/ADJ,små/ADJ,prosjeter/NOUN
ledende/ADJ,norske/ADJ,politikere/NOUN
arbeidskrevende/ADJ,skriftlig/ADJ,fremstilling/NOUN
mange/ADJ,ulovlige/ADJ,streikene/NOUN
viktige/ADJ,sosiale/ADJ,reformer/NOUN
enkelte/ADJ,gode/ADJ,venner/NOUN
fjerde/ADJ,utskrevne/ADJ,barn/NOUN
Bedre/ADJ,sosiale/ADJ,støtteordninger/NOUN
nyopprettede/ADJ,faglige/ADJ,utvalg/NOUN
nåværende/ADJ,politisk/ADJ,redaktør/NOUN
flere/ADJ,smigrende/ADJ,tilbud/NOUN
stor/ADJ,gammel/ADJ,ovn/NOUN
store/ADJ,norske/ADJ,overraskelsen/NOUN
mange/ADJ,forskjellige/ADJ,måter/NOUN
tredje/ADJ,beste/ADJ,tid/NOUN
nye/ADJ,fortjente/ADJ,poeng/NOUN
klare/ADJ,øvre/ADJ,kostnadsrammer/NOUN
rimelig/ADJ,taktisk/ADJ,kampfly/NOUN
store/ADJ,antall/NOUN,skadede/ADJ
gamle/ADJ,meteorologiske/ADJ,stasjonen/NOUN
internasjonale/ADJ,geofysiske/ADJ,år/NOUN
store/ADJ,utenlandske/ADJ,aktørene/NOUN
høyverdig/ADJ,elektrisk/ADJ,kraft/NOUN
fleste/ADJ,offentlige/ADJ,byggene/NOUN
store/ADJ,norske/ADJ,energiselskapene/NOUN
store/ADJ,fiskeripolitiske/ADJ,debatten/NOUN
fattige/ADJ,norske/ADJ,stat/NOUN
flere/ADJ,statlige/ADJ,tilskudd/NOUN
nasjonal/ADJ,forpliktende/ADJ,opptrappingsplan/NOUN
grunnleggende/ADJ,offentlige/ADJ,velferdstjenester/NOUN
nye/ADJ,fornybare/ADJ,energikilder/NOUN
fortsatt/ADJ,økonomisk/ADJ,vekst/NOUN
ansvarlige/ADJ,økonomiske/ADJ,rammer/NOUN
langvarig/ADJ,politisk/ADJ,arbeid/NOUN
ulike/ADJ,kulturelle/ADJ,aktiviteter/NOUN
nye/ADJ,internasjonale/ADJ,orden/NOUN
farlig/ADJ,narkotisk/ADJ,stoff/NOUN
flere/ADJ,nye/ADJ,medlemmer/NOUN
vanlige/ADJ,rusbelastede/ADJ,miljøene/NOUN
reseptpliktig/ADJ,sentralstimulerende/ADJ,middel/NOUN
ny/ADJ,norsk/ADJ,EU-debatt/NOUN
mange/ADJ,seriøse/ADJ,aktører/NOUN
nye/ADJ,institusjonelle/ADJ,elementene/NOUN
tradisjonelle/ADJ,plantebaserte/ADJ,legemidler/NOUN
mange/ADJ,små/ADJ,bedrifter/NOUN
ekle/ADJ,nelly.com-kledde/ADJ,jentene/NOUN
mange/ADJ,smertefulle/ADJ,prosesser/NOUN
grunnleggende/ADJ,familiemessige/ADJ,rettigheter/NOUN
høyt/ADJ,ureglementert/ADJ,fravær/NOUN
uriktig/ADJ,medisinsk/ADJ,informasjon/NOUN
flere/ADJ,felles/ADJ,interesser/NOUN
mye/ADJ,fornybar/ADJ,energi/NOUN
stort/ADJ,økonomisk/ADJ,potensiale/NOUN
Fremragende/ADJ,norsk/ADJ,arkitektur/NOUN
storslått/ADJ,norsk/ADJ,satsing/NOUN
norske/ADJ,politiske/ADJ,synspunkter/NOUN
unikt/ADJ,internasjonalt/ADJ,samarbeid/NOUN
forunderlige/ADJ,litterære/ADJ,univers/NOUN
drivende/ADJ,god/ADJ,forteller/NOUN
Grand/ADJ,old/ADJ,man/NOUN
første/ADJ,norske/ADJ,filial/NOUN
mange/ADJ,unge/ADJ,kvinner/NOUN
flere/ADJ,celebre/ADJ,taler/NOUN
sunn/ADJ,menneskelig/ADJ,handling/NOUN
sleip/ADJ,liten/ADJ,jævel/NOUN
ny/ADJ,amerikansk/ADJ,ambassade/NOUN
nye/ADJ,amerikanske/ADJ,komplekset/NOUN
mange/ADJ,sterke/ADJ,individer/NOUN
tilsynelatende/ADJ,harmløse/ADJ,produktet/NOUN
skremmende/ADJ,store/ADJ,romskip/NOUN
velkjente/ADJ,amerikanske/ADJ,landemerker/NOUN
skinnende/ADJ,røde/ADJ,sportsbil/NOUN
første/ADJ,svarte/ADJ,spilleren/NOUN
første/ADJ,engelske/ADJ,fotballproff/NOUN
mange/ADJ,virkelige/ADJ,venner/NOUN
andre/ADJ,gode/ADJ,vennen/NOUN
mange/ADJ,store/ADJ,sjanser/NOUN
ulike/ADJ,sentrale/ADJ,politikere/NOUN
viktige/ADJ,kulturpolitiske/ADJ,skillelinja/NOUN
Sterk/ADJ,politisk/ADJ,styring/NOUN
sterk/ADJ,politisk/ADJ,styring/NOUN
stort/ADJ,europeisk/ADJ,Nato-land/NOUN
fleste/ADJ,negative/ADJ,utviklingstrekk/NOUN
masse/ADJ,forskjellige/ADJ,mennesker/NOUN
mange/ADJ,økte/ADJ,stillingsprosenter/NOUN
brutale/ADJ,politiske/ADJ,begivenhetene/NOUN
masse/ADJ,storslåtte/ADJ,bygninger/NOUN
Mange/ADJ,sentrale/ADJ,aktører/NOUN
grunnleggende/ADJ,europeiske/ADJ,verdier/NOUN
gamle/ADJ,fascistiske/ADJ,symbolene/NOUN
enkelte/ADJ,religiøse/ADJ,ledere/NOUN
fleste/ADJ,politiske/ADJ,partier/NOUN
enorm/ADJ,moralsk/ADJ,betydning/NOUN
geriatrisk/ADJ,politisk/ADJ,kultur/NOUN
ny/ADJ,dansk/ADJ,regjering/NOUN
store/ADJ,økonomiske/ADJ,problemene/NOUN
tidligere/ADJ,danske/ADJ,valgkamper/NOUN
diverse/ADJ,libyske/ADJ,helter/NOUN
Nato-støttet/ADJ,libysk/ADJ,styrke/NOUN
første/ADJ,store/ADJ,møtet/NOUN
vestvennlige/ADJ,libyske/ADJ,regjeringsapparatet/NOUN
flere/ADJ,norske/ADJ,bedrifter/NOUN
mange/ADJ,ansvarlige/ADJ,stemmer/NOUN
suggererende/ADJ,voldelige/ADJ,dataspill/NOUN
mange/ADJ,avgjørende/ADJ,spørsmål/NOUN
store/ADJ,lokale/ADJ,variasjoner/NOUN
ny/ADJ,politisk/ADJ,kurs/NOUN
fleste/ADJ,politiske/ADJ,partier/NOUN
mange/ADJ,kritiske/ADJ,kommentarer/NOUN
religionspolitiske/ADJ,spørsmål/NOUN,generelt/ADJ
nåværende/ADJ,statlige/ADJ,tros-/NOUN
sentrale/ADJ,kirkelige/ADJ,myndigheter/NOUN
ekstra/ADJ,økonomiske/ADJ,strakstiltak/NOUN
eksisterende/ADJ,kulturminnefaglige/ADJ,miljøer/NOUN
tilsvarende/ADJ,økonomisk/ADJ,kompensasjon/NOUN
viktig/ADJ,sammenbindende/ADJ,faktor/NOUN
store/ADJ,økonomiske/ADJ,ressurser/NOUN
nye/ADJ,norske/ADJ,staten/NOUN
større/ADJ,indre/ADJ,frihet/NOUN
frivillige/ADJ,kristelige/ADJ,organisasjoner/NOUN
faste/ADJ,besluttende/ADJ,organene/NOUN
lovfestede/ADJ,kirkelige/ADJ,organene/NOUN
frivillige/ADJ,kirkelige/ADJ,organisasjoner/NOUN
første/ADJ,islamske/ADJ,trossamfunnene/NOUN
religiøst/ADJ,forankrede/ADJ,prinsipper/NOUN
grunnleggende/ADJ,rettslige/ADJ,spørsmålet/NOUN
viktigste/ADJ,prinsipielle/ADJ,spørsmålene/NOUN
særskilt/ADJ,valgte/ADJ,organer/NOUN
full/ADJ,konstitusjonell/ADJ,frihet/NOUN
særskilt/ADJ,valgte/ADJ,organer/NOUN
verdige/ADJ,livssynsfleksible/ADJ,seremonilokaler/NOUN
lokale/ADJ,eiendomsrettslige/ADJ,spørsmålene/NOUN
fleste/ADJ,viktige/ADJ,forhold/NOUN
sentrale/ADJ,kirkelige/ADJ,eiendommer/NOUN
produktive/ADJ,marine/ADJ,økosystemet/NOUN
tyngre/ADJ,tekniske/ADJ,naturinngrep/NOUN
naturlige/ADJ,biologiske/ADJ,mangfoldet/NOUN
vesentlig/ADJ,menneskelig/ADJ,inngripen/NOUN
naturlige/ADJ,økologiske/ADJ,prosesser/NOUN
naturlige/ADJ,biologiske/ADJ,mangfoldet/NOUN
organiske/ADJ,forurensende/ADJ,stoffer/NOUN
begrensede/ADJ,geografiske/ADJ,områder/NOUN
enkle/ADJ,arktiske/ADJ,næringskjedene/NOUN
fleste/ADJ,arktiske/ADJ,artene/NOUN
mange/ADJ,arktiske/ADJ,arter/NOUN
Persistente/ADJ,organiske/ADJ,miljøgifter/NOUN
mange/ADJ,gjestende/ADJ,lag/NOUN
beste/ADJ,klimatiske/ADJ,forholdene/NOUN
nordligste/ADJ,permanente/ADJ,bosetting/NOUN
befolkede/ADJ,russiske/ADJ,bosettingen/NOUN
viktige/ADJ,kulturhistoriske/ADJ,dokumenter/NOUN
enkelte/ADJ,næringsdrivende/ADJ,selskaper/NOUN
overordnede/ADJ,strategiske/ADJ,målene/NOUN
eventuelle/ADJ,nye/ADJ,verneområder/NOUN
stedlige/ADJ,løpende/ADJ,miljøforvaltningsarbeidet/NOUN
viktige/ADJ,norske/ADJ,institusjoner/NOUN
heleiet/ADJ,statlig/ADJ,aksjeselskap/NOUN
første/ADJ,mulige/ADJ,belegg/NOUN
østerriksk-ungarsk/ADJ,vitenskapelig/ADJ,ekspedisjon/NOUN
første/ADJ,meteorologiske/ADJ,stasjonen/NOUN
kontinuerlige/ADJ,meteorologiske/ADJ,observasjoner/NOUN
lovlige/ADJ,norske/ADJ,regjerings/NOUN
ny/ADJ,meteorologisk/ADJ,stasjon/NOUN
gamle/ADJ,meteorologiske/ADJ,stasjonen/NOUN
flere/ADJ,nye/ADJ,spillere/NOUN
beste/ADJ,lokale/ADJ,klubber/NOUN
nye/ADJ,gode/ADJ,fotballspillere/NOUN
strålende/ADJ,nye/ADJ,forsamlingsanlegget/NOUN
enkelte/ADJ,usikre/ADJ,moment/NOUN
mer/ADJ,bevisste/ADJ,forsøk/NOUN
årets/ADJ,første/ADJ,måned/NOUN
kortvarig/ADJ,liten/ADJ,storm/NOUN
nordvestlig/ADJ,full/ADJ,storm/NOUN
nye/ADJ,offshore/ADJ,simulatorsenter/NOUN
nye/ADJ,offshore/ADJ,simulator/NOUN
Sterke/ADJ,maritime/ADJ,tradisjoner/NOUN
fleste/ADJ,børsnoterte/ADJ,selskaper/NOUN
flere/ADJ,nye/ADJ,språk/NOUN
mektige/ADJ,afrikanske/ADJ,løven/NOUN
store/ADJ,afrikanske/ADJ,dyrenen/NOUN
elskelig/ADJ,indignerte/ADJ,herremannen/NOUN
mange/ADJ,gode/ADJ,oppspill/NOUN
evig/ADJ,norsk/ADJ,miskreditt/NOUN
mye/ADJ,god/ADJ,inspirasjon/NOUN
mange/ADJ,små/ADJ,øystater/NOUN
suveren/ADJ,nordisk/ADJ,rekord/NOUN
heleid/ADJ,statlig/ADJ,selskap/NOUN
heleid/ADJ,statlig/ADJ,selskap/NOUN
heleid/ADJ,statlig/ADJ,selskap/NOUN
flere/ADJ,teknologiske/ADJ,løsninger/NOUN
vidunderlige/ADJ,jødiske/ADJ,fortelleren/NOUN
store/ADJ,industrielle/ADJ,perspektiver/NOUN
mange/ADJ,positive/ADJ,sider/NOUN
forurensende/ADJ,importert/ADJ,kraft/NOUN
flere/ADJ,seriøse/ADJ,selskaper/NOUN
nødvendige/ADJ,økonomiske/ADJ,lønnsomhet/NOUN
totale/ADJ,norske/ADJ,aluminiumsindustri/NOUN
stor/ADJ,mental/ADJ,anstrengelse/NOUN
såkalt/ADJ,arbeidende/ADJ,kapital/NOUN
religiøs/ADJ,fundamental/ADJ,fanatisme/NOUN
bedre/ADJ,internasjonal/ADJ,styring/NOUN
store/ADJ,politiske/ADJ,utfordringen/NOUN
økte/ADJ,offentlige/ADJ,bevilgninger/NOUN
nye/ADJ,teknologiske/ADJ,revolusjonen/NOUN
bred/ADJ,politisk/ADJ,enighet/NOUN
Sterk/ADJ,statlig/ADJ,styring/NOUN
raske/ADJ,teknologiske/ADJ,gjennombrudd/NOUN
felles/ADJ,europeiske/ADJ,mynt/NOUN
europeiske/ADJ,sikkerhetspolitiske/ADJ,samarbeidet/NOUN
nære/ADJ,historiske/ADJ,bånd/NOUN
ny/ADJ,politisk/ADJ,kurs/NOUN
minst/ADJ,gjennomsnittlig/ADJ,OECD-nivå/NOUN
flere/ADJ,arabiske/ADJ,land/NOUN
femte/ADJ,strake/ADJ,kamp/NOUN
betydelige/ADJ,offentlige/ADJ,midler/NOUN
første/ADJ,nedlastbare/ADJ,ekstrapakke/NOUN
flere/ADJ,religiøse/ADJ,skrifter/NOUN
eldre/ADJ,franske/ADJ,kvinnen/NOUN
siste/ADJ,store/ADJ,konferansen/NOUN
ypperlige/ADJ,militære/ADJ,lederskap/NOUN
ypperlig/ADJ,militært/ADJ,lederskap/NOUN
mange/ADJ,uskyldige/ADJ,sjelene/NOUN
flere/ADJ,lokale/ADJ,arbeiderpartibevegelser/NOUN
mange/ADJ,kommunale/ADJ,leiligheter/NOUN
ekstreme/ADJ,islamistiske/ADJ,miljøer/NOUN
unge/ADJ,muslimske/ADJ,nordmenn/NOUN
militante/ADJ,islamistiske/ADJ,miljøer/NOUN
unge/ADJ,norske/ADJ,nynazistene/NOUN
første/ADJ,politiske/ADJ,ungdomsorganisasjonen/NOUN
Nytt/ADJ,nordisk/ADJ,kjøkken/NOUN
flere/ADJ,unge/ADJ,mennesker/NOUN
nytt/ADJ,nordisk/ADJ,kjøkken/NOUN
gammel/ADJ,blåmalt/ADJ,skonnert/NOUN
brunt/ADJ,undrende/ADJ,blikk/NOUN
tidligere/ADJ,franske/ADJ,finansministeren/NOUN
sjelden/ADJ,politisk/ADJ,nese/NOUN
globale/ADJ,økonomisk-politiske/ADJ,debatten/NOUN
Mange/ADJ,religiøse/ADJ,ledere/NOUN
største/ADJ,politiske/ADJ,begavelser/NOUN
mye/ADJ,vondt/ADJ,blod/NOUN
ny/ADJ,vanskelig/ADJ,utfordring/NOUN
påståtte/ADJ,seksuelle/ADJ,overgrep/NOUN
mektigste/ADJ,folkevalgte/ADJ,embete/NOUN
opprivende/ADJ,politiske/ADJ,oppgjør/NOUN
nyvalgte/ADJ,parlamentariske/ADJ,leder/NOUN
fleste/ADJ,vestlige/ADJ,land/NOUN
ulike/ADJ,europeiske/ADJ,regjeringenes/NOUN
nasjonale/ADJ,personidentifiserbare/ADJ,helseregistre/NOUN
eventuelle/ADJ,uheldige/ADJ,konsekvenser/NOUN
milde/ADJ,norske/ADJ,beskatningen/NOUN
viktigste/ADJ,innenrikspolitiske/ADJ,sak/NOUN
vinterpelskledt/ADJ,norsk/ADJ,sosietet/NOUN
store/ADJ,økonomiske/ADJ,ressurser/NOUN
enkelte/ADJ,unge/ADJ,jenter/NOUN
samtidige/ADJ,politiske/ADJ,debatt/NOUN
lille/ADJ,afghanske/ADJ,pikebarnet/NOUN
vanlige/ADJ,norske/ADJ,statsborgere/NOUN
Krevende/ADJ,psykisk/ADJ,helse/NOUN
alvorlige/ADJ,psykiske/ADJ,problemer/NOUN
mange/ADJ,viktige/ADJ,konflikter/NOUN
Mange/ADJ,kroppslige/ADJ,lidelser/NOUN
mange/ADJ,upopulære/ADJ,avgjørelser/NOUN
norske/ADJ,politiske/ADJ,landskap/NOUN
harde/ADJ,konvensjonelle/ADJ,angrep/NOUN
forpliktende/ADJ,verdensvid/ADJ,handling/NOUN
ny/ADJ,amerikansk/ADJ,president/NOUN
halvt/ADJ,norsk/ADJ,statsbudsjett/NOUN
mange/ADJ,amerikanske/ADJ,velgere/NOUN
mange/ADJ,viktige/ADJ,posisjoner/NOUN
ytterliggående/ADJ,somalisk/ADJ,muslim/NOUN
mange/ADJ,flotte/ADJ,hus/NOUN
gamle/ADJ,russiske/ADJ,propellfly/NOUN
moderat/ADJ,total/ADJ,skattebelastning/NOUN
nye/ADJ,globaliserte/ADJ,verden/NOUN
fleste/ADJ,åpne/ADJ,samfunn/NOUN
utallige/ADJ,svensk-norske/ADJ,møter/NOUN
globale/ADJ,økonomiske/ADJ,krisen/NOUN
åpne/ADJ,amerikanske/ADJ,markedet/NOUN
overdrevet/ADJ,amerikansk/ADJ,forbruk/NOUN
siste/ADJ,lange/ADJ,nattens/NOUN
forpliktende/ADJ,internasjonal/ADJ,handling/NOUN
norsk/ADJ,politisk/ADJ,diskurs/NOUN
nyutkomne/ADJ,flerfaglige/ADJ,boken/NOUN
sterkt/ADJ,sammensveiset/ADJ,gruppe/NOUN
uskyldig/ADJ,israelsk/ADJ,blod/NOUN
ordinær/ADJ,palestinsk/ADJ,politikk/NOUN
tidligere/ADJ,amerikanske/ADJ,presidenten/NOUN
fortsatte/ADJ,somaliske/ADJ,lidelser/NOUN
kraftige/ADJ,økonomiske/ADJ,liberaliseringsbølgen/NOUN
siste/ADJ,lure/ADJ,tanke/NOUN
tidligere/ADJ,største/ADJ,bilprodusent/NOUN
første/ADJ,nye/ADJ,bil/NOUN
høy/ADJ,første/ADJ,etasje/NOUN
tung/ADJ,psykiatrisk/ADJ,behandling/NOUN
flere/ADJ,gode/ADJ,plasseringer/NOUN
flere/ADJ,norske/ADJ,sjøfolk/NOUN
levende/ADJ,islamsk/ADJ,tro/NOUN
økende/ADJ,skrekkslagne/ADJ,monokulturalistene/NOUN
tung/ADJ,akademisk/ADJ,utdannelse/NOUN
mange/ADJ,ferdigutdannede/ADJ,norsk-pakistanere/NOUN
økende/ADJ,norsk-pakistanske/ADJ,selvtilliten/NOUN
positive/ADJ,norsk-pakistanske/ADJ,utviklingen/NOUN
verneverdige/ADJ,særnorske/ADJ,barnetog/NOUN
unison/ADJ,norsk-pakistansk/ADJ,fordømmelse/NOUN
folkerike/ADJ,14./ADJ,august-arrangementene/NOUN
globale/ADJ,humanitære/ADJ,forum/NOUN
forestående/ADJ,tredje/ADJ,verdenskongress/NOUN
klassisk/ADJ,kristen/ADJ,etikk/NOUN
store/ADJ,politiske/ADJ,karrièrer/NOUN
mange/ADJ,etnosentriske/ADJ,integreringspolitikere/NOUN
mange/ADJ,lange/ADJ,årene/NOUN
felles/ADJ,nordisk/ADJ,interesse/NOUN
mange/ADJ,politiske/ADJ,kriser/NOUN
lovlig/ADJ,valgte/ADJ,myndigheter/NOUN
færre/ADJ,vonde/ADJ,opplevelser/NOUN
store/ADJ,internasjonale/ADJ,spørsmål/NOUN
relevante/ADJ,straffbare/ADJ,handlinger/NOUN
klokt/ADJ,offentlig/ADJ,ordskifte/NOUN
Alternative/ADJ,aktuelle/ADJ,statsministerkandidater/NOUN
klar/ADJ,sosial/ADJ,dimensjon/NOUN
tidligere/ADJ,sørkoreanske/ADJ,presidenten/NOUN
kontinuerlig/ADJ,humanitær/ADJ,krise/NOUN
varig/ADJ,avtalefestet/ADJ,pensjon/NOUN
internasjonal/ADJ,politisk/ADJ,stjerne/NOUN
nytt/ADJ,internasjonalt/ADJ,klima/NOUN
hjemlige/ADJ,politiske/ADJ,problemer/NOUN
mange/ADJ,gode/ADJ,dikt/NOUN
betydelig/ADJ,offentlig/ADJ,støtte/NOUN
bredere/ADJ,kunstinteressert/ADJ,publikum/NOUN
mange/ADJ,undertrykte/ADJ,minoriteter/NOUN
unge/ADJ,tyskspråklige/ADJ,forfattere/NOUN
stagnerende/ADJ,rumenske/ADJ,diktaturet/NOUN
mange/ADJ,titalls/ADJ,steder/NOUN
Manglende/ADJ,etisk/ADJ,engasjement/NOUN
globalt/ADJ,etisk/ADJ,ansvar/NOUN
norsk/ADJ,muslimsk/ADJ,mor/NOUN
rette/ADJ,etiske/ADJ,holdninger/NOUN
betydelig/ADJ,farmakologisk/ADJ,kompetanse/NOUN
stor/ADJ,illegal/ADJ,økonomi/NOUN
fleste/ADJ,profesjonelle/ADJ,musikk-/NOUN
mange/ADJ,private/ADJ,aktører/NOUN
mer/ADJ,private/ADJ,penger/NOUN
store/ADJ,private/ADJ,midler/NOUN
største/ADJ,nasjonale/ADJ,institusjonene/NOUN
store/ADJ,private/ADJ,midler/NOUN
første/ADJ,permanente/ADJ,konsesjonsrunden/NOUN
ny/ADJ,stor/ADJ,forfatter/NOUN
gripende/ADJ,jødiske/ADJ,skjebner/NOUN
åpen/ADJ,fysisk/ADJ,vold/NOUN
offentlig/ADJ,økonomisk/ADJ,velferd/NOUN
god/ADJ,varm/ADJ,dyne/NOUN
flere/ADJ,enslige/ADJ,stakkarer/NOUN
skikkelig/ADJ,sponsa/ADJ,innlegg/NOUN
mange/ADJ,gode/ADJ,jolleseilere/NOUN
endimensjonale/ADJ,afrikanske/ADJ,gladetnisitet/NOUN
søte/ADJ,afrikanske/ADJ,barna/NOUN
sterke/ADJ,afrikanske/ADJ,kvinner/NOUN
bearbeidede/ADJ,offentlige/ADJ,data/NOUN
fritt/ADJ,tilgjengelige/ADJ,kartdata/NOUN
litt/ADJ,uinteressant/ADJ,hjernemasse/NOUN
virkelig/ADJ,store/ADJ,verstingen/NOUN
masse/ADJ,rosa/ADJ,iphone-deksler/NOUN
alskens/ADJ,moderne/ADJ,duppeditter/NOUN
ubehagelig/ADJ,skolerelatert/ADJ,opplevelse/NOUN
ytterste/ADJ,venstre/ADJ,fløy/NOUN
god/ADJ,journalistisk/ADJ,jobb/NOUN
felles/ADJ,språklige/ADJ,plattformer/NOUN
tyngre/ADJ,verbale/ADJ,serier/NOUN
aktivt/ADJ,politisk/ADJ,arbeid/NOUN
konkret/ADJ,historisk/ADJ,epoke/NOUN
litt/ADJ,historisk/ADJ,veiledning/NOUN
store/ADJ,amerikanske/ADJ,tv-stasjonene/NOUN
tradisjonelt/ADJ,republikanske/ADJ,statene/NOUN
tradisjonelt/ADJ,demokratiske/ADJ,staten/NOUN
sterk/ADJ,republikansk/ADJ,stat/NOUN
middelaldrende/ADJ,hvit/ADJ,mann/NOUN
ubehøvlede/ADJ,unge/ADJ,mannen/NOUN
endeløse/ADJ,fornøyelige/ADJ,kulturforskjellsforviklinger/NOUN
dramaturgisk/ADJ,beleilig/ADJ,fordomsfrihet/NOUN
svart/ADJ,amerikansk/ADJ,popmusikk/NOUN
vakre/ADJ,borgerlige/ADJ,residenser/NOUN
spente/ADJ,innenrikspolitiske/ADJ,situasjon/NOUN
mange/ADJ,mørkhudede/ADJ,franskmenn/NOUN
gamle/ADJ,afrikanske/ADJ,besittelser/NOUN
flere/ADJ,tilhørende/ADJ,bygg/NOUN
flere/ADJ,små/ADJ,skåler/NOUN
spennende/ADJ,røde/ADJ,bønne-fondue/NOUN
små/ADJ,livsnødvendige/ADJ,avbrekk/NOUN
mange/ADJ,dansbare/ADJ,rytmer/NOUN
nye/ADJ,elektroniske/ADJ,billettsystemet/NOUN
vanskelige/ADJ,økonomiske/ADJ,situasjonen/NOUN
dårlige/ADJ,økonomisk/ADJ,beslutninger/NOUN
grov/ADJ,økonomisk/ADJ,kriminalitet/NOUN
rikeste/ADJ,engelske/ADJ,ektepar/NOUN
store/ADJ,norske/ADJ,forlagshusene/NOUN
stort/ADJ,norsk/ADJ,forlag/NOUN
svær/ADJ,hvit/ADJ,dings/NOUN
store/ADJ,norske/ADJ,forlagshusene/NOUN
barske/ADJ,nordnorske/ADJ,klimaet/NOUN
store/ADJ,grønne/ADJ,intet/NOUN
sterke/ADJ,smertestillende/ADJ,tabletter/NOUN
Mange/ADJ,farlige/ADJ,stråler/NOUN
færre/ADJ,gode/ADJ,perioder/NOUN
store/ADJ,psykiske/ADJ,problemer/NOUN
store/ADJ,psykiske/ADJ,problemer/NOUN
enkelte/ADJ,europeiske/ADJ,byer/NOUN
stor/ADJ,gjensidig/ADJ,forståelse/NOUN
enkelt/ADJ,politisk/ADJ,sverdslag/NOUN
store/ADJ,gule/ADJ,huset/NOUN
beste/ADJ,utenlandske/ADJ,film/NOUN
mange/ADJ,ålreite/ADJ,verdier/NOUN
navngitte/ADJ,tidligere/ADJ,stortingsrepresentanter/NOUN
stor/ADJ,amerikansk/ADJ,produksjon/NOUN
dyp/ADJ,amerikansk/ADJ,stemme/NOUN
ekstrem/ADJ,nervøs/ADJ,åpning/NOUN
anerkjent/ADJ,medisinsk/ADJ,diagnose/NOUN
typisk/ADJ,vellykket/ADJ,amerikaner/NOUN
anerkjente/ADJ,norske/ADJ,eksperten/NOUN
flere/ADJ,unike/ADJ,internettbrukere/NOUN
flere/ADJ,unge/ADJ,stjerner/NOUN
lille/ADJ,engelske/ADJ,bedriften/NOUN
fossende/ADJ,rødt/ADJ,skjørt/NOUN
forskjellige/ADJ,dokumentariske/ADJ,kunstprosjekter/NOUN
velfødd/ADJ,liten/ADJ,jævel/NOUN
store/ADJ,pågående/ADJ,konflikter/NOUN
mange/ADJ,ensomme/ADJ,folk/NOUN
mange/ADJ,nye/ADJ,melodier/NOUN
lille/ADJ,teatrale/ADJ,handlingen/NOUN
Mange/ADJ,unge/ADJ,mennesker/NOUN
få/ADJ,klare/ADJ,avvisninger/NOUN
fleste/ADJ,fattige/ADJ,familieoverhoder/NOUN
mange/ADJ,dype/ADJ,tanker/NOUN
spesielle/ADJ,medisinske/ADJ,behov/NOUN
daglig/ADJ,proaktiv/ADJ,risikostyring/NOUN
store/ADJ,globale/ADJ,utfordringer/NOUN
ansvarlig/ADJ,bærekraftig/ADJ,drift/NOUN
store/ADJ,positive/ADJ,ringvirkninger/NOUN
rød/ADJ,tettsittende/ADJ,topp/NOUN
stor/ADJ,hvit/ADJ,kuk/NOUN
samlet/ADJ,europeisk/ADJ,stormakt/NOUN
gjenstående/ADJ,harde/ADJ,kjerne/NOUN
store/ADJ,låsbare/ADJ,stålcontainere/NOUN
gule/ADJ,merkede/ADJ,bokser/NOUN
fleste/ADJ,norske/ADJ,publikummere/NOUN
friske/ADJ,norske/ADJ,bringebær/NOUN
etablert/ADJ,vitskapleg/ADJ,kunnskap/NOUN
vanleg/ADJ,naturvitskapleg/ADJ,verksemd/NOUN
større/ADJ,private/ADJ,innslag/NOUN
moderne/ADJ,amerikansk/ADJ,film/NOUN
ukueleg/ADJ,menneskeleg/ADJ,motstandsrørsle/NOUN
verkelege/ADJ,logiske/ADJ,utfordringa/NOUN
lettaktiverte/ADJ,freudianske/ADJ,tolkingsrefleksane/NOUN
avanserte/ADJ,kunstige/ADJ,intelligensen/NOUN
tilstrekkelege/ADJ,administrative/ADJ,ressursar/NOUN
permanent/ADJ,språkpolitisk/ADJ,oppfølgingsregime/NOUN
mange/ADJ,ulike/ADJ,oppgåver/NOUN
spesielle/ADJ,institusjonelle/ADJ,arrangement/NOUN
mange/ADJ,nyare/ADJ,minoritetsspråka/NOUN
multilingvale/ADJ,norske/ADJ,samfunnet/NOUN
norske/ADJ,monolingvale/ADJ,språksamfunnet/NOUN
heilskapleg/ADJ,norsk/ADJ,språkpolitikk/NOUN
generelle/ADJ,språkpolitiske/ADJ,ansvar/NOUN
utvida/ADJ,operativt/ADJ,ansvar/NOUN
stor/ADJ,organisatorisk/ADJ,eining/NOUN
nye/ADJ,statlege/ADJ,etaten/NOUN
definert/ADJ,språkpolitisk/ADJ,ansvar/NOUN
nye/ADJ,kvenske/ADJ,språkrådet/NOUN
spesielt/ADJ,internasjonalt/ADJ,ansvar/NOUN
alternativ/ADJ,fornybar/ADJ,energi/NOUN
stramt/ADJ,økonomisk/ADJ,opplegg/NOUN
dåverande/ADJ,greske/ADJ,finansministeren/NOUN
mange/ADJ,dårlege/ADJ,isar/NOUN
stusselege/ADJ,materielle/ADJ,forhold/NOUN
gode/ADJ,materielle/ADJ,forhold/NOUN
Mange/ADJ,opne/ADJ,dører/NOUN
fleste/ADJ,uteksaminerte/ADJ,ungdomsskuleelevar/NOUN
ny/ADJ,lovlaus/ADJ,avfallsplass/NOUN
statlege/ADJ,historiske/ADJ,arkiva/NOUN
framifrå/ADJ,felleskulturelt/ADJ,arbeid/NOUN
statlege/ADJ,historiske/ADJ,arkivet/NOUN
unge/ADJ,Harvard-utdana/ADJ,ordføraren/NOUN
større/ADJ,sosial/ADJ,rettferd/NOUN
første/ADJ,israelske/ADJ,reaksjonane/NOUN
ulovlege/ADJ,israelske/ADJ,blokaden/NOUN
farbare/ADJ,vegen/NOUN,vidare/ADJ
fleire/ADJ,kvinnelege/ADJ,kollegaer/NOUN
mange/ADJ,kvinnelege/ADJ,fotografar/NOUN
mange/ADJ,utanlandske/ADJ,fotografar/NOUN
første/ADJ,lokale/ADJ,ledd/NOUN
nytt/ADJ,halvt/ADJ,brød/NOUN
mange/ADJ,tunge/ADJ,stortingsfolk/NOUN
ferdigblanda/ADJ,grovt/ADJ,mjøl/NOUN
visst/ADJ,politisk/ADJ,parti/NOUN
grov/ADJ,sammalt/ADJ,kveite/NOUN
Fylt/ADJ,grov/ADJ,wrap/NOUN
livskraftig/ADJ,lite/ADJ,vesen/NOUN
liknande/ADJ,institusjonsmessige/ADJ,endringsprosessar/NOUN
breiare/ADJ,politisk/ADJ,relevans/NOUN
sjølvstendig/ADJ,empirisk/ADJ,gransking/NOUN
sentrale/ADJ,politiske/ADJ,aktørar/NOUN
sterk/ADJ,nasjonal/ADJ,styring/NOUN
reelle/ADJ,politiske/ADJ,valet/NOUN
pressa/ADJ,uavhengige/ADJ,avisene/NOUN
utvida/ADJ,ansvar/NOUN,generelt/ADJ
ulik/ADJ,språkleg/ADJ,bakgrunn/NOUN
ulike/ADJ,språkpolitiske/ADJ,spørsmål/NOUN
permanent/ADJ,språkpolitisk/ADJ,oppfølgingsregime/NOUN
årleg/ADJ,språkpolitisk/ADJ,tilstandsrapport/NOUN
diverse/ADJ,kjente/ADJ,fotballklubbar/NOUN
suksessrike/ADJ,sosiale/ADJ,rørsler/NOUN
største/ADJ,interne/ADJ,terrortrugsmålet/NOUN
tallause/ADJ,autonome/ADJ,celler/NOUN
fleire/ADJ,kommersielle/ADJ,selskap/NOUN
fleste/ADJ,sosiale/ADJ,lag/NOUN
ny/ADJ,historisk/ADJ,ironi/NOUN
gigantisk/ADJ,sams/ADJ,dyrestall/NOUN
vanleg/ADJ,sosialt/ADJ,liv/NOUN
vanleg/ADJ,naturell/ADJ,yoghurt/NOUN
stor/ADJ,konstitusjonell/ADJ,endring/NOUN
største/ADJ,politiske/ADJ,tabbane/NOUN
aukande/ADJ,samfunnsmessig/ADJ,sårbarheit/NOUN
massiv/ADJ,folkeleg/ADJ,oppslutnad/NOUN
mange/ADJ,økonomiske/ADJ,fordelane/NOUN
beslaglagt/ADJ,jødisk/ADJ,eigedom/NOUN
tyske/ADJ,militære/ADJ,frammarsjen/NOUN
fyrste/ADJ,tyske/ADJ,tenestemennene/NOUN
nytrykte/ADJ,norske/ADJ,pengar/NOUN
Fleire/ADJ,tyske/ADJ,familiar/NOUN
beslaglagde/ADJ,jødiske/ADJ,eigedomar/NOUN
nyutdanna/ADJ,unge/ADJ,menn/NOUN
verkeleg/ADJ,store/ADJ,krigsprofittørane/NOUN
kollektiv/ADJ,tysk/ADJ,skuld/NOUN
skarp/ADJ,negativ/ADJ,kritikk/NOUN
tradisjonell/ADJ,marxistisk/ADJ,historieskriving/NOUN
mange/ADJ,økonomiske/ADJ,fordelane/NOUN
Leiande/ADJ,norske/ADJ,historikarar/NOUN
nyliberal/ADJ,økonomisk/ADJ,teori/NOUN
norsk/ADJ,politikk/NOUN,generelt/ADJ
tilstrekkjeleg/ADJ,analytisk/ADJ,støtte/NOUN
norsk/ADJ,politikk/NOUN,generelt/ADJ
tradisjonell/ADJ,demokratisk/ADJ,debatt/NOUN
klassiske/ADJ,sosialdemokratiske/ADJ,styringsreiskapar/NOUN
sentrale/ADJ,sosialdemokratiske/ADJ,strategar/NOUN
mange/ADJ,multinasjonale/ADJ,selskap/NOUN
ymse/ADJ,sleske/ADJ,kjærastane/NOUN
stakkars/ADJ,overarbeidde/ADJ,mora/NOUN
alkoholiserte/ADJ,suspekte/ADJ,nevøen/NOUN
vesle/ADJ,raudmåla/ADJ,skolen/NOUN
oftast/ADJ,økonomiske/ADJ,argument/NOUN
mange/ADJ,små/ADJ,bygdesamfunn/NOUN
mange/ADJ,små/ADJ,lokalsamfunn/NOUN
nye/ADJ,store/ADJ,omorganiseringar/NOUN
prisverdig/ADJ,intellektuell/ADJ,fornøktring/NOUN
heilskapleg/ADJ,norsk/ADJ,språkpolitikk/NOUN
overordna/ADJ,språkpolitisk/ADJ,ansvar/NOUN
ulike/ADJ,minoritetsspråklege/ADJ,spørsmål/NOUN
ulike/ADJ,minoritetsspråklege/ADJ,spørsmål/NOUN
komande/ADJ,språkpolitiske/ADJ,oppfølgingsarbeidet/NOUN
oppdatert/ADJ,norsk/ADJ,terminologi/NOUN
særskilt/ADJ,språkpolitisk/ADJ,mål/NOUN
særleg/ADJ,språkpolitisk/ADJ,skyldnad/NOUN
nordiske/ADJ,språksamarbeidet/NOUN,spesielt/ADJ
nordiske/ADJ,samkvemmet/NOUN,generelt/ADJ
fullverdig/ADJ,norsk/ADJ,språk/NOUN
norsk/ADJ,språk/NOUN,generelt/ADJ
høgast/ADJ,forventa/ADJ,levealder/NOUN
permanent/ADJ,språkpolitisk/ADJ,oppfølging/NOUN
brei/ADJ,språkpolitisk/ADJ,debatt/NOUN
nødvendig/ADJ,fagleg/ADJ,utgreiingsarbeid/NOUN
aktuelle/ADJ,språkpolitiske/ADJ,utfordringar/NOUN
overordna/ADJ,norsk/ADJ,språkpolitikk/NOUN
interessant/ADJ,språkpolitisk/ADJ,oppvakning/NOUN
omfattande/ADJ,språkpolitisk/ADJ,utgreiing/NOUN
dåverande/ADJ,svenske/ADJ,regjeringa/NOUN
samla/ADJ,svensk/ADJ,språklov/NOUN
omfattande/ADJ,språkpolitisk/ADJ,ordskifte/NOUN
fleire/ADJ,faglege/ADJ,synspunkt/NOUN
ny/ADJ,nordisk/ADJ,språkpolitikk/NOUN
generelle/ADJ,språkpolitiske/ADJ,spørsmål/NOUN
permanent/ADJ,språkpolitisk/ADJ,oppfølgingsregime/NOUN
nye/ADJ,språklege/ADJ,kommunikasjonsformer/NOUN
overordna/ADJ,språkpolitisk/ADJ,ansvar/NOUN
overordna/ADJ,språkpolitiske/ADJ,mål/NOUN
årleg/ADJ,språkpolitisk/ADJ,tilstandsrapport/NOUN
heilskapleg/ADJ,språkpolitisk/ADJ,rapporteringsmelding/NOUN
permanent/ADJ,språkpolitisk/ADJ,oppfølging/NOUN
overordna/ADJ,offentlege/ADJ,ansvaret/NOUN
viktig/ADJ,nasjonalt/ADJ,infrastrukturtiltak/NOUN
permanent/ADJ,interdepartementalt/ADJ,utval/NOUN
overordna/ADJ,språkpolitisk/ADJ,tiltak/NOUN
fleire/ADJ,internasjonale/ADJ,standardar/NOUN
språkdelte/ADJ,norske/ADJ,kulturen/NOUN
fleire/ADJ,ulike/ADJ,tiltak/NOUN
klare/ADJ,språkpolitiske/ADJ,funksjonar/NOUN
norsk/ADJ,språk/NOUN,generelt/ADJ
Overordna/ADJ,språkpolitiske/ADJ,mål/NOUN
overordna/ADJ,strategiske/ADJ,målet/NOUN
overordna/ADJ,språkpolitiske/ADJ,ansvaret/NOUN
norsk/ADJ,språk/NOUN,generelt/ADJ
norsk/ADJ,språk/NOUN,generelt/ADJ
mange/ADJ,ulike/ADJ,samanhengar/NOUN
typisk/ADJ,sektorovergripande/ADJ,politikk/NOUN
mange/ADJ,ulike/ADJ,aktørar/NOUN
underliggjande/ADJ,fagleg-administrativt/ADJ,organ/NOUN
overordna/ADJ,språkpolitiske/ADJ,ansvaret/NOUN
overordna/ADJ,språkpolitiske/ADJ,ansvaret/NOUN
klar/ADJ,kulturpolitisk/ADJ,forankring/NOUN
overordna/ADJ,språkpolitiske/ADJ,ansvaret/NOUN
overordna/ADJ,språkpolitiske/ADJ,måla/NOUN
ulike/ADJ,instrumentelle/ADJ,funksjonar/NOUN
klar/ADJ,kulturpolitisk/ADJ,forankring/NOUN
overordna/ADJ,språkpolitiske/ADJ,ansvaret/NOUN
overordna/ADJ,språkpolitiske/ADJ,ansvaret/NOUN
klar/ADJ,språkpolitisk/ADJ,dimensjon/NOUN
relevante/ADJ,språkpolitiske/ADJ,mål/NOUN
ulike/ADJ,minoritetsspråklege/ADJ,spørsmål/NOUN
permanent/ADJ,språkpolitisk/ADJ,oppfølgingsregime/NOUN
overordna/ADJ,språkpolitiske/ADJ,måla/NOUN
relevante/ADJ,språkpolitiske/ADJ,mål/NOUN
harde/ADJ,vitskaplege/ADJ,kriterium/NOUN
særskilt/ADJ,språkpolitisk/ADJ,saksområde/NOUN
relevante/ADJ,sektorpolitiske/ADJ,avgjerdsprosessar/NOUN
reelle/ADJ,språkpolitiske/ADJ,verknader/NOUN
årleg/ADJ,språkpolitisk/ADJ,tilstandsrapport/NOUN
årleg/ADJ,språkpolitisk/ADJ,statusrapport/NOUN
eventuelle/ADJ,politiske/ADJ,strakstiltak/NOUN
offentleg/ADJ,forvaltning/NOUN,generelt/ADJ
breiare/ADJ,språkpolitisk/ADJ,ordskifte/NOUN
norsk/ADJ,språk/NOUN,generelt/ADJ
permanent/ADJ,språkpolitisk/ADJ,oppfølgingsregime/NOUN
viktige/ADJ,språkpolitiske/ADJ,mål/NOUN
sterk/ADJ,sentralistisk/ADJ,tradisjon/NOUN
strenge/ADJ,franske/ADJ,språklovgjevinga/NOUN
ny/ADJ,nasjonal/ADJ,konsolidering/NOUN
norsk/ADJ,språk/NOUN,spesielt/ADJ
overordna/ADJ,etisk/ADJ,vurdering/NOUN
norske/ADJ,språklege/ADJ,uttrykk/NOUN
ulike/ADJ,offisielle/ADJ,samanhengar/NOUN
rein/ADJ,norsk/ADJ,kultur/NOUN
norsk/ADJ,språk/NOUN,generelt/ADJ
norsk/ADJ,språk/NOUN,generelt/ADJ
samanhengande/ADJ,dansk/ADJ,språkpolitikk/NOUN
godt/ADJ,norsk/ADJ,språk/NOUN
sterkare/ADJ,språkpolitisk/ADJ,bevisstgjering/NOUN
norsk/ADJ,språk/NOUN,generelt/ADJ
ny/ADJ,norsk/ADJ,språkpolitikk/NOUN
betre/ADJ,framandspråkleg/ADJ,kompetanse/NOUN
særlege/ADJ,norske/ADJ,språksituasjonen/NOUN
større/ADJ,redaksjonell/ADJ,revisjon/NOUN
overordna/ADJ,politisk/ADJ,styringsdokument/NOUN
eventuelt/ADJ,offentleg/ADJ,styrerepresentasjon/NOUN
vedkomande/ADJ,regionale/ADJ,statsorgan/NOUN
aktuelle/ADJ,geografiske/ADJ,området/NOUN
regionalt/ADJ,statleg/ADJ,bruksmål/NOUN
velutvikla/ADJ,demokratiske/ADJ,statar/NOUN
nye/ADJ,teknologiske/ADJ,rammevilkåra/NOUN
tilpassa/ADJ,teknologiske/ADJ,løysingar/NOUN
sentrale/ADJ,statlege/ADJ,fagorganet/NOUN
ulike/ADJ,språkrelaterte/ADJ,instansar/NOUN
offisielle/ADJ,norske/ADJ,rettskrivingsnormalane/NOUN
vidare/ADJ,offentleg/ADJ,velferd/NOUN
brei/ADJ,borgarleg/ADJ,regjering/NOUN
ny/ADJ,borgarleg/ADJ,regjering/NOUN
vidare/ADJ,offentleg/ADJ,kontroll/NOUN
ny/ADJ,fleksibel/ADJ,foreldrepermisjon/NOUN
spesiell/ADJ,stor/ADJ,pådrivar/NOUN
store/ADJ,økonomiske/ADJ,musklar/NOUN
ung/ADJ,politisk/ADJ,rådgjevar/NOUN
Fleire/ADJ,europeiske/ADJ,land/NOUN
store/ADJ,globale/ADJ,utfordringane/NOUN
sterkare/ADJ,politisk/ADJ,styring/NOUN
mange/ADJ,norske/ADJ,elevar/NOUN
nye/ADJ,private/ADJ,barnehagar/NOUN
eldre/ADJ,familiedrivne/ADJ,barnehagar/NOUN
puslete/ADJ,nasjonal/ADJ,transportplan/NOUN
opphavlege/ADJ,amerikanske/ADJ,finanskrisa/NOUN
ansvarlege/ADJ,økonomiske/ADJ,politikk/NOUN
generelt/ADJ,god/ADJ,økonomi/NOUN
sentrale/ADJ,næringspolitiske/ADJ,spørsmål/NOUN
stram/ADJ,økonomisk/ADJ,politikk/NOUN
store/ADJ,utfordringane/NOUN,globalt/ADJ
mange/ADJ,politiske/ADJ,leiarar/NOUN
store/ADJ,uutnytta/ADJ,ressursar/NOUN
store/ADJ,uutnytta/ADJ,ressursane/NOUN
verdifull/ADJ,elektrisk/ADJ,straum/NOUN
nye/ADJ,nasjonale/ADJ,transportplanen/NOUN
mange/ADJ,fagre/ADJ,ord/NOUN
såkalla/ADJ,raud-grøne/ADJ,kaoset/NOUN
mange/ADJ,gode/ADJ,forslag/NOUN
klassisk/ADJ,engelsk/ADJ,vis/NOUN
mange/ADJ,flotte/ADJ,menneske/NOUN
vidare/ADJ,positiv/ADJ,utvikling/NOUN
største/ADJ,økonomiske/ADJ,løftet/NOUN
nytt/ADJ,25-meters/ADJ,basseng/NOUN
ulike/ADJ,konkrete/ADJ,situasjonar/NOUN
årlege/ADJ,alternative/ADJ,veke/NOUN
mange/ADJ,store/ADJ,oppgåver/NOUN
dårlege/ADJ,amerikanske/ADJ,økonomien/NOUN
fleire/ADJ,gode/ADJ,spelarar/NOUN
utvida/ADJ,interkommunalt/ADJ,samarbeid/NOUN
utvida/ADJ,interkommunalt/ADJ,samarbeid/NOUN
utvida/ADJ,interkommunalt/ADJ,samarbeid/NOUN
utvida/ADJ,interkommunale/ADJ,samarbeidet/NOUN
utvida/ADJ,interkommunale/ADJ,samararbeidet/NOUN
auka/ADJ,årlege/ADJ,utgifter/NOUN
djupe/ADJ,kulturelle/ADJ,skilnader/NOUN
gamle/ADJ,ålmann/ADJ,vegane/NOUN
Fleire/ADJ,unge/ADJ,utøvarar/NOUN
fleire/ADJ,tome/ADJ,pulverapparat/NOUN
mange/ADJ,fortvila/ADJ,folk/NOUN
absolutt/ADJ,økonomisk/ADJ,grense/NOUN
største/ADJ,økonomiske/ADJ,investeringa/NOUN
fleire/ADJ,ulike/ADJ,brukarar/NOUN
7./ADJ,beste/ADJ,langrennstid/NOUN
tredje/ADJ,beste/ADJ,langrennstid/NOUN
fleire/ADJ,gode/ADJ,hopp/NOUN
fleire/ADJ,mindre/ADJ,arrangement/NOUN
ny/ADJ,dagleg/ADJ,leiar/NOUN
mange/ADJ,spennande/ADJ,oppgåver/NOUN
store/ADJ,interne/ADJ,konfliktar/NOUN
Viktig/ADJ,distriktspolitisk/ADJ,satsing/NOUN
viktig/ADJ,distriktspolitisk/ADJ,satsing/NOUN
heile/ADJ,fyrstkomande/ADJ,tysdag/NOUN
sjølvlaga/ADJ,alkoholfrie/ADJ,drinkar/NOUN
fleire/ADJ,gode/ADJ,år/NOUN
fleire/ADJ,eldre/ADJ,raulendingars/NOUN
Mange/ADJ,positive/ADJ,sider/NOUN
negativ/ADJ,internasjonal/ADJ,presse/NOUN
mangelfull/ADJ,menneskeleg/ADJ,innsikt/NOUN
mest/ADJ,negativ/ADJ,merksemd/NOUN
gamle/ADJ,negative/ADJ,kjenslene/NOUN
unik/ADJ,historisk/ADJ,røynsle/NOUN
liten/ADJ,firkanta/ADJ,aluminiumsboks/NOUN
mange/ADJ,gode/ADJ,tankar/NOUN
offentlege/ADJ,tyske/ADJ,økonomien/NOUN
offentlege/ADJ,tyske/ADJ,økonomien/NOUN
fleire/ADJ,gode/ADJ,angrep/NOUN
ny/ADJ,tysk/ADJ,grunnlovsparagraf/NOUN
siste/ADJ,politiske/ADJ,arrangementet/NOUN
første/ADJ,heile/ADJ,biografien/NOUN
stive/ADJ,borgarlege/ADJ,åtferdsmønsteret/NOUN
typiske/ADJ,norske/ADJ,natur-/NOUN
kjende/ADJ,historiske/ADJ,personar/NOUN
overraskande/ADJ,kort/ADJ,tid/NOUN
manglande/ADJ,økonomisk/ADJ,styring/NOUN
viktig/ADJ,siviliserande/ADJ,rolle/NOUN
usunne/ADJ,politiske/ADJ,kulturen/NOUN
ulik/ADJ,politisk/ADJ,kultur/NOUN
mykje/ADJ,laust/ADJ,krut/NOUN
tidlegare/ADJ,politisk/ADJ,redaktør/NOUN
lang/ADJ,radikal/ADJ,tradisjon/NOUN
klassisk/ADJ,korrupsjonsfremjande/ADJ,bistand/NOUN
eldre/ADJ,konservative/ADJ,garden/NOUN
relative/ADJ,trygge/ADJ,jobbar/NOUN
særleg/ADJ,offentleg/ADJ,kontroll/NOUN
store/ADJ,politiske/ADJ,forteljinga/NOUN
fleire/ADJ,eksterne/ADJ,samarbeidspartnarar/NOUN
nye/ADJ,kommunale/ADJ,bygg/NOUN
såkalla/ADJ,grøn/ADJ,livsstil/NOUN
norske/ADJ,protestantiske/ADJ,kristendom/NOUN
sjølvstendig/ADJ,politisk/ADJ,kommentarjournalistikk/NOUN
innsiktsfull/ADJ,politisk/ADJ,kommentatorstil/NOUN
individualiserte/ADJ,politiske/ADJ,journalistar/NOUN
mykje/ADJ,indre/ADJ,strid/NOUN
djuptpløyande/ADJ,medisinske/ADJ,artiklane/NOUN
mykje/ADJ,gild/ADJ,drikking/NOUN
mange/ADJ,fleire/ADJ,undervisingstimar/NOUN
desentraliserte/ADJ,norske/ADJ,kommunesektoren/NOUN
lengre/ADJ,fagleg/ADJ,spesialisering/NOUN
samanpressa/ADJ,nordiske/ADJ,lønsstrukturen/NOUN
overdriven/ADJ,prinsipiell/ADJ,vektlegging/NOUN
særskilde/ADJ,offentlege/ADJ,stader/NOUN
målretta/ADJ,førebyggjande/ADJ,tiltak/NOUN
Klassisk/ADJ,litterært/ADJ,verk/NOUN
klassisk/ADJ,litterært/ADJ,verk/NOUN
slåande/ADJ,abtraherande/ADJ,draget/NOUN
historisk/ADJ,fruktbar/ADJ,utvikling/NOUN
litt/ADJ,generell/ADJ,lære/NOUN
flest/ADJ,graderte/ADJ,sjukmeldingar/NOUN
større/ADJ,økonomisk/ADJ,ansvar/NOUN
god/ADJ,norsk/ADJ,omsetjing/NOUN
finkorna/ADJ,sedimentære/ADJ,bergartar/NOUN
gamalt/ADJ,humoristisk/ADJ,ordtak/NOUN
klårt/ADJ,største/ADJ,oljeprodusenten/NOUN
dårleg/ADJ,fungerande/ADJ,kartell/NOUN
amerikansk/ADJ,militært/ADJ,vern/NOUN
mange/ADJ,fine/ADJ,filmar/NOUN
store/ADJ,amerikanske/ADJ,banken/NOUN
tidlegare/ADJ,amerikansk/ADJ,energidiplomat/NOUN
vesle/ADJ,attverande/ADJ,importen/NOUN
offisielle/ADJ,amerikanske/ADJ,prognosane/NOUN
lovande/ADJ,geologiske/ADJ,formasjonar/NOUN
ulike/ADJ,religiøse/ADJ,miljø/NOUN
kristen/ADJ,intellektuell/ADJ,vekking/NOUN
viss/ADJ,fanatisk/ADJ,konsekvens/NOUN
norsk/ADJ,protestantisk/ADJ,kristenhet/NOUN
strålande/ADJ,fin/ADJ,fest/NOUN
komande/ADJ,bolsjevikisk/ADJ,maktovertaking/NOUN
unike/ADJ,vestlandske/ADJ,mateventyret/NOUN
gamle/ADJ,fleirnasjonale/ADJ,keisarriket/NOUN
forpliktande/ADJ,internasjonale/ADJ,mål/NOUN
forpliktande/ADJ,internasjonale/ADJ,klimaavtalar/NOUN
lova/ADJ,utsleppskutta/NOUN,innanlands/ADJ
fleste/ADJ,fattige/ADJ,land/NOUN
store/ADJ,oljeeksporterande/ADJ,landa/NOUN
fleste/ADJ,store/ADJ,oljelanda/NOUN
norske/ADJ,kulturpolitiske/ADJ,regimet/NOUN
vanlege/ADJ,marknadsøkonomiske/ADJ,vilkår/NOUN
frie/ADJ,intellektuelle/ADJ,Thomas/NOUN
lite/ADJ,medisinsk/ADJ,dekning/NOUN
brei/ADJ,borgarleg/ADJ,opinion/NOUN
store/ADJ,politiske/ADJ,sosiologen/NOUN
franske/ADJ,sosialistiske/ADJ,statsministeren/NOUN
britisk/ADJ,væpna/ADJ,stønad/NOUN
klassisk/ADJ,tysk/ADJ,nasjonalist/NOUN
god/ADJ,politiske/ADJ,dømekraft/NOUN
såkalla/ADJ,internasjonale/ADJ,samfunnet/NOUN
avgrensa/ADJ,første/ADJ,steg/NOUN
sterk/ADJ,økonomisk/ADJ,vekst/NOUN
store/ADJ,geopolitiske/ADJ,utfordringar/NOUN
framtidige/ADJ,norske/ADJ,pensjonar/NOUN
Stor/ADJ,internasjonal/ADJ,merksemd/NOUN
mange/ADJ,vestlege/ADJ,observatørar/NOUN
fleste/ADJ,viktige/ADJ,konfliktliner/NOUN
røffe/ADJ,britiske/ADJ,oljearbeidarar/NOUN
organisert/ADJ,sosialt/ADJ,liv/NOUN
Grunnleggjande/ADJ,kulturelle/ADJ,kløfter/NOUN
sentraldirigerte/ADJ,franske/ADJ,staten/NOUN
heile/ADJ,høgre/ADJ,fot/NOUN
små/ADJ,sceniske/ADJ,perler/NOUN
Tsjekkisk/ADJ,kommunistisk/ADJ,detektivhelt/NOUN
unge/ADJ,tsjekkiske/ADJ,produsentar/NOUN
statlege/ADJ,tsjekkiske/ADJ,fjernsynet/NOUN
sørlege/ADJ,epokedannande/ADJ,forfattarskapane/NOUN
nytt/ADJ,eittbands/ADJ,litteraturhistorieverk/NOUN
klassiske/ADJ,europeiske/ADJ,poetikkane/NOUN
kristne/ADJ,vestlege/ADJ,verda/NOUN
forfengeleg/ADJ,borgarleg/ADJ,kitsch/NOUN
tydeleg/ADJ,politisk/ADJ,motiv/NOUN
forfengeleg/ADJ,borgarleg/ADJ,kitsch/NOUN
rettmessige/ADJ,norske/ADJ,eliten/NOUN
tydeleg/ADJ,sosial/ADJ,gruppe/NOUN
visse/ADJ,rettsliknande/ADJ,tale-/NOUN
stor/ADJ,uformell/ADJ,makt/NOUN
små/ADJ,homogene/ADJ,ekspertmiljø/NOUN
største/ADJ,høgrepopulistiske/ADJ,parti/NOUN
antiborgarlege/ADJ,intellektuelle/ADJ,hegemoniet/NOUN
dårleg/ADJ,nasjonal/ADJ,politikk/NOUN
nasjonal/ADJ,heilskapleg/ADJ,tenkjing/NOUN
nye/ADJ,kulturelle/ADJ,mangfaldet/NOUN
mytisk/ADJ,nasjonal/ADJ,helt/NOUN
store/ADJ,saftige/ADJ,appelsinene/NOUN
yverleverte/ADJ,millomnorske/ADJ,tilfanget/NOUN
nye/ADJ,stortingsbestemte/ADJ,kontraktar/NOUN
viktig/ADJ,norsk/ADJ,industribedrift/NOUN
beinhard/ADJ,internasjonal/ADJ,konkurranse/NOUN
framande/ADJ,religiøse/ADJ,impulsar/NOUN
meir/ADJ,ikkje-ureinande/ADJ,energi/NOUN
meir/ADJ,rasjonell/ADJ,produksjon/NOUN
enkelte/ADJ,politiske/ADJ,grunnar/NOUN
norske/ADJ,nasjonaløkonomiske/ADJ,interesser/NOUN
dårlege/ADJ,tider/NOUN,seinare/ADJ
utvida/ADJ,litterær/ADJ,horisont/NOUN
dryge/ADJ,immanente/ADJ,påstandar/NOUN
medviten/ADJ,kunstnarleg/ADJ,retning/NOUN
fullverdig/ADJ,jødisk/ADJ,stat/NOUN
nye/ADJ,sosialdemokratiske/ADJ,regjeringa/NOUN
nytt/ADJ,statistisk/ADJ,sentralbyrå/NOUN
nye/ADJ,personlege/ADJ,rekordar/NOUN
nye/ADJ,personlege/ADJ,rekordar/NOUN
ny/ADJ,nordisk/ADJ,rekord/NOUN
ny/ADJ,personleg/ADJ,rekord/NOUN
ny/ADJ,personleg/ADJ,rekord/NOUN
ny/ADJ,personleg/ADJ,rekord/NOUN
store/ADJ,økonomiske/ADJ,underskota/NOUN
gode/ADJ,akuttmedisinske/ADJ,ressursar/NOUN
mange/ADJ,glade/ADJ,menneske/NOUN
masse/ADJ,gode/ADJ,minner/NOUN
fleire/ADJ,uavhengige/ADJ,kjelder/NOUN
fleste/ADJ,verdifulle/ADJ,slåttemarkene/NOUN
ulike/ADJ,guddomelege/ADJ,krefter/NOUN
fleste/ADJ,eldre/ADJ,bustader/NOUN
riktig/ADJ,montert/ADJ,overspenningsvern/NOUN
manglande/ADJ,kritiske/ADJ,stillinga/NOUN
utidig/ADJ,politisk/ADJ,korrupsjon/NOUN
spesielt/ADJ,ytre/ADJ,delar/NOUN
brei/ADJ,økumenisk/ADJ,diskusjonsprosess/NOUN
ny/ADJ,administrerande/ADJ,direktør/NOUN
sentral/ADJ,kulturell/ADJ,institusjon/NOUN
moderne/ADJ,metafysisk/ADJ,oppfatning/NOUN
første/ADJ,kvalifiserande/ADJ,runden/NOUN
første/ADJ,ordinære/ADJ,runden/NOUN
britiske/ADJ,meteorologiske/ADJ,instituttet/NOUN
siste/ADJ,ledige/ADJ,leigebilen/NOUN
sjeldan/ADJ,politisk/ADJ,konstellasjon/NOUN
første/ADJ,ordinære/ADJ,runde/NOUN
heile/ADJ,2./ADJ,divisjon/NOUN
ytterlegare/ADJ,politisk/ADJ,godkjenning/NOUN
heidenske/ADJ,religiøse/ADJ,lengslar/NOUN
knallsterkt/ADJ,norsk/ADJ,lag/NOUN
sterkaste/ADJ,norske/ADJ,friidrettslandslaget/NOUN
mange/ADJ,viktige/ADJ,perspektiv/NOUN
mange/ADJ,unge/ADJ,spelarar/NOUN
mange/ADJ,millionar/NOUN,ekstra/ADJ
fleire/ADJ,ulike/ADJ,sektorar/NOUN
mange/ADJ,tungtvegande/ADJ,argument/NOUN
høgste/ADJ,målte/ADJ,fart/NOUN
visse/ADJ,kunnskapsoppnåande/ADJ,aktivitetar/NOUN
Meir/ADJ,katolsk/ADJ,samlivsetikk/NOUN
nyskapande/ADJ,industriell/ADJ,varmepumpe/NOUN
sørste/ADJ,kommersielle/ADJ,varmepumpa/NOUN
moderne/ADJ,konservativ/ADJ,protestantisme/NOUN
fleste/ADJ,kristne/ADJ,par/NOUN
offentleg/ADJ,eigde/ADJ,selskap/NOUN
fleire/ADJ,tilsvarande/ADJ,filmar/NOUN
stort/ADJ,internasjonalt/ADJ,publikum/NOUN
fleire/ADJ,heimeverande/ADJ,menn/NOUN
beste/ADJ,rasjonelle/ADJ,løysinga/NOUN
desidert/ADJ,mest/ADJ,personrøyster/NOUN
jamnt/ADJ,godt/ADJ,fiske/NOUN
mange/ADJ,akademiske/ADJ,tungvektarar/NOUN
fyrste/ADJ,rasistiske/ADJ,mordet/NOUN
visst/ADJ,analytisk/ADJ,perspektiv/NOUN
omsorgsfull/ADJ,amerikansk/ADJ,ungdom/NOUN
førebyggjande/ADJ,politiske/ADJ,grep/NOUN
ikkje-norsk/ADJ,etnisk/ADJ,samnemnar/NOUN
velkjent/ADJ,samfunnsdestruktiv/ADJ,miks/NOUN
statleg/ADJ,politisk/ADJ,undertrykking/NOUN
sterk/ADJ,intellektuell/ADJ,tradisjon/NOUN
fyrste/ADJ,nyliberale/ADJ,eksperimentet/NOUN
særnorske/ADJ,økonomiske/ADJ,veksten/NOUN
generelle/ADJ,intellektuelle/ADJ,produksjonen/NOUN
lokale/ADJ,økonomiske/ADJ,rammene/NOUN
mange/ADJ,framståande/ADJ,representantar/NOUN
stor/ADJ,sosial/ADJ,spreiing/NOUN
mykje/ADJ,religiøs/ADJ,litteratur/NOUN
trykt/ADJ,ukjend/ADJ,tekst/NOUN
dominerande/ADJ,danskprega/ADJ,embetsmannskulturen/NOUN
undertrykte/ADJ,norske/ADJ,bondekulturen/NOUN
mange/ADJ,ulike/ADJ,variasjonar/NOUN
eventuell/ADJ,raudgrøn/ADJ,regjering/NOUN
alternativ/ADJ,reformkritisk/ADJ,kandidat/NOUN
eventuell/ADJ,politisk/ADJ,teologi/NOUN
sjølvopphaldande/ADJ,sekulær/ADJ,moral-/NOUN
første/ADJ,norske/ADJ,offiseren/NOUN
mange/ADJ,viktige/ADJ,poeng/NOUN
fyrste/ADJ,kjende/ADJ,tyrannmordet/NOUN
prinsipielle/ADJ,universitetspolitiske/ADJ,skilnadene/NOUN
viktig/ADJ,politisk/ADJ,aktør/NOUN
geniale/ADJ,teoretiske/ADJ,fysikaren/NOUN
sjølvoppteken/ADJ,ung/ADJ,forskar/NOUN
fattige/ADJ,aust-jødiske/ADJ,flyktningar/NOUN
unge/ADJ,amerikanske/ADJ,vitskapshistorikaren/NOUN
første/ADJ,vaklande/ADJ,skritta/NOUN
mange/ADJ,forvirra/ADJ,tankar/NOUN
kloke/ADJ,historiske/ADJ,analysar/NOUN
unge/ADJ,amerikanske/ADJ,radiomannen/NOUN
første/ADJ,fantastiske/ADJ,roman/NOUN
kontinuerlege/ADJ,kritiske/ADJ,vurdering/NOUN
etterretteleg/ADJ,vitskapleg/ADJ,grunnlagsarbeid/NOUN
ulike/ADJ,private/ADJ,skular/NOUN
mange/ADJ,politiske/ADJ,pamflettar/NOUN
enorm/ADJ,kvit/ADJ,sommarfugl/NOUN
ulike/ADJ,katastrofale/ADJ,hendingar/NOUN
komande/ADJ,katastrofale/ADJ,verdskrigane/NOUN
fleire/ADJ,sosialrealistiske/ADJ,romanar/NOUN
ung/ADJ,pengelens/ADJ,mann/NOUN
mange/ADJ,kulturelle/ADJ,kodane/NOUN
øvre/ADJ,sosiale/ADJ,lag/NOUN
kvalitativ/ADJ,religiøs/ADJ,innsikt/NOUN
blendande/ADJ,kvite/ADJ,lyset/NOUN
styrka/ADJ,norsk/ADJ,forskingsspråk/NOUN
tillyste/ADJ,nye/ADJ,språklova/NOUN
fleire/ADJ,sentrale/ADJ,samfunnsfelt/NOUN
avanserte/ADJ,teknologiske/ADJ,område/NOUN
skjerpa/ADJ,språkleg/ADJ,styring/NOUN
vidløftige/ADJ,økonomiske/ADJ,disposisjonar/NOUN
vanlege/ADJ,norske/ADJ,selskap/NOUN
andre/ADJ,store/ADJ,opprør/NOUN
ulik/ADJ,etnisk/ADJ,bakgrunn/NOUN
djupe/ADJ,sosiale/ADJ,problem/NOUN
svarte/ADJ,karibiske/ADJ,barn/NOUN
tunge/ADJ,symfoniske/ADJ,musikken/NOUN
isnande/ADJ,nifst/ADJ,portrett/NOUN
beste/ADJ,utanlandske/ADJ,film/NOUN
døde/ADJ,norske/ADJ,oppdagarane/NOUN
dåverande/ADJ,norske/ADJ,regjeringa/NOUN
manglande/ADJ,rettslege/ADJ,forfølginga/NOUN
tunge/ADJ,militære/ADJ,engasjementet/NOUN
viktigaste/ADJ,kulturpolitiske/ADJ,spørsmålet/NOUN
knallharde/ADJ,økonomiske/ADJ,press/NOUN
grunnleggjande/ADJ,demokratiske/ADJ,veikskapar/NOUN
brei/ADJ,folkeleg/ADJ,oppslutning/NOUN
Meir/ADJ,eksakte/ADJ,funn/NOUN
frustrert/ADJ,norsk/ADJ,gruppe/NOUN
negativ/ADJ,språkleg/ADJ,stempling/NOUN
mange/ADJ,historiske/ADJ,døme/NOUN
uhyggjeleg/ADJ,realistiske/ADJ,spelefilmen/NOUN
utanlandske/ADJ,faglærte/ADJ,ekspertane/NOUN
største/ADJ,økonomiske/ADJ,krisa/NOUN
særleg/ADJ,norske/ADJ,styresmakter/NOUN
store/ADJ,lange/ADJ,støvlar/NOUN
rein/ADJ,nordnorsk/ADJ,dialekt/NOUN
masse/ADJ,nye/ADJ,hus/NOUN
små/ADJ,runde/ADJ,steinar/NOUN
riktig/ADJ,store/ADJ,oksar/NOUN
alminneleg/ADJ,full/ADJ,kledning/NOUN
fin/ADJ,puss/NOUN,bestandig/ADJ
mange/ADJ,mange/ADJ,år/NOUN
