мъноѕи/ADJ,лъжии/ADJ,п҃рци/NOUN
гласомъ/NOUN,велиемь/ADJ,трѫбънꙑмь/ADJ
вьсѣкомь/ADJ,г҃лѣ/NOUN,б҃жии/ADJ
лѣто/NOUN,г҃не/ADJ,приѩто/ADJ
мънога/ADJ,дѣла/NOUN,добра/ADJ
вьсѣка/ADJ,кръвъ/NOUN,праведъна/ADJ
вьсѣко/ADJ,дрѣво/NOUN,добро/ADJ
боурѣ/NOUN,вѣтръна/ADJ,велиѣ/ADJ
вьсѣко/ADJ,слово/NOUN,праздъно/ADJ
иночѧдааго/ADJ,с҃на/NOUN,б҃жиѣ/ADJ
ч҃лвкъ/NOUN,нѣмъ/ADJ,бѣсенъ/ADJ
мьногомь/ADJ,лъжемъ/ADJ,съвѣдѣтелемъ/NOUN
