count,awf,nwf
1,Благꙑ,ч҃лкъ
1,Добрꙑ,ч҃лвкъ
1,авиѣнѧ,ефимѣриѩ
1,авраамлѣ,дѣла
1,аврамлѣ,б҃а
1,аврамл҄е,лоно
1,адова,врата
1,алексѧдровоу,о҃тцоу
1,аньдрѣева,града
1,архиереова,двора
4,архиереова,раба
2,архиереовъ,дворъ
1,архиереовъ,домъ
1,архиереовъ,рабꙑнь
1,архисѵнагоговъ,домъ
1,арѡнь,дъштеръ
1,асоурова,колѣна
1,безводънаѣ,мѣста
1,бездънаа,мѣста
2,блага,дааниѣ
1,благообразенъ,съвѣтьникъ
1,благѫѭ,архиереи
1,благѫѭ,чѧсть
2,благꙑ,оучителю
1,благꙑ,оу҅чителю
1,благꙑ,рабе
1,ближьнѧѩ,вьси
1,ближьнѧѩ,градъцѧ
1,богатааго,трапезꙑ
1,богатоу,ч҃коу
2,богатъ,Ч҃лвкъ
1,богатъ,сѫсѣдъ
1,богатъ,ч҃лкъ
1,божии,ц҃срстви
1,божии,ч҃лвкоу
1,боле,съвѣдѣтельство
1,болии,плодъ
1,больша,знамениѣ
1,большаа,дѣла
1,больше,осѫжденье
1,большѧ,любьве
1,боуѭ҄,мѫжѫ
1,брачъна,одѣаниѣ
1,брачънии,сⷩ҇ве
1,брачъное,одѣание
1,брачънꙑѩ,с҃нꙑ
1,брачьнии,с҃нве
1,бѣлахъ,анⷸ҇ла
1,бѣлѫ,одеждѫ
1,бѣсенъ,съгрѣшени
1,бѣсенъ,ч҃лвкъ
1,б҃жи,ц҃срствии
1,б҃жие,гдрадъ
1,б҃жие,кѵминъ
1,б҃жие,ногама
1,б҃жие,нощь
5,б҃жие,слово
1,б҃жие,соботꙑ
1,б҃жие,с҃псние
2,б҃жие,цѣсарествие
1,б҃жие,ц҃рствие
1,б҃жие,ц҃срествие
22,б҃жие,ц҃срствие
1,б҃жие,ц҃сртвие
1,б҃жие,ц҃ствие
3,б҃жие,ц҃ѣсрствие
1,б҃жиемь,прѣстоломъ
1,б҃жие҅,ц҃срствие
1,б҃жие҅,цⷭ҇рвие
1,б҃жии,а҃нꙉи
1,б҃жии,аⷩ҇лꙑ
1,б҃жии,величии
1,б҃жии,вѣрꙑ
1,б҃жии,г҃лѣ
1,б҃жии,доусѣ
1,б҃жии,корабли
1,б҃жии,съвѣтъ
1,б҃жии,с҃не
4,б҃жии,с҃нъ
1,б҃жии,хлѣбъ
2,б҃жии,храмъ
4,б҃жии,ц҃срствии
1,б҃жии,ц҃ѣсарествии
1,б҃жии҅,законъ
3,б҃жию,пѫти
1,б҃жиѣ,благодатъ
1,б҃жиѣ,вино
1,б҃жиѣ,день
2,б҃жиѣ,дѣла
1,б҃жиѣ,прѣмѫдрость
1,б҃жиѣ,сна
4,б҃жиѣ,с҃на
1,б҃жиѣ,ц҃сарествиѣ
7,б҃жиѣ,ц҃срствиѣ
1,б҃жиѣ,ц҃сртвиѣ
1,б҃жиѣ,ц҃ствіѣ
1,б҃жиѣ,ц҃ⷭ҇рствиѣ
1,б҃жиѣ,чѧда
1,б҃жиѣ҅,ц҃ѣсрствиѣ
1,б҃жиѩ,г҃лꙑ
1,б҃жиѩ,дарꙑ
1,б҃жиѩ,силꙑ
1,б҃жиѩ҅,а҃нꙉлꙑ
1,б҃жиѩ҅,заповѣди
2,б҃жиѩ҅,силꙑ
1,б҃жиѭ,заповѣдь
1,б҃жиѭ,славѫ
1,б҃жиѭ҄,волѭ
1,б҃жиѭ҄,заповѣдь
1,б҃жиѭ҄,славѫ
1,б҃жиѭ҄,ц҃рквъ
1,б҃жиѭ҄,ц҃рквь
1,б҃жиѭ҄,ч҃лкоу
1,б҃жіе,ц҃ствие
2,б҃жіи,а҃нꙉлꙑ
1,б҃жіи,гнѣвъ
2,б҃жіи,г҃лъ
1,б҃жіи,даръ
1,б҃жіи,домъ
1,б҃жіи,пръстѣ
1,б҃жіи,славѣ
4,б҃жіи,с҃нъ
1,б҃жіи,с҃нь
1,б҃жіи,тръниѣ҅
1,б҃зіи,ц҃рствии
1,б҃лгаго,съкровишта
1,б҃лгсвнааго,с҃нъ
1,варахиина,с҃на
1,велие,стадо
1,велие,чрѣждение
3,велиемь,гласомъ
8,велиемь,гласомь
1,велиемь,г҃ласомь
1,велиемь,к҃рстителѣ
1,велиемь,огнемь
1,велиемь,оужасомь
1,велиемь,слово
3,велиемь,страхомь
1,велиемь,с҃ноу
1,велиемь,фарисѣи
2,велиеѭ,радостиѭ
1,велиеѭ҄,славоѭ҄
1,велии,гласъ
1,велии,гласꙑ
1,велии,камень
1,велии,с҃нъ
1,велии,трѫсъ
1,великаа,зъданиѣ
1,великааго,ц҃срѣ
1,великъ,день
1,великъ,пⷬ҇къ
1,великъ,трѫсъ
1,великꙑи,день
1,велию,вѣтроу
1,велиѣ,боурѣ
1,велиѣ,бѣда
2,велиѣ,знамениѣ
1,велиѣ,пропадь
1,велиѣ,скрьбь
2,велиѣ,тишина
1,велиѣ,ц҃ркꙑ
1,велиѩ,вѣтви
1,велиѭ,вечерѭ
2,велиѭ,горьницѫ
1,велиѭ҅,радость
1,велиꙇ,рꙑбъ
1,вельбѫждꙇ,власꙑ
2,ветъсѣ,ризѣ
1,ветъхѫ,ризѫ
3,ветъхꙑ,мѣхꙑ
1,водъноумоу,влънению
1,водънꙑи,трѫдъ
1,врѣменьнѣ,чѣсѣ
1,въльемь,г҃лсмъ
1,въсѣко,мѣсто
1,въсѣкъ,градъ
1,въторопръвѫѭ,соботѫ
1,вьсѣка,власть
1,вьсѣка,гора
1,вьсѣка,дьбрь
1,вьсѣка,жрътва
1,вьсѣка,кръвъ
3,вьсѣка,плъть
1,вьсѣка,ц҃срствиѣ
1,вьсѣко,врѣмѧ
4,вьсѣко,дрѣво
1,вьсѣко,искоушение
1,вьсѣко,слово
1,вьсѣко,сѫдъ
1,вьсѣко,ц҃срствие
1,вьсѣко,ц҃ѣсрство
1,вьсѣкого,зелиѣ
1,вьсѣкого,лихоимьствиѣ
1,вьсѣкого,рода
1,вьсѣкои,вешти
1,вьсѣкои,винѣ
1,вьсѣкои,имѧ
1,вьсѣкомоу,длъжьникоу
1,вьсѣкомь,г҃лѣ
1,вьсѣкомь,корабли
1,вьсѣкоѩ,вьси
1,вьсѣкоѩ,нечистотꙑ
1,вьсѣкоѩ,плъти
1,вьсѣкъ,градъ
1,вьсѣкъ,грѣхъ
2,вьсѣкъ,г҃лъ
3,вьсѣкъ,день
1,вьсѣкъ,кънижъникъ
1,вьсѣкъ,младенецъ
2,вьсѣкъ,недѫгъ
1,вьсѣкъ,праздьникъ
1,вьсѣкъ,садъ
1,вьсѣкъ,ч҃лвкъ
1,вьсѣкѫ,болѣзнь
1,вьсѣкѫ,истинѫ
1,вьсѣкѫ,разгѫ
1,вьсѣкѫ,ѩ̆зѫ
1,вѣтръна,боурѣ
1,вѣтръна,бѫрѣ
9,вѣчънааго,живота
1,вѣчъноумоу,сѫдоу
1,вѣчънѣемь,животѣ
1,вѣчънѫѭ,мѫкѫ
10,вѣчънꙑ,животъ
1,вѣчънꙑ,огнъ
1,вѣчънꙑ,огнь
3,вѣчънꙑи,животъ
1,вѣчънꙑи,ц҃ркве
1,вѣчънꙑѩ,кровꙑ
1,вѣчьнѣемь,животѣ
1,вѣчьнꙑи,животъ
3,вꙑсокѫ,горѫ
1,вꙑшънѣаго,б҃а
1,вꙑшънѣаго,краѣ
1,вꙑшънѣаго,сила
1,вꙑшънѣаго,с҃нъ
1,вꙑшьнѣаго,проркъ
1,гадаринскѫ,странѫ
1,гадаринъскѫ,земл҄ѭ
1,гадаринъскꙑѩ,области
1,галилеискамъ,старѣишинамъ
1,галилеиско,море
2,галилеискъ,градъ
1,галилеискѫ,странѫ
1,галилеискꙑ,вьси
1,галилеисцѣ,мори
1,галилѣисцѣмъ,мори
1,галилѣисцѣхъ,съньмиштихъ
1,гвоздеинꙑѩ҅,ѣзвꙑ
1,гвоздиинѫѭ҄,ѣзвѫ
1,гнь,пѫть
1,голѫбина,птенъца
1,горешъ,д҃хъ
1,гороушъноу,зръноу
1,горюшъно,зръно
1,горюшъно,слѣдъ
1,горюшънѣ,зрънѣ
1,горюшьно,зръно
1,горюшьноу,зръноу
1,готовѫ,горьницѫ
1,грѣшенъ,ч҃лкъ
1,грѣшънѫ,мѫжю
1,г҃не,лѣто
1,г҃не,слово
1,г҃не,храмъ
6,г҃не,імѧ
1,г҃немь,лицемъ
2,г҃ни,законѣ
1,г҃нихъ,оправъданиихъ
1,г҃нъ,д҃хъ
1,г҃нь,Чашѫ
1,г҃нь,а҃нгл
1,г҃нь,а҃нꙉл
1,г҃нь,а҃нꙉлъ
1,г҃нь,а҃нꙉъ
2,г҃нь,пѫть
1,г҃нѣ,мꙑшъца
1,г҃нѣ,рѫка
1,г҃нѣ,сила
1,г҃нѣ,слава
1,г҃нѭ,ц҃рквъ
1,давꙑдовоу,с҃нови
1,давꙑдовъ,с҃не
1,далъманоутанъскꙑ,странꙑ
1,декапольскꙑ,прѣдѣлꙑ
1,десна,рѫка
1,деснаа,рѫка
1,десное,око
2,десное,оухо
1,деснѫѭ,ланитѫ
1,деснѫѭ,рѣпиѣ
1,деснѫѭ,странѫ
1,дивии,медъ
1,длъѕѣ,врѣмени
1,добра,дѣла
3,добра,плода
1,добра,рода
1,добраго,отецъ
1,добраго,съкровишта
3,добро,дрѣво
2,добро,дѣло
2,добро,сѣмѧ
1,добро,сѫдъ
1,добро,таланътъ
2,доброе,вино
1,доброе,соботѣ
2,доброе,сѣмѧ
1,добромь,камениемь
1,добромь,сръдьцемъ
1,добръ,бисьръ
1,добръ,плодъ
1,добрѣ,бѣси
1,добрѣ,домъ
1,добрѣ,дѣлѣ
5,добрѣ,земи
1,добрѣ,тѣло
1,добрꙑ,пастꙑрь
1,добрꙑ,плодꙑ
2,добрꙑ,рабе
1,домовитоу,стькльницамъ
1,домовитоу,темьници
2,домовитоу,ч҃лвкоу
1,домовитъ,ч҃лкъ
1,домовьнѣемь,приставлении
1,достоинѫѭ,чѧсть
1,достоинꙑ,плодꙑ
1,драга,мѵра
1,драгꙑ,хризмꙑ
1,дроугаѣ,ц҃срствиѣ
1,дроугоумоу,оученикоу
1,дроугѫѭ,соботѫ
1,дроугѫѭ҄,домъ
3,дроугꙑ,оученикъ
1,дроугꙑ,рабъ
1,дроугꙑи,рабъ
1,дроугꙑимъ,градомъ
1,дроугꙑихъ,д҃хъ
1,дроугꙑѩ,кьнигꙑ
2,дроуѕии,оученици
1,дроуѕии,слѣдъ
1,дьнесьнѣго,дьне
1,дьнесьнѣго,мꙑсльѭ҄
1,дѣтескъ,кроупицъ
1,д҃авдва,домоу
1,д҃авдвъ,с҃не
1,д҃авдвъ,с҃ноу
1,д҃ва,сѣмене
1,д҃вдвоу,с҃нови
2,д҃вдвъ,с҃не
1,д҃вдвъ,с҃ноу
1,д҃въ,градъ
1,д҃въ,сестра
2,д҃въ,с҃ноу
1,д҃вѣ,градѣ
1,д҃ховънѣи,силѣ
4,елеонъскѫ,горѫ
1,елеонъсцѣ,горѣ
1,елеоньстцѣи,горѣ
2,елеоньсцѣ,горѣ
1,елеооньсцѣ,горѣ
1,елинъсками,кънигами
1,елинъско,расѣание
1,ехидънова,ищѧдьѣ
1,ехидънова,ꙇштѧдиѣ
1,ехидънова,ꙇштѧдьѣ
1,желѣзна,ѫжа
1,желѣзномъ,ѫжемь
2,желѣзнꙑ,ѫжи
1,жениховъ,гласъ
1,жениховъ,дроугъ
2,живааго,б҃а
1,животънааго,свѣта
2,живѫ,водѫ
1,живꙑ,водꙑ
1,живꙑмъ,б҃мь
1,живꙑхъ,б҃ъ
1,житеискꙑими,печальми
1,житеискꙑими,сластьми
2,жръновънꙑ,камень
1,законьноумоу,обꙑчаѭ
1,захарииноу,с҃ноу
1,захариинъ,домъ
2,зеведеова,с҃на
1,зеведеова,сꙑна
2,зеведеовоу,с҃новоу
1,зеведеовоу,чѧсть
1,зеленѣ,трѣвѣ
1,землъскаѣ҅,колѣна
1,земънꙑхъ,сѣ
1,земънꙑѩ҅,глѫбинꙑ
1,земьсции,ц҃сри
1,золъ,оученици
1,золъ,плодъ
1,золъ,родъ
1,зъла,плода
1,зъла,помꙑшлениѣ
1,зълааго,а҃нꙉли
1,зълааго,съкровишта
1,зълааго,съкровища
3,зъло,дрѣво
1,зълъ,д҃хъ
1,зълꙑ,народомъ
1,зълꙑ,плодꙑ
2,зълꙑ,рабе
1,зълꙑ,рабъ
1,зълꙑ,ч҃лвкъ
1,зълꙑ,ч҃лкъ
1,зьль,д҃хъ
2,игълинѣ,оуши
1,игьлинѣ,оуши
1,иереискоумоу,обꙑчаю
1,иероусалимъсцѣ,градѣ
1,издаилвъ,ц҃сръ
1,издраилевома,колѣнома
1,илииноѭ҄,д҃хомь
1,илиинꙑ,дьни
1,иночѧда,дъшти
2,иночѧдааго,с҃на
1,иночѧдъ,с҃нъ
1,иоанновома,вѣстьникома
4,иоанови,оученици
1,иоанови,плодъ
1,иоаново,кръштение
1,иоаново,кръщение
1,иоаново,крьштение
1,иоаново,оучителю
1,иоановомъ,кръштениемь
1,иоановъ,оученикъ
1,иоановѣ,прѣдании
1,иониноѭ҄,проповѣдиѭ
1,ионинъ,с҃нъ
1,ионинѫ,проповѣдь
1,иоръданъскѫѭ,странѫ
1,иосиова,мати
1,иосифова,с҃на
1,иосифовъ,с҃нъ
1,иродиѣдина,дъшти
1,иродиѣдина,прѣдѣлꙑ
1,иродова,кваса
1,иродова,приставъника
1,иродова,розьства
1,исаино,пророчъсто
1,исакова,б҃а
1,исаковъ,богъ
1,исаковъ,б҃ъ
1,исплънь,коша
1,исплънь,кошъницъ
1,исплънь,мѫжъ
1,исплънь,народоу
1,испльнь,коша
1,истинънааго,б҃а
3,истинънꙑ,д҃хъ
1,истинънꙑ,хлѣбъ
1,истиньни,поклоньници
1,июдеиска,Съвѣтъ
1,июдеиска,града
2,июдеиска,пасха
1,июдеиска,страна
1,июдеиска,цѣсѣрѣ
3,июдеиска,ц҃срѣ
1,июдеискоу,очиштению
1,июдеискъ,кънѧѕъ
1,июдеискъ,праздьникъ
1,июдеискъ,ц҃ръ
2,июдеискъ,ц҃сръ
3,июдеискъ,ц҃срю
1,июдеискꙑ,млънии
2,июдеискꙑ,прѣдѣлꙑ
1,июдеискꙑ,слоугꙑ
1,июдеискꙑ,старъцѧ
1,июдеистцѣи,странѣ
1,июдеисции,архиереи
1,июдовъ,градъ
1,июдѣискѫ,параскевьꙉиѭ
1,ию҅деискъ,праздьникъ
1,иѣковли,домоу
2,иѣковль,б҃ъ
1,иѣковль,силꙑ
1,иѣковль,стоуденецъ
2,иѣковлѣ,братра
1,иѣковлѣ,б҃а
1,иѣковлѣ,мати
1,иѣковлѣ,чⷭ҇и
1,и҃̆злвъ,ноѕѣ
1,и҃̆злвъ,с҃нъ
1,и҃здраилвма,колѣнома
1,и҃здрлва,б҃а
1,и҃здрлвъ,градъ
1,и҃здрлвъ,с҃нвъ
1,и҃злвоу,домоу
1,и҃злвъ,б҃ъ
1,и҃лва,домоу
2,и҃сва,мати
2,и҃сва,тѣла
1,и҃свама,колѣнома
1,и҃свама,ногама
1,и҃сво,слово
6,и҃сво,тѣло
3,и҃своу,ногоу
1,и҃свѣ,гробъ
1,и҃свѣ,к҃рстѣ
1,и҃свѣ,лонѣ
1,и҃свѣ,ноѕѣ
1,и҃свꙑ,пръси
1,и҃свꙑ,трьсть
1,и҅сѵсовъ,г҃лъ
1,иꙉемонови,воини
1,кадилънаего,олтарѣ
1,какова,жена
1,каково,зъдание
1,каково,камение
1,камѣнъ,водоносъ
1,кедръска,потока
1,кинъсънꙑ,склѧзъ
1,коупльнааго,домоу
2,краниево,мѣсто
1,кромѣштьнѭѭ,тъмѫ
1,кромѣштьнѭѭ҄,вьси
1,кромѣштьнѭѭ҄,тъмѫ
1,кромѣштьнѭ҄ѭ҄,тъмѫ
1,кръвоточива,жена
1,крѣпокъ,гладъ
1,крѣпъкааго,домъ
1,крѣпъкааго,съсѫдъ
1,крѣпькꙑ,вѣтрꙑ
1,крѣпькꙑ,фарисѣи
1,кънѧжь,домъ
1,кѵринѣиска,ч҃ка
2,лише,осѫждение
1,лозънааго,горѣ
2,лозънааго,плода
1,лозънаго,плода
1,лотовѫ,женѫ
1,лотовꙑ,дьни
2,лъжа,съвѣдѣтелѣ
1,лъжа,с҃нъ
1,лъжемъ,съвѣдѣтелемъ
1,лъжи,олтарь
1,лъжи,пророци
1,лъжи,п҃рци
1,лъжи,сотонѫ
1,лъжии,п҃рци
1,лъжиимъ,п҃ркмъ
1,лъжихъ,пророкъ
1,любодѣинааго,словесе
1,людьскꙑхъ,старецъ
2,людьстии,старьци
2,людьсции,старьци
1,лѫкавоуемоу,родоу
1,лѫкавъ,родъ
1,лѫкавъно,око
1,лѫкавꙑ,рабе
1,магдаланьскꙑ,прѣдѣлꙑ
2,мало,врѣмѧ
1,мало,оуброусомъ
1,малое,стадо
1,малꙑхъ,братръ
1,мамонинꙑ,неправъдꙑ
1,мариина,градъца
1,мариино,цѣлование
1,мариинъ,с҃нъ
1,миренъ,пѫть
1,младьнечь,оустъ
1,много,мъножъство
1,много,ꙇзмѣнѫ
1,мноѕѣхъ,дьнехъ
1,моръскааго,шюма
1,морьстѣи҅,пѫчинѣ
1,мосеовахъ,кънигахъ
1,мосеовоу,законоу
1,мосѣовъ,законъ
1,мосѣовѣ,законѣ
1,мосѣовѣ,сѣдалищи
1,мрътвꙑихъ,костии
1,мрътвꙑхъ,вьскрѣшени
1,мънога,дѣла
1,мънога,женꙑ
2,мънога,знамениѣ
2,мънога,лѣта
1,мънога,сестрꙑ
2,мънога,сътѧжаниѣ
1,мънога,трѣва
1,мънога,тѣлеса
1,мъного,мъножъство
1,мъного,мъножьство
1,мъного,раба
2,мъного,стадо
1,мъного,съребро
1,мъногомъ,въстание
1,мъногоу,коша
3,мъногоу,народоу
1,мъногоу,часоу
1,мъногоцѣнънꙑ,пистикиѩ
1,мъногоѭ,силоѭ
1,мъногоѭ҄,славоѭ
1,мъногъ,балии
1,мъногъ,врѣменъ
2,мъногъ,лѣтъ
18,мъногъ,народъ
3,мъногъ,плодъ
1,мъногъ,ръптъ
1,мъногъ,силъ
1,мъногъ,с҃рдцъ
1,мъногъ,тъштаниемь
1,мъногъ,хлѣба
2,мъногꙑ,бѣсꙑ
1,мъногꙑ,водꙑ
1,мъногꙑ,въдовицѧ
1,мъногꙑ,домоу
1,мъногꙑ,дьни
1,мъногꙑ,женꙑ
2,мъногꙑ,землѧ
1,мъногꙑ,избавление
1,мъногꙑ,кратꙑ
1,мъногꙑ,кьнижьници
1,мъногꙑ,обитѣли
1,мъногꙑ,силꙑ
1,мъногꙑ,словесꙑ
1,мъногꙑхъ,любꙑ
1,мъножаишѧ,оученикꙑ
1,мъножѣише,народи
1,мъножѣишѧѩ,б҃ъ
1,мъножѣишѧѩ,силꙑ
1,мънози,народи
1,мънозѣхъ,птицъ
1,мъноѕи,бѣси
1,мъноѕи,грѣшъници
1,мъноѕи,мꙑтаре
6,мъноѕи,народи
1,мъноѕи,пророци
2,мъноѕи,п҃рци
1,мъноѕи,снъ
1,мъноѕѣ,г҃лни
1,мъноѕѣ,слоужъбѣ
1,мъноѕѣми,притъчами
1,мъноѕѣхъ,дьнехъ
1,мъноѕѣхъ,пътицъ
1,мьнии,с҃нъ
1,мьнога,лѣта
1,мьногомь,съвѣдѣтелемъ
1,мьногоцѣнень,бисьръ
1,мьногꙑ,народꙑ
1,мьнози,грѣси
1,мьнозѣхъ,врѣменехъ
2,мьноѕи,народи
1,мьноѕи,ѩ҃зкъ
1,мьньшихъ,братръ
1,мѧкъками,кентѵриона
1,мѧкъками,ризами
1,мѧкъкꙑ,ризи
1,мѫдроу,мѫжѭ
1,мѫжескъ,горꙑ
1,мѫжескъ,полъ
1,мѫжъска,полоу
1,мѫчъное,мѣсто
1,мⷬ҇нѣ,чрѣва
1,назаретъска,града
1,нарочита,съвѧзьнѣ
1,нарочита,істинѫ
1,наръдънꙑ,хризмꙑ
1,насѫштънꙑ,хлѣбъ
1,не,архиереи
1,не,кръвъ
1,не,огнемь
2,не,огнь
1,небеское,домъ
1,небеское,садоукеи
1,небеское,ц҃рствие
2,небеское,ц҃срствие
1,небескꙑѩ҅,силꙑ
1,небесъскꙑхъ,облацѣхъ
1,невѣрънь,роде
1,невѣрънꙑ,роде
1,невѣрьнь,роде
1,недѫжень,д҃хъ
1,неключимааго,раба
1,неправедънааго,иконома
1,неправедънꙑ,сѫдии
1,неправедьнѣемь,жити
1,нечистама,рѫкама
2,нечистии,д҃си
1,нечистии,притъчами
1,нечистии,ч҃лвкъ
1,нечистомъ,д҃хмъ
1,нечистомь,д҃хмь
1,нечистоумоу,д҃хоу
1,нечистоуоумоу,доухови
1,нечистоуоумоу,д҃хоу
1,нечистоуоумоу,силѫ
3,нечистъ,д҃хъ
1,нечистꙑ,д҃хъ
2,нечистꙑи,д҃хъ
1,нечистꙑи,д҃ше
1,нечистꙑимъ,д҃хмъ
1,нечистꙑмъ,д҃хмъ
1,нечистꙑхъ,д҃схь
1,нечистꙑхъ,д҃сѣхъ
1,ниневъꙉитьсции,мѫжи
1,ниневьꙉитьстии,мѫжи
3,нова,вина
2,новааго,завѣта
3,ново,вино
2,новое,вино
1,новое,оучение
1,новое,ц҃ⷭ҇рствиѣ
1,новъ,гробъ
1,новѣмь,гробѣ
3,новꙑ,мѣхꙑ
1,новꙑ,м҃сцѧ
1,новꙑ,ризꙑ
1,новꙑ,словеса
1,новꙑ,ѩ҃зкꙑ
2,ноевꙑ,дьни
1,ноштънѣи,стражи
1,нощънѫѭ,стражѫ
1,нѣмъ,д҃хъ
1,нѣмъ,съгрѣшени
1,нѣмъ,ч҃лвкъ
1,нѣмꙑ,д҃ше
1,н҃бскааго,отъца
1,н҃бскааго,ц҃срствиѣ
1,н҃бское,тѣло
1,н҃бское,ц҃срествие
6,н҃бское,ц҃срствие
1,н҃бское,ц҃с҃рствие
1,н҃бское҅,ц҃срствие
1,н҃бскоумоу,ц҃срствию
1,н҃бскъ,отецъ
2,н҃бскꙑ,отецъ
1,н҃бскꙑ,отцъ
1,н҃бскꙑ,о҃тцъ
1,н҃бскꙑимъ,вѣтроу
1,н҃бскꙑимъ,отъцемь
1,н҃бскꙑимъ,птицамъ
1,н҃бскꙑмъ,птицамь
1,н҃бскꙑѩ,птицѧ
1,н҃бскꙑѩ,пⷮ҇ицѧ
1,н҃бскꙑѩ,силꙑ
1,н҃бсскꙑими,облакꙑ
1,н҃бсции,а҃нꙉли
1,н҃бсции,съкровишта
1,н҃бсцѣемъ,ц҃срствии
1,н҃бсцѣмь,ц҃срстви
1,н҃ебескꙑ,о҃тцъ
1,н҃ебскааго,ц҃срствиѣ
1,н҃ебское,домъ
5,н҃ебское,ц҃срствие
1,н҃ебское,ц҃ствие
1,н҃ебскꙑ,о҃тцъ
1,н҃ебскꙑихъ,вои
4,н҃ебскꙑѩ,птицѧ
1,н҃ебсцѣемь,ц҃рствии
1,н҃ебсцѣе҅мь,ц҃сртви
1,н҃ечста,бѣса
1,нⷠ҇скааго,ц҃срствиѣ
1,овьчахъ,одеждахъ
1,овьчи,кѫпѣли
1,овьчии҅,дворъ
1,огньнѫ,пешть
1,огньнѫ,пещь
1,огньнѫѭ,ꙉеонѫ
1,огньнѫѭ҄,ицѣлениѣ
1,огньнѫѭ҄,ꙉеонѫ
1,окръстьниихъ,селѣхъ
1,окръстьнѧѩ,вьси
1,осъли,жрѣбѧте
1,осьльскꙑ,жръновъ
1,отьчѫ,волѭ
1,оубога,въдовица
1,оубогаа,въдовица
1,оубогаѣ,въдовица
1,оубогѫ,въдовицѫ
2,оупитѣнꙑ,телецъ
1,оусниѣнъ,поѣсъ
1,оутрни,день
1,оутрни,земи
1,оутрънии,день
4,оутрѣи,день
1,оутрѣи,дьнь
1,оцътъно,вино
1,петровъ,а҃плма
1,петровъ,домъ
1,питомꙑ,телецъ
1,погꙑбѣлънꙑ,с҃нъ
1,подобъна,врѣмене
1,подобъна,врѣмени
1,подобъна,область
1,подобъно,врѣмѧ
1,послѣдьнее,мѣсто
1,послѣдьни,день
2,послѣдьнии,день
4,послѣдьнии,дьнь
1,послѣдьнии,кодрантъ
1,послѣдьнии,трьхьть
1,послѣдьниимь,мѣстѣ
1,послѣдьнѣа,лесть
1,потрѣбъноу,дьни
1,потрѣбъноу,отъца
6,поусто,мѣсто
2,поустѣ,мѣстѣ
1,праведъна,кръвъ
1,праведъномъ,пѫтемь
1,праведънꙑ,сѫдъ
1,праведънꙑи,о҃тъче
1,праведънꙑхъ,мѫдрость
1,праведьниче,імѧ
1,праведьничѫ,мъздѫ
1,праведьнꙑхъ,ракꙑ
1,праздъно,слово
1,прапрѫдънѫ,ризѫ
1,прапрѫдьнѫѭ,ризѫ
1,приѩто,лѣто
1,прокаженъ,мѫжъ
1,пророче,смоковьніца
1,пророче,імѧ
1,пророчъскꙑѩ,кънигꙑ
1,пророчьскꙑѩ҅,гробꙑ
1,пророчѫ,мьздѫ
1,прочии,день
1,прочии,ч҃лвци
1,прочѧѩ,дѣвꙑ
1,прѣдьнимь,мѣстѣ
1,прѣлюбодѣимъ,родѣ
1,прѣлюбодѣина,словесе
1,прѣмьнѭѫ,весь
1,прѣрочъно,знамение
1,псаломъскꙑхъ,кънигахъ
1,пшеничьно,зръно
1,равьнѣ,мѣстѣ
1,различънꙑ,недѫгꙑ
1,различънꙑ,ѩѕѧ
3,распоустънꙑѩ,кънигꙑ
1,рѫкотворенѫѭ,ц҃рквь
1,самарьскъ,градъ
1,самарѣнъскѫ,б҃ъ
1,самарѣнъскѫ,весь
1,свино,стадо
1,свиное,пѫти
1,свиное,стадо
1,свѣтелъ,дроугъ
1,свѣтелъ,облакъ
1,свѣтълѫ,ризѫ
1,селъное,сѣно
1,селънꙑхъ,кринъ
1,селънꙑхъ,плѣвелъ
1,силенъ,п҃ркъ
1,силоуамлѭ,кѫпѣль
1,силоуамъскъ,стлъпъ
1,силоуамьсцѣ,коупѣли
1,симонова,Тъшта
1,симоновоу,слово
2,симоновъ,домъ
1,симонь,оученикомъ
1,симоню,власть
1,симонѣ,тъшта
1,сионова,дъщи
1,сионова,рѫцѣ
1,сионовѣ,дъщери
1,скѫдельниково,о҃тче
1,скѫдельниково,село
1,скѫдельничи,селѣ
1,слѣпа,ч҃лва
1,слѣпе,Фарисею
1,слѣпии,вожди
1,слѣпии,имѧ
1,слѣпомъ,очи
1,слѣпооумоу,очи
1,слѣпъ,сꙑнъ
1,соботънꙑ,вечеръ
4,соботънꙑ,день
1,содомьсцѣ,земи
1,содомьсцѣи,день
1,содомьсцѣи,земи
1,соломони,притворѣ
1,соломонѧ,прѣмѫдрости
1,соугоубѣиша,с҃на
3,соухѫ,рѫкѫ
1,старѣи,с҃нъ
1,стоуденꙑ,водꙑ
1,съвръшенꙑ,люди
1,съмрътьнѣ,тъмѣ
3,сѫдънꙑ,день
1,сѫдънꙑ,законѣ
1,сѫдънꙑи,день
1,сѫдънꙑи,срѣдꙑ
1,сѫдьнꙑ,день
1,с҃втъмъ,д҃хмь
2,с҃та,д҃ха
1,с҃та,знамениѣ
2,с҃тааго,д҃ха
1,с҃тои,завѣтъ
2,с҃тъ,д҃хъ
1,с҃тꙑ,О҃тче
1,с҃тꙑ,градъ
6,с҃тꙑ,д҃хъ
2,с҃тꙑи,д҃хъ
1,с҃тꙑи,дⷯ҇ъ
1,с҃тꙑими,а҃нꙉлꙑ
1,с҃тꙑихъ,а҃нꙉлъ
1,с҃тꙑми,а҃нꙉлꙑ
3,с҃тꙑмъ,д҃хмь
1,с҃тꙑмъ,д҃хомъ
2,с҃тꙑмь,д҃хмь
1,с҃тꙑхъ,п҃ркъ
1,с҃тꙑхъ,тѣлеса
1,сꙑрѣ,дрѣвѣ
1,таворьѣ҅дьсцѣмь,мори
1,такова,женꙑ
1,такова,сестрꙑ
1,таково,вьси
1,таково,отрочѧ
1,таковꙑ,врагъ
1,таковꙑ,силꙑ
1,таковꙑхъ,отрочѧтъ
1,тимеовъ,сꙑнъ
1,тоуждиихъ,гласа
1,тоурьска,помориѣ
1,тоурьскѫ,странѫ
1,трахонитъскоѭ,страноѭ
2,тръновъ,вѣнецъ
1,трѫбънꙑмь,гласомъ
1,трѫбънꙑмь,слово
1,трѫбънꙑмь,фарисѣи
1,тъмънꙑ,чѧсти
1,тьмьнаѣ,область
1,тѣлесънꙑмъ,зракомъ
1,тѣснаа,врата
1,тѧжъка,брѣмена
1,тѵръскъ,прѣдѣлъ
1,тѵръскъ,хлѣбꙑ
1,тѵрьскꙑ,дъшти
1,тѵрьскꙑ,прѣдѣлꙑ
1,фаноуилева,дъшти
1,фарисеиска,земи
2,фарисеиска,кваса
1,фарисеиска,оучениѣ
1,фарисѣиска,диѣволъ
2,фарисѣиска,кваса
1,фарисѣиска,кънѧѕа
1,фарисѣиска,мѫжи
1,фарисѣовъ,домь
1,фарисѣовѣ,храминѣ
1,хананеиска,жена
1,хлѣбънааго,кваса
1,хлѣбънааго,тъма
1,хоузанѣ,жена
1,хризмънꙑѩ,вонѧ
1,х҃ва,дѣла
1,х҃ва,молитвѣ
2,ц҃рквнаѣ,катапетазма
1,ц҃рквнаѣ,опона
1,ц҃рквнꙑмъ,златомь
1,ц҃рквнꙑмъ,народи
1,ц҃рквнꙑмъ,стратигомъ
1,ц҃рквънаѣ,зъданиѣ
1,ц҃рквьнѣемь,крілѣ
2,ц҃сръ,мѫжъ
1,чистоѭ,плащаницеѭ
1,члвѣческъ,заповѣдии
1,чловѣчскꙑ,законьници
1,чловѣчскꙑ,камень
1,чловѣчскꙑ,мрѣжа
2,чловѣчскꙑ,с҃нъ
1,чловѣчьсцѣемь,с҃нѣ
1,чръвленоѭ,хламидоѭ
1,ч҃кскꙑ,с҃нъ
1,ч҃кꙑ,с҃нъ
1,ч҃лвска,плешта
3,ч҃лвскааго,с҃на
1,ч҃лвскоумоу,сꙑноу
1,ч҃лвскꙑ,очию
1,ч҃лвскꙑ,съвѣдѣтелѣ
7,ч҃лвскꙑ,с҃нъ
1,ч҃лвскꙑи,с҃нъ
1,ч҃лвчка,с҃рдца
1,ч҃лвчска,прѣданиѣ
7,ч҃лвчскааго,с҃на
1,ч҃лвчскааго,ч҃лвци
1,ч҃лвчскомь,с҃номъ
1,ч҃лвчскоумоу,гласомь
3,ч҃лвчскоумоу,с҃ноу
1,ч҃лвчскъ,заповѣдеи
1,ч҃лвчскъ,пророци
1,ч҃лвчскъ,снъ
3,ч҃лвчскъ,с҃нъ
1,ч҃лвчскꙑ,аархиереи
1,ч҃лвчскꙑ,врача
1,ч҃лвчскꙑ,дъшти
1,ч҃лвчскꙑ,поустꙑнѧ
20,ч҃лвчскꙑ,с҃нъ
1,ч҃лвчскꙑи,с҃нъ
2,ч҃лвчсцѣ,рѫцѣ
1,ч҃лвчъскааго,стекльници
1,ч҃лвчъскааго,с҃на
1,ч҃лвчъскꙑи,с҃нъ
1,ч҃лвчьскꙑ,с҃нъ
1,ч҃лвѣчскꙑ,г҃и
1,ч҃лвѣчскꙑ,с҃нъ
1,ч҃лвѣчъскомъ,с҃нмъ
1,ч҃лвѣчьскꙑ,с҃нъ
2,ч҃ловчскааго,с҃на
3,ч҃лскааго,с҃на
1,ч҃лскоуоумоу,пѫтꙑ
1,ч҃лскоуоумоу,с҃ноу
4,ч҃лскꙑ,с҃нъ
1,ч҃лчкѫ,славѫ
2,ч҃лчскꙑ,с҃нъ
1,ч҃лчьскааго,с҃на
1,ч҃лчьскꙑ,с҃нъ
1,ч҃л҃вчскꙑ,с҃нъ
1,ч҃л҃вѣчскꙑ,с҃нъ
1,ч҃л҃вѣчсцѣмь,с҃нѣ
1,ч҃скъ,с҃нъ
1,ч҃скъ,ч҃лвкъ
1,ч҃скъ,імѧ
1,ч҃скꙑ,сн
1,ч҃скꙑи,с҃нъ
1,чⷭ҇кꙑ,с҃н
1,южьскаа,Ц҃срца
1,іоръдансцѣи,рѣцѣ
1,іюденскѫѭ,землѭ
1,ѣрьмьнича,с҃на
1,ѩчънꙑхъ,хлѣбъ
1,ѩчьнъ,хлѣбъ
1,ѫзъкꙑми,вратꙑ
1,ѫзъкꙑми,г҃ви
1,ꙇ҃лвъ,ц҃сръ
1,ꙇ҃мскꙑ,дъштери
1,ꙉенисаретъскѫ,въселенꙑѩ
1,ꙉенисаретъскѫ,землѭ
1,ꙉенисаретъскѫ,з҃емлѭ
1,ꙉенисаретъсцѣ,езерѣ
1,ꙉеонъскааго,сѫда
1,ꙉерꙉесиискѫ,г҃ь
1,ꙉерꙉесиискѫ,странѫ
