count,awf,nwf
1,1,roi
1,agu,pel
1,ague,alemele
1,agues,pieres
1,agut,elme
1,agut,paiens
1,agut,pui
1,aguz,danz
1,aguz,esperuns
1,aguz,pex
1,agüete,coutel
1,ainznee,seror
1,ainznee,suer
2,alexandrin,palie
1,alise,mal
1,alise,pierre
1,altaigne,tere
1,altisme,paleis
1,altra,voiz
1,altre,autel
2,altre,avisiun
1,altre,cunte
1,altre,frere
1,altre,hume
1,altre,main
2,altre,maniere
1,altre,meitet
1,altre,mot
6,altre,part
1,altre,per
1,altre,piere
1,altre,pople
1,altre,rei
1,altre,seinors
1,altre,soleill
1,altres,citez
1,altres,gemes
2,altres,gemmes
1,altres,genz
1,altres,hom
1,altres,vertuz
1,altretele,colur
1,alïenes,terres
1,amere,sause
1,amiable,cançun
1,amiable,grace
1,amiracle,escut
1,anclin,chief
1,ancïene,geste
1,ancïenur,tens
1,anguisables,destreiz
1,anoel,feste
1,anti,sentier
1,antiere,amors
1,antiere,semainne
2,antiers,jorz
1,antiers,sairemanz
1,antif,hoem
1,antif,hume
1,antif,judéu
1,antif,pople
1,antifs,humes
1,anvés,festes
1,apert,miracle
1,aperte,chose
1,apertes,vertuz
1,ardant,feu
1,aspre,cuz
1,aspre,doel
1,aspre,venjance
1,aspre,vie
1,asseür,home
1,aube,espine
1,aubes,espines
1,aultre,amurs
1,aultre,maniere
1,autel,oste
1,autel,porte
1,autr',ier
1,autre,afeire
1,autre,aparoil
1,autre,baron
1,autre,brief
2,autre,chevalier
3,autre,compaignon
1,autre,cop
1,autre,dame
1,autre,diversité
1,autre,fois
2,autre,foiz
1,autre,home
1,autre,jor
5,autre,main
1,autre,mitié
1,autre,muiller
1,autre,nuit
10,autre,part
1,autre,pecheor
1,autre,preudome
1,autre,prison
1,autre,pucele
1,autre,roi
1,autre,semainne
1,autre,sentier
1,autre,seson
1,autre,suer
1,autre,vertu
1,autres,aventures
1,autres,bieres
3,autres,chevaliers
3,autres,compaignons
1,autres,culpe
1,autres,fames
1,autres,meseaus
1,autres,vertuz
1,avenanz,brunete
1,avenanz,dameiseles
1,aventuros,gué
1,avere,chose
1,averse,chose
1,averse,colur
3,averse,gent
1,averse,saut
1,barbee,gent
1,barbelees,saietes
1,bas,mur
1,bas,ostel
1,bas,parage
1,basse,meison
1,basse,none
1,basse,parole
1,baucent,palefroi
1,beals,dulurs
1,beals,sunges
1,beau,amis
1,beau,ber
1,beau,enfant
1,beau,feu
1,beau,mautalent
1,beau,mestre
1,beau,or
9,beau,sire
5,beaus,amis
1,beaus,grisens
1,beaus,mengiers
3,beaus,niés
3,beaus,oncles
1,beaus,rois
1,beaus,terre
1,beaux,amis
1,bel',amur
1,bel,arbres
2,bel,celier
1,bel,cevalier
1,bel,chef
1,bel,cheval
1,bel,clerc
2,bel,comencement
1,bel,conpaignet
1,bel,empereres
10,bel,enfant
1,bel,eschec
1,bel,fiz
1,bel,frere
1,bel,humes
1,bel,levrer
2,bel,lit
1,bel,miracle
1,bel,num
1,bel,oel
1,bel,palés
1,bel,pié
1,bel,praelet
1,bel,present
1,bel,reguard
1,bel,repaire
2,bel,semblant
12,bel,sire
1,bel,vallet
1,bel,vis
1,bela,figure
1,bela,juvente
10,bele,amie
1,bele,buce
1,bele,chaiere
2,bele,chiere
1,bele,citét
1,bele,colur
1,bele,compaignie
2,bele,criature
1,bele,culur
5,bele,dame
1,bele,desevree
1,bele,eglise
1,bele,enor
1,bele,faiture
2,bele,façon
1,bele,figure
1,bele,fille
1,bele,fontaine
1,bele,fontainne
1,bele,gerredon
1,bele,joie
1,bele,juvente
1,bele,loge
1,bele,loisor
1,bele,magistre
1,bele,merci
1,bele,parole
2,bele,pucele
1,bele,riens
1,bele,roïne
1,bele,tombe
1,bele,valee
2,beles,armes
1,beles,chanbres
1,beles,cuntenances
3,beles,dames
4,beles,mains
1,beles,meisons
1,beles,pierres
1,beles,sales
1,beles,sire
1,beles,tombes
1,bels,cumpainz
1,bels,dras
2,bels,filz
1,bels,niés
1,bels,raizons
1,bels,reis
1,bels,sermons
1,bels,sire
1,beneoit,fil
1,beneoit,oir
1,berserece,seete
1,besoignal,chose
1,biau,filz
2,biau,frere
1,biau,miracle
1,biau,pere
3,biau,seignor
8,biau,sire
1,biaus,amis
1,biaus,sire
2,biaux,amis
3,biaux,chevaliers
1,biaux,matin
2,biaux,niés
1,biaux,peres
1,biaux,seignors
6,biax,amis
1,biax,arbres
1,biax,chevox
2,biax,conpainz
1,biax,deduis
1,biax,delis
1,biax,enfans
1,biax,filz
1,biax,fix
3,biax,frere
1,biax,hons
1,biax,mestre
1,biax,niés
1,biax,ostes
5,biax,peres
1,biax,pins
1,biax,ris
1,biax,seignor
24,biax,sire
1,biax,sires
1,bis,chaillot
3,bis,marbre
2,bis,paile
1,bis,porpre
1,bise,perre
1,bisse,pierre
1,blanc',barbe
1,blanc,chainsil
1,blanc,chef
3,blanc,cheval
1,blanc,drap
1,blanc,escu
1,blanc,escut
1,blanc,gunfanun
1,blanc,hauberc
3,blanc,hermine
1,blanc,latin
1,blanc,levrer
1,blanc,lin
4,blanc,osberc
2,blanc,palefroi
2,blanc,palie
1,blanc,reliques
1,blanc,samit
1,blanc,sarcou
2,blance,barbe
1,blances,mains
2,blanche,abeïe
9,blanche,barbe
1,blanche,cue
1,blanche,guinple
1,blanche,maille
1,blanche,nape
1,blanche,robe
6,blanches,armes
1,blanches,armeures
2,blanches,barbes
1,blanches,braies
1,blanches,cole
1,blanches,couvertures
1,blanches,covertures
1,blanches,espees
1,blanches,espiez
1,blanches,figures
1,blanches,mains
1,blanches,mules
1,blanches,taches
1,blanches,vertuz
2,blancs,gunfanuns
1,blancs,osberc
3,blancs,osbercs
1,blancs,palies
1,blancs,sarcous
1,blancs,vivant
1,blans,chevaliers
1,blans,dens
1,blans,moines
1,blans,murs
1,blaunches,taches
2,bloi,chief
1,bloi,marbre
2,bloie,crine
1,bloie,dolors
1,bloie,emperere
1,bloie,enseingne
1,blonde,crigne
1,blondet,poil
1,blons,caviaus
1,blons,caviax
1,blont,chief
2,blont,poil
1,boen,adjutorie
1,boen,ami
1,boen,cheval
2,boen,chevalier
1,boen,chief
1,boen,clerc
2,boen,consoil
3,boen,cuer
1,boen,eür
2,boen,gré
1,boen,leu
1,boen,mainteneor
1,boen,oste
3,boen,ostel
1,boen,roi
4,boen,seignor
1,boen,servise
1,boen,siegle
1,boen,some
1,boene,amie
1,boene,amor
1,boene,antencion
4,boene,aventure
2,boene,aïe
1,boene,chose
1,boene,destinee
1,boene,esperance
1,boene,fiance
1,boene,foi
1,boene,gent
1,boene,grape
1,boene,nuit
1,boene,part
1,boene,pes
1,boene,remenance
1,boens,amis
2,boens,hoem
3,boens,hom
1,boens,ostex
1,boens,plaidiz
1,boens,rois
1,boens,serganz
1,boin,aire
1,boissoneus,santier
1,bon',aire
1,bon,aire
1,bon,batailles
1,bon,bealtéd
1,bon,bliaut
1,bon,braz
1,bon,ceval
4,bon,cheval
3,bon,chevaler
5,bon,chevalier
1,bon,confort
1,bon,conseill
3,bon,consel
1,bon,crestien
5,bon,cuer
1,bon,cumencement
1,bon,cunseil
1,bon,cuntenant
1,bon,cural
1,bon,destrir
1,bon,droit
1,bon,dulor
1,bon,emperere
1,bon,escuier
4,bon,espiet
1,bon,filet
1,bon,gret
1,bon,hanstes
1,bon,lei
1,bon,los
1,bon,palie
1,bon,pas
1,bon,plait
1,bon,reis
1,bon,sire
1,bon,uncle
7,bon,vassal
1,bona,feid
1,bona,feit
1,bone,aiude
1,bone,aleüre
3,bone,amor
2,bone,aventure
1,bone,aïe
1,bone,colur
1,bone,dote
1,bone,entente
6,bone,espee
1,bone,esperance
1,bone,femme
2,bone,fin
4,bone,foi
1,bone,grace
1,bone,heure
1,bone,honor
1,bone,lecherresse
2,bone,main
1,bone,medre
1,bone,oevre
1,bone,orine
1,bone,pasture
1,bone,peine
1,bone,quens
1,bone,remembrance
1,bone,repentance
1,bone,roi
2,bone,sele
1,bone,seurté
2,bone,vertu
1,bone,vespres
2,bone,vie
1,bone,volenté
2,bone,volentét
1,bones,graces
1,bones,liues
1,bones,noveles
1,bones,oevres
2,bones,oudors
1,bones,paroles
1,bones,puceles
2,bones,teces
3,bones,vertuz
2,bones,viandes
1,bones,vígnes
1,boneuré,chevalier
1,bons,amis
1,bons,cevals
1,bons,champiuns
11,bons,chevaliers
1,bons,chevals
1,bons,couvens
1,bons,cristïens
1,bons,elmes
1,bons,escuz
1,bons,espiez
1,bons,osbercs
1,bons,pedre
1,bons,pleges
1,bons,reins
1,bons,serjanz
1,bons,sire
5,bons,vassals
1,bons,vers
1,boçu,main
1,boçu,nain
1,boçuz,nain
1,brief,remanbrance
1,brief,termine
1,brif,terme
3,brun,acer
1,brun,destrer
1,brun,espiet
1,brun,reïne
1,bruns,vis
1,bucler,escut
1,bucler,mi
1,buen,anel
1,buen,archier
1,buen,brachet
1,buen,celier
2,buen,cheval
2,buen,consel
1,buen,cop
2,buen,cuer
1,buen,feu
1,buen,non
1,buen,nuit
1,buen,palefroi
1,buen,passage
1,buen,porchaz
1,buen,sergant
1,buen,vals
1,buens,chiens
1,buens,messire
1,buens,teres
1,buens,vins
1,buons,om
1,byse,niés
1,byse,perre
1,bóne,femme
1,caeignables,veltres
1,campel,argent
1,campel,bataille
1,canpel,estor
1,canpés,canpegneus
1,canud,peil
2,canue,barbe
1,carnel,hume
1,carnels,ols
1,cataignes,quens
1,cataignie,cunte
1,celeste,gemme
1,celeste,glorius
2,celeste,reis
1,celeste,seinor
1,celeste,veritét
1,celestiel,chevalier
2,celestiel,seignor
1,celestielx,choses
1,celestiex,chevaleries
2,celestre,roi
1,celestïen,roi
1,certaine,chose
1,certainne,chose
2,certe,chose
1,chaive,cire
2,chaive,gute
1,chaive,gutte
1,chald,sanc
1,chaldes,lermes
7,chalt,pas
1,champel,batalle
1,charnel,ami
1,charnel,colpe
1,charnel,ome
1,chau,tens
1,chaude,eve
1,chaudes,lermes
3,chaut,sanc
1,chaut,soloil
1,chauz,sans
1,chauz,souffle
1,cheitive,ame
1,cher',amie
1,cher,ami
1,cher,arc
1,cher,filz
1,cher,fiz
2,cher,sire
1,chers,amis
1,chers,cumpainz
1,chers,guarnemenz
4,chiere,amie
3,chiere,dame
2,chiere,drue
1,chiere,fille
1,chiere,suer
1,chieres,colors
2,chiers,amis
2,chiers,oncles
6,chiers,sire
1,chrestïene,gent
1,chrestïene,lei
1,christian,poblo
1,ciere,beste
1,ciers,garnemens
3,cinquieme,jor
1,clarele,voiz
1,cler,air
1,cler,curone
1,cler,graisle
1,cler,hume
2,cler,jor
2,cler,jur
2,cler,sanc
2,cler,sancs
1,cler,tens
16,cler,vis
1,cler,visage
1,clere,albe
1,clere,buisine
1,clere,chanbre
2,clere,face
1,clers,fous
1,clers,graisles
3,clers,helmes
1,clers,sanc
2,clers,sancs
1,coarde,chose
2,coie,chanbre
1,commun,salvament
1,commune,oraisun
1,conmune,amor
1,contret,home
1,coplez,piez
1,corageus,chevaliers
1,cornu,baston
1,corporel,vitaille
2,cort,mantel
1,corte,duree
1,cortois,messire
1,cortoise,amie
1,cortoise,dameisele
1,cortoise,feme
1,cortoises,dames
1,covenable,chose
1,covenable,palais
1,covert,or
1,cras,chevaus
1,crasse,verdur
2,crestiens,rois
1,criminel,barons
1,criminel,gent
1,criminel,roïne
1,crue,venison
1,cruel,jaiant
1,cruel,roi
1,crüele,mort
1,cumunals,respit
1,curte,quisse
1,curte,veillz
1,curuçus,paien
1,cuvert,gars
1,deboneire,chevaliers
1,deboneire,home
1,debonere,roïne
1,deforaines,parties
1,demenie,cors
1,demenie,oes
1,demenie,servise
1,demenies,vestemenz
2,demi,an
1,demi,pied
1,demi,piét
2,demie,liue
1,demie,unce
1,demoine,soudoier
1,derriens,jorz
1,desapert,tort
1,desleal,lecheor
1,desleal,tort
1,desleax,mires
1,desloial,pecherresse
4,destre,braz
1,destre,cheval
1,destre,costé
1,destre,damoisele
1,destre,fedeilz
5,destre,guant
1,destre,joe
11,destre,main
1,destre,oil
1,destre,oreille
8,destre,poign
1,destre,puign
1,destre,rois
1,destre,tort
1,destreiz,passages
1,destres,puinz
1,destroiz,lion
1,devine,voiz
1,digne,pitié
1,disme,eschele
2,divers,chanz
1,diverses,oevres
1,divine,volentét
1,doce,amie
1,dolant,cors
1,dolante,riens
5,dolce,amie
1,dolent,cuer
1,dolent,hume
1,dolenta,medra
1,dolenz,sires
1,dolereus,cri
1,dolerose,maniere
1,dolz,chanz
1,dolz,conpainz
1,dolz,messire
3,dolz,sire
22,douce,amie
2,douce,creature
1,douce,parole
2,douce,pitié
1,douce,seson
1,douce,viande
1,douces,amors
1,dous,amis
1,doux,amis
1,doux,sires
3,douz,amis
1,douz,messire
1,douz,peres
4,dox,amis
1,dox,mos
1,dreit,num
1,dreite,estráce
1,dreite,raisun
1,dreite,veie
1,dreite,vide
1,dreituriere,volentet
3,dreiz,emperere
1,dreiz,tere
2,droit,chemin
1,droit,conpas
1,droit,point
1,droit,santier
1,droit,seignor
1,droite,engendreure
1,droite,flors
1,droite,meschaance
1,droite,rose
8,droite,voie
1,droiz,asseneors
1,drue,erbe
1,drue,niés
1,dubleines,brunies
1,dublier,auberc
1,duce,amie
1,dulce,chien
1,dulce,hom
1,dulce,nuit
1,dulce,parole
1,dulce,voiz
1,dulces,ewes
1,dulces,rote
1,dulz,païs
1,dulz,sumnes
1,dur,cuer
1,dur,curage
1,durable,glorie
1,durable,honur
1,dure,chose
1,dure,feu
1,dure,fin
2,dure,pierre
1,dure,terre
1,dures,mameletes
1,dures,raizons
1,durs,colps
1,durs,cuers
1,durs,os
1,durs,quirs
1,einznez,fiz
1,elgal,paine
1,elgal,rei
1,emperial,drap
1,encline,chiere
1,encline,seignor
1,encrisme,felun
1,entier,coraige
2,entier,mois
1,entieres,liues
1,entiers,anz
1,entiers,besanz
2,enuieuse,gent
1,eps,di
1,ermin,peliçon
1,escoz,roiz
1,esmeraudine,pierre
1,esperitables,rois
2,esperitel,palés
1,esperitel,venjance
1,espesse,forest
1,espiritel,fruit
1,espoantable,jor
1,espovantable,jor
2,espés,buison
1,espés,buisson
1,espés,mur
1,esterline,maalle
1,estoute,gent
1,estrage,païs
1,estragne,terre
1,estrange,bronie
1,estrange,cuntree
1,estrange,duel
1,estrange,gent
1,estrange,guise
1,estrange,hume
1,estrange,leu
1,estrange,marche
2,estrange,païs
1,estrange,pestilence
1,estrange,pin
1,estrange,queste
1,estrange,regnet
1,estrange,robe
1,estrange,tere
3,estrange,terre
1,estranges,aventures
1,estranges,bontez
1,estranges,deus
1,estranges,forez
1,estranges,isles
1,estranges,leus
1,estranges,regnes
5,estranges,renges
7,estranges,terres
1,estranges,visions
1,estreit,puint
1,estrenge,meniere
1,estroit,huis
1,estroit,santier
1,estroite,antree
1,estroite,fenestre
1,fals,deus
1,fals,jugement
1,false,lei
1,falve,teste
1,faus,tesmoing
1,fause,parole
1,fausse,losange
1,fauz,chevalier
1,fedeil,prophete
1,fedeil,pruveire
1,fedeilz,servises
1,fel,jaianz
1,fel,leu
1,fel,nains
1,felenesse,gent
1,felenesse,novele
1,felenesse,voie
1,felon,cop
1,felon,cuer
1,felon,geu
1,felon,jaiant
1,felon,larron
1,felon,losengeor
1,felon,nain
1,felon,roi
2,felon,serpant
1,felonesse,bataille
1,felons,passages
3,felun,paien
2,felun,rei
1,fier,cuer
1,fier,cuntenant
1,fier,hardemant
1,fier,orguel
1,fier,sengler
2,fier,vis
3,fier,visage
1,fiere,bataille
1,fiere,deablie
1,fiere,raison
1,fiere,raisun
1,fiere,venjance
1,fieres,bestes
1,fieres,cuntenances
1,fiers,reguart
1,fiers,rois
1,fin,hom
1,fin,monseignor
13,fin,or
1,fin,tabois
1,fine,amor
2,fine,force
1,fine,mervoille
1,fins,cuers
1,fins,dras
1,flambius,elmes
3,flurie,barbe
1,fluriz,chefs
1,fluriz,piere
1,foibles,hom
1,fol',amor
1,fol,espoir
1,fol,hardement
1,fol,pansé
1,fol,pruveire
2,fole,amor
1,fole,atenance
1,fole,gent
1,fole,meniere
1,fole,parole
1,fole,riens
1,fole,ré
1,fort,anguisse
1,fort,aventure
1,fort,bohort
2,fort,chastel
1,fort,cheval
1,fort,duel
1,fort,espiet
1,fort,estur
1,fort,filz
1,fort,frain
1,fort,hauberjon
2,fort,meison
1,fort,outrage
1,fort,pere
2,fort,recet
1,fort,temptacion
1,fort,vertu
1,forte,bachelerie
2,forte,bataille
1,forz,aventures
1,forz,champiuns
1,forz,chasteaus
1,forz,espiez
1,forz,esturs
1,forz,freiz
1,forz,huem
1,forz,jox
1,forz,liens
1,forz,max
1,forz,ners
1,forz,sire
1,forz,truanz
1,fraisnine,hanste
4,franc,baron
1,franc,chevaler
1,franc,cuer
3,franc,home
1,franc,meschin
1,franc,roi
1,franc,vaslet
1,france,creature
2,franceis,barons
1,franceis,baruns
1,franceis,chevaler
1,franceis,chevalers
1,franceis,dehez
1,franceise,gent
1,franceises,espees
1,franche,caitive
1,franche,fame
1,franche,feme
1,franche,mesnie
1,franche,perruns
5,franche,roïne
1,francs,barons
1,francs,chevalers
1,frans,chevaliers
2,frans,damoisiax
1,frans,hon
2,frans,messire
1,frans,rois
1,frans,vaslet
1,frans,vavasors
1,frarine,anor
1,frarine,veüe
1,freide,eve
1,fres,escus
2,fres,fromages
1,fresce,erbe
1,fresche,ermine
1,fresche,herbe
1,fresche,robe
1,fresnine,lance
1,froide,aigue
1,fueilluz,arbrisiax
2,gaillard,cors
1,gaillarz,cors
1,galazin,palie
1,galesche,liue
1,galois,forestier
1,gauges,nois
1,gaunes,dens
2,gens,cors
8,gent,cors
1,gente,chevalerie
1,gente,color
1,gente,dameisele
1,gente,façon
1,gente,lance
1,gente,maisnee
1,gente,pucele
1,gente,roïne
1,gente,sorur
1,gentes,armes
1,gentes,muillers
1,gentil,beste
2,gentil,fame
1,gentil,linage
1,gentil,rei
1,gentil,seignor
1,gentill,chevaler
1,gentils,hom
1,gentilx,hons
1,gentilz,chanbrë
1,gentilz,eschine
1,gentilz,feme
1,gentilz,hoem
2,gentilz,hom
1,gentilz,home
1,gentilz,oixurs
2,gentilz,quens
3,gentilz,reis
1,gentis,hons
1,gentix,chevaliers
1,gentix,dame
1,gentix,fame
1,gentix,fenme
1,genz,colps
1,genz,cors
3,genz,escuz
1,germainne,seror
1,germainne,suer
1,germains,cosins
1,glorieuse,mere
1,glorieuse,reïne
1,glorios,sire
1,gourdes,mains
1,graignor,ire
1,graignor,mestier
1,graignor,peor
1,graindre,esfrois
1,graindre,feste
1,graindre,honor
1,graindres,merveilles
1,graisles,flancs
1,gran,damage
1,gran,dol
1,gran,flaiel
1,gran,mel
1,grand,bruit
1,grand,claritet
1,grand,fid
1,grand,fulc
1,grand,furor
1,grand,ira
1,grand,merci
1,grand,rive
2,grand,torment
1,grand,voiz
1,grande,guere
1,grande,hure
1,grande,malaventure
1,grande,maçue
1,grande,tormente
1,grande,vertut
1,grandes,joes
1,grandes,pels
1,grandisme,nes
1,grans,aumosne
2,grans,biens
1,grans,canpegneus
1,grans,cers
1,grans,damages
1,grans,dens
1,grans,festes
1,grans,jornees
1,grans,maus
1,grans,narines
1,grans,paines
1,grans,painnes
2,grant,afeire
1,grant,afflictïun
2,grant,aise
2,grant,aleure
8,grant,aleüre
9,grant,amor
5,grant,angoisse
1,grant,arbre
1,grant,arcevesque
1,grant,ardor
1,grant,arson
2,grant,aveir
1,grant,aventage
1,grant,aventure
1,grant,avoir
2,grant,aïe
2,grant,aïr
1,grant,barbes
3,grant,bataille
1,grant,bers
1,grant,besoin
4,grant,besoing
2,grant,biauté
1,grant,bliaut
1,grant,bois
2,grant,bonté
1,grant,bosoign
3,grant,bruit
2,grant,cerf
1,grant,certét
3,grant,chalor
2,grant,chalur
1,grant,changemenz
1,grant,chasne
1,grant,chemin
3,grant,cheval
1,grant,chevalerie
1,grant,chiere
1,grant,chierté
2,grant,chose
1,grant,clartet
4,grant,clarté
1,grant,coardise
1,grant,cole
5,grant,compaignie
1,grant,confort
1,grant,contraire
2,grant,cop
4,grant,corroz
2,grant,cors
1,grant,costume
1,grant,coute
1,grant,covoitié
1,grant,cri
1,grant,cunrei
1,grant,cunte
1,grant,cuntençun
1,grant,cuntree
2,grant,cusançon
5,grant,damage
1,grant,debonaireté
2,grant,debonereté
1,grant,deduit
1,grant,defensïon
1,grant,deffens
2,grant,demore
1,grant,desir
1,grant,desloiauté
1,grant,desreison
4,grant,desroi
3,grant,destrece
3,grant,deus
1,grant,devisse
2,grant,devotion
11,grant,doel
5,grant,dol
3,grant,dolor
2,grant,dolur
5,grant,domage
1,grant,dongier
1,grant,dote
1,grant,doute
25,grant,duel
6,grant,dulor
6,grant,dulur
1,grant,dun
1,grant,durece
1,grant,duree
1,grant,durté
1,grant,dute
3,grant,eage
2,grant,eded
2,grant,eise
1,grant,enfance
6,grant,enor
7,grant,enui
1,grant,envie
1,grant,enviz
6,grant,erre
1,grant,error
1,grant,eschec
1,grant,eschech
1,grant,eschine
1,grant,escrois
1,grant,escut
2,grant,esforz
1,grant,esfroi
1,grant,esgart
1,grant,eslais
1,grant,esmai
1,grant,espans
3,grant,espiet
1,grant,esploit
1,grant,esprovement
1,grant,essart
1,grant,estor
3,grant,estultie
1,grant,fais
1,grant,fes
7,grant,feste
2,grant,feu
2,grant,fiertet
1,grant,fin
1,grant,fins
1,grant,flabur
3,grant,foi
1,grant,fole
3,grant,folie
4,grant,force
1,grant,forcheüre
2,grant,forest
1,grant,frainte
1,grant,franche
3,grant,franchise
1,grant,fremur
1,grant,freor
1,grant,fust
1,grant,gab
1,grant,gaudine
2,grant,gent
1,grant,gentillesce
1,grant,guere
2,grant,guerre
1,grant,halt
3,grant,hardemant
1,grant,hautesce
1,grant,haïne
1,grant,honeur
9,grant,honor
7,grant,honte
4,grant,honur
1,grant,host
1,grant,huis
1,grant,humilité
1,grant,humilitét
1,grant,hunte
5,grant,ire
5,grant,irur
1,grant,jaiant
47,grant,joie
1,grant,jor
1,grant,lac
1,grant,lance
1,grant,ledece
1,grant,ledice
1,grant,levriers
1,grant,luite
1,grant,maisnede
7,grant,mal
1,grant,maleurtez
1,grant,martire
4,grant,masse
1,grant,matines
1,grant,matirie
1,grant,maçue
1,grant,meniere
1,grant,mençunge
3,grant,merci
1,grant,merveile
8,grant,merveille
3,grant,mervelle
2,grant,mervoille
1,grant,mesaventure
1,grant,meslee
1,grant,messages
11,grant,mestier
1,grant,miracle
1,grant,misericorde
1,grant,molanc
1,grant,mort
1,grant,mortalité
1,grant,mui
1,grant,nain
1,grant,nature
1,grant,nef
1,grant,nobilite
1,grant,nobilitét
1,grant,noblesce
2,grant,noise
1,grant,ocisiun
2,grant,oirre
1,grant,oiseuse
1,grant,oltrage
1,grant,or
1,grant,ordure
2,grant,orgoill
1,grant,orguel
2,grant,orguill
7,grant,ost
2,grant,paien
2,grant,paine
2,grant,painne
1,grant,palais
1,grant,palme
3,grant,paor
1,grant,parage
1,grant,parented
3,grant,parole
1,grant,part
9,grant,partie
4,grant,pechié
1,grant,pechét
1,grant,pel
6,grant,peor
1,grant,perdicïun
1,grant,peril
1,grant,perron
1,grant,pers
7,grant,perte
1,grant,pice
27,grant,piece
1,grant,pied
5,grant,pierre
1,grant,pitet
1,grant,pitiez
5,grant,pitié
1,grant,plaingne
1,grant,plainte
4,grant,plenté
1,grant,ploreïz
1,grant,plur
5,grant,poinne
11,grant,poor
1,grant,port
1,grant,porte
1,grant,pose
2,grant,poverte
1,grant,poëstet
3,grant,poür
7,grant,presse
1,grant,preu
1,grant,priz
2,grant,prod
1,grant,proece
2,grant,proesce
1,grant,prooise
1,grant,pueplier
1,grant,puissance
1,grant,quens
1,grant,queste
1,grant,rage
2,grant,raison
1,grant,renon
2,grant,reverence
1,grant,richeise
2,grant,rois
2,grant,sale
1,grant,salu
2,grant,saveir
1,grant,saver
1,grant,savoir
1,grant,scïence
1,grant,seit
1,grant,senblant
2,grant,senefiance
1,grant,sengler
2,grant,sens
1,grant,serpent
2,grant,servise
1,grant,setier
1,grant,seurté
1,grant,signe
1,grant,soatume
1,grant,sofreite
1,grant,soirement
1,grant,sospeçon
1,grant,sospir
1,grant,soufraite
1,grant,talant
1,grant,tançon
1,grant,tempeste
1,grant,tendrur
1,grant,tens
1,grant,tere
1,grant,teste
1,grant,testes
1,grant,tor
1,grant,torbeillons
1,grant,tornoiement
11,grant,tort
1,grant,tresorer
1,grant,tribulacion
1,grant,tristur
1,grant,umbre
1,grant,valee
1,grant,valor
1,grant,vaselage
1,grant,vassal
1,grant,vassals
8,grant,vasselage
1,grant,veisdie
1,grant,venjance
2,grant,verger
2,grant,vergoigne
2,grant,vertu
1,grant,vertud
8,grant,vertut
1,grant,vertuz
1,grant,vilain
1,grant,viltet
1,grant,voeiz
1,grant,voidie
1,grant,éage
2,granz,aanz
1,granz,afflictiuns
1,granz,amistez
1,granz,anuiz
5,granz,aventures
1,granz,bastuns
1,granz,bataille
3,granz,batailles
1,granz,beneurtez
2,granz,biens
1,granz,bontez
2,granz,chalz
1,granz,chasnes
2,granz,chemins
1,granz,chevalier
1,granz,chevaus
1,granz,chevax
1,granz,choses
7,granz,colps
1,granz,cors
5,granz,cos
2,granz,coux
1,granz,criz
1,granz,departies
1,granz,deplainz
1,granz,desloiautez
1,granz,destriers
2,granz,diax
1,granz,dols
2,granz,domages
1,granz,drodmunz
1,granz,dulors
1,granz,duns
1,granz,ereditez
1,granz,espiez
1,granz,felonies
1,granz,flaz
1,granz,freiz
1,granz,froiz
1,granz,galoz
1,granz,gentillece
1,granz,grez
1,granz,hontes
1,granz,honurs
1,granz,ire
2,granz,jornees
1,granz,jorz
1,granz,leons
1,granz,liwes
1,granz,mals
2,granz,max
1,granz,merciz
1,granz,merveile
6,granz,merveilles
1,granz,mesaventure
1,granz,miracles
1,granz,nefs
1,granz,nes
1,granz,offrendes
1,granz,ondes
1,granz,orgueilx
1,granz,paleis
1,granz,paroles
1,granz,païs
2,granz,pechiez
1,granz,pels
1,granz,pitiez
1,granz,plaies
1,granz,plaiz
1,granz,poenas
1,granz,proesces
1,granz,renons
2,granz,repostailles
1,granz,roches
1,granz,rotes
1,granz,sauz
2,granz,secrez
1,granz,seignor
1,granz,sergenz
2,granz,soldees
1,granz,soliers
1,granz,sorcix
1,granz,tenebres
1,granz,toauz
1,granz,turbes
1,granz,venz
1,granz,vertuz
1,granz,visions
1,gref,senefïance
1,grefs,sunges
1,greignor,chose
1,greignor,debonaireté
1,greignor,fais
1,greignor,gent
3,greignor,honor
1,greignor,mervelle
1,greignor,pareïs
1,greignor,perte
1,greignor,plenté
1,greignor,proesce
1,greignor,renommee
2,greignor,senefiance
1,greignor,tempeste
1,greignor,vangence
1,greignurs,porz
1,greingnur,clartét
1,greingnur,lune
1,greinur,vertut
1,gresles,cos
1,grevoses,aventures
1,griefs,ermitage
1,griefs,sunges
1,gros,chefs
1,gros,chief
1,gros,cierge
1,gros,palpebres
1,gros,piz
1,grose,teste
1,groses,lermes
1,grosse,teste
1,grosses,levres
1,gruier,faucon
1,guaste,tere
1,gunfanuner,rei
1,halt,liu
1,halte,eschine
1,halte,feste
1,halte,olive
1,halte,pene
1,halte,roche
1,halte,tur
2,halte,voiz
1,haltes,roches
1,haltes,vernes
1,haltes,voiz
1,halz,deus
1,halçur,paleis
1,hardie,gent
1,hardiz,chevaler
1,haus,rois
1,haut,baron
2,haut,dois
1,haut,estage
1,haut,fille
2,haut,hermitage
1,haut,jor
9,haut,lignage
1,haut,loier
3,haut,mestre
2,haut,mur
2,haut,nes
1,haut,ordre
1,haut,ostal
6,haut,parage
1,haut,piez
2,haut,pui
1,haut,rochier
1,haut,seignor
2,haut,servise
1,haut,sige
1,haut,suen
1,haute,aventure
1,haute,chose
2,haute,compaignie
1,haute,dame
1,haute,despansse
1,haute,feste
1,haute,forteresce
1,haute,honers
1,haute,humes
2,haute,mer
1,haute,ordre
1,haute,prime
1,haute,pucele
1,haute,roche
1,haute,sale
1,haute,table
3,haute,viande
2,haute,vie
5,haute,voiz
1,hautes,dames
1,hauz,barons
1,hauz,hom
1,hauz,homes
1,hauz,mengiers
1,hauz,mestre
2,hauz,mestres
1,hauz,olifant
1,hauçor,palais
1,heingre,cors
1,herbeuse,voie
1,herbus,hardement
1,herbus,piez
1,herbus,pred
1,herbus,val
1,hideus,fil
1,hisdeuse,figure
1,honorable,consel
1,honorables,damoisiax
1,horrible,guaimenteïz
1,igal,voie
1,inde,porpre
1,ipocrite,larron
1,ipse,verbe
1,isnele,main
1,jalne,crignete
1,jalne,enseigne
1,jazerenc,osberc
1,jofnes,elme
1,jofnes,musles
2,juene,chevalier
1,juene,home
1,juenes,chevaliers
1,juenes,hons
1,juvene,spuse
1,ker,filz
1,kers,filz
1,kiers,amis
1,lai,pechié
1,laide,figure
1,laide,reparlance
1,lait,rien
1,lait,tripot
1,large,citet
1,large,crupe
1,large,front
1,large,mort
1,larges,almosnes
1,larges,chemins
2,larges,costez
1,larges,num
1,larges,plaignes
2,larges,teres
1,larges,terres
1,larges,vins
1,las,braz
1,lasse,medre
1,lasse,mere
1,leax,amie
1,lee,burel
1,lee,duel
1,lee,pierre
1,lees,boces
1,lees,bucles
1,lees,espalles
1,lees,narines
1,lees,oreilles
1,leger,bacheler
1,leger,cheval
1,leger,osberc
1,legier,sailleor
1,leial,cumpaignie
1,leide,chose
1,leide,criature
1,leide,mesconoissance
1,leide,perte
1,leide,semonse
1,let,burel
1,let,escut
1,leutice,rei
1,leutiz,rei
1,lez,torz
1,liee,contenance
1,lige,seignurs
1,lié,sanblant
1,loial,consel
1,loial,esgart
1,loial,fil
1,loial,serjant
1,loiaux,chevaliers
1,loingntains,païs
1,lointain,anjen
1,lointain,reigne
1,lonc,sejor
1,lonc,tans
16,lonc,tens
1,longa,demurede
1,longe,corde
1,longe,estee
1,longes,terres
1,longue,brochete
1,longue,chaainne
1,longue,demore
1,longue,duree
1,longue,eschine
1,longues,forez
1,longuetes,treces
1,lontaignes,montaignes
1,lonx,dis
1,lonx,temps
1,lor,dame
1,lor,espees
1,lor,merciz
1,luingtaine,partie
1,luintain,reigné
1,lung',amfermetét
1,lung,parlement
2,lung,tens
1,lunga,atente
1,lunge,aleine
1,lunges,veiez
1,lungs,costez
1,lur,cite
2,lur,tere
1,lur,voil
1,magnes,emperere
2,magnes,reis
2,maistres,citez
1,maistres,porz
1,maiur,vertut
1,mal,aiese
1,mal,cuer
2,mal,dehait
1,mal,esperite
1,mal,eür
1,mal,feu
1,mal,fust
1,mal,gerredon
4,mal,gré
1,mal,mains
1,mal,mehain
1,mal,mostier
1,mal,pas
1,mal,saut
1,mal,seignur
2,mal,talent
1,mal,tans
1,mala,feid
1,malade,pucele
1,malades,bain
1,malades,guant
2,malades,oilz
1,male,chançun
1,male,confesse
2,male,confusïun
1,male,creance
1,male,criature
1,male,fin
1,male,flame
2,male,foi
1,male,garde
1,male,gote
1,male,maudiçon
1,male,merci
1,male,mort
1,male,nuvele
1,male,parole
1,male,part
1,male,perte
1,male,prison
1,male,vassal
1,male,vergoigne
2,male,vie
1,male,vode
1,male,voie
1,maleoite,gent
1,males,arz
1,males,groigniees
1,males,nuveles
1,males,ranpones
1,males,teches
2,malignes,esperiz
3,mals,esperiz
1,mals,moz
1,mals,orez
1,mals,vers
1,malvais,deus
1,malvais,escu
1,malvais,fix
1,malvais,hom
1,malvais,hume
1,malvais,luer
1,malvais,malauns
1,malvais,saluz
1,malvais,sermun
1,malvais,servis
1,malvais,sumer
1,malvaise,cançun
1,malvaise,essample
1,malvaise,fievre
1,malvaises,nuveles
1,malvaises,vertuz
2,malveise,gent
1,malveise,guarde
1,malvés,jex
2,malvés,leu
1,malvés,songe
1,marbrine,fenestre
1,mau,gent
2,mau,gré
1,mau,saut
1,mauvese,chalor
1,mauvese,chiere
1,mauvese,costume
1,mauvese,creance
1,mauvese,vie
1,mauvés,chevalier
1,mauvés,crestien
1,max,fex
1,medisme,carn
1,meesme,main
2,meesme,maniere
1,meie,barbe
1,meie,clartet
1,meie,colur
1,meie,cuer
1,meie,destre
1,meie,gent
1,meie,honor
1,meie,ire
1,meie,mort
1,meie,novele
2,meie,part
1,meie,seignurs
1,meigres,roncins
1,meillor,aïe
1,meillor,chançun
1,meillor,cheance
1,meillor,chevaler
5,meillor,chevalier
1,meillor,conpaingnie
1,meillor,gré
1,meillor,partie
1,meillor,pasture
1,meillor,repaire
1,meillor,sied
4,meillor,vassal
1,meillor,vie
1,meillors,cataignes
2,meillors,chevaliers
1,meillors,dames
1,meillors,feste
1,meillors,guarnemenz
1,meillors,pans
1,meillors,porz
1,meillors,vaillanz
1,meillors,vassals
1,meillures,pieres
1,meilurs,serganz
1,mellor,castel
1,mellor,consel
1,mellor,gerredon
1,mellor,plait
1,melz,gentils
1,men,escut
1,men,escïent
1,men,escïente
6,men,escïentre
1,men,gernun
1,men,loement
1,mens,quors
1,menu,fil
1,menude,gent
1,menude,main
1,menur,lignéé
1,menuz,botons
1,menuz,chevels
1,menuz,denz
2,meon,fradre
5,mer,or
1,merciable,sire
5,merveilleuse,aventure
3,merveilleuse,avision
1,merveilleuse,demostrance
2,merveilleuse,joie
1,merveilleuse,peine
1,merveilleuse,proece
3,merveilleuses,aventures
1,merveilleuses,chiens
1,merveilleuses,noveles
1,merveilleux,cri
1,merveilleux,hons
1,merveillex,duel
2,merveillex,tornoiement
2,merveillus,ahan
1,merveillus,bers
1,merveillus,champiun
1,merveillus,champiuns
1,merveillus,cri
1,merveillus,crí
1,merveillus,damage
1,merveillus,destreit
1,merveillus,esforz
1,merveillus,estur
1,merveillus,sanc
1,merveillus,tempez
1,merveillus,tumult
2,merveillus,turment
1,merveillus,vasselage
1,merveilluse,pluie
2,merveilluse,poür
1,merveilluse,sorciere
1,merveilluses,oz
1,merveilus,bataille
1,merveilus,colps
1,merveilus,hom
1,mervellos,conplaignement
1,mervellos,gemissement
1,mervellose,joie
1,mervelluse,nature
3,mestre,autel
1,mestre,forteresce
1,mestre,huis
1,mestre,palés
1,mestre,porte
2,mestre,rue
1,mestres,dois
1,meïme,rei
1,meïmes,volente
1,meïsme,force
1,meïsme,jur
1,meïsme,paroles
1,meïsme,place
1,meïsme,sanc
1,meïsme,seignor
1,meïsmes,cors
1,meïsmes,cuers
1,meïsmes,emperere
1,meïsmes,escu
1,meïsmes,escuiers
3,meïsmes,jor
1,meïsmes,lit
1,meïsmes,mercit
1,meïsmes,messire
1,meïsmes,mort
1,meïsmes,nains
1,meïsmes,nef
4,meïsmes,rois
1,meïsmes,sires
1,miaudre,fame
1,mie,brachet
1,mie,nuit
8,mieldres,chevaliers
1,mieldres,chien
1,mieldres,vertuz
1,mien,anel
1,mien,anelet
1,mien,anemi
1,mien,barnage
1,mien,baron
1,mien,besoing
1,mien,chief
1,mien,cor
1,mien,cors
1,mien,desraignement
5,mien,esciant
1,mien,escïent
1,mien,escïentre
1,mien,espoir
1,mien,filz
1,mien,garçon
3,mien,gré
1,mien,seignur
1,mien,servise
1,mien,traïsun
2,miens,amis
1,miens,compainz
1,miens,diax
1,miens,lignages
1,miens,sergenz
1,mier,choses
6,mier,or
1,moie,amie
1,moie,ire
1,moie,part
1,mol,taier
1,mole,pome
1,mortax,traïtres
3,mortel,anemi
1,mortel,bataille
1,mortel,enemi
1,mortel,gerre
1,mortel,haïne
1,mortel,hom
1,mortel,home
1,mortel,hume
1,mortel,juise
1,mortel,lit
8,mortel,pechié
2,mortel,rage
1,mortel,siegle
1,mortel,vide
1,mortel,vie
1,mortel,vithe
1,mortelx,choses
1,mortiex,cuers
2,mortiex,pechiez
1,mossues,oroilles
1,muables,hosturs
1,mue,beste
1,muers,hosturs
1,mues,bestes
1,muez,hosturs
1,munde,rose
1,naturals,pours
1,neire,barbes
1,neire,cole
1,neire,gent
1,neire,talent
1,neire,vertuz
1,neirs,chevels
1,nete,chevalerie
1,nez,filz
1,nice,home
1,nice,response
1,nobilie,baron
1,nobilie,barun
1,nobilie,cumpaignun
1,nobilies,vassal
1,noble,baron
2,noble,barun
1,noble,franc
1,noble,guerrer
2,noble,vassal
1,noble,victorie
1,nobles,rois
2,noir,cheval
2,noir,palefroi
1,noir,pechié
1,noir,voil
1,noire,enseigne
1,noire,espine
1,noire,hure
2,noire,nuit
1,noire,nuiz
1,noire,sarge
1,noires,armes
1,noires,chauces
1,noires,covertures
1,nostre,aïe
1,nostre,cort
1,nostre,doel
1,nostre,empereür
1,nostre,folie
1,nostre,lei
1,nostre,leus
1,nostre,marche
2,nostre,rei
1,nostre,rois
1,nostre,trace
2,novel,chevalier
1,novel,tens
1,novele,amors
1,novele,erbete
2,novele,loi
1,noveliere,mesnie
1,noviaux,diaux
1,noviax,diex
1,noz,cors
2,nu,col
1,nu,hom
1,nu,ome
1,nuble,tens
4,nue,espee
2,nue,main
1,nuef,jardin
1,nuef,sorcot
1,nues,espees
1,nues,james
1,nueve,robe
1,nul,fu
1,nul,luier
1,nule,chose
9,nule,rien
5,nule,riens
1,nus,brans
1,nuvel,char
1,nuvel,eclipsim
1,obscure,piere
1,oiseuse,parole
1,omnipotent,cuer
1,omnipotent,gualt
1,omnipotent,rois
1,omnipotente,rei
1,ord,mestier
1,ord,paltunier
1,oree,bucle
1,oree,sele
1,oret,gunfanun
1,oret,punt
1,orguillos,parçuner
1,orguillos,reis
1,orguillus,reis
1,orie,flambe
1,ories,candelabres
1,oriet,punt
1,oriez,esperuns
1,orié,punt
2,oscur,tens
1,oscure,nuit
1,paien,artimal
2,paien,rei
1,paien,roi
1,paiene,gent
1,paienime,enseigne
1,paienor,enseigne
1,paienor,gent
1,paiens,bataille
1,paiens,reis
3,paienur,gent
1,paienur,paine
1,paiien,roi
1,paior,fin
1,paior,vestement
1,pales,vis
1,pansis,messire
1,pardurable,feu
1,pardurable,joie
1,pardurable,mort
1,pardurable,peine
1,pardurable,perdicion
1,parfet,batailles
1,parfet,chevalier
1,parfit',amor
1,parfonde,gaudine
1,parfonde,valee
1,parfont,bos
2,parfont,fossé
2,parfont,gaut
2,parfont,puis
1,parfunz,vals
1,pechierres,regarz
1,pensis,frere
1,pensis,oncle
1,peonace,escarlate
1,peor,vie
1,perilleus,siege
1,perilleuse,fontainne
1,perilleuse,forest
1,perilleuses,aventures
5,perilleux,siege
2,persis,rei
1,pesme,aventure
1,pesme,jur
1,pesmes,jurz
1,petis,enfans
4,petis,enfes
1,petit,boissun
1,petit,enfant
1,petit,palefroi
2,petit,pas
1,petit,pertus
1,petit,planestres
1,petit,sentier
1,petite,alemele
1,petite,beste
1,petite,boete
1,petite,chanbrete
2,petite,chapele
1,petite,cumpaigne
1,petite,duree
2,petite,fenestre
1,petite,joie
1,petite,montaigne
1,petite,nuiz
1,petite,partie
1,petites,oreilles
1,petiz,biens
2,plain,bacin
1,plain,braz
1,plain,erre
1,plain,pas
1,plain,poing
2,plain,pot
1,plain,santier
1,plainiers,anz
1,plainne,cort
1,plainne,gent
1,plainne,sale
1,plainne,voie
1,plains,cans
1,plains,chans
1,plains,jors
1,plains,nains
1,planne,paume
1,planteïz,esmeraudes
1,plat,nes
1,plat,vis
1,plates,gambes
1,plein,cimetiere
1,plein,oliphan
1,plein,pied
1,plein,pré
1,pleine,clefs
2,pleine,escuele
1,pleine,fels
8,pleine,hanste
1,pleine,jur
1,pleine,magnes
1,pleine,palme
1,pleine,pers
1,pleine,solel
1,pleine,tere
1,pleines,mains
2,pleins,anz
2,pleins,chevaliers
1,pleins,curs
1,pleins,encanteür
2,pleners,colps
1,pleners,esturs
1,plenier,estor
2,plusurs,enfanz
1,plusurs,muillers
1,poisant,vertut
1,porperine,verrine
2,povre,creance
1,povre,cuer
1,povre,fenme
2,povre,gent
1,povre,herberge
1,povre,monde
1,povre,orfelin
1,povres,dames
2,poësteïfs,reis
1,poësteïfs,some
1,precieus,saintuaire
1,precieuse,chose
1,precieuse,pierre
1,precieuses,pierres
1,precius,cors
1,precius,tresors
1,precïus,sanc
1,premerain,termine
1,premier,arbre
2,premier,chief
1,premier,jor
1,premier,mes
1,premier,mois
1,premier,rois
1,premiere,descunfiture
1,premiere,envaïe
1,premiere,mere
1,premiere,nef
1,premiers,cos
1,premiers,evesques
1,premiers,hom
1,premiers,peres
2,premiers,rois
1,pres,escus
1,preudom,hermite
2,preuz,messire
1,prin,saut
1,principal,elme
1,principals,maistre
1,privee,maisnie
1,privé,consoil
2,privéé,partie
1,prochain,port
1,prochains,cousins
1,prochein,conroi
1,prod,cors
1,prode,fame
2,proz,quens
1,proz,sainz
1,prozdoem,ami
1,puissant,cop
1,puissanz,sire
1,puldrus,chemins
1,pur,estrain
1,purprin,culur
1,put',aire
2,pute,foi
1,quarree,deit
1,quinte,eschele
1,quite,dameisele
1,quites,filz
1,ramé,gaut
1,real,cort
1,real,lignage
1,real,mes
1,real,sacrement
1,rebors,poil
1,rede,felonie
1,rede,noit
1,religieuses,persones
1,rencïene,toile
1,reonde,escu
16,reonde,table
1,reont,chastelet
1,reonz,escuz
1,resnable,conseillier
1,rice,feste
3,rice,home
1,rice,palais
1,rice,roi
1,rice,vilain
1,rices,dras
1,rices,gueres
3,rices,hom
2,riche,ator
2,riche,convoi
1,riche,cort
1,riche,coute
1,riche,drap
2,riche,duc
1,riche,empereür
1,riche,escarlate
1,riche,frain
1,riche,fuer
4,riche,home
1,riche,lignage
2,riche,lit
1,riche,mariage
1,riche,nain
1,riche,ome
2,riche,paile
1,riche,pavellon
1,riche,rente
8,riche,roi
1,riche,sainiere
1,riche,tombe
1,riche,trait
1,riche,voisin
1,riches,chevaus
1,riches,corz
1,riches,dux
1,riches,empereres
1,riches,glorius
1,riches,hoem
4,riches,hom
1,riches,huntage
1,riches,preudons
1,riches,princes
3,riches,reis
1,riches,vavasors
2,roe,voiz
1,roide,guise
2,roide,lance
1,roset,olie
1,rosine,color
1,rosse,grenons
1,rouge,viaire
1,rouges,levres
1,rous,barbe
1,ruboste,exill
1,ruge,pume
1,ruge,vin
1,ruges,gutes
1,ruiste,montee
1,sabelin,mantel
1,sabelines,pels
1,sage,brunete
1,sage,dameisele
1,sages,hons
1,sages,periers
1,sages,servise
1,saignanz,mains
1,sain,cheval
1,saine,char
1,saine,vie
1,saint,apostre
1,saint,batesma
10,saint,cors
9,saint,esperit
3,saint,esperite
1,saint,hom
5,saint,home
4,saint,hume
1,saint,ostel
1,saint,plet
1,saint,preudome
15,saint,vessel
1,sainte,chose
1,sainte,creance
1,sainte,crestientez
2,sainte,croiz
1,sainte,cruiz
3,sainte,eglise
2,sainte,eglyse
1,sainte,engendrure
1,sainte,escriture
1,sainte,paternostre
1,sainte,penitance
1,sainte,pucele
1,sainte,trinitét
2,sainte,vie
1,saintes,anmes
1,saintes,flurs
1,saintes,reliques
1,saintime,amor
1,saintisme,cors
2,saintismes,hom
1,sainz,boneface
1,sainz,esperiz
3,saives,hom
1,saives,paiens
1,saives,vie
1,sales,chemises
1,salse,mer
2,salvage,beste
1,salvage,terre
1,salvages,bestes
1,salvages,tors
1,salve,lei
1,sanglanz,braz
1,sanglent,acer
1,sanglente,buche
1,sanglente,espee
1,sanglente,joe
1,sanglenz,morz
1,sanglenz,parchemin
1,sanguines,guttes
1,sanguines,teches
1,sanguines,tristur
1,sanguines,vainetes
1,saous,chaz
1,sarazineis,cartres
1,sarazineis,osbercs
1,sarraguzeis,elmes
1,sarrazins,legerie
1,sarrazins,messages
1,sarrazins,tere
1,sauvaces,bestes
1,sauvage,beste
1,sauvage,dameisele
1,sauvage,gent
2,sauvages,bestes
2,sauve,grace
1,sauve,rote
1,savie,enseigne
1,savie,hume
1,seche,busche
1,secunt,jur
1,sedme,jurn
1,seignurill,palais
1,seint,esperit
1,seint,pareïs
1,seinte,beneïçun
2,seinte,chrestientet
1,seinte,eglise
1,seinte,lit
2,seinte,piere
1,seinte,vergoigne
1,seinte,voiz
1,seintes,leis
3,seinz,esperiz
1,seinz,martirs
4,senestre,braz
1,senestre,costet
1,senestre,costé
1,senestre,espaule
1,senestre,hance
1,senestre,mahustre
1,senestre,puign
1,senestres,oil
1,sentes,flurs
1,serie,voiz
1,sesche,busche
1,seu,fredre
1,seue,demeine
1,seul,chevrel
2,seul,jor
1,seul,soir
1,seul,vallet
1,seule,fois
1,seule,maaille
1,seule,ore
1,seus,chevaliers
1,seus,hom
1,seus,jorz
1,seux,jors
1,si,hume
1,sis,níes
4,soe,merci
1,soe,part
1,soe,partie
1,soe,pitié
1,soe,suer
1,soen,escut
1,soen,veier
1,soens,cumpainz
1,soens,orgoilz
1,soens,ost
1,sol,chevalier
1,sol,ferlinc
1,sol,home
1,sol,mesage
1,sol,nuit
1,sol,paleis
1,sol,petit
1,sol,petitet
1,son,convers
1,son,filz
1,son,juvent
1,son,seignor
1,son,servant
1,sons,ahanz
1,sons,apartenanz
1,sons,edrers
1,sons,sers
1,sor,ceval
1,sors,cheveus
1,sors,crins
1,sos,pensaez
1,sosterin,celier
1,sousterin,celier
1,soutiz,leus
1,soventes,feiz
1,sovine,gole
1,spiritel,memorie
1,spiritel,raisun
1,sue,amor
1,sue,anfermetét
1,sue,carn
1,sue,colurs
1,sue,feit
1,sue,gent
1,sue,hume
1,sue,ire
1,sue,juvente
1,sue,mort
1,sue,pietét
1,sue,spuse
1,sue,vaslez
1,suen,chapelain
1,suen,consel
1,suen,cors
1,suen,cousin
1,suen,escrin
1,suen,escuier
1,suen,fuïrs
1,suen,gré
2,suen,neveu
1,suen,palefroi
1,suen,prochain
1,suen,voisin
1,suens,amis
1,suens,avoirs
1,sul,ami
1,sul,arpent
1,sul,faitur
1,sul,filz
1,sul,levre
2,sul,mot
1,sul,pied
1,sul,puis
1,sul,reïne
1,sun,barun
1,sun,destrer
1,sun,drut
1,sun,escïentre
1,sun,paien
1,sun,reïne
1,sun,uncle
1,suos,corps
1,surerain,pietét
1,suveraine,consulaciun
1,tandre,aignelet
1,tantes,teres
1,tel,amor
1,tel,aïe
1,tel,colp
1,tel,doel
1,tel,duol
1,tel,estrif
1,tel,letres
1,tel,mel
1,tel,omne
1,tel,parole
1,tel,perron
1,tel,plaie
1,tel,secors
1,tel,tanpeste
1,tel,vallet
1,tele,croiz
1,tele,droiture
2,tele,proiere
1,tele,robe
1,teles,aventures
1,tempree,culur
2,tendra,carn
1,tendre,coer
1,terrestre,aveir
1,terrestre,paradis
1,terriane,chevalerie
2,terriane,chose
1,terriane,sauveté
1,terrianes,chevaleries
2,terrianes,choses
2,terrien,chevalier
2,terrien,home
1,terrien,ome
1,terriene,cúre
1,terriene,riens
1,terrienne,chevalerie
1,terrienne,dolor
1,terrienne,garison
1,terrienne,peine
1,terriennes,choses
1,terriennes,espices
1,terriennes,vertuz
2,terriens,chevaliers
1,terriens,hom
1,terriens,hons
1,terriens,omes
1,terriens,serjanz
1,terriens,vices
1,tex,lois
1,tex,max
1,tierce,jornee
2,tierce,maniere
1,tierce,partie
1,tierz,adamas
1,tierz,rois
1,tiex,hons
1,ton,conseil
1,ton,cors
1,tons,parentez
1,tote,conpaignie
1,tote,forez
1,tote,teste
1,totes,filles
1,toue,char
1,toz,escuz
1,traitice,face
7,tresdouce,amie
1,tresgrant,joie
1,trestut,edage
1,trestut,gunfanuns
1,trestut,vivant
1,tue,amurs
1,tue,aname
1,tue,ancele
1,tue,carn
1,tue,maniere
1,tue,mercit
2,tuen,cors
1,tuens,lignages
1,tuens,regnes
1,tuit,amies
1,tuit,per
1,tun,prusme
1,tute,vie
1,tutes,cumpaignes
1,tutes,vertuz
1,tuz,castels
1,tuz,vantance
1,túe,ancele
1,umaine,ligniee
1,umble,barun
1,umble,hume
1,umble,suspeciun
1,un,costet
1,un,pié
1,une,main
2,une,part
1,une,serpenz
1,universe,monde
1,vailante,muiler
3,vaillant,chevaler
1,vaillant,chevalers
1,vaillanz,hom
2,vaine,gloire
1,vaines,suspeciuns
1,vair,mantel
1,vair,oiel
1,vaires,armes
1,vairet,oeul
3,vairs,ex
1,vairs,oilz
1,valentineis,espiez
1,veir,chrestïen
1,veire,conoisance
1,veire,cruiz
1,veire,robe
1,veires,robes
1,veirs,miracles
1,velue,pel
7,verai,chevalier
1,verai,contratiun
1,verai,cors
1,verai,crucefié
1,verai,juïse
1,veraie,chien
1,veraie,confession
2,veraie,croiz
1,veraie,demostrance
1,veraie,enseigne
1,veraie,lumiere
1,veraie,provance
1,veraie,semblance
1,veraies,anseignes
1,verais,amanz
1,verais,amerres
2,verais,amis
2,verais,chevaliers
1,verais,conforz
1,verais,peres
1,verais,sauverres
1,verdes,fuelles
1,vermeil,cendal
1,vermeil,mantel
1,vermeil,marbre
1,vermeil,merveille
3,vermeil,samit
1,vermeill,eschines
1,vermeill,escut
1,vermeill,sanc
1,vermeille,croiz
1,vermeille,porz
1,vermeille,pume
1,vermeilles,armes
1,vermelle,face
1,vermoil,sanc
1,vermoille,coute
1,vermoille,escarlate
1,vermoille,onde
1,vers,eulz
1,vers,rains
1,vert,busche
3,vert,erbe
1,vert,jarri
1,vert,jaspe
1,vert,olie
1,vert,pomier
1,vert,pré
1,verte,cuz
13,verte,erbe
3,verte,herbe
1,verte,jaspe
1,verte,maile
1,verte,rois
1,vertudable,hume
1,vianeis,acer
1,viel,clop
1,viel,prestre
1,vielle,chapele
1,vielle,feme
1,vielle,roche
1,vielles,perres
3,vielx,hons
4,vielz,hons
2,vielz,lei
1,vielz,poacre
1,vielz,preudom
1,vielz,prudons
1,vif,charbun
1,vif,spus
1,vif,vassal
1,vifs,charbuns
1,vifs,diables
1,vifs,dïables
2,vilaine,amor
1,vileins,geus
1,vintequatrisme,jor
1,virginels,noces
1,vis,deables
1,vius,medre
1,vive,force
1,vive,poëstét
1,vives,chars
1,vix,garçons
1,vix,ostex
1,viés,capes
1,viés,creutes
1,viés,sentier
1,viés,tatereles
1,viés,voie
1,voide,place
1,voide,tere
3,voire,novele
1,voire,parole
1,voire,repentance
1,voirs,rois
3,voltice,cambre
1,vostre,ame
3,vostre,amie
1,vostre,anme
1,vostre,comant
1,vostre,conpaignie
1,vostre,dolor
2,vostre,leingue
3,vostre,merci
1,vostre,seignor
1,vremelletes,levretes
1,waumonnés,poms
1,waumonés,bos
1,ámere,mort
1,áperte,visiun
1,éinznez,fiz
