Polski/ADJ,przemysł/NOUN,farmaceutyczny/ADJ
wielkich/ADJ,amerykańskich/ADJ,korporacjach/NOUN
cały/ADJ,ostatni/ADJ,tydzień/NOUN
PRÓBNY/ADJ,SPIS/NOUN,POWSZECHNY/ADJ
kolejne/ADJ,pomieszczenia/NOUN,magazynowe/ADJ
bogaty/ADJ,program/NOUN,artystyczny/ADJ
tradycyjną/ADJ,mszą/NOUN,polową/ADJ
jedną/ADJ,markę/NOUN,niemiecką/ADJ
szczere/ADJ,przyjacielskie/ADJ,przedstawienie/NOUN
żółte/ADJ,znaki/NOUN,papieskie/ADJ
ubocznych/ADJ,objawów/NOUN,szkodliwych/ADJ
jednoosobową/ADJ,instytucją/NOUN,kulturalną/ADJ
szerokie/ADJ,kompetencje/NOUN,administracyjne/ADJ
tragicznym/ADJ,wypadku/NOUN,samochodowym/ADJ
przekaźnikową/ADJ,stację/NOUN,radiową/ADJ
Centralnego/ADJ,Biura/NOUN,Śledczego/ADJ
Włoskie/ADJ,agencje/NOUN,prasowe/ADJ
cała/ADJ,śląska/ADJ,policja/NOUN
cywilny/ADJ,Wydział/NOUN,Lekarski/ADJ
pełnym/ADJ,składzie/NOUN,ligowym/ADJ
wielki/ADJ,dyskomfort/NOUN,psychiczny/ADJ
warunkowe/ADJ,przedterminowe/ADJ,zwolnienie/NOUN
wybitnych/ADJ,architektów/NOUN,współczesnych/ADJ
ustronnym/ADJ,włoskim/ADJ,klasztorze/NOUN
II/ADJ,Wydział/NOUN,Polityczny/ADJ
znany/ADJ,prezenter/NOUN,telewizyjny/ADJ
stałe/ADJ,zespoły/NOUN,muzyczne/ADJ
czarnej/ADJ,skórkowej/ADJ,rękawiczce/NOUN
poważnego/ADJ,urazu/NOUN,wewnętrznego/ADJ
znana/ADJ,plastyczka/NOUN,olsztyńska/ADJ
waszyngtońskiej/ADJ,scenie/NOUN,politycznej/ADJ
nowych/ADJ,władz/NOUN,algierskich/ADJ
rodzimi/ADJ,arabscy/ADJ,mieszkańcy/NOUN
tytułowego/ADJ,ostatniego/ADJ,władcy/NOUN
ogromnych/ADJ,bolesnych/ADJ,oczach/NOUN
obłej/ADJ,czerwonej/ADJ,słuchawce/NOUN
prymitywnych/ADJ,filmikach/NOUN,amerykańskich/ADJ
odpowiedniej/ADJ,polityki/NOUN,informacyjnej/ADJ
krajowy/ADJ,przemysł/NOUN,farmaceutyczny/ADJ
kolejna/ADJ,porażka/NOUN,kadrowa/ADJ
złośliwe/ADJ,przedmioty/NOUN,martwe/ADJ
pełnym/ADJ,wyborczym/ADJ,sukcesie/NOUN
okazały/ADJ,marmurowy/ADJ,pomnik/NOUN
sprawnymi/ADJ,kanałami/NOUN,kolportażowymi/ADJ
I/ADJ,wojna/NOUN,światowa/ADJ
japońskich/ADJ,przedsiębiorstw/NOUN,kolejowych/ADJ
eleganckie/ADJ,życie/NOUN,poplażowe/ADJ
niezłą/ADJ,tanią/ADJ,vectrę/NOUN
szarym/ADJ,drewnianym/ADJ,domem/NOUN
różnych/ADJ,prac/NOUN,domowych/ADJ
specjalny/ADJ,dodatkowy/ADJ,meldunek/NOUN
nowe/ADJ,nastawienie/NOUN,polskie/ADJ
rurki/NOUN,szklane/ADJ,cylindryczne/ADJ
wyższą/ADJ,akademię/NOUN,talmudyczną/ADJ
ciche/ADJ,niedzielne/ADJ,popołudnie/NOUN
gdyński/ADJ,Szpital/NOUN,Miejski/ADJ
inna/ADJ,lokata/NOUN,giełdowa/ADJ
prywatnej/ADJ,opieki/NOUN,zdrowotnej/ADJ
Były/ADJ,drugi/ADJ,trener/NOUN
intensywne/ADJ,przygotowania/NOUN,organizacyjne/ADJ
jedyne/ADJ,logiczne/ADJ,wyjaśnienie/NOUN
niepodważalnych/ADJ,prawd/NOUN,węglowych/ADJ
całej/ADJ,wielkiej/ADJ,organizacji/NOUN
najgorszy/ADJ,wstrząs/NOUN,sejsmiczny/ADJ
największe/ADJ,inwestycje/NOUN,budżetowe/ADJ
ostatnią/ADJ,epokę/NOUN,lodową/ADJ
amatorskiej/ADJ,lidze/NOUN,małopolskiej/ADJ
stara/ADJ,piosenka/NOUN,miłosna/ADJ
zwykła/ADJ,ludzka/ADJ,zazdrość/NOUN
najprawdziwsze/ADJ,świadectwo/NOUN,maturalne/ADJ
izraelska/ADJ,akcja/NOUN,zbrojna/ADJ
górniczą/ADJ,spółką/NOUN,mieszkaniową/ADJ
Trzydzieste/ADJ,piąte/ADJ,Targi/NOUN
tajne/ADJ,wspólnoty/NOUN,religijne/ADJ
dwuletnią/ADJ,szkołę/NOUN,pomaturalną/ADJ
górnych/ADJ,dróg/NOUN,oddechowych/ADJ
wstydliwej/ADJ,rodzinnej/ADJ,tajemnicy/NOUN
niedoszłego/ADJ,dalszego/ADJ,ciągu/NOUN
własne/ADJ,przepisy/NOUN,karne/ADJ
Całe/ADJ,starostwo/NOUN,spiskie/ADJ
kolejnych/ADJ,zmian/NOUN,administracyjnych/ADJ
bocznych/ADJ,nawach/NOUN,kościelnych/ADJ
II/ADJ,wojny/NOUN,światowej/ADJ
II/ADJ,wojny/NOUN,światowej/ADJ
Gdańskiej/ADJ,Stoczni/NOUN,Remontowej/ADJ
cały/ADJ,pluton/NOUN,rotacyjny/ADJ
I/ADJ,lidze/NOUN,piłkarskiej/ADJ
bezpłatnych/ADJ,występów/NOUN,artystycznych/ADJ
innych/ADJ,spotkaniach/NOUN,towarzyskich/ADJ
Cały/ADJ,prawy/ADJ,błotnik/NOUN
prosty/ADJ,tutejszy/ADJ,lud/NOUN
pierwszych/ADJ,tegorocznych/ADJ,mrozów/NOUN
stare/ADJ,pieśni/NOUN,kościelne/ADJ
wczesnych/ADJ,godzinach/NOUN,popołudniowych/ADJ
katakumbowego/ADJ,życia/NOUN,religijnego/ADJ
tegorocznym/ADJ,VIII/ADJ,turnieju/NOUN
duży/ADJ,sektor/NOUN,socjalistyczny/ADJ
cienka/ADJ,warstwa/NOUN,podskórna/ADJ
całym/ADJ,powiecie/NOUN,kwidzyńskim/ADJ
kolorowych/ADJ,łowickich/ADJ,wełniakach/NOUN
zachodnich/ADJ,przejściach/NOUN,granicznych/ADJ
wysoki/ADJ,poziom/NOUN,artystyczny/ADJ
jeden/ADJ,wielki/ADJ,smród/NOUN
państwową/ADJ,jednostką/NOUN,organizacyjną/ADJ
oficjalnej/ADJ,wersji/NOUN,radzieckiej/ADJ
ostry/ADJ,alkoholowy/ADJ,zapach/NOUN
lyrijski/ADJ,orzeł/NOUN,czarny/ADJ
rivskie/ADJ,rauty/NOUN,czerwone/ADJ
typowe/ADJ,pieskie/ADJ,życie/NOUN
pierwszym/ADJ,krótkim/ADJ,spotkaniu/NOUN
cała/ADJ,armia/NOUN,etolska/ADJ
piękną/ADJ,zachodnią/ADJ,ścianę/NOUN
Współczesne/ADJ,trendy/NOUN,cywilizacyjne/ADJ
srebrnym/ADJ,terenowym/ADJ,samochodzie/NOUN
trzecią/ADJ,próbę/NOUN,generalną/ADJ
Stołecznego/ADJ,Zakładu/NOUN,Energetycznego/ADJ
Matki/NOUN,Bożej/ADJ,Jasnogórskiej/ADJ
najważniejszych/ADJ,nazistowskich/ADJ,zbrodniarzy/NOUN
olbrzymie/ADJ,srebrzyste/ADJ,cygara/NOUN
własnych/ADJ,erotycznych/ADJ,skojarzeń/NOUN
najwcześniejszy/ADJ,letni/ADJ,ranek/NOUN
małej/ADJ,wioskowej/ADJ,świątyni/NOUN
półmetrowych/ADJ,nożach/NOUN,kuchennych/ADJ
kolejna/ADJ,bezsenna/ADJ,noc/NOUN
ostatnich/ADJ,wyborach/NOUN,samorządowych/ADJ
kolorowe/ADJ,neony/NOUN,świąteczne/ADJ
sporą/ADJ,wartość/NOUN,historyczną/ADJ
innych/ADJ,polskich/ADJ,himalaistów/NOUN
lubelskiego/ADJ,zespołu/NOUN,hiphopowego/ADJ
całe/ADJ,odrębne/ADJ,królestwo/NOUN
cały/ADJ,2001/ADJ,r./NOUN
całej/ADJ,opinii/NOUN,światowej/ADJ
mniejsze/ADJ,pojedyncze/ADJ,okazy/NOUN
Ściany/NOUN,osłonowe/ADJ,zewnętrzne/ADJ
przeciętne/ADJ,warszawskie/ADJ,osiedle/NOUN
szalonym/ADJ,ruskim/ADJ,łbie/NOUN
43-letni/ADJ,młodszy/ADJ,brygadier/NOUN
ważnym/ADJ,politycznym/ADJ,głosowaniu/NOUN
przystojnego/ADJ,młodego/ADJ,mężczyznę/NOUN
cięższej/ADJ,gramatury/NOUN,gastronomicznej/ADJ
poważne/ADJ,siły/NOUN,zbrojne/ADJ
pięknej/ADJ,słonecznej/ADJ,pogody/NOUN
oddzielny/ADJ,palnik/NOUN,gazowy/ADJ
nowy/ADJ,§/NOUN,3/ADJ
domki/NOUN,ro/ADJ,jednorodzinne/ADJ
gorącym/ADJ,przedwyborczym/ADJ,okresie/NOUN
kolejne/ADJ,operacje/NOUN,lądowe/ADJ
różne/ADJ,niemężne/ADJ,pokusy/NOUN
barwne/ADJ,szklane/ADJ,witraże/NOUN
II/ADJ,Liceum/NOUN,Ogólnokształcącym/ADJ
niezależne/ADJ,spółki/NOUN,węglowe/ADJ
dodatkową/ADJ,powierzchnię/NOUN,bagażową/ADJ
Długiego/ADJ,stażu/NOUN,małżeńskiego/ADJ
ciekawą/ADJ,ofertę/NOUN,handlową/ADJ
odpowiednie/ADJ,przygotowanie/NOUN,matematyczne/ADJ
wczesnych/ADJ,latach/NOUN,80/ADJ
Główne/ADJ,dowództwo/NOUN,niemieckie/ADJ
krótka/ADJ,konsultacja/NOUN,naukowa/ADJ
znaczne/ADJ,szkody/NOUN,materialne/ADJ
Regionalnego/ADJ,Banku/NOUN,Gospodarczego/ADJ
kolejny/ADJ,sklep/NOUN,spożywczy/ADJ
czarnych/ADJ,dżinsach/NOUN,welwetowych/ADJ
Inne/ADJ,interesujące/ADJ,złoże/NOUN
dotkliwą/ADJ,porażkę/NOUN,polityczną/ADJ
Państwowe/ADJ,Koleje/NOUN,Linowe/ADJ
miejscowe/ADJ,rozgłośnie/NOUN,radiowe/ADJ
koniecznych/ADJ,reform/NOUN,gospodarczych/ADJ
najbliższe/ADJ,plany/NOUN,zawodowe/ADJ
magicznym/ADJ,prądzie/NOUN,elektrycznym/ADJ
olbrzymią/ADJ,wartość/NOUN,emocjonalną/ADJ
jedną/ADJ,kapustę/NOUN,czerwoną/ADJ
II/ADJ,wojny/NOUN,światowej/ADJ
drugiej/ADJ,wojny/NOUN,światowej/ADJ
legendarnym/ADJ,przywódcą/NOUN,związkowym/ADJ
bolesną/ADJ,kifozą/NOUN,młodzieńczą/ADJ
sąsiednie/ADJ,republiki/NOUN,kaukaskie/ADJ
ważnym/ADJ,polskim/ADJ,paszportem/NOUN
dużych/ADJ,brązowych/ADJ,oczach/NOUN
wielką/ADJ,ptasią/ADJ,indywidualnością/NOUN
niemieckie/ADJ,dywizje/NOUN,pancerne/ADJ
Kolejny/ADJ,pijany/ADJ,policjant/NOUN
inne/ADJ,cenne/ADJ,przedmioty/NOUN
piesze/ADJ,górskie/ADJ,wycieczki/NOUN
całe/ADJ,wschodnie/ADJ,wybrzeże/NOUN
ogromne/ADJ,znaczenie/NOUN,społeczne/ADJ
Małe/ADJ,szare/ADJ,oczka/NOUN
Mały/ADJ,czupurny/ADJ,kapral/NOUN
nędznych/ADJ,wojennych/ADJ,słodyczy/NOUN
czerwone/ADJ,spierzchnięte/ADJ,usta/NOUN
Wyższej/ADJ,Szkole/NOUN,Dziennikarskiej/ADJ
określone/ADJ,partie/NOUN,polityczne/ADJ
intensywna/ADJ,publiczna/ADJ,debata/NOUN
nowy/ADJ,polityczny/ADJ,model/NOUN
wielkim/ADJ,powodzeniu/NOUN,towarzyskim/ADJ
pełnowymiarową/ADJ,halę/NOUN,sportową/ADJ
samotny/ADJ,biały/ADJ,żagiel/NOUN
betonowych/ADJ,śluz/NOUN,wałowych/ADJ
duże/ADJ,niklowe/ADJ,pudło/NOUN
wielkiej/ADJ,konwencji/NOUN,ogólnopolskiej/ADJ
starą/ADJ,liliową/ADJ,chustę/NOUN
tegorocznym/ADJ,inauguracyjnym/ADJ,balu/NOUN
pierwsze/ADJ,wyścigi/NOUN,samochodowe/ADJ
gęstą/ADJ,krę/NOUN,lodową/ADJ
olbrzymiej/ADJ,neogotyckiej/ADJ,fasady/NOUN
druga/ADJ,rewolucja/NOUN,internetowa/ADJ
inni/ADJ,młodzi/ADJ,mężczyźni/NOUN
kolejnych/ADJ,mniejszych/ADJ,dystrybutorów/NOUN
Najlepszy/ADJ,polski/ADJ,tyczkarz/NOUN
najbliższą/ADJ,stację/NOUN,benzynową/ADJ
Nakielska/ADJ,straż/NOUN,miejska/ADJ
silną/ADJ,stację/NOUN,nadawczą/ADJ
żmudne/ADJ,badania/NOUN,techniczne/ADJ
piękny/ADJ,sport/NOUN,narciarski/ADJ
podstawowych/ADJ,zasad/NOUN,prawnych/ADJ
śliczny/ADJ,manewr/NOUN,pancerny/ADJ
walizkowej/ADJ,bomby/NOUN,atomowej/ADJ
jednej/ADJ,porządnej/ADJ,książki/NOUN
inne/ADJ,bazy/NOUN,wojskowe/ADJ
specjalnym/ADJ,wystąpieniu/NOUN,telewizyjnym/ADJ
dalekiej/ADJ,mroźnej/ADJ,północy/NOUN
jedyna/ADJ,użytkowa/ADJ,wartość/NOUN
radziecką/ADJ,bombę/NOUN,atomową/ADJ
Normalny/ADJ,bilet/NOUN,sieciowy/ADJ
światowe/ADJ,agencje/NOUN,prasowe/ADJ
kolejnych/ADJ,odcinków/NOUN,specjalnych/ADJ
Obecne/ADJ,władze/NOUN,oświatowe/ADJ
wcześniejsza/ADJ,rejestracja/NOUN,telefoniczna/ADJ
kołobrzeskich/ADJ,jednostek/NOUN,wojskowych/ADJ
cały/ADJ,18-ty/ADJ,arrondissement/NOUN
krótką/ADJ,telefoniczną/ADJ,pogawędkę/NOUN
rutynowych/ADJ,prac/NOUN,konserwatorskich/ADJ
jednorazowe/ADJ,nakładki/NOUN,toaletowe/ADJ
trwałych/ADJ,nieprzepuszczalnych/ADJ,powierzchniach/NOUN
lewa/ADJ,górna/ADJ,2/NOUN
pierwszego/ADJ,dużego/ADJ,bolenia/NOUN
same/ADJ,równe/ADJ,chłopaki/NOUN
wielką/ADJ,kampanię/NOUN,antykościelną/ADJ
Państwowa/ADJ,komisja/NOUN,wyborcza/ADJ
piękne/ADJ,synowskie/ADJ,uczucie/NOUN
Białe/ADJ,policyjne/ADJ,motocykle/NOUN
Piękna/ADJ,32-letnia/ADJ,piosenkarka/NOUN
widocznych/ADJ,zniszczeń/NOUN,zewnętrznych/ADJ
miniaturowym/ADJ,ogrodem/NOUN,zoologicznym/ADJ
Ogólnopolski/ADJ,Związek/NOUN,Zawodowy/ADJ
wielodzietnej/ADJ,rodziny/NOUN,wiejskiej/ADJ
wielki/ADJ,tunel/NOUN,ciepłowniczy/ADJ
głównych/ADJ,drzwi/NOUN,wejściowych/ADJ
Podobne/ADJ,warunki/NOUN,terenowe/ADJ
Podstawowe/ADJ,nazewnictwo/NOUN,łacińskie/ADJ
odpowiedni/ADJ,dokument/NOUN,panamski/ADJ
kolejne/ADJ,niedoszłe/ADJ,ofiary/NOUN
Polskiej/ADJ,biedzie/NOUN,akademickiej/ADJ
Poniedziałkowa/ADJ,prasa/NOUN,londyńska/ADJ
regionalne/ADJ,środowiska/NOUN,twórcze/ADJ
wielkim/ADJ,drewnianym/ADJ,stole/NOUN
robotnicze/ADJ,kolonie/NOUN,przyfabryczne/ADJ
jedyny/ADJ,prawdziwy/ADJ,Kościół/NOUN
Centralną/ADJ,Komisją/NOUN,Wyborczą/ADJ
nową/ADJ,nawierzchnię/NOUN,asfaltową/ADJ
nową/ADJ,ordynację/NOUN,wyborczą/ADJ
środowym/ADJ,przemówieniu/NOUN,telewizyjnym/ADJ
uroczystym/ADJ,śniadaniem/NOUN,wielkanocnym/ADJ
najpopularniejszym/ADJ,tanim/ADJ,zegarkiem/NOUN
tamtejszych/ADJ,środowisk/NOUN,żydowskich/ADJ
natarczywą/ADJ,złą/ADJ,myśl/NOUN
niemiecką/ADJ,żeglugę/NOUN,śródlądową/ADJ
szlaki/NOUN,turystyczne/ADJ,piesze/ADJ
polonijnych/ADJ,organizacji/NOUN,społecznych/ADJ
rozmaite/ADJ,zestawy/NOUN,upominkowe/ADJ
inne/ADJ,poważne/ADJ,problemy/NOUN
krakowskiej/ADJ,giełdzie/NOUN,elektronicznej/ADJ
ogromnych/ADJ,nakładów/NOUN,inwestycyjnych/ADJ
samej/ADJ,broni/NOUN,nuklearnej/ADJ
narodowych/ADJ,sił/NOUN,nuklearnych/ADJ
następny/ADJ,duży/ADJ,krok/NOUN
rosyjskie/ADJ,służby/NOUN,specjalne/ADJ
całe/ADJ,sady/NOUN,jarzębinowe/ADJ
kolejny/ADJ,rok/NOUN,akademicki/ADJ
ogólnopolska/ADJ,akcja/NOUN,protestacyjna/ADJ
Państwowej/ADJ,Straży/NOUN,Pożarnej/ADJ
tegoroczna/ADJ,kampania/NOUN,wyborcza/ADJ
inne/ADJ,polskie/ADJ,załogi/NOUN
nowoczesne/ADJ,dzielnice/NOUN,mieszkaniowe/ADJ
wielkiej/ADJ,kulturze/NOUN,osobistej/ADJ
nową/ADJ,ustawę/NOUN,lustracyjną/ADJ
straszliwy/ADJ,bląd/NOUN,polityczny/ADJ
tradycyjne/ADJ,kozackie/ADJ,mundury/NOUN
najwyższym/ADJ,europejskim/ADJ,poziomie/NOUN
Specjalne/ADJ,karty/NOUN,parkingowe/ADJ
wyższy/ADJ,wzrost/NOUN,gospodarczy/ADJ
ostatniej/ADJ,miejskiej/ADJ,sesji/NOUN
wojewódzkich/ADJ,stacji/NOUN,epidemiologicznych/ADJ
ciekawy/ADJ,efekt/NOUN,dekoracyjny/ADJ
Stara/ADJ,ogrodnicza/ADJ,prawda/NOUN
ulubioną/ADJ,wodą/NOUN,toaletową/ADJ
II/ADJ,wojny/NOUN,światowej/ADJ
byli/ADJ,robotnicy/NOUN,przymusowi/ADJ
poważnym/ADJ,wypadku/NOUN,samochodowym/ADJ
odpowiednich/ADJ,badań/NOUN,porównawczych/ADJ
dotychczasowych/ADJ,wojewódzkich/ADJ,funduszy/NOUN
pomocnicze/ADJ,substancje/NOUN,wzorcowe/ADJ
Duży/ADJ,czarny/ADJ,pies/NOUN
czarny/ADJ,przeciwdeszczowy/ADJ,płaszcz/NOUN
wyższej/ADJ,elity/NOUN,SS-owskiej/ADJ
innym/ADJ,osobom/NOUN,uprawnionym/ADJ
prymitywnymi/ADJ,tłuczkami/NOUN,kamiennymi/ADJ
właściwej/ADJ,komisji/NOUN,wyborczej/ADJ
Okresowe/ADJ,badanie/NOUN,techniczne/ADJ
niemieckiego/ADJ,obozu/NOUN,koncentracyjnego/ADJ
dobrym/ADJ,środkiem/NOUN,zapobiegawczym/ADJ
pozaplanetarna/ADJ,baza/NOUN,dowódcza/ADJ
Zwyczajne/ADJ,życie/NOUN,religijne/ADJ
Jasnowłosa/ADJ,uśmiechnięta/ADJ,dziewczynka/NOUN
stawna/ADJ,Bursztynowa/ADJ,Komnata/NOUN
innych/ADJ,rozrządzeń/NOUN,testamentowych/ADJ
polskich/ADJ,pociągów/NOUN,pancernych/ADJ
białym/ADJ,sportowym/ADJ,stroju/NOUN
stromej/ADJ,skalistej/ADJ,góry/NOUN
Nowe/ADJ,rady/NOUN,gminne/ADJ
trzyrzędowa/ADJ,aleja/NOUN,lipowa/ADJ
dzisiejszej/ADJ,wyższej/ADJ,cywilizacji/NOUN
późnych/ADJ,godzin/NOUN,popołudniowych/ADJ
stałej/ADJ,ochrony/NOUN,antywirusowej/ADJ
łagodniejszych/ADJ,zimowych/ADJ,dni/NOUN
najwybitniejszych/ADJ,malarzy/NOUN,polskich/ADJ
wielkich/ADJ,akcji/NOUN,humanitarnych/ADJ
dotychczasowych/ADJ,przykrych/ADJ,doświadczeń/NOUN
młodej/ADJ,polskiej/ADJ,demokracji/NOUN
nowe/ADJ,prawo/NOUN,rodzinne/ADJ
odpowiednią/ADJ,stronę/NOUN,kodową/ADJ
Uroczysta/ADJ,msza/NOUN,święta/ADJ
głęboka/ADJ,pustynia/NOUN,intelektualna/ADJ
zagraniczna/ADJ,firma/NOUN,inwestycyjna/ADJ
Inne/ADJ,warszawskie/ADJ,osiedla/NOUN
wspólnej/ADJ,serbskiej/ADJ,delegacji/NOUN
słaby/ADJ,kontakt/NOUN,emocjonalny/ADJ
starzy/ADJ,działacze/NOUN,partyjni/ADJ
naczelnych/ADJ,stanowiskach/NOUN,państwowych/ADJ
zagranicznymi/ADJ,organizacjami/NOUN,adopcyjnymi/ADJ
obowiązującego/ADJ,systemu/NOUN,finansowego/ADJ
globalną/ADJ,równowagę/NOUN,rynkową/ADJ
czarnym/ADJ,kostiumie/NOUN,kąpielowym/ADJ
różnokolorowe/ADJ,farby/NOUN,antykorozyjne/ADJ
niezwykłe/ADJ,umiejętności/NOUN,wokalne/ADJ
Niewielki/ADJ,czerwony/ADJ,samolot/NOUN
macierzystych/ADJ,komórek/NOUN,embrionalnych/ADJ
specjalny/ADJ,zasiłek/NOUN,osłonowy/ADJ
najprężniejszego/ADJ,zgromadzenia/NOUN,zakonnego/ADJ
ukraiński/ADJ,Związek/NOUN,Przemysłowy/ADJ
ziemskiego/ADJ,pola/NOUN,magnetycznego/ADJ
Niewielki/ADJ,samolot/NOUN,śmigłowy/ADJ
tanim/ADJ,połączeniom/NOUN,lotniczym/ADJ
Zimny/ADJ,front/NOUN,arktyczny/ADJ
maksymalne/ADJ,praktyczne/ADJ,wykorzystanie/NOUN
niepowtarzalne/ADJ,słowo/NOUN,kodowe/ADJ
pozostałych/ADJ,Państw/NOUN,Członkowskich/ADJ
ciemnym/ADJ,zimowym/ADJ,stroju/NOUN
świeżego/ADJ,mięsa/NOUN,drobiowego/ADJ
niespotykanych/ADJ,warunkach/NOUN,klimatycznych/ADJ
średnia/ADJ,temperatura/NOUN,roczna/ADJ
prawdziwych/ADJ,metod/NOUN,enologicznych/ADJ
ostatnie/ADJ,srebrzyste/ADJ,pasemko/NOUN
nowych/ADJ,technologii/NOUN,telekomunikacyjnych/ADJ
wiejskie/ADJ,urzędy/NOUN,pocztowe/ADJ
zainteresowane/ADJ,państwo/NOUN,członkowskie/ADJ
wspólnotowego/ADJ,dorobku/NOUN,prawnego/ADJ
pozostałe/ADJ,napoje/NOUN,spirytusowe/ADJ
średniookresowymi/ADJ,celami/NOUN,strategicznymi/ADJ
strategicznego/ADJ,uzasadnienia/NOUN,biznesowego/ADJ
inne/ADJ,płynne/ADJ,produkty/NOUN
Weterynaryjną/ADJ,Klasyfikację/NOUN,Chemiczną/ADJ
lepszą/ADJ,koordynacją/NOUN,wewnętrzną/ADJ
innych/ADJ,państw/NOUN,trzecich/ADJ
stosownych/ADJ,nowych/ADJ,możliwości/NOUN
poważny/ADJ,kryzys/NOUN,gospodarczy/ADJ
przyszłego/ADJ,rozwoju/NOUN,ekonomicznego/ADJ
zaskakujący/ADJ,różowy/ADJ,trójkącik/NOUN
odpowiednie/ADJ,warunki/NOUN,ramowe/ADJ
Turecki/ADJ,Państwowy/ADJ,Urząd/NOUN
Tradycyjne/ADJ,metody/NOUN,ekonomiczne/ADJ
wielopierścieniowe/ADJ,węglowodory/NOUN,aromatyczne/ADJ
specjalnych/ADJ,potrzebach/NOUN,edukacyjnych/ADJ
innych/ADJ,pilnych/ADJ,przesyłek/NOUN
przewlekłej/ADJ,białaczki/NOUN,szpikowej/ADJ
nowych/ADJ,Wytycznych/NOUN,wspólnotowych/ADJ
równe/ADJ,warunki/NOUN,eksportowe/ADJ
międzynarodowej/ADJ,pozycji/NOUN,inwestycyjnej/ADJ
niezbędnych/ADJ,informacji/NOUN,statystycznych/ADJ
krajowe/ADJ,organy/NOUN,regulacyjne/ADJ
jednoosobową/ADJ,instytucją/NOUN,kulturalną/ADJ
małym/ADJ,czerwonym/ADJ,samochodzie/NOUN
cały/ADJ,ostatni/ADJ,tydzień/NOUN
bogaty/ADJ,program/NOUN,artystyczny/ADJ
tradycyjną/ADJ,mszą/NOUN,polową/ADJ
dobrą/ADJ,sytuację/NOUN,finansową/ADJ
wolny/ADJ,rynek/NOUN,antykwaryczny/ADJ
podominikański/ADJ,zespół/NOUN,klasztorny/ADJ
własnym/ADJ,znakiem/NOUN,towarowym/ADJ
nowego/ADJ,podziału/NOUN,terytorialnego/ADJ
zaginionych/ADJ,polskich/ADJ,marynarzy/NOUN
jednorazowy/ADJ,zryw/NOUN,duchowy/ADJ
specjalną/ADJ,strefę/NOUN,ekonomiczną/ADJ
nowi/ADJ,zdolni/ADJ,ludzie/NOUN
znany/ADJ,prezenter/NOUN,telewizyjny/ADJ
II/ADJ,wojna/NOUN,światowa/ADJ
Europejskim/ADJ,Obszarze/NOUN,Gospodarczym/ADJ
obowiązująca/ADJ,norma/NOUN,językowa/ADJ
prawdziwej/ADJ,brazylijskiej/ADJ,gorączki/NOUN
pierwszy/ADJ,kwarcowy/ADJ,zegarek/NOUN
lodowcowych/ADJ,fal/NOUN,kinematycznych/ADJ
smukłą/ADJ,bladożółtawą/ADJ,elegancją/NOUN
Porcelanowe/ADJ,serwisy/NOUN,stołowe/ADJ
goleniowska/ADJ,Straż/NOUN,Miejska/ADJ
Górnicze/ADJ,związki/NOUN,zawodowe/ADJ
oryginalnych/ADJ,prac/NOUN,naukowych/ADJ
nieprofesjonalnej/ADJ,twórczości/NOUN,robotniczej/ADJ
sportowych/ADJ,strojach/NOUN,plażowych/ADJ
były/ADJ,kenijski/ADJ,biegacz/NOUN
inną/ADJ,odpowiednią/ADJ,pracę/NOUN
prawicowi/ADJ,przywódcy/NOUN,labourzystowscy/ADJ
otwartych/ADJ,bezludnych/ADJ,przestrzeni/NOUN
nowoczesnego/ADJ,centrum/NOUN,handlowego/ADJ
nowojorskiej/ADJ,straży/NOUN,pożarnej/ADJ
zwykły/ADJ,tubalny/ADJ,głos/NOUN
Nowe/ADJ,tablice/NOUN,rejestracyjne/ADJ
dawne/ADJ,herbaciane/ADJ,tradycje/NOUN
produktu/NOUN,krajowego/ADJ,brutto/ADJ
najmniejszego/ADJ,racjonalnego/ADJ,sensu/NOUN
nowego/ADJ,prawa/NOUN,dewizowego/ADJ
naukowej/ADJ,wiedzy/NOUN,psychologicznej/ADJ
średnie/ADJ,dalsze/ADJ,trwanie/NOUN
niemieckiego/ADJ,indeksu/NOUN,giełdowego/ADJ
nowego/ADJ,złotego/ADJ,wieku/NOUN
znaczną/ADJ,wartość/NOUN,artystyczną/ADJ
prawdziwy/ADJ,mandat/NOUN,społeczny/ADJ
bezfabularnej/ADJ,taśmy/NOUN,filmowej/ADJ
najrozmaitszych/ADJ,grup/NOUN,społecznych/ADJ
jednej/ADJ,nielegalnej/ADJ,drukarni/NOUN
głównych/ADJ,pism/NOUN,emigracyjnych/ADJ
pozostałych/ADJ,młodych/ADJ,rysi/NOUN
najwyższej/ADJ,światowej/ADJ,próby/NOUN
plastikowym/ADJ,kijem/NOUN,hokejowym/ADJ
nowych/ADJ,krajów/NOUN,członkowskich/ADJ
długi/ADJ,świdrujący/ADJ,dźwięk/NOUN
ostra/ADJ,sportowa/ADJ,rywalizacja/NOUN
Drugim/ADJ,ważnym/ADJ,wydarzeniem/NOUN
wspólną/ADJ,polityką/NOUN,zagraniczną/ADJ
wczorajszej/ADJ,konferencji/NOUN,prasowej/ADJ
krętej/ADJ,asfaltowej/ADJ,drodze/NOUN
końcową/ADJ,zdolność/NOUN,rozdzielczą/ADJ
innych/ADJ,miejscowości/NOUN,letniskowych/ADJ
zaległych/ADJ,należności/NOUN,podatkowych/ADJ
wybranych/ADJ,cech/NOUN,biometrycznych/ADJ
tradycyjny/ADJ,niedzielny/ADJ,obiad/NOUN
czwartkowym/ADJ,zamachu/NOUN,terrorystycznym/ADJ
krótkookresowego/ADJ,wzrostu/NOUN,gospodarczego/ADJ
drugą/ADJ,krwawą/ADJ,ranę/NOUN
trudnej/ADJ,sytuacji/NOUN,życiowej/ADJ
dużych/ADJ,skupisk/NOUN,ludzkich/ADJ
trójkołowych/ADJ,plastikowych/ADJ,rowerkach/NOUN
szamotulskiej/ADJ,krytej/ADJ,pływalni/NOUN
wspólnej/ADJ,polityki/NOUN,zagranicznej/ADJ
zwykłe/ADJ,rękawiczki/NOUN,gumowe/ADJ
małym/ADJ,drewnianym/ADJ,domku/NOUN
Dzisiejsza/ADJ,polityka/NOUN,badawcza/ADJ
szybka/ADJ,infrastruktura/NOUN,szerokopasmowa/ADJ
średnie/ADJ,ceny/NOUN,netto/ADJ
dużych/ADJ,okrągłych/ADJ,kolczykach/NOUN
inne/ADJ,produkty/NOUN,cukiernicze/ADJ
aktualny/ADJ,numer/NOUN,12-cyfrowy/ADJ
regularnych/ADJ,rachunków/NOUN,satelitarnych/ADJ
cywilnych/ADJ,operacjach/NOUN,pokojowych/ADJ
ściślejszej/ADJ,współpracy/NOUN,regionalnej/ADJ
inną/ADJ,działalność/NOUN,dochodową/ADJ
innych/ADJ,podmiotów/NOUN,światowych/ADJ
wolnym/ADJ,stadiom/NOUN,rozwojowym/ADJ
ostatecznego/ADJ,cła/NOUN,wyrównawczego/ADJ
tymczasowego/ADJ,rozporządzenia/NOUN,antydumpingowego/ADJ
tymczasowego/ADJ,rozporządzenia/NOUN,antysubsydyjnego/ADJ
nawrotowym/ADJ,rakiem/NOUN,drobnokomórkowym/ADJ
różne/ADJ,okresy/NOUN,referencyjne/ADJ
odpowiedniej/ADJ,pomocy/NOUN,technicznej/ADJ
nowego/ADJ,Protokołu/NOUN,finansowego/ADJ
krajowe/ADJ,służby/NOUN,statystyczne/ADJ
istotne/ADJ,korzyści/NOUN,gospodarcze/ADJ
rozpuszczalnych/ADJ,substancji/NOUN,stałych/ADJ
Wysokie/ADJ,ciśnienie/NOUN,osmotyczne/ADJ
ludzkim/ADJ,przeciwciałem/NOUN,monoklonalnym/ADJ
Długowłosy/ADJ,czarny/ADJ,pies/NOUN
lepsza/ADJ,koordynacja/NOUN,gospodarcza/ADJ
natychmiastowej/ADJ,pomocy/NOUN,finansowej/ADJ
austriackiego/ADJ,traktatu/NOUN,państwowego/ADJ
nuklearny/ADJ,rezonans/NOUN,magnetyczny/ADJ
inne/ADJ,działania/NOUN,pokrewne/ADJ
prawdziwy/ADJ,socjaldemokratyczny/ADJ,szef/NOUN
sprawnymi/ADJ,kanałami/NOUN,kolportażowymi/ADJ
różnych/ADJ,prac/NOUN,domowych/ADJ
odpowiedniej/ADJ,polityki/NOUN,informacyjnej/ADJ
japońskich/ADJ,przedsiębiorstw/NOUN,kolejowych/ADJ
krajowy/ADJ,przemysł/NOUN,farmaceutyczny/ADJ
szarym/ADJ,drewnianym/ADJ,domem/NOUN
niezłą/ADJ,tanią/ADJ,vectrę/NOUN
rodzimi/ADJ,arabscy/ADJ,mieszkańcy/NOUN
prymitywnych/ADJ,filmikach/NOUN,amerykańskich/ADJ
Brudny/ADJ,samochód/NOUN,terenowy/ADJ
pięknej/ADJ,piłkarskiej/ADJ,kariery/NOUN
szerokich/ADJ,bloków/NOUN,wyborczych/ADJ
silną/ADJ,władzą/NOUN,prezydencką/ADJ
odpowiednich/ADJ,środków/NOUN,dydaktycznych/ADJ
śląskich/ADJ,rozgłośni/NOUN,radiowych/ADJ
innych/ADJ,azjatyckich/ADJ,rynkach/NOUN
lśniącym/ADJ,długim/ADJ,warkoczem/NOUN
nowa/ADJ,niezwykła/ADJ,dusza/NOUN
krótkich/ADJ,bojach/NOUN,prawnych/ADJ
Duży/ADJ,jasnobrązowy/ADJ,pies/NOUN
Jedyna/ADJ,dłuższa/ADJ,rozmowa/NOUN
porządnym/ADJ,zachodnioeuropejskim/ADJ,poziomie/NOUN
25-procentowy/ADJ,wyjściowy/ADJ,poziom/NOUN
dużym/ADJ,niebieskim/ADJ,plecakiem/NOUN
Wtorkowy/ADJ,test/NOUN,humanistyczny/ADJ
regionalnym/ADJ,programie/NOUN,operacyjnym/ADJ
inne/ADJ,jasne/ADJ,psy/NOUN
okolicy/NOUN,podobojczykowej/ADJ,prawej/ADJ
katowickich/ADJ,firm/NOUN,dealerskich/ADJ
niewielki/ADJ,nowotwór/NOUN,złośliwy/ADJ
znanych/ADJ,postaci/NOUN,historycznych/ADJ
małych/ADJ,elektrowni/NOUN,wodnych/ADJ
najlepszą/ADJ,klubową/ADJ,drużyną/NOUN
grubej/ADJ,linki/NOUN,stalowej/ADJ
najpoważniejszy/ADJ,alkoholowy/ADJ,problem/NOUN
dawniejszy/ADJ,świński/ADJ,targ/NOUN
polska/ADJ,młodzież/NOUN,maturalna/ADJ
były/ADJ,wieloletni/ADJ,dziekan/NOUN
zabytkowe/ADJ,piece/NOUN,wapiennicze/ADJ
innych/ADJ,osadów/NOUN,glacjalnych/ADJ
dużej/ADJ,kultury/NOUN,śpiewaczej/ADJ
polskiego/ADJ,życia/NOUN,intelektualnego/ADJ
państwowymi/ADJ,domami/NOUN,wydawniczymi/ADJ
ewentualnych/ADJ,sankcji/NOUN,służbowych/ADJ
kurtce/NOUN,zimowej/ADJ,nieprzemakalnej/ADJ
prawej/ADJ,górnej/ADJ,kieszeni/NOUN
dużych/ADJ,ośrodkach/NOUN,miejskich/ADJ
spornych/ADJ,terenów/NOUN,nadgranicznych/ADJ
ŚRÓDMIEJSKA/ADJ,BIBLIOTEKA/NOUN,PUBLICZNA/ADJ
drugiej/ADJ,wojny/NOUN,światowej/ADJ
ostatniego/ADJ,minionego/ADJ,tygodnia/NOUN
II/ADJ,wojny/NOUN,światowej/ADJ
nielicznych/ADJ,polskich/ADJ,twórców/NOUN
przedwyborczym/ADJ,zapale/NOUN,oratorskim/ADJ
najbliższy/ADJ,krąg/NOUN,towarzyski/ADJ
sensownym/ADJ,systemem/NOUN,politycznym/ADJ
warszawskiej/ADJ,firmy/NOUN,windykacyjnej/ADJ
sobotnią/ADJ,konferencję/NOUN,prasową/ADJ
Zagraniczne/ADJ,agencje/NOUN,informacyjne/ADJ
nowe/ADJ,prawo/NOUN,dewizowe/ADJ
zachodnich/ADJ,okręgach/NOUN,wojskowych/ADJ
sztabowa/ADJ,gra/NOUN,wojenna/ADJ
spodnie/NOUN,jeansowe/ADJ,niebieskie/ADJ
orbitalnej/ADJ,stacji/NOUN,badawczej/ADJ
czarnego/ADJ,samochodu/NOUN,terenowego/ADJ
największego/ADJ,polskiego/ADJ,ubezpieczyciela/NOUN
jesiennych/ADJ,wyborach/NOUN,samorządowych/ADJ
specjalną/ADJ,strefę/NOUN,ekonomiczną/ADJ
całej/ADJ,kultury/NOUN,japońskiej/ADJ
wspólną/ADJ,komisję/NOUN,historyczną/ADJ
okręgowych/ADJ,izb/NOUN,lekarskich/ADJ
instynktownym/ADJ,własnym/ADJ,przekonaniu/NOUN
zielona/ADJ,masa/NOUN,roślinna/ADJ
niewielkim/ADJ,metalowym/ADJ,stoliku/NOUN
surowa/ADJ,formalna/ADJ,wykładnia/NOUN
kanonicznego/ADJ,prawa/NOUN,małżeńskiego/ADJ
dobrą/ADJ,sztukę/NOUN,teatralną/ADJ
kolejnej/ADJ,afrykańskiej/ADJ,wizyty/NOUN
Tegoroczny/ADJ,plan/NOUN,inwestycyjny/ADJ
dodatkowych/ADJ,elektronicznych/ADJ,centrali/NOUN
niedługiej/ADJ,rześkiej/ADJ,kąpieli/NOUN
obcisłym/ADJ,sportowym/ADJ,stroju/NOUN
dwupoziomowym/ADJ,garażem/NOUN,podziemnym/ADJ
specjalistyczny/ADJ,sprzęt/NOUN,medyczny/ADJ
sejmową/ADJ,komisję/NOUN,śledczą/ADJ
różnych/ADJ,przedziałach/NOUN,czasowych/ADJ
różowym/ADJ,kostiumie/NOUN,kąpielowym/ADJ
prawdziwej/ADJ,rządowej/ADJ,koalicji/NOUN
radosnego/ADJ,wyborczego/ADJ,szampana/NOUN
warszawskich/ADJ,klubów/NOUN,felinologicznych/ADJ
znaną/ADJ,lipową/ADJ,aleją/NOUN
opustoszałe/ADJ,jesienne/ADJ,ogrody/NOUN
wielkich/ADJ,mlecznych/ADJ,jaj/NOUN
warunkowe/ADJ,przedterminowe/ADJ,zwolnienie/NOUN
jedynym/ADJ,szczecińskim/ADJ,nauczycielem/NOUN
polskiego/ADJ,kardynała/NOUN,kurialnego/ADJ
jedynym/ADJ,biskupem/NOUN,polskim/ADJ
zwyczajnym/ADJ,językiem/NOUN,polskim/ADJ
same/ADJ,młode/ADJ,twarze/NOUN
surowe/ADJ,wojenne/ADJ,prawa/NOUN
zagraniczne/ADJ,kluby/NOUN,zawodowe/ADJ
ewentualnej/ADJ,akcji/NOUN,antyterrorystycznej/ADJ
chrześcijański/ADJ,porządek/NOUN,społeczny/ADJ
grube/ADJ,wełniane/ADJ,skarpety/NOUN
były/ADJ,hiszpański/ADJ,duchowny/NOUN
odpowiednim/ADJ,poziomie/NOUN,sportowym/ADJ
jedynym/ADJ,płońskim/ADJ,taksówkarzem/NOUN
II/ADJ,wojny/NOUN,światowej/ADJ
dostępne/ADJ,środki/NOUN,prawne/ADJ
ciężkiej/ADJ,alergii/NOUN,wielonarządowej/ADJ
powszechnym/ADJ,ubezpieczeniu/NOUN,zdrowotnym/ADJ
dotychczasowej/ADJ,mizerii/NOUN,finansowej/ADJ
duża/ADJ,dwudrzwiowa/ADJ,szafa/NOUN
istotnej/ADJ,roli/NOUN,politycznej/ADJ
chłopskiej/ADJ,organizacji/NOUN,rolniczej/ADJ
nowe/ADJ,prawo/NOUN,farmaceutyczne/ADJ
lepszego/ADJ,wzajemnego/ADJ,zrozumienia/NOUN
hiszpańska/ADJ,piechota/NOUN,morska/ADJ
niemieckiej/ADJ,machiny/NOUN,wojennej/ADJ
ostatnia/ADJ,sejmowa/ADJ,rozgrywka/NOUN
szybkiej/ADJ,obróbce/NOUN,termicznej/ADJ
płaskim/ADJ,cokole/NOUN,skalnym/ADJ
angielskich/ADJ,służb/NOUN,specjalnych/ADJ
własny/ADJ,wizerunek/NOUN,zawodowy/ADJ
szerokiej/ADJ,przeszkody/NOUN,wodnej/ADJ
aktywnych/ADJ,działań/NOUN,zaczepnych/ADJ
szybkich/ADJ,oddziałów/NOUN,dywersyjnych/ADJ
kolejny/ADJ,krajowy/ADJ,zjazd/NOUN
najniższe/ADJ,chmury/NOUN,warstwowe/ADJ
lubelskiego/ADJ,sklepu/NOUN,futrzarskiego/ADJ
normalnego/ADJ,państwowego/ADJ,wydawnictwa/NOUN
innych/ADJ,szefów/NOUN,wojewódzkich/ADJ
jeden/ADJ,wielki/ADJ,złom/NOUN
Wspólne/ADJ,ranne/ADJ,przyjście/NOUN
byłego/ADJ,województwa/NOUN,tarnobrzeskiego/ADJ
nowoczesnej/ADJ,ustawy/NOUN,zasadniczej/ADJ
podłużny/ADJ,wąski/ADJ,przedmiot/NOUN
duży/ADJ,europejski/ADJ,naród/NOUN
prawomocny/ADJ,wyrok/NOUN,sądowy/ADJ
kolejnych/ADJ,sercowych/ADJ,podbojach/NOUN
nowe/ADJ,prawo/NOUN,dewizowe/ADJ
samym/ADJ,banku/NOUN,francuskim/ADJ
taniego/ADJ,budownictwa/NOUN,mieszkaniowego/ADJ
prawdziwą/ADJ,operację/NOUN,wojskową/ADJ
odrębne/ADJ,zeznanie/NOUN,podatkowe/ADJ
całym/ADJ,województwie/NOUN,pomorskim/ADJ
polskiego/ADJ,teatru/NOUN,amatorskiego/ADJ
Ludzki/ADJ,układ/NOUN,immunologiczny/ADJ
Niemiecki/ADJ,sąd/NOUN,konstytucyjny/ADJ
ewentualnej/ADJ,operacji/NOUN,wojskowej/ADJ
czynna/ADJ,jednostka/NOUN,uderzeniowa/ADJ
radziecki/ADJ,program/NOUN,atomowy/ADJ
innych/ADJ,obrzędów/NOUN,wiosennych/ADJ
niezbędnych/ADJ,zmian/NOUN,ustawowych/ADJ
polskim/ADJ,udziale/NOUN,festiwalowym/ADJ
złożonej/ADJ,sprawy/NOUN,technicznej/ADJ
miejscowego/ADJ,Liceum/NOUN,Ogólnokształcącego/ADJ
wybitną/ADJ,działalność/NOUN,PTTK-owską/ADJ
dużych/ADJ,możliwościach/NOUN,graficznych/ADJ
cyfrowej/ADJ,telewizji/NOUN,satelitarnej/ADJ
powszechnego/ADJ,obiegu/NOUN,symbolicznego/ADJ
pierwszy/ADJ,niekomunistyczny/ADJ,premier/NOUN
młodzi/ADJ,strażnicy/NOUN,municypalni/ADJ
włochatą/ADJ,pierś/NOUN,zwierzęcą/ADJ
Rzadki/ADJ,sosnowy/ADJ,las/NOUN
starej/ADJ,drewnianej/ADJ,chałupie/NOUN
Uśmiechnięta/ADJ,młoda/ADJ,kobieta/NOUN
taniego/ADJ,budownictwa/NOUN,mieszkaniowego/ADJ
współczesnych/ADJ,koncepcjach/NOUN,politycznych/ADJ
silnym/ADJ,prądem/NOUN,zachodnim/ADJ
nowego/ADJ,oddziału/NOUN,przeszczepowego/ADJ
Pańskim/ADJ,życiu/NOUN,kompozytorskim/ADJ
szpitalnej/ADJ,spółce/NOUN,akcyjnej/ADJ
zdumiewająca/ADJ,korporacyjna/ADJ,symbioza/NOUN
telewizyjnego/ADJ,programu/NOUN,wyborczego/ADJ
ówczesna/ADJ,polityczna/ADJ,sytuacja/NOUN
sobotniej/ADJ,serii/NOUN,próbnej/ADJ
rzeszowskiego/ADJ,dworca/NOUN,kolejowego/ADJ
górnych/ADJ,dróg/NOUN,oddechowych/ADJ
dziecięcych/ADJ,rowerkach/NOUN,trójkołowych/ADJ
jedyny/ADJ,pożółkły/ADJ,listek/NOUN
nowe/ADJ,układy/NOUN,zbiorowe/ADJ
licznych/ADJ,scenariuszy/NOUN,filmowych/ADJ
pełnych/ADJ,praw/NOUN,akademickich/ADJ
polskiego/ADJ,życia/NOUN,religijnego/ADJ
byłych/ADJ,republik/NOUN,radzieckich/ADJ
wielki/ADJ,sukces/NOUN,polityczny/ADJ
najstarszych/ADJ,europejskich/ADJ,uniwersytetów/NOUN
złej/ADJ,sytuacji/NOUN,finansowej/ADJ
antycznej/ADJ,tragedii/NOUN,greckiej/ADJ
nieprostej/ADJ,polskiej/ADJ,historii/NOUN
profesjonalny/ADJ,sprzęt/NOUN,pożarniczy/ADJ
pomarańczową/ADJ,motorówką/NOUN,pontonową/ADJ
wybitnych/ADJ,myślicieli/NOUN,politycznych/ADJ
najważniejszym/ADJ,ludzkim/ADJ,przywilejem/NOUN
wielkich/ADJ,smutnych/ADJ,oczach/NOUN
małą/ADJ,sesję/NOUN,treningową/ADJ
Mały/ADJ,kudłaty/ADJ,pies/NOUN
ostrą/ADJ,ocenę/NOUN,wiekową/ADJ
światowego/ADJ,konfliktu/NOUN,zbrojnego/ADJ
pełną/ADJ,185-osobową/ADJ,obsadą/NOUN
byłego/ADJ,województwa/NOUN,słupskiego/ADJ
rockowego/ADJ,zespołu/NOUN,muzycznego/ADJ
młodego/ADJ,przystojnego/ADJ,barana/NOUN
wysokiej/ADJ,skalnej/ADJ,ścianie/NOUN
byłym/ADJ,polskim/ADJ,mistrzom/NOUN
wspaniały/ADJ,płaszcz/NOUN,królewski/ADJ
chorą/ADJ,ciekawość/NOUN,seksualną/ADJ
szybkich/ADJ,obłoków/NOUN,gazowych/ADJ
piętnasta/ADJ,wyprawa/NOUN,badawcza/ADJ
ostatnim/ADJ,zjeździe/NOUN,ziemiańskim/ADJ
kamienną/ADJ,wieżą/NOUN,widokową/ADJ
czarnym/ADJ,sportowym/ADJ,stroju/NOUN
dalszych/ADJ,specjalistycznych/ADJ,studiów/NOUN
Duży/ADJ,jasny/ADJ,pies/NOUN
zbiorowej/ADJ,narciarskiej/ADJ,wycieczki/NOUN
niedzielne/ADJ,msze/NOUN,święte/ADJ
znanej/ADJ,brazylijskiej/ADJ,grupy/NOUN
zakrytych/ADJ,stanowisk/NOUN,ogniowych/ADJ
kolorowych/ADJ,spodenkach/NOUN,kąpielowych/ADJ
podniebnej/ADJ,kawowej/ADJ,ceremonii/NOUN
państwowych/ADJ,instytucjach/NOUN,filmowych/ADJ
zwartego/ADJ,organizmu/NOUN,politycznego/ADJ
lokalnych/ADJ,tradycji/NOUN,kościelnych/ADJ
polski/ADJ,program/NOUN,radiowy/ADJ
europejskie/ADJ,normy/NOUN,ekologiczne/ADJ
najlepszą/ADJ,książkę/NOUN,popularnonaukową/ADJ
nieskomplikowanych/ADJ,życiowych/ADJ,zaleceń/NOUN
Największy/ADJ,zespół/NOUN,rockowy/ADJ
kolejne/ADJ,alarmujące/ADJ,wezwanie/NOUN
jeden/ADJ,obiekt/NOUN,inwentarzowy/ADJ
kolejne/ADJ,Światowe/ADJ,Dni/NOUN
mały/ADJ,belgijski/ADJ,silnik/NOUN
poznański/ADJ,przedsiębiorca/NOUN,budowlany/ADJ
wieloletniej/ADJ,służby/NOUN,wojskowej/ADJ
dużym/ADJ,samochodzie/NOUN,terenowym/ADJ
przemienny/ADJ,prąd/NOUN,elektryczny/ADJ
całe/ADJ,stare/ADJ,miasto/NOUN
szybkie/ADJ,przemiany/NOUN,biochemiczne/ADJ
dobrej/ADJ,stacji/NOUN,muzycznej/ADJ
dalszym/ADJ,zawodowym/ADJ,życiu/NOUN
indywidualne/ADJ,konto/NOUN,emerytalne/ADJ
specjalnym/ADJ,środkiem/NOUN,chemicznym/ADJ
wyższych/ADJ,wartości/NOUN,odżywczych/ADJ
lepszych/ADJ,właściwości/NOUN,organoleptycznych/ADJ
skalnej/ADJ,skorupy/NOUN,ziemskiej/ADJ
nieistotnymi/ADJ,sporami/NOUN,politycznymi/ADJ
niepolarnych/ADJ,rozpuszczalników/NOUN,organicznych/ADJ
aktualny/ADJ,brązowy/ADJ,medalista/NOUN
wojskowe/ADJ,wozy/NOUN,konne/ADJ
Duży/ADJ,drapieżny/ADJ,ptak/NOUN
polskiej/ADJ,mniejszości/NOUN,narodowej/ADJ
równoczesnego/ADJ,maksymalnego/ADJ,popierania/NOUN
IV/ADJ,Światowych/ADJ,Dni/NOUN
byłym/ADJ,radzieckim/ADJ,szpitalu/NOUN
szkolnego/ADJ,dziennika/NOUN,elektronicznego/ADJ
nowy/ADJ,system/NOUN,informatyczny/ADJ
Tradycyjna/ADJ,medycyna/NOUN,chińska/ADJ
nowej/ADJ,życiowej/ADJ,filozofii/NOUN
międzynarodowych/ADJ,centralach/NOUN,związkowych/ADJ
świetną/ADJ,przyszłość/NOUN,naukową/ADJ
najwyższych/ADJ,władz/NOUN,państwowych/ADJ
specjalnych/ADJ,drożdży/NOUN,winiarskich/ADJ
sowieckich/ADJ,władz/NOUN,okupacyjnych/ADJ
międzynarodowej/ADJ,działalności/NOUN,związkowej/ADJ
białymi/ADJ,przednimi/ADJ,łapami/NOUN
niedawnej/ADJ,kosmicznej/ADJ,kolizji/NOUN
dogodną/ADJ,poduszkę/NOUN,płynnościową/ADJ
tamtejszych/ADJ,bananowych/ADJ,republikach/NOUN
wielki/ADJ,turniej/NOUN,rycerski/ADJ
dużym/ADJ,sprzęcie/NOUN,elektronicznym/ADJ
rządowy/ADJ,system/NOUN,ochronny/ADJ
bocheńskie/ADJ,Pogotowie/NOUN,Ratunkowe/ADJ
małym/ADJ,uśmiechniętym/ADJ,chłopcem/NOUN
radykalnego/ADJ,industrial/ADJ,metalu/NOUN
uzupełniających/ADJ,studiów/NOUN,podyplomowych/ADJ
owego/ADJ,faktycznego/ADJ,zwycięstwa/NOUN
grubych/ADJ,rogowych/ADJ,oprawkach/NOUN
innej/ADJ,młodej/ADJ,pary/NOUN
stromej/ADJ,ścianie/NOUN,skalnej/ADJ
słynne/ADJ,blond/ADJ,włosy/NOUN
nową/ADJ,stację/NOUN,benzynową/ADJ
białej/ADJ,słonecznej/ADJ,miazdze/NOUN
weselne/ADJ,wielkie/ADJ,słońce/NOUN
zwykłe/ADJ,niechlujstwo/NOUN,gatunkowe/ADJ
regularnych/ADJ,rejsów/NOUN,lotniczych/ADJ
wyższe/ADJ,stopnie/NOUN,zawodowe/ADJ
wielka/ADJ,pasja/NOUN,społecznikowska/ADJ
stałą/ADJ,wakacyjną/ADJ,rozrywką/NOUN
światowej/ADJ,opinii/NOUN,publicznej/ADJ
czarnym/ADJ,kostiumie/NOUN,kąpielowym/ADJ
fajne/ADJ,buty/NOUN,górskie/ADJ
poważniejszych/ADJ,działaniach/NOUN,obronnych/ADJ
pierwszej/ADJ,ligi/NOUN,intelektualnej/ADJ
Talibańska/ADJ,policja/NOUN,religijna/ADJ
byłego/ADJ,I/ADJ,prezesa/NOUN
świeży/ADJ,pachnący/ADJ,miód/NOUN
amerykańskiej/ADJ,nagrody/NOUN,dziennikarskiej/ADJ
najwyższe/ADJ,organy/NOUN,państwowe/ADJ
dużą/ADJ,bańkę/NOUN,mydlaną/ADJ
ciężkie/ADJ,ładowne/ADJ,wozy/NOUN
jakościowej/ADJ,skali/NOUN,bonitacyjnej/ADJ
słodki/ADJ,czerwony/ADJ,sok/NOUN
krótkie/ADJ,programy/NOUN,artystyczne/ADJ
plażową/ADJ,piłkę/NOUN,siatkową/ADJ
najsłynniejszej/ADJ,miejscowej/ADJ,familii/NOUN
małopolskich/ADJ,sądów/NOUN,24-godzinnych/ADJ
sejmowej/ADJ,Komisji/NOUN,Śledczej/ADJ
małymi/ADJ,mebelkami/NOUN,ogrodowymi/ADJ
dodatkowy/ADJ,letni/ADJ,pokój/NOUN
polskich/ADJ,firm/NOUN,transportowych/ADJ
Grodzkiej/ADJ,Spółdzielni/NOUN,Mieszkaniowej/ADJ
obecnych/ADJ,warunkach/NOUN,pogodowych/ADJ
właściwych/ADJ,efektów/NOUN,ekonomicznych/ADJ
odmiennych/ADJ,struktur/NOUN,organizacyjnych/ADJ
trwałym/ADJ,systemie/NOUN,emerytalnym/ADJ
jednego/ADJ,wspólnego/ADJ,domu/NOUN
odpowiedni/ADJ,świecki/ADJ,ustrój/NOUN
czyściutką/ADJ,białą/ADJ,pościelą/NOUN
niezbędnych/ADJ,zasobów/NOUN,finansowych/ADJ
wieloletnich/ADJ,programów/NOUN,indykatywnych/ADJ
małe/ADJ,gospodarstwa/NOUN,rolne/ADJ
żywe/ADJ,atenuowane/ADJ,wirusy/NOUN
drastyczne/ADJ,szczyty/NOUN,cenowe/ADJ
odpowiednich/ADJ,inteligentnych/ADJ,urządzeń/NOUN
różnych/ADJ,rynków/NOUN,krajowych/ADJ
odpowiednie/ADJ,dodatki/NOUN,wyrównawcze/ADJ
nowy/ADJ,ser/NOUN,szwajcarski/ADJ
całej/ADJ,społeczności/NOUN,europejskiej/ADJ
niezależną/ADJ,osobę/NOUN,trzecią/ADJ
trzeci/ADJ,pakiet/NOUN,energetyczny/ADJ
stare/ADJ,państwa/NOUN,członkowskie/ADJ
nowych/ADJ,europejskich/ADJ,ram/NOUN
żeńskich/ADJ,narządów/NOUN,płciowych/ADJ
odrębne/ADJ,wymogi/NOUN,wewnętrzne/ADJ
najlepszymi/ADJ,praktykami/NOUN,rybackimi/ADJ
dużych/ADJ,białych/ADJ,okularach/NOUN
komputerowego/ADJ,systemu/NOUN,tranzytowego/ADJ
przydatny/ADJ,etap/NOUN,pośredni/ADJ
zwykłej/ADJ,procedury/NOUN,legislacyjnej/ADJ
większych/ADJ,kompetencji/NOUN,europejskich/ADJ
białym/ADJ,sportowym/ADJ,stroju/NOUN
inną/ADJ,zabawną/ADJ,historię/NOUN
podstawowe/ADJ,parametry/NOUN,konstrukcyjne/ADJ
homeopatycznego/ADJ,produktu/NOUN,leczniczego/ADJ
Europejską/ADJ,Wspólnotę/NOUN,Gospodarczą/ADJ
przyszłych/ADJ,potrzeb/NOUN,niskoemisyjnych/ADJ
innymi/ADJ,przedsiębiorstwami/NOUN,finansowymi/ADJ
europejskiej/ADJ,agendy/NOUN,cyfrowej/ADJ
praktyczne/ADJ,środki/NOUN,operacyjne/ADJ
nieuniknionych/ADJ,zmian/NOUN,klimatycznych/ADJ
innych/ADJ,spraw/NOUN,finansowych/ADJ
określonej/ADJ,usłudze/NOUN,finansowej/ADJ
lotnych/ADJ,zasad/NOUN,azotowych/ADJ
należnych/ADJ,instrumentów/NOUN,finansowych/ADJ
małych/ADJ,władz/NOUN,lokalnych/ADJ
Obecne/ADJ,ramy/NOUN,prawne/ADJ
Duży/ADJ,szary/ADJ,ptak/NOUN
dłużnych/ADJ,papierów/NOUN,wartościowych/ADJ
Techniczna/ADJ,Grupa/NOUN,Robocza/ADJ
ciężką/ADJ,metalową/ADJ,klamkę/NOUN
solidnej/ADJ,podstawy/NOUN,badawczej/ADJ
odpowiedni/ADJ,bodziec/NOUN,popytowy/ADJ
europejskiej/ADJ,karty/NOUN,zawodowej/ADJ
społecznej/ADJ,gospodarki/NOUN,rynkowej/ADJ
Bliższa/ADJ,współpraca/NOUN,handlowa/ADJ
należyte/ADJ,środki/NOUN,unijne/ADJ
międzynarodowy/ADJ,kryzys/NOUN,finansowy/ADJ
świeżego/ADJ,mięsa/NOUN,wieprzowego/ADJ
istotnego/ADJ,ujemnego/ADJ,wpływu/NOUN
konkurencyjnych/ADJ,alternatywnych/ADJ,dróg/NOUN
fosfataza/NOUN,alkaliczna/ADJ,swoista/ADJ
społeczną/ADJ,gospodarką/NOUN,rynkową/ADJ
efektywnej/ADJ,stopy/NOUN,procentowej/ADJ
następujących/ADJ,autostrad/NOUN,morskich/ADJ
zrównoważony/ADJ,wzrost/NOUN,gospodarczy/ADJ
minimalnych/ADJ,cen/NOUN,wywozowych/ADJ
Wspólnotowe/ADJ,ramy/NOUN,prawne/ADJ
całkowitego/ADJ,wspólnotowego/ADJ,zapotrzebowania/NOUN
jedną/ADJ,konkretną/ADJ,uwagę/NOUN
nowa/ADJ,gałązka/NOUN,oliwna/ADJ
jednym/ADJ,wielkim/ADJ,miastem/NOUN
szóstego/ADJ,programu/NOUN,ramowego/ADJ
gigantyczne/ADJ,świetlne/ADJ,kukiełki/NOUN
INNYM/ADJ,PAŃSTWIE/NOUN,CZŁONKOWSKIM/ADJ
społeczną/ADJ,gospodarkę/NOUN,rynkową/ADJ
interoperacyjnego/ADJ,transportu/NOUN,transgranicznego/ADJ
nieznanych/ADJ,wyraźnych/ADJ,zagrożeniach/NOUN
przejrzystych/ADJ,mechanizmów/NOUN,rynkowych/ADJ
ekspresowych/ADJ,usług/NOUN,pocztowych/ADJ
inne/ADJ,powstałe/ADJ,zmiany/NOUN
specjalne/ADJ,rachunki/NOUN,techniczne/ADJ
jednolitego/ADJ,europejskiego/ADJ,rynku/NOUN
najwyższych/ADJ,poziomów/NOUN,technologicznych/ADJ
nadmiernego/ADJ,obciążenia/NOUN,administracyjnego/ADJ
potencjalnych/ADJ,maksymalnych/ADJ,korzyści/NOUN
nowych/ADJ,pojazdów/NOUN,silnikowych/ADJ
Europejskie/ADJ,społeczeństwo/NOUN,informacyjne/ADJ
europejska/ADJ,wspólna/ADJ,waluta/NOUN
nowe/ADJ,instrumenty/NOUN,prawne/ADJ
różowym/ADJ,stroju/NOUN,kąpielowym/ADJ
tymczasowy/ADJ,mechanizm/NOUN,międzynarodowy/ADJ
Duże/ADJ,samochody/NOUN,ciężarowe/ADJ
krętej/ADJ,drodze/NOUN,asfaltowej/ADJ
transgranicznej/ADJ,opieki/NOUN,zdrowotnej/ADJ
zwykły/ADJ,zawór/NOUN,zwrotny/ADJ
najwyższej/ADJ,podziałowej/ADJ,linii/NOUN
Inna/ADJ,ważna/ADJ,kwestia/NOUN
ewentualnych/ADJ,odmiennych/ADJ,rozwiązań/NOUN
wspólnotowego/ADJ,oznakowania/NOUN,ekologicznego/ADJ
Inne/ADJ,słabe/ADJ,punkty/NOUN
następującym/ADJ,pytaniem/NOUN,prejudycjalnym/ADJ
innej/ADJ,istotnej/ADJ,informacji/NOUN
dwudziestodniowy/ADJ,kryzys/NOUN,energetyczny/ADJ
niesprawiedliwej/ADJ,konkurencji/NOUN,podatkowej/ADJ
niskich/ADJ,stawek/NOUN,podatkowych/ADJ
odpowiednich/ADJ,liniach/NOUN,komórkowych/ADJ
hiszpańskich/ADJ,władz/NOUN,administracyjnych/ADJ
Duży/ADJ,biały/ADJ,ptak/NOUN
ogólnym/ADJ,interesie/NOUN,gospodarczym/ADJ
fińska/ADJ,spółka/NOUN,akcyjna/ADJ
średniookresowego/ADJ,wsparcia/NOUN,finansowego/ADJ
niebieskim/ADJ,stroju/NOUN,sportowym/ADJ
kolejne/ADJ,katastrofy/NOUN,środowiskowe/ADJ
odpowiednich/ADJ,wersji/NOUN,językowych/ADJ
obecnych/ADJ,trudnych/ADJ,warunkach/NOUN
istotnych/ADJ,czynników/NOUN,zewnętrznych/ADJ
ospały/ADJ,popyt/NOUN,krajowy/ADJ
światowych/ADJ,rynkach/NOUN,finansowych/ADJ
nowych/ADJ,wspólnych/ADJ,celów/NOUN
ręcznej/ADJ,broni/NOUN,strzeleckiej/ADJ
szczególne/ADJ,wymogi/NOUN,techniczne/ADJ
europejskiej/ADJ,zależności/NOUN,energetycznej/ADJ
Europejskiej/ADJ,Sieci/NOUN,Sądowej/ADJ
Rzeczywiste/ADJ,prawa/NOUN,obywatelskie/ADJ
flamandzkiego/ADJ,ubezpieczenia/NOUN,opiekuńczego/ADJ
nową/ADJ,kwestię/NOUN,prawną/ADJ
włoskiego/ADJ,systemu/NOUN,sądowniczego/ADJ
tajemniczej/ADJ,ciemnej/ADJ,energii/NOUN
14/ADJ,posiedzenia/NOUN,międzyparlamentarnego/ADJ
Szczególne/ADJ,położenie/NOUN,geograficzne/ADJ
realnymi/ADJ,działaniami/NOUN,politycznymi/ADJ
powszechnych/ADJ,preferencji/NOUN,celnych/ADJ
powszechnego/ADJ,interesu/NOUN,gospodarczego/ADJ
inne/ADJ,dostawy/NOUN,transportowe/ADJ
danego/ADJ,Państwa/NOUN,Członkowskiego/ADJ
Ogólne/ADJ,koszty/NOUN,administracyjne/ADJ
szóstego/ADJ,programu/NOUN,ramowego/ADJ
budżetowego/ADJ,środka/NOUN,stymulacyjnego/ADJ
Stały/ADJ,Komitet/NOUN,Weterynaryjny/ADJ
ważne/ADJ,parametry/NOUN,metrologiczne/ADJ
następujących/ADJ,poszczególnych/ADJ,podziałów/NOUN
międzynarodowa/ADJ,pozycja/NOUN,inwestycyjna/ADJ
jednego/ADJ,wielkiego/ADJ,środowiska/NOUN
kwartalnego/ADJ,bilansu/NOUN,płatniczego/ADJ
Istotne/ADJ,mutacje/NOUN,genetyczne/ADJ
Krajowe/ADJ,cele/NOUN,ogólne/ADJ
gotowych/ADJ,produktów/NOUN,kosmetycznych/ADJ
właściwego/ADJ,komitetu/NOUN,etycznego/ADJ
europejskiego/ADJ,funduszu/NOUN,inwestycyjnego/ADJ
dużego/ADJ,producenta/NOUN,wspólnotowego/ADJ
pozostałe/ADJ,przepisy/NOUN,wykonawcze/ADJ
wspólną/ADJ,politykę/NOUN,rolną/ADJ
nieśmiertelną/ADJ,ostateczną/ADJ,prawdę/NOUN
okresowy/ADJ,cel/NOUN,orientacyjny/ADJ
inne/ADJ,odpady/NOUN,wiertnicze/ADJ
jedno/ADJ,przedsiębiorstwo/NOUN,rosyjskie/ADJ
jedno/ADJ,przedsiębiorstwo/NOUN,chińskie/ADJ
samym/ADJ,systemem/NOUN,kontrolnym/ADJ
nieprawidłowych/ADJ,parametrów/NOUN,laboratoryjnych/ADJ
krajowe/ADJ,organy/NOUN,regulacyjne/ADJ
Główne/ADJ,operacje/NOUN,refinansowe/ADJ
średniookresowe/ADJ,operacje/NOUN,refinansowe/ADJ
nowych/ADJ,Państwach/NOUN,Członkowskich/ADJ
dużej/ADJ,politycznej/ADJ,niestabilności/NOUN
własnej/ADJ,skrzywionej/ADJ,wargi/NOUN
bierne/ADJ,narzędzia/NOUN,połowowe/ADJ
wspólną/ADJ,politykę/NOUN,rolną/ADJ
europejskich/ADJ,utworów/NOUN,filmowych/ADJ
międzynarodową/ADJ,ścieżkę/NOUN,dźwiękową/ADJ
europejskiego/ADJ,rynku/NOUN,energetycznego/ADJ
średnia/ADJ,cena/NOUN,importowa/ADJ
europejskiego/ADJ,parku/NOUN,samochodowego/ADJ
całej/ADJ,potrzebnej/ADJ,odwagi/NOUN
właściwą/ADJ,jednostkę/NOUN,organizacyjną/ADJ
małej/ADJ,złej/ADJ,lodówki/NOUN
wspólnotowy/ADJ,znak/NOUN,towarowy/ADJ
możliwych/ADJ,działań/NOUN,drażniących/ADJ
niebezpiecznych/ADJ,substancji/NOUN,chemicznych/ADJ
różnych/ADJ,belgijskich/ADJ,klubach/NOUN
Siódmy/ADJ,program/NOUN,ramowy/ADJ
podstawowych/ADJ,produktów/NOUN,skrobiowych/ADJ
europejskimi/ADJ,rynkami/NOUN,finansowymi/ADJ
wspólną/ADJ,politykę/NOUN,zagraniczną/ADJ
wielkiego/ADJ,spiżowego/ADJ,trójnogu/NOUN
Jedyna/ADJ,dzika/ADJ,rzecz/NOUN
jednolitej/ADJ,polityki/NOUN,komunikacyjnej/ADJ
silnego/ADJ,podejścia/NOUN,europejskiego/ADJ
własnych/ADJ,artystycznych/ADJ,tradycjach/NOUN
walizkowej/ADJ,bomby/NOUN,atomowej/ADJ
własną/ADJ,obsługę/NOUN,naziemną/ADJ
nowej/ADJ,cząsteczki/NOUN,chemicznej/ADJ
ważnym/ADJ,ośrodkiem/NOUN,muzycznym/ADJ
następujących/ADJ,ograniczeń/NOUN,ilościowych/ADJ
prawdziwą/ADJ,wielonarodową/ADJ,misję/NOUN
krajowymi/ADJ,zdolnościami/NOUN,regulacyjnymi/ADJ
niezwykłą/ADJ,strukturą/NOUN,gramatyczną/ADJ
ograniczonych/ADJ,możliwościach/NOUN,ruchowych/ADJ
krajowe/ADJ,banki/NOUN,centralne/ADJ
głównego/ADJ,nurtu/NOUN,politycznego/ADJ
inne/ADJ,grupy/NOUN,polityczne/ADJ
drugim/ADJ,budynku/NOUN,hotelowym/ADJ
Całkowity/ADJ,roczny/ADJ,obrót/NOUN
corocznego/ADJ,płatnego/ADJ,urlopu/NOUN
najlepszy/ADJ,możliwy/ADJ,sposób/NOUN
funkcjonalną/ADJ,warstwę/NOUN,rogową/ADJ
ogólną/ADJ,doświadczalną/ADJ,drogę/NOUN
międzynarodowego/ADJ,ruchu/NOUN,pasażerskiego/ADJ
całą/ADJ,ciężką/ADJ,pracę/NOUN
wspólną/ADJ,politykę/NOUN,imigracyjną/ADJ
Wspólna/ADJ,Taryfa/NOUN,Celna/ADJ
obowiązującymi/ADJ,normami/NOUN,demokratycznymi/ADJ
żywa/ADJ,spuścizna/NOUN,językowa/ADJ
maślane/ADJ,ciasto/NOUN,orzechowe/ADJ
niezbędne/ADJ,wyjaśnienia/NOUN,proceduralne/ADJ
bezprecedensową/ADJ,klęskę/NOUN,ekologiczną/ADJ
znaczący/ADJ,negatywny/ADJ,wpływ/NOUN
europejskiej/ADJ,rady/NOUN,zakładowej/ADJ
ogólne/ADJ,uregulowania/NOUN,prawne/ADJ
gier/NOUN,wideo/ADJ,off-line/ADJ
pierwszego/ADJ,trzyletniego/ADJ,okresu/NOUN
poszczególnych/ADJ,obszarach/NOUN,geograficznych/ADJ
odpowiednimi/ADJ,zasobami/NOUN,gospodarczymi/ADJ
Chińskie/ADJ,ceny/NOUN,krajowe/ADJ
MAłEGO/ADJ,RUCHU/NOUN,GRANICZNEGO/ADJ
obraźliwe/ADJ,żydowskie/ADJ,stereotypy/NOUN
poszczególnych/ADJ,aspektów/NOUN,gospodarczych/ADJ
wspólnych/ADJ,specyfikacji/NOUN,technicznych/ADJ
różnych/ADJ,zainteresowanych/ADJ,stron/NOUN
międzynarodowe/ADJ,firmy/NOUN,ratingowe/ADJ
wyższego/ADJ,urzędnika/NOUN,państwowego/ADJ
odpowiednich/ADJ,wersji/NOUN,językowych/ADJ
nowe/ADJ,inicjatywy/NOUN,regulacyjne/ADJ
tymczasową/ADJ,składkę/NOUN,restrukturyzacyjną/ADJ
siódmym/ADJ,programie/NOUN,ramowym/ADJ
dane/ADJ,państwo/NOUN,członkowskie/ADJ
Międzynarodowa/ADJ,Umowa/NOUN,Kawowa/ADJ
naturalnych/ADJ,wód/NOUN,mineralnych/ADJ
nowe/ADJ,możliwości/NOUN,handlowe/ADJ
nowego/ADJ,organu/NOUN,parlamentarnego/ADJ
europejskiej/ADJ,inicjatywy/NOUN,obywatelskiej/ADJ
innej/ADJ,ważnej/ADJ,kwestii/NOUN
Tymczasowa/ADJ,umowa/NOUN,międzynarodowa/ADJ
atomowej/ADJ,łodzi/NOUN,podwodnej/ADJ
Właściwe/ADJ,organy/NOUN,polskie/ADJ
środkowej/ADJ,płaszczyźnie/NOUN,wzdłużnej/ADJ
środkowej/ADJ,płaszczyzny/NOUN,wzdłużnej/ADJ
inni/ADJ,dowódcy/NOUN,partyzanccy/ADJ
mocnego/ADJ,argumentu/NOUN,moralnego/ADJ
dłuższej/ADJ,perspektywie/NOUN,czasowej/ADJ
dodatkowych/ADJ,kosztów/NOUN,administracyjnych/ADJ
laserową/ADJ,strukturą/NOUN,plamkową/ADJ
wspólnego/ADJ,organu/NOUN,nadzorczego/ADJ
nowy/ADJ,polityczny/ADJ,model/NOUN
polonijnych/ADJ,organizacji/NOUN,społecznych/ADJ
śródlądowych/ADJ,dróg/NOUN,wodnych/ADJ
reprezentatywnym/ADJ,kursie/NOUN,przeliczeniowym/ADJ
oczekiwane/ADJ,korzyści/NOUN,środowiskowe/ADJ
jednolitego/ADJ,europejskiego/ADJ,rynku/NOUN
krajowymi/ADJ,bankami/NOUN,centralnymi/ADJ
natychmiastowej/ADJ,pomocy/NOUN,lekarskiej/ADJ
międzynarodowy/ADJ,kongres/NOUN,biotechnologiczny/ADJ
nowych/ADJ,państw/NOUN,członkowskich/ADJ
europejskimi/ADJ,instytutami/NOUN,technologicznymi/ADJ
chińska/ADJ,zdolność/NOUN,produkcyjna/ADJ
wspólnej/ADJ,regulacji/NOUN,technicznej/ADJ
różnych/ADJ,metod/NOUN,analitycznych/ADJ
jednolite/ADJ,ramy/NOUN,prawne/ADJ
wspólnej/ADJ,polityki/NOUN,imigracyjnej/ADJ
krótkoterminowym/ADJ,rachunku/NOUN,depozytowym/ADJ
uznanej/ADJ,instytucji/NOUN,kredytowej/ADJ
niepewnej/ADJ,sytuacji/NOUN,gospodarczej/ADJ
pęcherzykowatych/ADJ,zmian/NOUN,patologicznych/ADJ
krajowego/ADJ,systemu/NOUN,regulacyjnego/ADJ
druga/ADJ,rewolucja/NOUN,internetowa/ADJ
ogólnego/ADJ,wspólnotowego/ADJ,zakazu/NOUN
odmienne/ADJ,wymogi/NOUN,minimalne/ADJ
długie/ADJ,okresy/NOUN,przejściowe/ADJ
jednym/ADJ,rozporządzeniem/NOUN,finansowym/ADJ
danego/ADJ,państwa/NOUN,członkowskiego/ADJ
głównych/ADJ,wytycznych/NOUN,budżetowych/ADJ
danej/ADJ,stawki/NOUN,celnej/ADJ
bułgarskiej/ADJ,polityki/NOUN,rolnej/ADJ
różnych/ADJ,współczynników/NOUN,przeliczeniowych/ADJ
poszczególnych/ADJ,państwach/NOUN,członkowskich/ADJ
znaczących/ADJ,starań/NOUN,politycznych/ADJ
zieloną/ADJ,kartę/NOUN,cyfrową/ADJ
własnych/ADJ,zakładach/NOUN,hodowlanych/ADJ
prawdziwej/ADJ,europejskiej/ADJ,polityki/NOUN
poprzednim/ADJ,roku/NOUN,kalendarzowym/ADJ
Bezpłatna/ADJ,pomoc/NOUN,prawna/ADJ
krajowych/ADJ,systemów/NOUN,sprawozdawczych/ADJ
wspólnych/ADJ,stóp/NOUN,procentowych/ADJ
Główne/ADJ,dowództwo/NOUN,niemieckie/ADJ
pierwszego/ADJ,dużego/ADJ,bolenia/NOUN
bezpłatnych/ADJ,występów/NOUN,artystycznych/ADJ
tamtejszych/ADJ,środowisk/NOUN,żydowskich/ADJ
barwne/ADJ,szklane/ADJ,witraże/NOUN
dalekiej/ADJ,mroźnej/ADJ,północy/NOUN
niewielkim/ADJ,czterokołowym/ADJ,wózku/NOUN
pierwsze/ADJ,wyścigi/NOUN,samochodowe/ADJ
ostatniej/ADJ,miejskiej/ADJ,sesji/NOUN
Nakielska/ADJ,straż/NOUN,miejska/ADJ
nową/ADJ,nawierzchnię/NOUN,asfaltową/ADJ
tegorocznym/ADJ,VIII/ADJ,turnieju/NOUN
izraelska/ADJ,akcja/NOUN,zbrojna/ADJ
Normalny/ADJ,bilet/NOUN,sieciowy/ADJ
sporą/ADJ,wartość/NOUN,historyczną/ADJ
zieloną/ADJ,deską/NOUN,snowboardową/ADJ
wyższy/ADJ,wzrost/NOUN,gospodarczy/ADJ
koniecznych/ADJ,reform/NOUN,gospodarczych/ADJ
radziecką/ADJ,bombę/NOUN,atomową/ADJ
inne/ADJ,poważne/ADJ,problemy/NOUN
43-letni/ADJ,młodszy/ADJ,brygadier/NOUN
kolejne/ADJ,operacje/NOUN,lądowe/ADJ
żmudne/ADJ,badania/NOUN,techniczne/ADJ
zachodnich/ADJ,przejściach/NOUN,granicznych/ADJ
Kolejny/ADJ,pijany/ADJ,policjant/NOUN
Cały/ADJ,prawy/ADJ,błotnik/NOUN
kolorowej/ADJ,desce/NOUN,surfingowej/ADJ
dużych/ADJ,gumowych/ADJ,piłkach/NOUN
jedną/ADJ,dużą/ADJ,torbą/NOUN
przystojnego/ADJ,młodego/ADJ,mężczyznę/NOUN
niemieckie/ADJ,dywizje/NOUN,pancerne/ADJ
jedyne/ADJ,logiczne/ADJ,wyjaśnienie/NOUN
natarczywą/ADJ,złą/ADJ,myśl/NOUN
czerwonej/ADJ,kamizelce/NOUN,ratunkowej/ADJ
kolorowej/ADJ,desce/NOUN,snowboardowej/ADJ
intensywna/ADJ,publiczna/ADJ,debata/NOUN
ciekawy/ADJ,efekt/NOUN,dekoracyjny/ADJ
kolejnych/ADJ,zmian/NOUN,administracyjnych/ADJ
nowoczesne/ADJ,dzielnice/NOUN,mieszkaniowe/ADJ
robotnicze/ADJ,kolonie/NOUN,przyfabryczne/ADJ
kolejna/ADJ,bezsenna/ADJ,noc/NOUN
piękne/ADJ,synowskie/ADJ,uczucie/NOUN
białych/ADJ,rękawicach/NOUN,bokserskich/ADJ
kolejny/ADJ,sklep/NOUN,spożywczy/ADJ
całym/ADJ,powiecie/NOUN,kwidzyńskim/ADJ
ostatnich/ADJ,wyborach/NOUN,samorządowych/ADJ
najprawdziwsze/ADJ,świadectwo/NOUN,maturalne/ADJ
cięższej/ADJ,gramatury/NOUN,gastronomicznej/ADJ
kolorową/ADJ,rakietę/NOUN,tenisową/ADJ
Niewielki/ADJ,kolorowy/ADJ,samolot/NOUN
wielodzietnej/ADJ,rodziny/NOUN,wiejskiej/ADJ
eleganckim/ADJ,czarnym/ADJ,ubraniu/NOUN
różowym/ADJ,kostiumie/NOUN,kąpielowym/ADJ
II/ADJ,wojny/NOUN,światowej/ADJ
nową/ADJ,ustawę/NOUN,lustracyjną/ADJ
górniczą/ADJ,spółką/NOUN,mieszkaniową/ADJ
rosyjskie/ADJ,służby/NOUN,specjalne/ADJ
rutynowych/ADJ,prac/NOUN,konserwatorskich/ADJ
wielkiej/ADJ,konwencji/NOUN,ogólnopolskiej/ADJ
6,5-godzinnej/ADJ,burzliwej/ADJ,dyskusji/NOUN
oficjalnym/ADJ,języku/NOUN,publicznym/ADJ
interakcyjnych/ADJ,automatów/NOUN,bankowych/ADJ
naczelnej/ADJ,władzy/NOUN,sportowej/ADJ
wielkich/ADJ,obszarów/NOUN,wodnych/ADJ
ogólnopolskiego/ADJ,programu/NOUN,edukacyjnego/ADJ
dużą/ADJ,bańkę/NOUN,mydlaną/ADJ
aromatycznego/ADJ,jamajskiego/ADJ,rumu/NOUN
drastyczne/ADJ,programy/NOUN,oszczędnościowe/ADJ
sobotnim/ADJ,III-ligowym/ADJ,meczem/NOUN
polska/ADJ,czysta/ADJ,wódka/NOUN
pozostałych/ADJ,giełdowych/ADJ,spółek/NOUN
Małych/ADJ,Form/NOUN,Graficznych/ADJ
japońskich/ADJ,papierów/NOUN,dłużnych/ADJ
silnej/ADJ,konwekcji/NOUN,termicznej/ADJ
krótkiej/ADJ,czerwonej/ADJ,bluzce/NOUN
ewentualne/ADJ,ruchy/NOUN,sejsmiczne/ADJ
innych/ADJ,potrzeb/NOUN,gospodarczych/ADJ
jednym/ADJ,stanowisku/NOUN,komputerowym/ADJ
renesansowe/ADJ,płyty/NOUN,nagrobne/ADJ
własną/ADJ,odrębność/NOUN,kulturową/ADJ
francuskiej/ADJ,misji/NOUN,wojskowej/ADJ
Chudy/ADJ,ciemnoskóry/ADJ,chłopiec/NOUN
amerykańska/ADJ,sieć/NOUN,telewizyjna/ADJ
nowe/ADJ,cele/NOUN,życiowe/ADJ
silnym/ADJ,syntetycznym/ADJ,narkotykiem/NOUN
gorących/ADJ,ostatnich/ADJ,dni/NOUN
wielkich/ADJ,zakładów/NOUN,przemysłowych/ADJ
specyficzne/ADJ,białkowe/ADJ,płytki/NOUN
surowe/ADJ,ryby/NOUN,japońskie/ADJ
znakomita/ADJ,Orkiestra/NOUN,Kameralna/ADJ
najbliższej/ADJ,suchej/ADJ,kopy/NOUN
przezorny/ADJ,władca/NOUN,polski/ADJ
ubiegłoroczne/ADJ,sześciogodzinne/ADJ,spotkanie/NOUN
zachodnich/ADJ,kołach/NOUN,finansowych/ADJ
żółty/ADJ,pistolet/NOUN,wodny/ADJ
pierwsze/ADJ,próby/NOUN,literackie/ADJ
wysokiego/ADJ,poziomu/NOUN,ideowego/ADJ
tradycyjna/ADJ,medycyna/NOUN,koreańska/ADJ
jedyną/ADJ,kolorową/ADJ,rzeczą/NOUN
stare/ADJ,chaty/NOUN,góralskie/ADJ
przeciętnego/ADJ,miesięcznego/ADJ,wynagrodzenia/NOUN
lekkich/ADJ,samolotów/NOUN,transportowych/ADJ
samodzielne/ADJ,danie/NOUN,warzywne/ADJ
cywilnych/ADJ,etatów/NOUN,rządowych/ADJ
przeciętna/ADJ,czteroosobowa/ADJ,rodzina/NOUN
wewnętrzne/ADJ,sprawy/NOUN,polskie/ADJ
przenośną/ADJ,kulę/NOUN,ziemską/ADJ
pierwsze/ADJ,fizjologiczne/ADJ,znaki/NOUN
kolorowym/ADJ,niemieckim/ADJ,czasopiśmie/NOUN
tańsze/ADJ,artykuły/NOUN,spożywcze/ADJ
pracowniczych/ADJ,ogrodach/NOUN,działkowych/ADJ
białych/ADJ,rękawicach/NOUN,bokserskich/ADJ
rzymskiego/ADJ,prawa/NOUN,prywatnego/ADJ
wielonarodowym/ADJ,cesarstwie/NOUN,austriackim/ADJ
świadome/ADJ,polskie/ADJ,obywatelki/NOUN
lepsze/ADJ,rezultaty/NOUN,wyborcze/ADJ
profesjonalnego/ADJ,sprzętu/NOUN,medycznego/ADJ
późnych/ADJ,godzin/NOUN,nocnych/ADJ
niezachwianych/ADJ,zasadach/NOUN,etycznych/ADJ
Jedyna/ADJ,wartość/NOUN,obiektywna/ADJ
różnych/ADJ,zjawisk/NOUN,ekstremalnych/ADJ
skąpym/ADJ,sportowym/ADJ,stroju/NOUN
największe/ADJ,centrale/NOUN,związkowe/ADJ
byłego/ADJ,kolegi/NOUN,klubowego/ADJ
łącznej/ADJ,powierzchni/NOUN,użytkowej/ADJ
II/ADJ,wojny/NOUN,światowej/ADJ
kolejny/ADJ,poważny/ADJ,krok/NOUN
pełną/ADJ,sprawnością/NOUN,fizyczną/ADJ
wspaniałym/ADJ,jesiennym/ADJ,przebarwieniu/NOUN
lokalnej/ADJ,prasy/NOUN,partyjnej/ADJ
codzienną/ADJ,walkę/NOUN,polityczną/ADJ
pierwszy/ADJ,ważny/ADJ,tekst/NOUN
dorośli/ADJ,obywatele/NOUN,polscy/ADJ
ważne/ADJ,osobiste/ADJ,dokumenty/NOUN
gdyńskiej/ADJ,komendy/NOUN,miejskiej/ADJ
tradycyjnego/ADJ,indyjskiego/ADJ,tańca/NOUN
surowych/ADJ,roślinnych/ADJ,potraw/NOUN
średniego/ADJ,szkolnictwa/NOUN,muzycznego/ADJ
nowe/ADJ,działania/NOUN,wojenne/ADJ
dłuższym/ADJ,stażu/NOUN,abstynenckim/ADJ
ważniejszych/ADJ,partnerów/NOUN,handlowych/ADJ
stałą/ADJ,gotowość/NOUN,techniczną/ADJ
nieocenioną/ADJ,tubą/NOUN,propagandową/ADJ
wirtualny/ADJ,autorytet/NOUN,medialny/ADJ
warszawskiego/ADJ,sądu/NOUN,rejonowego/ADJ
wysokie/ADJ,wieżowce/NOUN,miejskie/ADJ
krótkie/ADJ,falbankowe/ADJ,spódniczki/NOUN
przyszłej/ADJ,wspaniałej/ADJ,macochy/NOUN
nowoczesnego/ADJ,niskopodłogowego/ADJ,autobusu/NOUN
polskich/ADJ,zakładów/NOUN,pogrzebowych/ADJ
innych/ADJ,krajów/NOUN,arabskich/ADJ
rzekoma/ADJ,była/ADJ,przyjaciółka/NOUN
starym/ADJ,mongolskim/ADJ,przysłowiem/NOUN
całe/ADJ,województwo/NOUN,wielkopolskie/ADJ
kubańskich/ADJ,wód/NOUN,terytorialnych/ADJ
szybkie/ADJ,łodzie/NOUN,motorowe/ADJ
Ważnym/ADJ,elementem/NOUN,samowychowującym/ADJ
duże/ADJ,firmy/NOUN,transportowe/ADJ
Trzymiesięczne/ADJ,owczarki/NOUN,niemieckie/ADJ
przejrzystą/ADJ,klasyfikację/NOUN,morfologiczną/ADJ
polscy/ADJ,kierowcy/NOUN,zawodowi/ADJ
wspólny/ADJ,obszar/NOUN,gospodarczy/ADJ
pierwsza/ADJ,osada/NOUN,kultowa/ADJ
afgańskiego/ADJ,komunistycznego/ADJ,rządu/NOUN
polskiej/ADJ,literaturze/NOUN,rewolucyjnej/ADJ
białej/ADJ,podłużnej/ADJ,łódce/NOUN
polędwica/NOUN,wołowa/ADJ,wiejska/ADJ
malowniczym/ADJ,góralskim/ADJ,stroju/NOUN
granatową/ADJ,kraciastą/ADJ,spódnicę/NOUN
CAŁEGO/ADJ,DWUDZIESTOLECIA/NOUN,MIĘDZYWOJENNEGO/ADJ
POLSKIE/ADJ,RYBOŁÓWSTW0/NOUN,MORSKIE/ADJ
warszawskiej/ADJ,ulicy/NOUN,Podleśnej/ADJ
małego/ADJ,zachodnioeuropejskiego/ADJ,półwyspu/NOUN
jednego/ADJ,nieodpowiedzialnego/ADJ,człowieka/NOUN
inny/ADJ,bliski/ADJ,współpracownik/NOUN
ostatnią/ADJ,obrzędową/ADJ,pieśnią/NOUN
rozległym/ADJ,trawiastym/ADJ,terenie/NOUN
propagandowych/ADJ,pustych/ADJ,kroków/NOUN
Duży/ADJ,ośrodek/NOUN,przemysłowy/ADJ
Śląskie/ADJ,Zakłady/NOUN,Papiernicze/ADJ
Jedyna/ADJ,miła/ADJ,chwila/NOUN
inne/ADJ,drzewa/NOUN,liściaste/ADJ
wschodnioeuropejskiego/ADJ,przemysłu/NOUN,stalowego/ADJ
cudowną/ADJ,pieśń/NOUN,miłośną/ADJ
zabytkowy/ADJ,pałacyk/NOUN,myśliwski/ADJ
mały/ADJ,drobny/ADJ,Król/NOUN
Interesujący/ADJ,problem/NOUN,prawny/ADJ
długofalowego/ADJ,programu/NOUN,gospodarczego/ADJ
polski/ADJ,potentat/NOUN,telefoniczny/ADJ
rzadkie/ADJ,fragmenty/NOUN,leśne/ADJ
kamienistą/ADJ,górską/ADJ,doliną/NOUN
złym/ADJ,stanem/NOUN,fizycznym/ADJ
ważnych/ADJ,wydarzeń/NOUN,historycznych/ADJ
obecny/ADJ,stan/NOUN,prawny/ADJ
półautorytarnej/ADJ,republiki/NOUN,prezydenckiej/ADJ
chatynką/NOUN,skromną/ADJ,publiczną/ADJ
umiarkowanej/ADJ,strefy/NOUN,klimatycznej/ADJ
czołowe/ADJ,biura/NOUN,maklerskie/ADJ
nowy/ADJ,ruch/NOUN,religijny/ADJ
różnych/ADJ,krajach/NOUN,słowiańskich/ADJ
katolickich/ADJ,kręgach/NOUN,intelektualnych/ADJ
kolejnych/ADJ,efektownych/ADJ,inkarnacjach/NOUN
solowego/ADJ,rejestru/NOUN,pryncypalnego/ADJ
danym/ADJ,okręgu/NOUN,wyborczym/ADJ
ogłuszającym/ADJ,wrzaskiem/NOUN,bojowym/ADJ
szaleńcze/ADJ,przedświąteczne/ADJ,dni/NOUN
Polski/ADJ,Przemysł/NOUN,Węglowy/ADJ
popołudniowego/ADJ,pasma/NOUN,informacyjnego/ADJ
swoistym/ADJ,duchowym/ADJ,prysznicem/NOUN
pierwszą/ADJ,nieudaną/ADJ,próbę/NOUN
ewidentną/ADJ,walką/NOUN,polityczną/ADJ
szary/ADJ,Kafkowski/ADJ,urzędnik/NOUN
europejskiej/ADJ,myśli/NOUN,historycznej/ADJ
aktualnymi/ADJ,zagadnieniami/NOUN,technicznymi/ADJ
specjalną/ADJ,okazałą/ADJ,szafę/NOUN
górnych/ADJ,dróg/NOUN,oddechowych/ADJ
cały/ADJ,jeden/ADJ,pas/NOUN
charakterystyczne/ADJ,gitarowe/ADJ,riffy/NOUN
zasadniczym/ADJ,czynnikiem/NOUN,samowychowawczym/ADJ
amerykańskiego/ADJ,rynku/NOUN,reklamowego/ADJ
czarnym/ADJ,stroju/NOUN,kąpielowym/ADJ
starodawne/ADJ,święte/ADJ,źródła/NOUN
poprzednią/ADJ,ONZ-owską/ADJ,misję/NOUN
Pański/ADJ,wewnętrzny/ADJ,świat/NOUN
niewielkiej/ADJ,czerwonej/ADJ,książeczce/NOUN
przeciwstawnej/ADJ,kontestatorskiej/ADJ,ułudzie/NOUN
policja/NOUN,polityczna/ADJ,rumuńska/ADJ
Studia/NOUN,uzupełniające/ADJ,magisterskie/ADJ
pierwszymi/ADJ,przeżyciami/NOUN,intelektualnymi/ADJ
niecodziennych/ADJ,pomocy/NOUN,naukowych/ADJ
wybranych/ADJ,polskich/ADJ,banków/NOUN
krajowego/ADJ,seksu/NOUN,wirtualnego/ADJ
jednej/ADJ,rozprawy/NOUN,doktorskiej/ADJ
legendarnych/ADJ,skoczków/NOUN,spadochronowych/ADJ
Formalne/ADJ,umiejętności/NOUN,poznawcze/ADJ
najwybitniejszych/ADJ,współczesnych/ADJ,malarzy/NOUN
Duży/ADJ,terenowy/ADJ,samochód/NOUN
znakomity/ADJ,pisarz/NOUN,polityczny/ADJ
kolejny/ADJ,ważny/ADJ,koncert/NOUN
profesjonalnym/ADJ,sprzętem/NOUN,wspinaczkowym/ADJ
tradycyjną/ADJ,strukturą/NOUN,kościelną/ADJ
niewielkich/ADJ,zielonych/ADJ,słupków/NOUN
poczytny/ADJ,dziennik/NOUN,frankfurcki/ADJ
jeleniogórskiego/ADJ,przedsiębiorstwa/NOUN,farmaceutycznego/ADJ
wysokie/ADJ,wartości/NOUN,moralne/ADJ
zakaźnych/ADJ,odpadów/NOUN,weterynaryjnych/ADJ
zakaźnych/ADJ,odpadów/NOUN,medycznych/ADJ
rosyjskiej/ADJ,prywatnej/ADJ,telewizji/NOUN
cykliczna/ADJ,imprezą/NOUN,sportową/ADJ
planowej/ADJ,gospodarki/NOUN,socjalistycznej/ADJ
pierwszą/ADJ,ważną/ADJ,rolą/NOUN
pozostałych/ADJ,komitetów/NOUN,wyborczych/ADJ
Połyskujący/ADJ,niebieski/ADJ,owad/NOUN
skostniałej/ADJ,kościelnej/ADJ,instytucji/NOUN
Polska/ADJ,branża/NOUN,naftowa/ADJ
sprawna/ADJ,firma/NOUN,handlowa/ADJ
powojennej/ADJ,polityki/NOUN,europejskiej/ADJ
śląskich/ADJ,klubów/NOUN,wysokogórskich/ADJ
pięciodniowej/ADJ,sesji/NOUN,teoretycznej/ADJ
radykalne/ADJ,wydarzenie/NOUN,antropologiczne/ADJ
madziarskiej/ADJ,świadomości/NOUN,narodowej/ADJ
ulubionym/ADJ,sprzętem/NOUN,domowym/ADJ
nowe/ADJ,grupy/NOUN,pokarmowe/ADJ
Kolejne/ADJ,rewolucje/NOUN,techniczne/ADJ
serbski/ADJ,zbrodniarz/NOUN,wojenny/ADJ
Małe/ADJ,ciemnoskóre/ADJ,dziecko/NOUN
górnych/ADJ,nerwów/NOUN,szyjnych/ADJ
szczegółowe/ADJ,warunki/NOUN,weterynaryjne/ADJ
późniejszych/ADJ,stadiach/NOUN,rozwojowych/ADJ
europejskich/ADJ,partii/NOUN,chadeckich/ADJ
górnej/ADJ,prawej/ADJ,części/NOUN
francuski/ADJ,deficyt/NOUN,budżetowy/ADJ
pełen/ADJ,punkt/NOUN,procentowy/ADJ
krakowskich/ADJ,szkół/NOUN,społecznych/ADJ
skąpej/ADJ,dokumentacji/NOUN,granicznej/ADJ
różowych/ADJ,okularach/NOUN,przeciwsłonecznych/ADJ
niemiecka/ADJ,twórczość/NOUN,folkowa/ADJ
formalnym/ADJ,dozorem/NOUN,policyjnym/ADJ
Pierwsze/ADJ,trwałe/ADJ,osady/NOUN
warszawskich/ADJ,firm/NOUN,consultingowych/ADJ
ciemnemu/ADJ,syberyjskiemu/ADJ,chłopu/NOUN
2-godzinny/ADJ,strajk/NOUN,ostrzegawczy/ADJ
znanych/ADJ,dzieł/NOUN,literackich/ADJ
fundamentalnych/ADJ,wartościach/NOUN,etycznych/ADJ
ewentualnego/ADJ,własnego/ADJ,rządzenia/NOUN
rocznych/ADJ,obligacji/NOUN,państwowych/ADJ
całej/ADJ,agrarystycznej/ADJ,literatury/NOUN
poprawnej/ADJ,pisowni/NOUN,polskiej/ADJ
łódzki/ADJ,Sąd/NOUN,Rejonowy/ADJ
Podlodowcowy/ADJ,system/NOUN,hydrauliczny/ADJ
Powrotne/ADJ,przystanki/NOUN,końcowe/ADJ
złych/ADJ,warunków/NOUN,atmosferycznych/ADJ
właściwej/ADJ,komisji/NOUN,sejmowej/ADJ
warszawskiej/ADJ,prokuratury/NOUN,apelacyjnej/ADJ
sobotniego/ADJ,jubileuszowego/ADJ,koncertu/NOUN
Duży/ADJ,szary/ADJ,ptak/NOUN
rozległym/ADJ,trawiastym/ADJ,terenie/NOUN
nowy/ADJ,program/NOUN,informacyjny/ADJ
potężne/ADJ,zapory/NOUN,wodne/ADJ
nowe/ADJ,osiedla/NOUN,mieszkaniowe/ADJ
monopolistycznych/ADJ,wpływów/NOUN,religijnych/ADJ
centralny/ADJ,system/NOUN,nerwowy/ADJ
liczne/ADJ,stacje/NOUN,narciarskie/ADJ
krętej/ADJ,asfaltowej/ADJ,drodze/NOUN
indyjska/ADJ,agencja/NOUN,prasowa/ADJ
lewackiego/ADJ,ugrupowania/NOUN,terrorystycznego/ADJ
kryzysową/ADJ,sytuację/NOUN,życiową/ADJ
pierwszej/ADJ,rewolucji/NOUN,przemysłowej/ADJ
Inne/ADJ,hity/NOUN,kinowe/ADJ
suwerenne/ADJ,badania/NOUN,naukowe/ADJ
czołowych/ADJ,polskich/ADJ,wokalistek/NOUN
zamożnej/ADJ,rodzinie/NOUN,chłopskiej/ADJ
dalszych/ADJ,pracach/NOUN,identyfikacyjnych/ADJ
specjalną/ADJ,gumową/ADJ,poduszkę/NOUN
gigantycznej/ADJ,trasy/NOUN,koncertowej/ADJ
nowej/ADJ,Architektury/NOUN,polskiej/ADJ
rejonowym/ADJ,zebraniu/NOUN,wyborczym/ADJ
nowy/ADJ,podatek/NOUN,samochodowy/ADJ
narodowymi/ADJ,funduszami/NOUN,inwestycyjnymi/ADJ
byłym/ADJ,górniczym/ADJ,mieście/NOUN
ówczesnego/ADJ,państwa/NOUN,polskiego/ADJ
płynny/ADJ,żółty/ADJ,metal/NOUN
kolorowe/ADJ,balony/NOUN,powietrzne/ADJ
strukturalnej/ADJ,formy/NOUN,organizacyjnej/ADJ
pierwszego/ADJ,obraźliwego/ADJ,transparentu/NOUN
Sceniczny/ADJ,utwór/NOUN,muzyczny/ADJ
parametrycznej/ADJ,oceny/NOUN,punktowej/ADJ
koci/ADJ,kanał/NOUN,telewizyjny/ADJ
niepaństwowej/ADJ,uczelni/NOUN,zawodowej/ADJ
rosyjskiego/ADJ,przedrewolucyjnego/ADJ,parlamentaryzmu/NOUN
autentyczne/ADJ,łemkowskie/ADJ,obejścia/NOUN
wzajemne/ADJ,zabiegi/NOUN,kosmetyczne/ADJ
odpowiednia/ADJ,polityka/NOUN,rządowa/ADJ
pierwszy/ADJ,nocny/ADJ,autobus/NOUN
drobnych/ADJ,półszlachetnych/ADJ,kamyczków/NOUN
najnowszym/ADJ,osiągnięciom/NOUN,technologicznym/ADJ
polskiego/ADJ,ruchu/NOUN,feministycznego/ADJ
ponadczasowe/ADJ,platońskie/ADJ,idee/NOUN
najnowocześniejszymi/ADJ,sprzętami/NOUN,ogrodowymi/ADJ
jedyne/ADJ,tłuszcze/NOUN,roślinne/ADJ
szesnastoletniej/ADJ,muzułmańskiej/ADJ,niewoli/NOUN
Inne/ADJ,jednostki/NOUN,organizacyjne/ADJ
doroczne/ADJ,imprezy/NOUN,folklorystyczne/ADJ
licznymi/ADJ,szybami/NOUN,górniczymi/ADJ
głównej/ADJ,łódzkiej/ADJ,ulicy/NOUN
obwodowej/ADJ,komisji/NOUN,wyborczej/ADJ
własną/ADJ,działalność/NOUN,gospodarczą/ADJ
intensywnych/ADJ,prac/NOUN,polowych/ADJ
silnej/ADJ,aktywności/NOUN,sejsmicznej/ADJ
trudnej/ADJ,sytuacji/NOUN,materialnej/ADJ
zniszczoną/ADJ,ciemnowiśniową/ADJ,skórę/NOUN
uniesionym/ADJ,środkowym/ADJ,palcem/NOUN
Pierwsza/ADJ,udana/ADJ,synteza/NOUN
daną/ADJ,operację/NOUN,handlową/ADJ
II/ADJ,wojny/NOUN,światowej/ADJ
wysokich/ADJ,czerwonych/ADJ,butach/NOUN
świeckich/ADJ,liryk/NOUN,miłosnych/ADJ
całej/ADJ,produkcji/NOUN,światowej/ADJ
Dobre/ADJ,stosunki/NOUN,międzyludzkie/ADJ
brytyjskich/ADJ,interesów/NOUN,narodowych/ADJ
uroczystą/ADJ,mszą/NOUN,świętą/ADJ
rodzinną/ADJ,opiekę/NOUN,zastępczą/ADJ
polskiego/ADJ,systemu/NOUN,bankowego/ADJ
innej/ADJ,bezwartościowej/ADJ,rzeczy/NOUN
małą/ADJ,białą/ADJ,piłkę/NOUN
oryginalny/ADJ,arabski/ADJ,tytuł/NOUN
warszawskiej/ADJ,firmy/NOUN,farmaceutycznej/ADJ
samodzielny/ADJ,publiczny/ADJ,zakład/NOUN
brytyjskie/ADJ,służby/NOUN,imigracyjne/ADJ
czerwonych/ADJ,plastikowych/ADJ,sankach/NOUN
bezpośredni/ADJ,telefon/NOUN,kontaktowy/ADJ
inną/ADJ,oficjalną/ADJ,religię/NOUN
zmurszały/ADJ,słup/NOUN,energetyczny/ADJ
pięcioletniego/ADJ,okresu/NOUN,przejściowego/ADJ
niedoszłych/ADJ,zmian/NOUN,konstytucyjnych/ADJ
hormonalne/ADJ,środki/NOUN,antykoncepcyjne/ADJ
Ciemnoskóra/ADJ,uśmiechnięta/ADJ,dziewczynka/NOUN
trójkątne/ADJ,ciemnozielone/ADJ,świerki/NOUN
niesprawna/ADJ,instalacja/NOUN,elektryczna/ADJ
konserwatywnymi/ADJ,przesądami/NOUN,lingwistycznymi/ADJ
lokalnym/ADJ,życiu/NOUN,publicznym/ADJ
niski/ADJ,status/NOUN,społeczny/ADJ
Specjalnej/ADJ,Strefie/NOUN,Ekonomicznej/ADJ
brytyjskiej/ADJ,stacji/NOUN,radiowej/ADJ
amerykańskiej/ADJ,sceny/NOUN,rockowej/ADJ
senny/ADJ,koci/ADJ,pomruk/NOUN
kłodzkiego/ADJ,starostwa/NOUN,powiatowego/ADJ
państwowym/ADJ,jednostkom/NOUN,budżetowym/ADJ
wybitnym/ADJ,współczesnym/ADJ,malarzom/NOUN
niezbędnego/ADJ,urządzenia/NOUN,medycznego/ADJ
I/ADJ,wojna/NOUN,światowa/ADJ
popularnej/ADJ,substancji/NOUN,psychotropowej/ADJ
restrykcyjne/ADJ,prawo/NOUN,wyborcze/ADJ
wyraźny/ADJ,system/NOUN,nerwowy/ADJ
ziarnistych/ADJ,klipów/NOUN,wideo/ADJ
kluczowych/ADJ,składników/NOUN,odżywczych/ADJ
szeroki/ADJ,wątek/NOUN,dyskusyjny/ADJ
dalszemu/ADJ,prawodawczemu/ADJ,paraliżowi/NOUN
nowych/ADJ,zobowiązań/NOUN,finansowych/ADJ
poważnym/ADJ,deficytem/NOUN,budżetowym/ADJ
zwykłych/ADJ,kont/NOUN,oszczędnościowych/ADJ
złych/ADJ,warunków/NOUN,pogodowych/ADJ
przejmującym/ADJ,dramatem/NOUN,społecznym/ADJ
nowym/ADJ,miękkim/ADJ,celem/NOUN
pierwszoligowy/ADJ,turniej/NOUN,golfowy/ADJ
większego/ADJ,wzrostu/NOUN,gospodarczego/ADJ
dalekim/ADJ,północnym/ADJ,zachodem/NOUN
wieloetnicznej/ADJ,armii/NOUN,achemenidzkiej/ADJ
pierwsza/ADJ,spółka/NOUN,filmowa/ADJ
północnych/ADJ,dialektów/NOUN,lapońskich/ADJ
brytyjską/ADJ,agencję/NOUN,szpiegowską/ADJ
letnich/ADJ,igrzysk/NOUN,olimpijskich/ADJ
rdzennej/ADJ,religii/NOUN,afrykańskiej/ADJ
najważniejszych/ADJ,cywilizacji/NOUN,śródziemnomorskich/ADJ
mocne/ADJ,wino/NOUN,owocowe/ADJ
duńską/ADJ,opinią/NOUN,publiczną/ADJ
innego/ADJ,sprzętu/NOUN,wojskowego/ADJ
różnych/ADJ,posiadaczy/NOUN,prywatnych/ADJ
średnia/ADJ,dzienna/ADJ,temperatura/NOUN
Liczne/ADJ,rdzenne/ADJ,ludy/NOUN
różnych/ADJ,językach/NOUN,europejskich/ADJ
poważny/ADJ,błąd/NOUN,taktyczny/ADJ
Pierwsze/ADJ,naukowe/ADJ,opracowanie/NOUN
całym/ADJ,rejonie/NOUN,śródziemnomorskim/ADJ
ostatnie/ADJ,igrzyska/NOUN,olimpijskie/ADJ
niekompetentnymi/ADJ,chińskimi/ADJ,ambasadorami/NOUN
świętego/ADJ,cesarza/NOUN,rzymskiego/ADJ
niepewnych/ADJ,dodatkowych/ADJ,dowodach/NOUN
dużą/ADJ,macedońską/ADJ,armię/NOUN
I/ADJ,wojnę/NOUN,światową/ADJ
różnych/ADJ,grup/NOUN,etnicznych/ADJ
intensywnego/ADJ,rozwoju/NOUN,gospodarczego/ADJ
dochodowych/ADJ,szlaków/NOUN,handlowych/ADJ
dokładnej/ADJ,analizy/NOUN,statystycznej/ADJ
dobrych/ADJ,terenów/NOUN,rolniczych/ADJ
II/ADJ,wojny/NOUN,meseńskiej/ADJ
własnych/ADJ,niedużych/ADJ,samochodów/NOUN
japońskie/ADJ,siły/NOUN,okupacyjne/ADJ
I/ADJ,wojny/NOUN,światowej/ADJ
brytyjska/ADJ,ciężka/ADJ,kawaleria/NOUN
pierwszej/ADJ,imponującej/ADJ,szarży/NOUN
I/ADJ,wojnie/NOUN,opiumowej/ADJ
II/ADJ,wojna/NOUN,opiumowa/ADJ
przesadne/ADJ,publiczne/ADJ,przejawy/NOUN
powojennym/ADJ,moście/NOUN,powietrznym/ADJ
specjalne/ADJ,precyzyjne/ADJ,wyświetlacze/NOUN
jednej/ADJ,statuetki/NOUN,pełnowymiarowej/ADJ
najnowsza/ADJ,książka/NOUN,non-fiction/ADJ
dalszego/ADJ,publicznego/ADJ,uznania/NOUN
tamtejszej/ADJ,sceny/NOUN,muzycznej/ADJ
wyraźnych/ADJ,struktur/NOUN,obronnych/ADJ
prehistorycznej/ADJ,mezoamerykańskiej/ADJ,ikonografii/NOUN
amerykańskiego/ADJ,filmu/NOUN,science-fiction/ADJ
czescy/ADJ,strażnicy/NOUN,graniczni/ADJ
współczesnych/ADJ,technologii/NOUN,informacyjnych/ADJ
wąski/ADJ,wyświetlacz/NOUN,dotykowy/ADJ
dwumiesięcznym/ADJ,okresem/NOUN,rozrodczym/ADJ
męskiej/ADJ,antykoncepcji/NOUN,hormonalnej/ADJ
męskiej/ADJ,antykoncepcji/NOUN,hormonalnej/ADJ
Morska/ADJ,energia/NOUN,wiatrowa/ADJ
Francuska/ADJ,rada/NOUN,cyfrowa/ADJ
przykładowych/ADJ,badań/NOUN,naukowych/ADJ
największej/ADJ,kapitalizacji/NOUN,rynkowej/ADJ
czwartą/ADJ,amerykańską/ADJ,firmą/NOUN
dawnego/ADJ,teatru/NOUN,lalkowego/ADJ
II/ADJ,wojny/NOUN,światowej/ADJ
pierwszych/ADJ,międzynarodowych/ADJ,Igrzysk/NOUN
I/ADJ,wojna/NOUN,światowa/ADJ
starych/ADJ,potęg/NOUN,kolonialnych/ADJ
drugiego/ADJ,złotego/ADJ,medalu/NOUN
pierwsze/ADJ,greckie/ADJ,teksty/NOUN
greckie/ADJ,uwarunkowania/NOUN,geograficzne/ADJ
własnymi/ADJ,systemami/NOUN,politycznymi/ADJ
największym/ADJ,światowym/ADJ,dystrybutorem/NOUN
90-hektarowe/ADJ,pole/NOUN,golfowe/ADJ
młody/ADJ,korsykański/ADJ,oficer/NOUN
I/ADJ,koalicji/NOUN,antyfrancuskiej/ADJ
generalnego/ADJ,traktatu/NOUN,pokojowego/ADJ
nowy/ADJ,brytyjski/ADJ,premier/NOUN
liczne/ADJ,kaplice/NOUN,boczne/ADJ
pozostali/ADJ,więźniowie/NOUN,polityczni/ADJ
kolejnym/ADJ,znaczącym/ADJ,sukcesem/NOUN
prywatnym/ADJ,waszyngtońskim/ADJ,klubie/NOUN
