aliança/NOUN,militar/ADJ,ocidental/ADJ
seleção/NOUN,brasileira/ADJ,feminina/ADJ
novas/ADJ,opções/NOUN,noturnas/ADJ
humilde/ADJ,compulsão/NOUN,passiva/ADJ
último/ADJ,verão/NOUN,americano/ADJ
intervenção/NOUN,diplomática/ADJ,russa/ADJ
maior/ADJ,fabricante/NOUN,nacional/ADJ
segundo/ADJ,grau/NOUN,completo/ADJ
desumana/ADJ,cidade/NOUN,futurista/ADJ
rasas/ADJ,piscinas/NOUN,naturais/ADJ
novo/ADJ,título/NOUN,palmeirense/ADJ
bons/ADJ,jogadores/NOUN,brasileiros/ADJ
enorme/ADJ,caixa/NOUN,oca/ADJ
espírito/NOUN,militarista/ADJ,reinante/ADJ
única/ADJ,forma/NOUN,justa/ADJ
televisão/NOUN,pública/ADJ,francesa/ADJ
principais/ADJ,estações/NOUN,públicas/ADJ
bom/ADJ,volante/NOUN,eslovênio/ADJ
jogos/NOUN,cromáticos/ADJ,semilivres/ADJ
grande/ADJ,concentração/NOUN,eleitoral/ADJ
grande/ADJ,concentração/NOUN,eleitoral/ADJ
líderes/NOUN,rivais/ADJ,negros/ADJ
terceiro/ADJ,dia/NOUN,consecutivo/ADJ
longas/ADJ,pestanas/NOUN,sedosas/ADJ
próximo/ADJ,ciclo/NOUN,olímpico/ADJ
maior/ADJ,segurança/NOUN,instrumental/ADJ
mera/ADJ,excentricidade/NOUN,exibicionista/ADJ
mercado/NOUN,monetário/ADJ,interbancário/ADJ
défice/NOUN,comercial/ADJ,mensal/ADJ
principais/ADJ,preocupações/NOUN,médicas/ADJ
sinal/NOUN,vermelho/ADJ,seguinte/ADJ
actual/ADJ,capital/NOUN,social/ADJ
quarto/ADJ,canal/NOUN,português/ADJ
altas/ADJ,funções/NOUN,mentais/ADJ
hemisfério/NOUN,cerebral/ADJ,esquerdo/ADJ
ambiente/NOUN,prisional/ADJ,normal/ADJ
restante/ADJ,população/NOUN,prisional/ADJ
estabelecimento/NOUN,prisional/ADJ,especial/ADJ
douto/ADJ,professor/NOUN,universitário/ADJ
bons/ADJ,resultados/NOUN,práticos/ADJ
pequena/ADJ,comitiva/NOUN,vitoriana/ADJ
surdo/ADJ,sapateiro/NOUN,judeu/ADJ
principais/ADJ,dirigentes/NOUN,públicos/ADJ
significado/NOUN,político/ADJ,claro/ADJ
polémico/ADJ,acto/NOUN,administrativo/ADJ
vida/NOUN,política/ADJ,americana/ADJ
alta/ADJ,sociedade/NOUN,italiana/ADJ
excedente/NOUN,comercial/ADJ,japonês/ADJ
mercados/NOUN,públicos/ADJ,nipónicos/ADJ
comércio/NOUN,externo/ADJ,francês/ADJ
último/ADJ,saldo/NOUN,recorde/ADJ
grupo/NOUN,público/ADJ,italiano/ADJ
companhia/NOUN,aérea/ADJ,grega/ADJ
espaço/NOUN,sócio-económico/ADJ,português/ADJ
selecção/NOUN,feminina/ADJ,portuguesa/ADJ
primeiro/ADJ,fabricante/NOUN,mundial/ADJ
problemas/NOUN,demográficos/ADJ,reais/ADJ
importanle/ADJ,debate/NOUN,público/ADJ
nova/ADJ,residência/NOUN,paroquial/ADJ
pleno/ADJ,domínio/NOUN,suevo/ADJ
principais/ADJ,mercados/NOUN,asiáticos/ADJ
jovem/ADJ,grupo/NOUN,italiano/ADJ
artes/NOUN,marciais/ADJ,orientais/ADJ
adequadas/ADJ,condições/NOUN,institucionais/ADJ
domínio/NOUN,público/ADJ,marítimo/ADJ
inenarrável/ADJ,caos/NOUN,organizativo/ADJ
primeira/ADJ,grande/ADJ,surpresa/NOUN
autêntica/ADJ,fábrica/NOUN,ambulante/ADJ
novo/ADJ,arrojo/NOUN,italiano/ADJ
nova/ADJ,arma/NOUN,compacta/ADJ
médico/NOUN,veterinário/ADJ,coordenador/ADJ
programa/NOUN,sanitário/ADJ,anual/ADJ
situação/NOUN,política/ADJ,actual/ADJ
ajuda/NOUN,material/ADJ,estrangeira/ADJ
repartições/NOUN,eslovacas/ADJ,diferentes/ADJ
novo/ADJ,campeão/NOUN,nacional/ADJ
organização/NOUN,extremista/ADJ,wahabita/ADJ
boa/ADJ,forma/NOUN,física/ADJ
lei/NOUN,eleitoral/ADJ,hamburguesa/ADJ
mercado/NOUN,accionista/ADJ,local/ADJ
primeiros/ADJ,judeus/NOUN,sírios/ADJ
novo/ADJ,aeroporto/NOUN,internacional/ADJ
excelente/ADJ,situação/NOUN,financeira/ADJ
condições/NOUN,sociais/ADJ,mínimas/ADJ
bens/NOUN,públicos/ADJ,haitianos/ADJ
maior/ADJ,estabilidade/NOUN,cambial/ADJ
autoridades/NOUN,monetárias/ADJ,nacionais/ADJ
guerrilha/NOUN,fundamentalista/ADJ,islâmica/ADJ
guerrilha/NOUN,independentista/ADJ,muçulmana/ADJ
maior/ADJ,potência/NOUN,militar/ADJ
banco/NOUN,central/ADJ,alemão/ADJ
restantes/ADJ,resíduos/NOUN,domésticos/ADJ
prévio/ADJ,enquadramento/NOUN,histórico/ADJ
sofisticada/ADJ,linha/NOUN,italiana/ADJ
puro/ADJ,sumo/NOUN,pop/ADJ
sérios/ADJ,perigos/NOUN,políticos/ADJ
nova/ADJ,tempestade/NOUN,cambial/ADJ
terceiro/ADJ,maior/ADJ,orçamento/NOUN
fato/NOUN,azul/ADJ,escuro/ADJ
cinema/NOUN,documental/ADJ,asiático/ADJ
grande/ADJ,escola/NOUN,iniciática/ADJ
produto/NOUN,interno/ADJ,bruto/ADJ
territórios/NOUN,palestinianos/ADJ,autónomos/ADJ
avião/NOUN,militar/ADJ,português/ADJ
único/ADJ,grupo/NOUN,português/ADJ
segunda/ADJ,rede/NOUN,digital/ADJ
governo/NOUN,regional/ADJ,madeirense/ADJ
sistema/NOUN,legal/ADJ,respectivos/ADJ
força/NOUN,expedicionária/ADJ,estrangeira/ADJ
novo/ADJ,impulso/NOUN,democrático/ADJ
primeiro/ADJ,debate/NOUN,televisivo/ADJ
movimento/NOUN,ecologista/ADJ,búlgaro/ADJ
mero/ADJ,acontecimento/NOUN,histórico/ADJ
esperada/ADJ,barracada/NOUN,musical/ADJ
reles/ADJ,mercado/NOUN,negro/ADJ
precioso/ADJ,quarto/ADJ,posto/NOUN
melhor/ADJ,tempo/NOUN,nacional/ADJ
aparente/ADJ,passagem/NOUN,calma/ADJ
inevitável/ADJ,cadeira/NOUN,eléctrica/ADJ
sistema/NOUN,educativo/ADJ,português/ADJ
classificação/NOUN,geral/ADJ,individual/ADJ
perigosos/ADJ,radicais/NOUN,socialistas/ADJ
necessárias/ADJ,reformas/NOUN,estruturais/ADJ
novas/ADJ,perspectivas/NOUN,financeiras/ADJ
vacina/NOUN,potencial/ADJ,utilizável/ADJ
forte/ADJ,tradição/NOUN,nortenha/ADJ
posições/NOUN,militares/ADJ,russas/ADJ
terceiro/ADJ,dia/NOUN,consecutivo/ADJ
maior/ADJ,aperto/NOUN,fiscal/ADJ
incidente/NOUN,fronteiriço/ADJ,grave/ADJ
guerra/NOUN,civil/ADJ,afegã/ADJ
poderosos/ADJ,efectivos/NOUN,militares/ADJ
regras/NOUN,éticas/ADJ,universais/ADJ
conflito/NOUN,militar/ADJ,premente/ADJ
futuros/ADJ,talentos/NOUN,croatas/ADJ
elevados/ADJ,encargos/NOUN,sociais/ADJ
movimento/NOUN,associativo/ADJ,universitário/ADJ
encargo/NOUN,médio/ADJ,mensal/ADJ
futura/ADJ,moeda/NOUN,europeia/ADJ
mesmo/ADJ,estatuto/NOUN,legal/ADJ
mês/NOUN,sagrado/ADJ,muçulmano/ADJ
calendário/NOUN,lunar/ADJ,islâmico/ADJ
estranha/ADJ,relação/NOUN,afectuosa/ADJ
horríveis/ADJ,autocarros/NOUN,lisboetas/ADJ
brilhante/ADJ,quinto/ADJ,lugar/NOUN
prova/NOUN,desportiva/ADJ,nacional/ADJ
actividade/NOUN,cultural/ADJ,interessante/ADJ
economia/NOUN,europeia/ADJ,pós-GATT/ADJ
Cimeira/NOUN,sindical/ADJ,ibérica/ADJ
cimeira/NOUN,sindical/ADJ,ibérica/ADJ
nova/ADJ,conferência/NOUN,intergovernamental/ADJ
inevitável/ADJ,envelhecimento/NOUN,progressivo/ADJ
numerosos/ADJ,pequenos/ADJ,investidores/NOUN
televisões/NOUN,públicas/ADJ,europeias/ADJ
velha/ADJ,disputa/NOUN,fronteiriça/ADJ
função/NOUN,pública/ADJ,francesa/ADJ
verdadeira/ADJ,federação/NOUN,europeia/ADJ
boa/ADJ,maneira/NOUN,tradicional/ADJ
respectivos/ADJ,novos/ADJ,vídeos/NOUN
genuína/ADJ,música/NOUN,popular/ADJ
actual/ADJ,gestão/NOUN,autárquica/ADJ
últimos/ADJ,nomes/NOUN,carismáticos/ADJ
terceira/ADJ,visita/NOUN,oficial/ADJ
constituição/NOUN,fisiológica/ADJ,ideal/ADJ
novas/ADJ,campeãs/NOUN,chinesas/ADJ
nova/ADJ,ofensiva/NOUN,azerbaijana/ADJ
primeiro/ADJ,herói/NOUN,nacional/ADJ
meios/ADJ,financeiros/NOUN,próprios/ADJ
saúde/NOUN,financeira/ADJ,federal/ADJ
primeiro/ADJ,grande/ADJ,instrumento/NOUN
pequenos/ADJ,grupos/NOUN,iniciais/ADJ
música/NOUN,portuguesa/ADJ,actual/ADJ
dança/NOUN,clássica/ADJ,indiana/ADJ
constante/ADJ,rotação/NOUN,defensiva/ADJ
melhor/ADJ,série/NOUN,vitoriosa/ADJ
seleccionador/NOUN,nacional/ADJ,italiano/ADJ
dívida/NOUN,pública/ADJ,nacional/ADJ
investimento/NOUN,directo/ADJ,português/ADJ
investimento/NOUN,líquido/ADJ,nacional/ADJ
Roda/NOUN,sobressalente/ADJ,fina/ADJ
próximas/ADJ,eleições/NOUN,autárquicas/ADJ
novo/ADJ,desaire/NOUN,eleitoral/ADJ
serviços/NOUN,secretos/ADJ,americanos/ADJ
vias/NOUN,respiratórias/ADJ,superiores/ADJ
novas/ADJ,linhas/NOUN,directivas/ADJ
mesmo/ADJ,número/NOUN,anual/ADJ
últimas/ADJ,eleições/NOUN,presidenciais/ADJ
novo/ADJ,sistema/NOUN,retributivo/ADJ
própria/ADJ,sobrevivência/NOUN,política/ADJ
opção/NOUN,política/ADJ,similar/ADJ
próximas/ADJ,eleições/NOUN,presidenciais/ADJ
novas/ADJ,ofensivas/NOUN,militares/ADJ
espectacular/ADJ,ouvido/NOUN,musical/ADJ
jovens/ADJ,soldados/NOUN,Khmer/ADJ
maiores/ADJ,centros/NOUN,populacionais/ADJ
maiores/ADJ,nós/NOUN,rodoviários/ADJ
política/NOUN,interna/ADJ,comunitária/ADJ
serviços/NOUN,secretos/ADJ,romenos/ADJ
grandes/ADJ,festivais/NOUN,internacionais/ADJ
linha/NOUN,estética/ADJ,única/ADJ
próprio/ADJ,processo/NOUN,fotográfico/ADJ
nova/ADJ,unidade/NOUN,fabril/ADJ
comunidade/NOUN,imigrante/ADJ,africana/ADJ
presença/NOUN,multissecular/ADJ,africana/ADJ
excessivas/ADJ,conotações/NOUN,técnicas/ADJ
bons/ADJ,resultados/NOUN,individuais/ADJ
mercado/NOUN,monetário/ADJ,interbancário/ADJ
quadro/NOUN,político/ADJ,actual/ADJ
relações/NOUN,amorosas/ADJ,ilícitas/ADJ
pequena/ADJ,coluna/NOUN,expedicionária/ADJ
país/NOUN,árabe/ADJ,sunita/ADJ
suficiente/ADJ,matéria/NOUN,legal/ADJ
internacionalização/NOUN,artística/ADJ,actual/ADJ
objecto/NOUN,artístico/ADJ,contemporâneo/ADJ
experiência/NOUN,histórica/ADJ,universal/ADJ
perigosas/ADJ,ideias/NOUN,anti-americanas/ADJ
vida/NOUN,cultural/ADJ,portuguesa/ADJ
novo/ADJ,provincial/NOUN,português/ADJ
indispensável/ADJ,prazer/NOUN,parisiense/ADJ
melhores/ADJ,seres/NOUN,humanos/ADJ
obstrução/NOUN,respiratória/ADJ,completa/ADJ
hemorragia/NOUN,intra-abdominal/ADJ,contínua/ADJ
desastroso/ADJ,ataque/NOUN,policial/ADJ
líderes/NOUN,partidários/ADJ,pró-referendo/ADJ
menor/ADJ,preparação/NOUN,técnico-científica/ADJ
sistemas/NOUN,políticos/ADJ,vigentes/ADJ
antigos/ADJ,soldados/NOUN,ruandeses/ADJ
amplo/ADJ,consenso/NOUN,democrático/ADJ
novo/ADJ,aumento/NOUN,salarial/ADJ
adequado/ADJ,ordenamento/NOUN,cinegético/ADJ
espécie/NOUN,rara/ADJ,morta/ADJ
software/NOUN,preservativo/ADJ,antieuropeu/ADJ
chamados/ADJ,gémeos/NOUN,falsos/ADJ
mesma/ADJ,turma/NOUN,escolar/ADJ
única/ADJ,porta-voz/NOUN,vocal/ADJ
pequenas/ADJ,intervenções/NOUN,cirúrgicas/ADJ
restantes/ADJ,concentrações/NOUN,urbanas/ADJ
segundo/ADJ,centro/NOUN,populacional/ADJ
mercado/NOUN,accionista/ADJ,nacional/ADJ
segundo/ADJ,cartão/NOUN,amarelo/ADJ
grandes/ADJ,estúdios/NOUN,norte-americanos/ADJ
principais/ADJ,distribuidoras/NOUN,nacionais/ADJ
grande/ADJ,cultura/NOUN,própria/ADJ
comentadores/NOUN,políticos/ADJ,conservadores/ADJ
diminuições/NOUN,patrimoniais/ADJ,futuras/ADJ
actual/ADJ,ordem/NOUN,mundial/ADJ
resultados/NOUN,operacionais/ADJ,consolidados/ADJ
pequenas/ADJ,partículas/NOUN,metálicas/ADJ
inequívoca/ADJ,qualidade/NOUN,ambiental/ADJ
cultura/NOUN,musical/ADJ,regional/ADJ
imprensa/NOUN,popular/ADJ,britânica/ADJ
triplo/ADJ,erro/NOUN,governamental/ADJ
justiça/NOUN,militar/ADJ,italiana/ADJ
plena/ADJ,catástrofe/NOUN,tchetchena/ADJ
construtor/NOUN,automobilístico/ADJ,alemão/ADJ
jornal/NOUN,popular/ADJ,alemão/ADJ
comissão/NOUN,política/ADJ,distrital/ADJ
verdadeira/ADJ,dissertação/NOUN,filosófica/ADJ
produção/NOUN,suíça/ADJ,recente/ADJ
primeira/ADJ,retrospectiva/NOUN,integral/ADJ
melhor/ADJ,encaixe/NOUN,financeiro/ADJ
pequenas/ADJ,bombas/NOUN,nucleares/ADJ
futuro/ADJ,sismo/NOUN,natural/ADJ
maior/ADJ,cidade/NOUN,turca/ADJ
famosa/ADJ,nota/NOUN,vermelha/ADJ
mercado/NOUN,livre/ADJ,camponês/ADJ
bairro/NOUN,residencial/ADJ,lisboeta/ADJ
novas/ADJ,propostas/NOUN,comerciais/ADJ
nova/ADJ,empresa/NOUN,portuguesa/ADJ
companhia/NOUN,telefónica/ADJ,japonesa/ADJ
maior/ADJ,certame/NOUN,actual/ADJ
único/ADJ,dirigente/NOUN,presente/ADJ
escândalo/NOUN,financeiro/ADJ,gravíssimo/ADJ
missão/NOUN,governamental/ADJ,angolana/ADJ
aparente/ADJ,sucesso/NOUN,inicial/ADJ
principais/ADJ,pontos/NOUN,litigiosos/ADJ
novo/ADJ,programa/NOUN,jornalístico/ADJ
sexto/ADJ,mandato/NOUN,consecutivo/ADJ
primeiro/ADJ,grande/ADJ,atleta/NOUN
amplo/ADJ,efeito/NOUN,negativo/ADJ
primeira/ADJ,missão/NOUN,lunar/ADJ
primeiras/ADJ,operações/NOUN,espacais/ADJ
movimento/NOUN,nacionalista/ADJ,independente/ADJ
novo/ADJ,pacto/NOUN,internacional/ADJ
zona/NOUN,económica/ADJ,exclusiva/ADJ
soberbas/ADJ,trilhas/NOUN,sonoras/ADJ
possível/ADJ,novo/ADJ,Nirvana/NOUN
grande/ADJ,seção/NOUN,rítmica/ADJ
eleição/NOUN,presidencial/ADJ,brasileira/ADJ
pretensa/ADJ,especificidade/NOUN,brasileira/ADJ
estabilidade/NOUN,econômica/ADJ,consistente/ADJ
novo/ADJ,repórter/NOUN,especial/ADJ
inúmeras/ADJ,citações/NOUN,literais/ADJ
eventual/ADJ,aumento/NOUN,irresponsável/ADJ
vigorosa/ADJ,história/NOUN,mexicana/ADJ
modelo/NOUN,acionário/ADJ,flexível/ADJ
evidentes/ADJ,objetivos/NOUN,eleitorais/ADJ
mesmo/ADJ,grupo/NOUN,neoconservador/ADJ
principal/ADJ,acontecimento/NOUN,mundial/ADJ
maior/ADJ,tradição/NOUN,democrática/ADJ
2ª/ADJ,maior/ADJ,rede/NOUN
grande/ADJ,organização/NOUN,criminosa/ADJ
ambiente/NOUN,internacional/ADJ,competitivo/ADJ
dificuldades/NOUN,operacionais/ADJ,insuperáveis/ADJ
urgente/ADJ,reforma/NOUN,constitucional/ADJ
futura/ADJ,aliança/NOUN,eleitoral/ADJ
Querido/ADJ,Água/NOUN,Corrente/ADJ
rígido/ADJ,controle/NOUN,monetário/ADJ
horário/NOUN,eleitoral/ADJ,gratuito/ADJ
primeiro/ADJ,dia/NOUN,útil/ADJ
principal/ADJ,objetivo/NOUN,norte-americano/ADJ
rigor/NOUN,formal/ADJ,racional/ADJ
mesmos/ADJ,índices/NOUN,favoráveis/ADJ
único/ADJ,volante/NOUN,típico/ADJ
classes/NOUN,médias/ADJ,ocidentais/ADJ
forte/ADJ,predisposição/NOUN,cultural/ADJ
frágil/ADJ,autonomia/NOUN,palestiniana/ADJ
suprema/ADJ,virtude/NOUN,nacional/ADJ
conceituado/ADJ,colégio/NOUN,privado/ADJ
aliança/NOUN,militar/ADJ,pró-URSS/ADJ
maiores/ADJ,municípios/NOUN,brasileiros/ADJ
últimas/ADJ,declarações/NOUN,públicas/ADJ
menor/ADJ,tempo/NOUN,possível/ADJ
abertura/NOUN,comercial/ADJ,indiscriminada/ADJ
especificações/NOUN,técnicas/ADJ,peculiares/ADJ
única/ADJ,volta/NOUN,rápida/ADJ
novo/ADJ,mapa/NOUN,territorial/ADJ
eventuais/ADJ,ataques/NOUN,terroristas/ADJ
pequeno/ADJ,círculo/NOUN,íntimo/ADJ
elite/NOUN,cosmopolita/ADJ,brasileira/ADJ
corrupção/NOUN,institucional/ADJ,brasileira/ADJ
seres/NOUN,noturnos/ADJ,paulistanos/ADJ
investigação/NOUN,judicial/ADJ,eleitoral/ADJ
deficientes/ADJ,condições/NOUN,físicas/ADJ
economia/NOUN,inflacionária/ADJ,brasileira/ADJ
desequilíbrio/NOUN,potencial/ADJ,permanente/ADJ
praças/NOUN,financeiras/ADJ,internacionais/ADJ
práticas/NOUN,legais/ADJ,islâmicas/ADJ
última/ADJ,performance/NOUN,carioca/ADJ
maiores/ADJ,estrelas/NOUN,tricolores/ADJ
mesmo/ADJ,piso/NOUN,salarial/ADJ
maior/ADJ,epopéia/NOUN,portuguesa/ADJ
nova/ADJ,lei/NOUN,orgânica/ADJ
relações/NOUN,financeiras/ADJ,internacionais/ADJ
horário/NOUN,eleitoral/ADJ,gratuito/ADJ
cenário/NOUN,atual/ADJ,mundial/ADJ
nova/ADJ,escalada/NOUN,obscurantista/ADJ
política/NOUN,econômica/ADJ,neoliberal/ADJ
2ª/ADJ,vitória/NOUN,consecutiva/ADJ
sexto/ADJ,mandato/NOUN,consecutivo/ADJ
novo/ADJ,plano/NOUN,econômico/ADJ
novo/ADJ,recorde/NOUN,nacional/ADJ
mesmo/ADJ,espalhafato/NOUN,mediático/ADJ
respectivo/ADJ,departamento/NOUN,médico/ADJ
poluição/NOUN,orgânica/ADJ,diária/ADJ
enorme/ADJ,vantagem/NOUN,palmeirense/ADJ
primeiro/ADJ,palhaço/NOUN,brasileiro/ADJ
música/NOUN,noturna/ADJ,bartokiana/ADJ
terceira/ADJ,linha/NOUN,especial/ADJ
última/ADJ,medida/NOUN,provisória/ADJ
terceira/ADJ,onda/NOUN,gay/ADJ
principais/ADJ,empresas/NOUN,brasileiras/ADJ
primeiro/ADJ,produtor/NOUN,independente/ADJ
dívida/NOUN,pública/ADJ,estadual/ADJ
forte/ADJ,expansão/NOUN,econômica/ADJ
possível/ADJ,tentativa/NOUN,tucana/ADJ
resultados/NOUN,políticos/ADJ,imediatos/ADJ
grupo/NOUN,radical/ADJ,islâmico/ADJ
Estado/NOUN,Islâmico/ADJ,fundamentalista/ADJ
mercado/NOUN,acionário/ADJ,brasileiro/ADJ
grande/ADJ,legenda/NOUN,social-democrata/ADJ
tratamentos/NOUN,psiquiátricos/ADJ,contemporâneos/ADJ
maior/ADJ,partido/NOUN,conservador/ADJ
maior/ADJ,produção/NOUN,industrial/ADJ
oliva/NOUN,extra/ADJ,virgem/ADJ
companhia/NOUN,aérea/ADJ,internacional/ADJ
mesma/ADJ,base/NOUN,territorial/ADJ
devido/ADJ,processo/NOUN,legal/ADJ
principais/ADJ,partidos/NOUN,austríacos/ADJ
imprensa/NOUN,diária/ADJ,portuguesa/ADJ
principais/ADJ,fontes/NOUN,poluidores/ADJ
famosos/ADJ,bivalves/NOUN,negros/ADJ
complicados/ADJ,processos/NOUN,burocráticos/ADJ
novo/ADJ,parque/NOUN,urbano/ADJ
presente/ADJ,mandato/NOUN,autárquico/ADJ
estruturas/NOUN,associativas/ADJ,europeias/ADJ
primeira/ADJ,grande/ADJ,guerra/NOUN
primeiro/ADJ,álbum/NOUN,mesmo/ADJ
pequena/ADJ,obra/NOUN,prima/ADJ
restantes/ADJ,ex-repúblicas/NOUN,soviéticas/ADJ
principal/ADJ,parceiro/NOUN,comercial/ADJ
chamada/ADJ,segunda/ADJ,tela/NOUN
jovens/ADJ,lideranças/NOUN,empresariais/ADJ
explosão/NOUN,cósmica/ADJ,inicial/ADJ
produto/NOUN,interno/ADJ,bruto/ADJ
incontáveis/ADJ,gotinhas/NOUN,prateadas/ADJ
direitos/NOUN,trabalhistas/ADJ,básicos/ADJ
processo/NOUN,seletivo/ADJ,simplificado/ADJ
grandes/ADJ,complexos/NOUN,comerciais/ADJ
única/ADJ,coisa/NOUN,boa/ADJ
bom/ADJ,proveito/NOUN,político/ADJ
política/NOUN,externa/ADJ,americana/ADJ
planta/NOUN,irregular/ADJ,orgânica/ADJ
conseqüente/ADJ,reações/NOUN,químicas/ADJ
ser/NOUN,humano/ADJ,extraordinário/ADJ
dados/NOUN,comerciais/ADJ,preocupantes/ADJ
poderoso/ADJ,ataque/NOUN,terrestre/ADJ
comissão/NOUN,técnica/ADJ,russa/ADJ
breves/ADJ,concertos/NOUN,promocionais/ADJ
primeira/ADJ,fase/NOUN,irrepreensível/ADJ
prisões/NOUN,secretas/ADJ,norte/ADJ
ordenamento/NOUN,jurídico/ADJ,pátrio/ADJ
lente/NOUN,esférica/ADJ,convergente/ADJ
ácidos/NOUN,ftálicos/ADJ,isoméricos/ADJ
quarta/ADJ,vitória/NOUN,consecutiva/ADJ
grande/ADJ,lagoa/NOUN,costeira/ADJ
bom/ADJ,resultados/NOUN,financeiros/ADJ
pior/ADJ,desastre/NOUN,ferroviário/ADJ
carro/NOUN,familiar/ADJ,pequeno/ADJ
maior/ADJ,rede/NOUN,mundial/ADJ
forte/ADJ,inclinação/NOUN,política/ADJ
grande/ADJ,festa/NOUN,inaugural/ADJ
novo/ADJ,campeão/NOUN,mundial/ADJ
sistema/NOUN,político/ADJ,interno/ADJ
processo/NOUN,judicial/ADJ,pendentes/ADJ
historiador/NOUN,social/ADJ,britânico/ADJ
novo/ADJ,sistema/NOUN,imunológico/ADJ
planetas/NOUN,gigantes/ADJ,gasosos/ADJ
estrelas/NOUN,anãs/ADJ,marrons/ADJ
primeiro/ADJ,tempo/NOUN,equilibrado/ADJ
veículos/NOUN,comerciais/ADJ,leves/ADJ
novos/ADJ,indicadores/NOUN,econômicos/ADJ
poder/NOUN,público/ADJ,municipal/ADJ
carga/NOUN,horária/ADJ,total/ADJ
Importantes/ADJ,líderes/NOUN,criminosos/ADJ
principal/ADJ,impacto/NOUN,negativo/ADJ
valor/NOUN,adicionado/ADJ,bruto/ADJ
repúblicas/NOUN,socialistas/ADJ,federadas/ADJ
quinta/ADJ,alta/NOUN,seguida/ADJ
loja/NOUN,virtual/ADJ,brasileira/ADJ
bases/NOUN,econômicas/ADJ,sólidas/ADJ
velocidade/NOUN,orbital/ADJ,média/ADJ
terceiro/ADJ,cartão/NOUN,amarelo/ADJ
comitiva/NOUN,ministerial/ADJ,brasileira/ADJ
incapacidade/NOUN,civil/ADJ,indígena/ADJ
programa/NOUN,nuclear/ADJ,iraniano/ADJ
melhor/ADJ,resultado/NOUN,trimestral/ADJ
grande/ADJ,área/NOUN,palmeirense/ADJ
primeira/ADJ,aparição/NOUN,pública/ADJ
enciclopédia/NOUN,jurídica/ADJ,eletrônica/ADJ
empresa/NOUN,petrolífera/ADJ,italiana/ADJ
tumultuado/ADJ,passado/NOUN,histórico/ADJ
terceira/ADJ,melhor/ADJ,defesa/NOUN
unidades/NOUN,frigoríficas/ADJ,brasileiras/ADJ
nível/NOUN,mínimo/ADJ,satisfatório/ADJ
má/ADJ,condição/NOUN,física/ADJ
trecho/NOUN,lagunar/ADJ,sul/ADJ
novo/ADJ,treinador/NOUN,colorado/ADJ
maior/ADJ,crescimento/NOUN,mundial/ADJ
controversa/ADJ,iniciativa/NOUN,orçamentária/ADJ
cenário/NOUN,musical/ADJ,americano/ADJ
situação/NOUN,econômica/ADJ,atual/ADJ
primeira/ADJ,Loja/NOUN,mista/ADJ
espaço/NOUN,aéreo/ADJ,turco/ADJ
novo/ADJ,processo/NOUN,seletivo/ADJ
setor/NOUN,extrativo/ADJ,mineral/ADJ
belas/ADJ,vozes/NOUN,desconhecidas/ADJ
melhor/ADJ,filme/NOUN,cinematográfico/ADJ
setor/NOUN,elétrico/ADJ,brasileiro/ADJ
velocidade/NOUN,orbital/ADJ,média/ADJ
liderança/NOUN,política/ADJ,europeia/ADJ
carga/NOUN,viral/ADJ,maior/ADJ
inédito/ADJ,ouro/NOUN,olímpico/ADJ
amplo/ADJ,espaço/NOUN,interno/ADJ
dados/NOUN,econômicos/ADJ,fracos/ADJ
carga/NOUN,mínima/ADJ,exigida/ADJ
borrachas/NOUN,sintéticas/ADJ,saturadas/ADJ
maior/ADJ,colônia/NOUN,libanesa/ADJ
monstruosos/ADJ,blocos/NOUN,residenciais/ADJ
tarifas/NOUN,aéreas/ADJ,domésticas/ADJ
mercados/NOUN,locais/ADJ,brasileiros/ADJ
novo/ADJ,quinto/ADJ,lugar/NOUN
instalações/NOUN,industriais/ADJ,modernas/ADJ
sociedade/NOUN,civil/ADJ,organizada/ADJ
concurso/NOUN,leiteiro/ADJ,Holandês/ADJ
único/ADJ,jogador/NOUN,tricolor/ADJ
própria/ADJ,imagem/NOUN,pessoal/ADJ
transporte/NOUN,coletivo/ADJ,urbano/ADJ
professores/NOUN,universitários/ADJ,federais/ADJ
responsáveis/NOUN,políticos/ADJ,europeus/ADJ
suposto/ADJ,esquema/NOUN,fraudulento/ADJ
próxima/ADJ,eleição/NOUN,municipal/ADJ
crise/NOUN,financeira/ADJ,internacional/ADJ
estrategista/NOUN,político/ADJ,habilidoso/ADJ
diplomatas/NOUN,britânicos/ADJ,interinos/ADJ
nova/ADJ,identidade/NOUN,visual/ADJ
órgão/NOUN,consultivo/ADJ,intergovernamental/ADJ
seleção/NOUN,brasileira/ADJ,masculina/ADJ
laudos/NOUN,periciais/ADJ,conclusivos/ADJ
fuzileiros/NOUN,navais/ADJ,americanos/ADJ
financiamento/NOUN,público/ADJ,exclusivo/ADJ
políticas/NOUN,fiscais/ADJ,ortodoxas/ADJ
parcela/NOUN,mensal/ADJ,mínima/ADJ
melhores/ADJ,condições/NOUN,possíveis/ADJ
vasta/ADJ,coleção/NOUN,alviverde/ADJ
partido/NOUN,político/ADJ,polonês/ADJ
propriedade/NOUN,privada/ADJ,urbana/ADJ
terceira/ADJ,companhia/NOUN,aérea/ADJ
aldeamentos/NOUN,indígenas/ADJ,aliados/ADJ
terceiro/ADJ,cartão/NOUN,amarelo/ADJ
gasto/NOUN,público/ADJ,total/ADJ
produto/NOUN,interno/ADJ,bruto/ADJ
programa/NOUN,político/ADJ,comum/ADJ
veículos/NOUN,utilitários/ADJ,leves/ADJ
segundo/ADJ,título/NOUN,olímpico/ADJ
novos/ADJ,enfrentamentos/NOUN,sectários/ADJ
desenho/NOUN,estrutural/ADJ,original/ADJ
armamento/NOUN,individual/ADJ,novo/ADJ
primeira/ADJ,primeira/ADJ,medalha/NOUN
único/ADJ,acidente/NOUN,geográfico/ADJ
maior/ADJ,disputa/NOUN,esportiva/ADJ
TV/NOUN,estatal/ADJ,turca/ADJ
fibras/NOUN,musculares/ADJ,extrafusais/ADJ
segunda/ADJ,maior/ADJ,redução/NOUN
regulamento/NOUN,militar/ADJ,israelense/ADJ
primeiros/ADJ,treinos/NOUN,livres/ADJ
matriz/NOUN,energética/ADJ,brasileira/ADJ
fator/NOUN,sintético/ADJ,recombinante/ADJ
segunda/ADJ,maior/ADJ,frota/NOUN
setor/NOUN,público/ADJ,consolidado/ADJ
escolas/NOUN,agrotécnicas/ADJ,federais/ADJ
artes/NOUN,marciais/ADJ,mistas/ADJ
maior/ADJ,cidade/NOUN,síria/ADJ
pequena/ADJ,ilha/NOUN,toscana/ADJ
antiga/ADJ,colônia/NOUN,grega/ADJ
seguintes/ADJ,documentos/NOUN,pessoais/ADJ
maiores/ADJ,reservas/NOUN,mundiais/ADJ
abusivas/ADJ,condições/NOUN,trabalhistas/ADJ
música/NOUN,popular/ADJ,brasileira/ADJ
maior/ADJ,objetividade/NOUN,possível/ADJ
órgãos/NOUN,ambientais/ADJ,competentes/ADJ
grandes/ADJ,carvalhos/NOUN,seculares/ADJ
segundo/ADJ,ano/NOUN,consecutivo/ADJ
atividade/NOUN,extrativa/ADJ,mineral/ADJ
próximo/ADJ,dia/NOUN,útil/ADJ
golpe/NOUN,militar/ADJ,líbio/ADJ
primeira/ADJ,série/NOUN,dublada/ADJ
mau/ADJ,momento/NOUN,técnico/ADJ
cidade/NOUN,churrigueresca/ADJ,exemplar/ADJ
novo/ADJ,recorde/NOUN,histórico/ADJ
primeiro/ADJ,elemento/NOUN,sintético/ADJ
elevada/ADJ,produção/NOUN,acadêmica/ADJ
maiores/ADJ,heróis/NOUN,americanos/ADJ
último/ADJ,reduto/NOUN,inglês/ADJ
possível/ADJ,barriguinha/NOUN,saliente/ADJ
melhor/ADJ,atriz/NOUN,coadjuvante/ADJ
televisão/NOUN,oficial/ADJ,síria/ADJ
floresta/NOUN,tropical/ADJ,úmida/ADJ
maior/ADJ,medalhista/NOUN,olímpico/ADJ
centro/NOUN,cultural/ADJ,russo/ADJ
parque/NOUN,turístico/ADJ,temático/ADJ
distrito/NOUN,rural/ADJ,chinês/ADJ
novas/ADJ,ferramentas/NOUN,tecnológicas/ADJ
eventual/ADJ,segundo/ADJ,turno/NOUN
espaço/NOUN,aéreo/ADJ,sírio/ADJ
terceiro/ADJ,cartão/NOUN,amarelo/ADJ
quinto/ADJ,maior/ADJ,mercado/NOUN
poetas/NOUN,russos/ADJ,fundamentais/ADJ
entrevista/NOUN,coletiva/ADJ,posterior/ADJ
principais/ADJ,indicadores/NOUN,econômicos/ADJ
principal/ADJ,riqueza/NOUN,municipal/ADJ
maravilhosa/ADJ,cor/NOUN,vermelha/ADJ
novas/ADJ,ferrovias/NOUN,brasileiras/ADJ
segunda/ADJ,guerra/NOUN,mundial/ADJ
código/NOUN,penal/ADJ,russo/ADJ
primeiro/ADJ,instrumento/NOUN,musical/ADJ
colunismo/NOUN,social/ADJ,eletrônico/ADJ
jovem/ADJ,cantor/NOUN,italiano/ADJ
companhias/NOUN,ferroviárias/ADJ,americanas/ADJ
crise/NOUN,financeira/ADJ,internacional/ADJ
terceiro/ADJ,cartão/NOUN,amarelo/ADJ
quarto/ADJ,maior/ADJ,administrador/NOUN
únicas/ADJ,companhias/NOUN,aéreas/ADJ
atual/ADJ,deputado/NOUN,federal/ADJ
características/NOUN,genéticas/ADJ,diferentes/ADJ
atual/ADJ,comissão/NOUN,técnica/ADJ
melhor/ADJ,participação/NOUN,brasileira/ADJ
pale/ADJ,ales/NOUN,inglesas/ADJ
sistema/NOUN,judiciário/ADJ,brasileiro/ADJ
própria/ADJ,comissão/NOUN,técnica/ADJ
extensas/ADJ,modificações/NOUN,fisiológicas/ADJ
serviço/NOUN,Clássico/ADJ,analógico/ADJ
recentes/ADJ,documentos/NOUN,especiais/ADJ
primeiro/ADJ,edifício/NOUN,religioso/ADJ
nova/ADJ,capital/NOUN,administrativa/ADJ
primeiro/ADJ,presidente/NOUN,americano/ADJ
agitadas/ADJ,noites/NOUN,soteropolitanas/ADJ
terceiro/ADJ,cartão/NOUN,amarelo/ADJ
baixa/ADJ,umidade/NOUN,relativa/ADJ
ação/NOUN,civil/ADJ,pública/ADJ
raça/NOUN,pura/ADJ,ariana/ADJ
boas/ADJ,vindas/NOUN,especiais/ADJ
alto/ADJ,poder/NOUN,explosivo/ADJ
policiais/NOUN,militares/ADJ,baianos/ADJ
melhor/ADJ,campanha/NOUN,institucional/ADJ
gás/NOUN,natural/ADJ,veicular/ADJ
primeira/ADJ,medalha/NOUN,olímpica/ADJ
mesmo/ADJ,levantamento/NOUN,censitário/ADJ
forte/ADJ,expansão/NOUN,atual/ADJ
principais/ADJ,blue/ADJ,chips/NOUN
único/ADJ,modo/NOUN,ordinário/ADJ
nova/ADJ,unidade/NOUN,fabril/ADJ
grande/ADJ,momento/NOUN,econômico/ADJ
sistema/NOUN,médico/ADJ,natural/ADJ
última/ADJ,decisão/NOUN,liminar/ADJ
futura/ADJ,deputada/NOUN,federal/ADJ
supostos/ADJ,acertos/NOUN,financeirso/ADJ
próximo/ADJ,dia/NOUN,útil/ADJ
partículas/NOUN,quânticas/ADJ,individuais/ADJ
intensa/ADJ,inflamação/NOUN,abdominal/ADJ
mau/ADJ,funcionamento/NOUN,cardiovascular/ADJ
televisão/NOUN,humorística/ADJ,venezuelana/ADJ
propaganda/NOUN,eleitoral/ADJ,antecipada/ADJ
seguros/NOUN,sociais/ADJ,obrigatórios/ADJ
crise/NOUN,econômica/ADJ,mundial/ADJ
maior/ADJ,produtora/NOUN,mundial/ADJ
vidros/NOUN,elétricos/ADJ,dianteiros/ADJ
mercado/NOUN,corporativo/ADJ,privado/ADJ
grandes/ADJ,unidades/NOUN,conceituais/ADJ
antiga/ADJ,ginástica/NOUN,geral/ADJ
segunda/ADJ,maior/ADJ,cidade/NOUN
baixo/ADJ,teor/NOUN,alcóolico/ADJ
principais/ADJ,pleitos/NOUN,forenses/ADJ
lucro/NOUN,líquido/ADJ,ajustado/ADJ
serviços/NOUN,públicos/ADJ,deficientes/ADJ
velocidade/NOUN,orbital/ADJ,média/ADJ
segundo/ADJ,maior/ADJ,causador/NOUN
extensa/ADJ,tropa/NOUN,policial/ADJ
atividade/NOUN,econômica/ADJ,brasileira/ADJ
crise/NOUN,econômica/ADJ,internacional/ADJ
álcool/NOUN,etílico/ADJ,desnaturado/ADJ
primeiros/ADJ,contingentes/NOUN,brasileiros/ADJ
práticas/NOUN,culturais/ADJ,antigas/ADJ
fracassada/ADJ,insurreição/NOUN,comunista/ADJ
atuais/ADJ,campeões/NOUN,olímpicos/ADJ
políticas/NOUN,financeiras/ADJ,governamentais/ADJ
primeira/ADJ,parada/NOUN,técnica/ADJ
processo/NOUN,eleitoral/ADJ,democrático/ADJ
fracasso/NOUN,financeiro/ADJ,extraordinário/ADJ
eventos/NOUN,internacionais/ADJ,importantes/ADJ
linha/NOUN,sindical/ADJ,justa/ADJ
referidos/ADJ,circuitos/NOUN,neuronais/ADJ
médio/ADJ,ala/NOUN,direito/ADJ
maiores/ADJ,tragédias/NOUN,marítimas/ADJ
melhores/ADJ,condições/NOUN,físicas/ADJ
maiores/ADJ,indícios/NOUN,arquitectónicos/ADJ
danos/NOUN,morais/ADJ,coletivos/ADJ
cultura/NOUN,pop/ADJ,vintage/ADJ
real/ADJ,situação/NOUN,financeira/ADJ
primeiras/ADJ,sessões/NOUN,livres/ADJ
infantil/ADJ,cartão/NOUN,vermelho/ADJ
delegado/NOUN,geral/ADJ,adjunto/ADJ
plano/NOUN,orçamentário/ADJ,espanhol/ADJ
moeda/NOUN,única/ADJ,europeia/ADJ
recepção/NOUN,inicial/ADJ,positiva/ADJ
centro/NOUN,financeiro/ADJ,suíço/ADJ
importante/ADJ,atração/NOUN,tourística/ADJ
única/ADJ,pessoa/NOUN,lúcida/ADJ
produtos/NOUN,industrializados/ADJ,exportados/ADJ
rede/NOUN,privada/ADJ,virtual/ADJ
própria/ADJ,coerência/NOUN,interna/ADJ
principais/ADJ,eventos/NOUN,sociais/ADJ
possível/ADJ,intervenção/NOUN,militar/ADJ
grave/ADJ,situação/NOUN,econômica/ADJ
valente/ADJ,nação/NOUN,independente/ADJ
efeito/NOUN,visual/ADJ,atraente/ADJ
nova/ADJ,lei/NOUN,estadual/ADJ
famoso/ADJ,quarto/NOUN,verde/ADJ
terceira/ADJ,vez/NOUN,seguida/ADJ
primeira/ADJ,sociedade/NOUN,natural/ADJ
alianças/NOUN,históricas/ADJ,consolidadas/ADJ
primeiro/ADJ,tempo/NOUN,técnico/ADJ
tradicional/ADJ,clube/NOUN,paulistano/ADJ
estabilidade/NOUN,financeira/ADJ,global/ADJ
principais/ADJ,blocos/NOUN,econômicos/ADJ
deliberação/NOUN,policial/ADJ,precária/ADJ
vigilância/NOUN,epidemiológica/ADJ,local/ADJ
imprensa/NOUN,econômica/ADJ,brasileira/ADJ
sociedade/NOUN,civil/ADJ,organizada/ADJ
grupos/NOUN,opositores/ADJ,sírios/ADJ
câmaras/NOUN,legislativas/ADJ,municipais/ADJ
aviso/NOUN,prévio/ADJ,indenizado/ADJ
antigas/ADJ,repúblicas/NOUN,soviéticas/ADJ
pobre/ADJ,primeiro/ADJ,debate/NOUN
novo/ADJ,problema/NOUN,muscular/ADJ
mesmo/ADJ,nível/NOUN,hierárquico/ADJ
período/NOUN,renascentista/ADJ,musical/ADJ
cobertura/NOUN,jornalística/ADJ,seletiva/ADJ
sétima/ADJ,semana/NOUN,seguida/ADJ
maior/ADJ,produtor/NOUN,mundial/ADJ
atual/ADJ,conjuntura/NOUN,política/ADJ
doenças/NOUN,cardíacas/ADJ,graves/ADJ
máxima/ADJ,boa/ADJ,fé/NOUN
práticas/NOUN,comerciais/ADJ,abusivas/ADJ
experiente/ADJ,homem/NOUN,público/ADJ
primeiro/ADJ,livro/NOUN,autografado/ADJ
antigo/ADJ,bloco/NOUN,ferroviário/ADJ
nova/ADJ,metodologia/NOUN,pedagógica/ADJ
oitava/ADJ,eleição/NOUN,presidencial/ADJ
desempenho/NOUN,gráfico/ADJ,fraco/ADJ
aparência/NOUN,externa/ADJ,igual/ADJ
procedimento/NOUN,licitatório/ADJ,específico/ADJ
tecidos/NOUN,indígenas/ADJ,guatemaltecos/ADJ
segundo/ADJ,jogo/NOUN,consecutivo/ADJ
fair/ADJ,play/NOUN,financeiro/ADJ
breve/ADJ,guerra/NOUN,civil/ADJ
uso/NOUN,canônico/ADJ,anterior/ADJ
segunda/ADJ,maior/ADJ,siderúrgica/NOUN
internação/NOUN,hospitalar/ADJ,urgente/ADJ
intervenções/NOUN,jornalísticas/ADJ,curtas/ADJ
segundo/ADJ,grande/ADJ,teste/NOUN
terceira/ADJ,queda/NOUN,consecutiva/ADJ
vigésima/ADJ,alta/NOUN,consecutiva/ADJ
anúncio/NOUN,sequencial/ADJ,triplo/ADJ
popular/ADJ,programa/NOUN,infantil/ADJ
canal/NOUN,público/ADJ,americano/ADJ
primeiro/ADJ,produto/NOUN,comercial/ADJ
ginástica/NOUN,masculina/ADJ,chinesa/ADJ
terceiro/ADJ,título/NOUN,olímpico/ADJ
única/ADJ,comunicação/NOUN,terrestre/ADJ
importante/ADJ,legado/NOUN,social/ADJ
rede/NOUN,pública/ADJ,municipal/ADJ
poder/NOUN,público/ADJ,estadual/ADJ
Segundo/ADJ,maior/ADJ,campeão/NOUN
sistema/NOUN,jurídico/ADJ,romano/ADJ
taxa/NOUN,básica/ADJ,nominal/ADJ
hospitais/NOUN,universitários/ADJ,públicos/ADJ
segunda/ADJ,maior/ADJ,cidade/NOUN
maior/ADJ,pressão/NOUN,inflacionária/ADJ
temperatura/NOUN,máxima/ADJ,prevista/ADJ
inúmeras/ADJ,espécies/NOUN,químicas/ADJ
saldos/NOUN,devedores/ADJ,diários/ADJ
longo/ADJ,currículo/NOUN,olímpico/ADJ
grandes/ADJ,empresas/NOUN,multinacionais/ADJ
velocidade/NOUN,orbital/ADJ,média/ADJ
famílias/NOUN,ciganas/ADJ,romenas/ADJ
lendário/ADJ,estádio/NOUN,argentino/ADJ
referido/ADJ,ato/NOUN,normativo/ADJ
oitava/ADJ,rodada/NOUN,dupla/ADJ
piores/ADJ,resultados/NOUN,econômicos/ADJ
novos/ADJ,policiais/NOUN,civis/ADJ
principal/ADJ,competição/NOUN,internacional/ADJ
indústria/NOUN,gráfica/ADJ,mundial/ADJ
primeiro/ADJ,reforço/NOUN,estelar/ADJ
violência/NOUN,política/ADJ,palestina/ADJ
classes/NOUN,sociais/ADJ,elevadas/ADJ
grande/ADJ,peregrinação/NOUN,anual/ADJ
grande/ADJ,fervor/NOUN,religioso/ADJ
poderosa/ADJ,força/NOUN,militar/ADJ
futuro/ADJ,prefeito/NOUN,eleito/ADJ
despesa/NOUN,anual/ADJ,extra/ADJ
chamada/ADJ,terapia/NOUN,holística/ADJ
sistema/NOUN,nervoso/ADJ,central/ADJ
sistema/NOUN,elétrico/ADJ,brasileiro/ADJ
próxima/ADJ,sessão/NOUN,ordinária/ADJ
espaço/NOUN,aéreo/ADJ,estadunidense/ADJ
sangramento/NOUN,anal/ADJ,vivo/ADJ
agência/NOUN,espacial/ADJ,americana/ADJ
exílio/NOUN,político/ADJ,interno/ADJ
malformações/NOUN,congênitas/ADJ,especificadas/ADJ
preponderância/NOUN,cultural/ADJ,americana/ADJ
gestão/NOUN,pública/ADJ,rondoniense/ADJ
total/ADJ,segurança/NOUN,jurídica/ADJ
administrador/NOUN,colonial/ADJ,português/ADJ
endereço/NOUN,virtual/ADJ,protegido/ADJ
quinto/ADJ,melhor/ADJ,tenista/NOUN
maior/ADJ,flexibilidade/NOUN,comercial/ADJ
futuro/ADJ,tetracampeão/NOUN,olímpico/ADJ
pressão/NOUN,psicológica/ADJ,maior/ADJ
crescente/ADJ,descontentamento/NOUN,social/ADJ
importantes/ADJ,centros/NOUN,empresariais/ADJ
capitais/NOUN,financeiros/ADJ,estrangeiros/ADJ
grande/ADJ,polo/NOUN,econômico/ADJ
vida/NOUN,cultural/ADJ,ativa/ADJ
redes/NOUN,sociais/ADJ,digitais/ADJ
mesmas/ADJ,propriedades/NOUN,cimentantes/ADJ
atividade/NOUN,econômica/ADJ,interna/ADJ
aparelhos/NOUN,gravadores/ADJ,passivos/ADJ
comunicação/NOUN,estatais/ADJ,angolanos/ADJ
Líderes/NOUN,políticos/ADJ,gregos/ADJ
grande/ADJ,óculo/NOUN,ovalado/ADJ
melhor/ADJ,atriz/NOUN,coadjuvante/ADJ
boa/ADJ,saúde/NOUN,ocular/ADJ
fortíssimo/ADJ,apoio/NOUN,informal/ADJ
grandes/ADJ,catástrofes/NOUN,naturais/ADJ
posterior/ADJ,saída/NOUN,conturbada/ADJ
eleições/NOUN,gerais/ADJ,libanesas/ADJ
simples/ADJ,grafos/NOUN,planares/ADJ
pequenas/ADJ,janelas/NOUN,traseiras/ADJ
primeiro/ADJ,grande/ADJ,destaque/NOUN
unica/ADJ,igreja/NOUN,católica/ADJ
atual/ADJ,segundo/ADJ,colocado/NOUN
maior/ADJ,colégio/NOUN,eleitoral/ADJ
correcto/ADJ,isolamento/NOUN,térmico/ADJ
experiente/ADJ,política/NOUN,conservadora/ADJ
primeira/ADJ,fundação/NOUN,estável/ADJ
nova/ADJ,queda/NOUN,alviverde/ADJ
grande/ADJ,elemento/NOUN,erótico/ADJ
interessante/ADJ,duelo/NOUN,tático/ADJ
última/ADJ,audiência/NOUN,pública/ADJ
suposta/ADJ,relação/NOUN,sexual/ADJ
escândalo/NOUN,político/ADJ,sexual/ADJ
povos/NOUN,indígenas/ADJ,existentes/ADJ
segunda/ADJ,advertência/NOUN,amarela/ADJ
alta/ADJ,cúpula/NOUN,vermelha/ADJ
caixas/NOUN,econômicas/ADJ,paulistas/ADJ
dentes/NOUN,carniceiros/ADJ,cortantes/ADJ
primeira/ADJ,temporada/NOUN,toda/ADJ
bom/ADJ,momento/NOUN,atual/ADJ
primeira/ADJ,decisão/NOUN,continental/ADJ
delegação/NOUN,paralímpica/ADJ,brasileira/ADJ
campanha/NOUN,eleitoral/ADJ,americana/ADJ
desenvolvimento/NOUN,sustentável/ADJ,humano/ADJ
principais/ADJ,instalações/NOUN,químicas/ADJ
maior/ADJ,cooperativa/NOUN,agroindustrial/ADJ
primeiros/ADJ,personagens/NOUN,gays/ADJ
servidores/NOUN,federais/ADJ,grevistas/ADJ
maiores/ADJ,telenovelas/NOUN,juvenis/ADJ
raízes/NOUN,tuberosas/ADJ,vilosas/ADJ
primeira/ADJ,entrega/NOUN,oficial/ADJ
inúmeros/ADJ,controles/NOUN,policiais/ADJ
sistema/NOUN,tributário/ADJ,brasileiro/ADJ
antigos/ADJ,mausoléus/NOUN,muçulmanos/ADJ
última/ADJ,tradução/NOUN,brasileira/ADJ
chamadas/ADJ,mesas/NOUN,girantes/ADJ
terceiro/ADJ,cartão/NOUN,amarelo/ADJ
incrível/ADJ,lembrança/NOUN,positiva/ADJ
política/NOUN,monetária/ADJ,prudente/ADJ
crise/NOUN,financeira/ADJ,global./ADJ
assistência/NOUN,farmacêutica/ADJ,básica/ADJ
primeiros/ADJ,grupos/NOUN,humanos/ADJ
política/NOUN,externa/ADJ,brasileira/ADJ
grande/ADJ,diferenciação/NOUN,social/ADJ
grandes/ADJ,eventos/NOUN,públicos/ADJ
nova/ADJ,reforma/NOUN,bancária/ADJ
pequena/ADJ,cidade/NOUN,litorânea/ADJ
veterano/ADJ,general/NOUN,milionário/ADJ
quarta/ADJ,maior/ADJ,bancada/NOUN
sérios/ADJ,problemas/NOUN,financeiros/ADJ
próximo/ADJ,adversário/NOUN,brasileiro/ADJ
mesmos/ADJ,venenos/NOUN,respiratórios/ADJ
único/ADJ,filho/NOUN,homem/ADJ
aparente/ADJ,acesso/NOUN,privilegiado/ADJ
paralisia/NOUN,legislativa/ADJ,contínua/ADJ
novos/ADJ,encargos/NOUN,financeiros/ADJ
ações/NOUN,legais/ADJ,imensas/ADJ
grande/ADJ,déficit/NOUN,orçamental/ADJ
ativos/NOUN,financeiros/ADJ,exteriores/ADJ
dramas/NOUN,sociais/ADJ,profundos/ADJ
novo/ADJ,alvo/NOUN,fácil/ADJ
futuras/ADJ,ações/NOUN,norte-americanas/ADJ
Proteção/NOUN,Ambiental/ADJ,Americana/ADJ
maior/ADJ,desenvolvimento/NOUN,econômico/ADJ
multiétnico/ADJ,exército/NOUN,aquemênida/ADJ
primeira/ADJ,companhia/NOUN,cinematográfica/ADJ
limitada/ADJ,proteção/NOUN,francesa/ADJ
grandes/ADJ,tribos/NOUN,eslavas/ADJ
diferente/ADJ,história/NOUN,linguística/ADJ
Rifte/NOUN,Africano/ADJ,Oriental/ADJ
Religião/NOUN,Africana/ADJ,Tradicional/ADJ
opinião/NOUN,pública/ADJ,dinamarquesa/ADJ
clima/NOUN,mediterrânico/ADJ,suave/ADJ
clima/NOUN,mediterrânico/ADJ,suave/ADJ
povos/NOUN,nativos/ADJ,americanos/ADJ
principais/ADJ,rios/NOUN,europeus/ADJ
Inúmeros/ADJ,povos/NOUN,indígenas/ADJ
grupos/NOUN,indígenas/ADJ,americanos/ADJ
nome/NOUN,alternativo/ADJ,comum/ADJ
rápido/ADJ,crescimento/NOUN,populacional/ADJ
segundo/ADJ,parque/NOUN,nacional/ADJ
grande/ADJ,erro/NOUN,tático/ADJ
primeiro/ADJ,relatório/NOUN,acadêmico/ADJ
últimos/ADJ,Jogos/NOUN,Olímpicos/ADJ
embaixadores/NOUN,chineses/ADJ,incompetentes/ADJ
grande/ADJ,bacia/NOUN,quadrada/ADJ
referência/NOUN,histórica/ADJ,conhecida/ADJ
auspiciosas/ADJ,cores/NOUN,tailandesas/ADJ
Ano/NOUN,Novo/ADJ,Chinês/ADJ
programa/NOUN,infantil/ADJ,japonês/ADJ
Sacro/ADJ,Império/NOUN,Romano/ADJ
Estação/NOUN,Espacial/ADJ,Internacional/ADJ
grande/ADJ,exército/NOUN,macedônio/ADJ
Primeira/ADJ,Guerra/NOUN,Mundial/ADJ
profundo/ADJ,crescimento/NOUN,econômico/ADJ
rotas/NOUN,comerciais/ADJ,lucrativas/ADJ
extensa/ADJ,análise/NOUN,estatística/ADJ
grande/ADJ,conta/NOUN,bancária/ADJ
boas/ADJ,terras/NOUN,agrícolas/ADJ
Segunda/ADJ,Guerra/NOUN,Messênia/ADJ
Primeira/ADJ,Guerra/NOUN,Mundial/ADJ
cavalaria/NOUN,pesada/ADJ,britânica/ADJ
novos/ADJ,bairros/NOUN,indígenas/ADJ
mais/ADJ,reconhecimento/NOUN,público/ADJ
textos/NOUN,pré-históricos/ADJ,mesoamericanos/ADJ
ciclo/NOUN,eleitoral/ADJ,seguinte/ADJ
novo/ADJ,negócio/NOUN,editorial/ADJ
Serviço/NOUN,Secreto/ADJ,Russo/ADJ
contraceptivos/NOUN,hormonais/ADJ,masculinos/ADJ
contracepção/NOUN,hormonal/ADJ,masculina/ADJ
profundas/ADJ,crenças/NOUN,religiosas/ADJ
Energia/NOUN,eólica/ADJ,offshore/ADJ
Patrimônio/NOUN,Natural/ADJ,Nacional/ADJ
eleições/NOUN,primárias/ADJ,republicanas/ADJ
Conselho/NOUN,Digital/ADJ,Francês/ADJ
família/NOUN,católica/ADJ,anti-fascista/ADJ
pai/NOUN,militante/ADJ,socialista/ADJ
quarta/ADJ,empresa/NOUN,Americana/ADJ
Segunda/ADJ,Guerra/NOUN,Mundial/ADJ
Primeira/ADJ,Guerra/NOUN,Mundial/ADJ
antigos/ADJ,poderes/NOUN,coloniais/ADJ
primeiros/ADJ,textos/NOUN,gregos/ADJ
pequenas/ADJ,comunidades/NOUN,auto-governadas/ADJ
postos/NOUN,comerciais/ADJ,avançados/ADJ
Região/NOUN,Real/ADJ,Calabresa/ADJ
jovem/ADJ,oficial/NOUN,artilheiro/ADJ
Clube/NOUN,Metropolitano/ADJ,Privado/ADJ
