Săraca/ADJ,găină/NOUN,sură/ADJ
verde/ADJ,măr/NOUN,domnesc/ADJ
brazi/NOUN,mândri/ADJ,rotați/ADJ
drăguța/ADJ,dalbă/ADJ,jupâneasă/NOUN
bălaur/NOUN,mare/ADJ,roșiu/ADJ
scaun/NOUN,mare/ADJ,alb/ADJ
naltă/ADJ,mîndrie/NOUN,nebunească/ADJ
Bună/ADJ,rudă/NOUN,mencenoasă/ADJ
bună/ADJ,rudă/NOUN,mencinoasă/ADJ
nemișcătoriu/ADJ,lucru/NOUN,strein/ADJ
haine/NOUN,scumpe/ADJ,domnești/ADJ
boiariu/NOUN,bătrân/ADJ,moldovan/ADJ
domnu/NOUN,mare/ADJ,leșescu/ADJ
puținte/ADJ,oaste/NOUN,căzăcească/ADJ
nuntă/NOUN,frumoasă/ADJ,domnească/ADJ
mare/ADJ,voie/NOUN,rea/ADJ
ursu/NOUN,mare/ADJ,groznic/ADJ
Sărmanul/ADJ,omul/NOUN,străin/ADJ
pecetluiri/NOUN,roșii/ADJ,domnești/ADJ
Bietul/ADJ,suflet/NOUN,deșert/ADJ
verde/ADJ,poamă/NOUN,neagră/ADJ
Pasăre/NOUN,albă/ADJ,zburătoare/ADJ
mueri/NOUN,jidovă/ADJ,credincioasă/ADJ
părinte/NOUN,bun/ADJ,sufletesc/ADJ
fapte/NOUN,bune/ADJ,creștinești/ADJ
necurăției/NOUN,trupești/ADJ,năprasnice/ADJ
Drăguţ/ADJ,sfîntul/ADJ,Soare/NOUN
Principalele/ADJ,grupuri/NOUN,politice/ADJ
asistenți/NOUN,maternali/ADJ,profesioniști/ADJ
vaccin/NOUN,monovalent/ADJ,adecvat/ADJ
informații/NOUN,pertinente/ADJ,disponibile/ADJ
cantităților/NOUN,limitate/ADJ,administrate/ADJ
alternative/NOUN,eficiente/ADJ,viabile/ADJ
produsele/NOUN,chimice/ADJ,exportate/ADJ
Literatura/NOUN,română/ADJ,modernă/ADJ
cronică/NOUN,dramatică/ADJ,nesemnată/ADJ
cântecelor/NOUN,epice/ADJ,versificate/ADJ
trăire/NOUN,religioasă/ADJ,profundă/ADJ
rusticelor/ADJ,localități/NOUN,italiene/ADJ
obiect/NOUN,matematic/ADJ,geometric/ADJ
ușa/NOUN,vecină/ADJ,închisă/ADJ
elemente/NOUN,sociale/ADJ,identice/ADJ
țară/NOUN,capitalistă/ADJ,înaintată/ADJ
Singură/ADJ,specia/NOUN,umană/ADJ
Substanțe/NOUN,active/ADJ,nemetabolizate/ADJ
suficiente/ADJ,globule/NOUN,roșii/ADJ
concentrațiile/NOUN,plasmatice/ADJ,maxime/ADJ
cancer/NOUN,pancreatic/ADJ,avansat/ADJ
concentrațiile/NOUN,plasmatice/ADJ,maxime/ADJ
analog/NOUN,nucleozidic/ADJ,monofosfat/ADJ
polițiști/NOUN,palestinieni/ADJ,nemulțumiți/ADJ
eforturile/NOUN,diplomatice/ADJ,americane/ADJ
amplasamentele/NOUN,istorice/ADJ,scoțiene/ADJ
piese/NOUN,scurte/ADJ,istorice/ADJ
sprijinului/NOUN,militar/ADJ,extern/ADJ
nou/ADJ,comitet/NOUN,consultativ/ADJ
legislației/NOUN,bancare/ADJ,comunitare/ADJ
Comitetul/NOUN,bancar/ADJ,european/ADJ
Comitetului/NOUN,bancar/ADJ,european/ADJ
Comitetul/NOUN,bancar/ADJ,european/ADJ
acordurile/NOUN,bilaterale/ADJ,respective/ADJ
țări/NOUN,terțe/ADJ,participante/ADJ
clauzele/NOUN,contractuale/ADJ,abuzive/ADJ
noii/ADJ,Fortărețe/NOUN,Plutitoare/ADJ
sistemul/NOUN,european/ADJ,comun/ADJ
adevăratele/ADJ,pensii/NOUN,alimentare/ADJ
tratamentul/NOUN,antispastic/ADJ,singur/ADJ
scara/NOUN,terapeutică/ADJ,antalgică/ADJ
diferite/ADJ,antalgice/NOUN,disponibile/ADJ
sistemului/NOUN,nervos/ADJ,central/ADJ
regiunii/NOUN,geografice/ADJ,românești/ADJ
statului/NOUN,Român/ADJ,modern/ADJ
Statul/NOUN,modern/ADJ,român/ADJ
flux/NOUN,energetic/ADJ,radiant/ADJ
fostului/ADJ,președinte/NOUN,iugoslav/ADJ
Tribunalul/NOUN,Penal/ADJ,Internațional/ADJ
mari/ADJ,pagube/NOUN,materiale/ADJ
hotărârile/NOUN,administrative/ADJ,adoptate/ADJ
lideri/NOUN,religioși/ADJ,șiiți/ADJ
orașul/NOUN,sfânt/ADJ,musulman/ADJ
stat/NOUN,palestinian/ADJ,independent/ADJ
produsele/NOUN,chimice/ADJ,industriale/ADJ
produse/NOUN,chimice/ADJ,industriale/ADJ
teritoriul/NOUN,vamal/ADJ,comunitar/ADJ
teritoriul/NOUN,vamal/ADJ,comunitar/ADJ
integrare/NOUN,economică/ADJ,regională/ADJ
reprezentare/NOUN,comunitară/ADJ,corespunzătoare/ADJ
păr/NOUN,negru/ADJ,bogat/ADJ
Autoritatea/NOUN,națională/ADJ,desemnată/ADJ
eșarfă/NOUN,roșie/ADJ,îngustă/ADJ
pompoasa/ADJ,fală/NOUN,latină/ADJ
formule/NOUN,poetice/ADJ,variate/ADJ
întreagă/ADJ,tradiție/NOUN,exegetică/ADJ
matca/NOUN,spirituală/ADJ,românească/ADJ
viața/NOUN,academică/ADJ,românească/ADJ
simplu/ADJ,corpus/NOUN,juridic/ADJ
doza/NOUN,inițială/ADJ,recomandată/ADJ
Următoarele/ADJ,reacții/NOUN,adverse/ADJ
neovascularizare/NOUN,coroidiană/ADJ,submaculară/ADJ
eventuale/ADJ,modificări/NOUN,pulmonare/ADJ
ciocolata/NOUN,amăruie/ADJ,simplă/ADJ
boli/NOUN,cerebrovasculare/ADJ,severe/ADJ
teatrul/NOUN,regal/ADJ,georgian/ADJ
departament/NOUN,mare/ADJ,metropolitan/ADJ
alegeri/NOUN,democratice/ADJ,regionale/ADJ
Partidului/NOUN,Laburist/ADJ,Independent/ADJ
Agenția/NOUN,Spațială/ADJ,Europeană/ADJ
drept/NOUN,antidumping/ADJ,extins/ADJ
rețea/NOUN,europeană/ADJ,reprezentativă/ADJ
cofinanțarea/NOUN,anuală/ADJ,totală/ADJ
autoritățile/NOUN,naționale/ADJ,competente/ADJ
sănătate/NOUN,publică/ADJ,veterinară/ADJ
sănătate/NOUN,publică/ADJ,veterinară/ADJ
incertitudine/NOUN,maximă/ADJ,admisibilă/ADJ
țara/NOUN,aderentă/ADJ,respectivă/ADJ
dispoziții/NOUN,comunitare/ADJ,relevante/ADJ
leucoză/NOUN,enzootică/ADJ,bovină/ADJ
Vagi/ADJ,funcții/NOUN,feminine/ADJ
exercițiile/NOUN,pedagogice/ADJ,orale/ADJ
curios/ADJ,procedeu/NOUN,aleatoriu/ADJ
catastrofă/NOUN,cosmică/ADJ,revolută/ADJ
căilor/NOUN,respiratorii/ADJ,inferioare/ADJ
risc/NOUN,letal/ADJ,crescut/ADJ
reacții/NOUN,adverse/ADJ,grave/ADJ
reacțiilor/NOUN,adverse/ADJ,non-grave/ADJ
apendicită/NOUN,acută/ADJ,gangrenoasă/ADJ
calcul/NOUN,ureteral/ADJ,inclavat/ADJ
tractului/NOUN,urinar/ADJ,superior/ADJ
intervenție/NOUN,chirurgicală/ADJ,convențională/ADJ
atestare/NOUN,documentară/ADJ,cunoscută/ADJ
Republica/NOUN,Populară/ADJ,Română/ADJ
Partidului/NOUN,Comunist/ADJ,Român/ADJ
Convenția/NOUN,Democrată/ADJ,Română/ADJ
sistem/NOUN,teritorial/ADJ,european/ADJ
partea/NOUN,central/ADJ,sud-estică/ADJ
nivelul/NOUN,energetic/ADJ,superior/ADJ
nivelul/NOUN,energetic/ADJ,inferior/ADJ
amenajări/NOUN,interioare/ADJ,complete/ADJ
legii/NOUN,organice/ADJ,spaniole/ADJ
alegerile/NOUN,anticipate/ADJ,imediate/ADJ
Întreprinderii/NOUN,Metalurgice/ADJ,Bănățene/ADJ
statului/NOUN,major/ADJ,legionar/ADJ
specific/NOUN,tradițional/ADJ,românesc/ADJ
noul/ADJ,sezon/NOUN,competițional/ADJ
componentă/NOUN,culturală/ADJ,apreciabilă/ADJ
alegerile/NOUN,prezidențiale/ADJ,palestiniene/ADJ
fostului/ADJ,premier/NOUN,sârb/ADJ
Fostul/ADJ,președinte/NOUN,cecen/ADJ
grav/ADJ,accident/NOUN,feroviar/ADJ
nou/ADJ,pachet/NOUN,legislativ/ADJ
alegeri/NOUN,prezidențiale/ADJ,anticipate/ADJ
noului/ADJ,președinte/NOUN,ales/ADJ
echipă/NOUN,mixtă/ADJ,româno-americană/ADJ
fostul/ADJ,comisar/NOUN,european/ADJ
instalațiile/NOUN,nucleare/ADJ,libiene/ADJ
manifestațiilor/NOUN,violente/ADJ,antifranceze/ADJ
fosta/ADJ,poliție/NOUN,secretă/ADJ
Noul/ADJ,comisar/NOUN,european/ADJ
organizațiilor/NOUN,teroriste/ADJ,palestiniene/ADJ
zonelor/NOUN,economice/ADJ,exclusive/ADJ
lotului/NOUN,olimpic/ADJ,feminin/ADJ
grav/ADJ,accident/NOUN,feroviar/ADJ
întreg/ADJ,ciclu/NOUN,olimpic/ADJ
forului/NOUN,olimpic/ADJ,român/ADJ
Comitetul/NOUN,Internațional/ADJ,Olimpic/ADJ
administrația/NOUN,publică/ADJ,timișeană/ADJ
semnătura/NOUN,electronică/ADJ,extinsă/ADJ
act/NOUN,notarial/ADJ,electronic/ADJ
Crucea/NOUN,Roșie/ADJ,Română/ADJ
serviciilor/NOUN,secrete/ADJ,americane/ADJ
instructori/NOUN,auto/ADJ,independenți/ADJ
firme/NOUN,locale/ADJ,interesate/ADJ
oferta/NOUN,teatrală/ADJ,locală/ADJ
anului/NOUN,geofizic/ADJ,internațional/ADJ
toalete/NOUN,ecologice/ADJ,moderne/ADJ
numeroase/ADJ,ghiduri/NOUN,gastronomice/ADJ
aptitudini/NOUN,profesionale/ADJ,adecvate/ADJ
fostului/ADJ,președinte/NOUN,irakian/ADJ
noului/ADJ,guvern/NOUN,bulgar/ADJ
întreg/ADJ,anul/NOUN,curent/ADJ
nouă/ADJ,treaptă/NOUN,calitativă/ADJ
programului/NOUN,nuclear/ADJ,iranian/ADJ
Autoritatea/NOUN,Națională/ADJ,Sanitară/ADJ
Autoritatea/NOUN,Națională/ADJ,Sanitară/ADJ
istorie/NOUN,clasică/ADJ,europeană/ADJ
Spitalului/NOUN,Clinic/ADJ,Județean/ADJ
dispozitiv/NOUN,exploziv/ADJ,artizanal/ADJ
condiții/NOUN,meteorologice/ADJ,nefavorabile/ADJ
transport/NOUN,electric/ADJ,urban/ADJ
Oraș/NOUN,ecologic/ADJ,european/ADJ
datele/NOUN,științifice/ADJ,recente/ADJ
control/NOUN,medical/ADJ,gratuit/ADJ
lucru/NOUN,maxim/ADJ,săptămânal/ADJ
concediu/NOUN,anual/ADJ,plătit/ADJ
Controlul/NOUN,medical/ADJ,gratuit/ADJ
cadru/NOUN,legislativ/ADJ,specific/ADJ
nivelul/NOUN,colectiv/ADJ,adecvat/ADJ
liniile/NOUN,urbane/ADJ,regulate/ADJ
țărilor/NOUN,terțe/ADJ,recunoscute/ADJ
liniile/NOUN,directoare/ADJ,existente/ADJ
personalul/NOUN,subcontractat/ADJ,relevant/ADJ
organizații/NOUN,internaționale/ADJ,similare/ADJ
indicațiilor/NOUN,geografice/ADJ,protejate/ADJ
specialităților/NOUN,tradiționale/ADJ,garantate/ADJ
valoare/NOUN,adăugată/ADJ,ridicată/ADJ
politicii/NOUN,agricole/ADJ,comune/ADJ
legislația/NOUN,comunitară/ADJ,corespunzătoare/ADJ
circuitul/NOUN,comercial/ADJ,internațional/ADJ
marcator/NOUN,fiscal/ADJ,comun/ADJ
doză/NOUN,zilnică/ADJ,admisibilă/ADJ
Autoritatea/NOUN,națională/ADJ,desemnată/ADJ
standardele/NOUN,internaționale/ADJ,relevante/ADJ
note/NOUN,tehnice/ADJ,orientative/ADJ
Notele/NOUN,tehnice/ADJ,respective/ADJ
certitudinea/NOUN,juridică/ADJ,corespunzătoare/ADJ
datele/NOUN,statistice/ADJ,disponibile/ADJ
clauzele/NOUN,individuale/ADJ,standard/ADJ
întreaga/ADJ,piață/NOUN,comună/ADJ
condițiilor/NOUN,standard/ADJ,neobligatorii/ADJ
societățile/NOUN,conexe/ADJ,respective/ADJ
anului/NOUN,calendaristic/ADJ,precedent/ADJ
perioadă/NOUN,rezonabilă/ADJ,suplimentară/ADJ
linii/NOUN,directoare/ADJ,comune/ADJ
liniile/NOUN,directoare/ADJ,comune/ADJ
produse/NOUN,alimentare/ADJ,preambalate/ADJ
zahărului/NOUN,brut/ADJ,exportat/ADJ
mici/ADJ,combinații/NOUN,oximoronice/ADJ
scriitorii/NOUN,bănățeni/ADJ,contemporani/ADJ
Teatrul/NOUN,românesc/ADJ,contemporan/ADJ
proza/NOUN,latină/ADJ,clasică/ADJ
mare/ADJ,bogăție/NOUN,imagistică/ADJ
bune/ADJ,pagini/NOUN,evocatoare/ADJ
studiul/NOUN,teoretic/ADJ,erudit/ADJ
spații/NOUN,culturale/ADJ,largi/ADJ
propriei/ADJ,goliri/NOUN,interioare/ADJ
imprevizibilei/ADJ,naturi/NOUN,umane/ADJ
intelectualilor/NOUN,revoluționari/ADJ,francezi/ADJ
noua/ADJ,direcție/NOUN,negruțiană/ADJ
fenomen/NOUN,literar/ADJ,distinct/ADJ
prozei/NOUN,satirice/ADJ,românești/ADJ
amprentă/NOUN,stilistică/ADJ,unică/ADJ
spațiul/NOUN,lingvistic/ADJ,german/ADJ
temerari/ADJ,tineri/ADJ,scriitori/NOUN
cumplită/ADJ,degradare/NOUN,umană/ADJ
întreaga/ADJ,construcție/NOUN,narativă/ADJ
valorilor/NOUN,literare/ADJ,românești/ADJ
marea/ADJ,lumină/NOUN,necreată/ADJ
creației/NOUN,populare/ADJ,autohtone/ADJ
pronunțat/ADJ,caracter/NOUN,memorialistic/ADJ
simț/NOUN,tragic/ADJ,revelatoriu/ADJ
cântecului/NOUN,popular/ADJ,ucrainean/ADJ
Partidului/NOUN,Național/ADJ,Român/ADJ
momentului/NOUN,cosmogonic/ADJ,originar/ADJ
vădite/ADJ,trimiteri/NOUN,eschatologice/ADJ
schemă/NOUN,morală/ADJ,simplificatoare/ADJ
poeziei/NOUN,moderne/ADJ,românești/ADJ
orientare/NOUN,politică/ADJ,nouă/ADJ
scurt/ADJ,remember/NOUN,narativ/ADJ
revistele/NOUN,culturale/ADJ,postrevoluționare/ADJ
scriitor/NOUN,satiric/ADJ,remarcabil/ADJ
Partidul/NOUN,Național/ADJ,Român/ADJ
puternic/ADJ,spirit/NOUN,comunitar/ADJ
mare/ADJ,forță/NOUN,expresivă/ADJ
congrese/NOUN,științifice/ADJ,internaționale/ADJ
Partidului/NOUN,Social/ADJ,Democrat/ADJ
diferite/ADJ,localități/NOUN,transilvănene/ADJ
adunărilor/NOUN,generale/ADJ,extraordinare/ADJ
mediile/NOUN,urbane/ADJ,ardelenești/ADJ
lumii/NOUN,rurale/ADJ,tradiționale/ADJ
răspunsuri/NOUN,opționale/ADJ,implicite/ADJ
autori/NOUN,români/ADJ,contemporani/ADJ
versului/NOUN,modern/ADJ,românesc/ADJ
gingășiile/NOUN,stilistice/ADJ,explicite/ADJ
mitologie/NOUN,literară/ADJ,română/ADJ
sistemul/NOUN,mitologic/ADJ,elin/ADJ
Partidului/NOUN,Social/ADJ,Democrat/ADJ
veche/ADJ,familie/NOUN,boierească/ADJ
realităților/NOUN,sociale/ADJ,românești/ADJ
micul/ADJ,infern/NOUN,uman/ADJ
simbolism/NOUN,cosmic/ADJ,inimitabil/ADJ
felurite/ADJ,medii/NOUN,sociale/ADJ
gruparea/NOUN,politică/ADJ,liberală/ADJ
impasibilă/ADJ,clepsidră/NOUN,cosmică/ADJ
cărți/NOUN,populare/ADJ,înrudite/ADJ
marilor/ADJ,scriitori/NOUN,români/ADJ
cerul/NOUN,verde/ADJ,strălucitor/ADJ
noilor/ADJ,tendințe/NOUN,literare/ADJ
oamenilor/NOUN,politici/ADJ,români/ADJ
imensă/ADJ,dungă/NOUN,luminoasă/ADJ
singură/ADJ,calitate/NOUN,stăpânitoare/ADJ
vechiului/ADJ,drept/NOUN,românesc/ADJ
Condiții/NOUN,istorice/ADJ,neprielnice/ADJ
uriaș/ADJ,organism/NOUN,rotund/ADJ
solidaritate/NOUN,românească/ADJ,desăvârșită/ADJ
aparatul/NOUN,triaxial/ADJ,obișnuit/ADJ
obști/NOUN,sătești/ADJ,libere/ADJ
dialectele/NOUN,românești/ADJ,sud-dunărene/ADJ
răutăcioase/ADJ,duhuri/NOUN,efemere/ADJ
procese/NOUN,psihice/ADJ,posibile/ADJ
criteriu/NOUN,instituțional/ADJ,obiectiv/ADJ
diversele/ADJ,întrebuințări/NOUN,omenești/ADJ
uniforme/NOUN,verzui/ADJ,zdrențuite/ADJ
singura/ADJ,aliterațiune/NOUN,posibilă/ADJ
evaluare/NOUN,individuală/ADJ,atentă/ADJ
Doza/NOUN,săptămânală/ADJ,totală/ADJ
laptele/NOUN,matern/ADJ,uman/ADJ
insuficiență/NOUN,renală/ADJ,severă/ADJ
activitate/NOUN,inductoare/ADJ,puternică/ADJ
metode/NOUN,contraceptive/ADJ,eficace/ADJ
Tensiunea/NOUN,arterială/ADJ,mare/ADJ
insuficiență/NOUN,renală/ADJ,cronică/ADJ
metabolizare/NOUN,hepatică/ADJ,minimă/ADJ
hiperemia/NOUN,cutanată/ADJ,tranzitorie/ADJ
erupții/NOUN,cutanate/ADJ,nespecifice/ADJ
complex/NOUN,proteic/ADJ,mare/ADJ
procesele/NOUN,tehnologice/ADJ,stabilite/ADJ
creșterii/NOUN,ponderale/ADJ,materne/ADJ
celule/NOUN,sanguine/ADJ,albe/ADJ
celule/NOUN,sanguine/ADJ,roșii/ADJ
afectării/NOUN,hepatice/ADJ,medicamentoase/ADJ
Sindrom/NOUN,Neuroleptic/ADJ,Malign/ADJ
acțiune/NOUN,antitumorală/ADJ,experimentală/ADJ
tensiunea/NOUN,arterială/ADJ,ridicată/ADJ
studiile/NOUN,farmacocinetice/ADJ,clinice/ADJ
efect/NOUN,antihipertensiv/ADJ,aditiv/ADJ
terapiile/NOUN,antiretrovirale/ADJ,uzuale/ADJ
inducția/NOUN,enzimatică/ADJ,hepatică/ADJ
Fețele/NOUN,rotunde/ADJ,mongoloide/ADJ
fenomene/NOUN,alergice/ADJ,posibile/ADJ
leucemiei/NOUN,granulocitare/ADJ,cronice/ADJ
leucemia/NOUN,mieloblastică/ADJ,acută/ADJ
insuficiență/NOUN,cardiacă/ADJ,congestivă/ADJ
practica/NOUN,medicală/ADJ,curentă/ADJ
măsuri/NOUN,contraceptive/ADJ,eficace/ADJ
ulcere/NOUN,digitale/ADJ,evolutive/ADJ
hipertensiunii/NOUN,arteriale/ADJ,pulmonare/ADJ
ulcere/NOUN,digitale/ADJ,noi/ADJ
ulcere/NOUN,digitale/ADJ,multiple/ADJ
insuficiență/NOUN,cardiacă/ADJ,congestivă/ADJ
tratament/NOUN,tocolitic/ADJ,alternativ/ADJ
insuficiență/NOUN,renală/ADJ,severă/ADJ
boală/NOUN,cardiacă/ADJ,ischemică/ADJ
boală/NOUN,arterială/ADJ,periferică/ADJ
soluție/NOUN,salină/ADJ,izotonă/ADJ
bune/ADJ,proprietăți/NOUN,adezive/ADJ
activității/NOUN,sexuale/ADJ,anticipate/ADJ
administrare/NOUN,zilnică/ADJ,continuă/ADJ
activității/NOUN,sexuale/ADJ,anticipate/ADJ
administrare/NOUN,zilnică/ADJ,continuă/ADJ
tehnologie/NOUN,genetică/ADJ,specializată/ADJ
resorbție/NOUN,osoasă/ADJ,excesivă/ADJ
sinteză/NOUN,osoasă/ADJ,corespunzătoare/ADJ
hepatotoxicitate/NOUN,serică/ADJ,gravă/ADJ
celule/NOUN,albe/ADJ,sanguine/ADJ
moarte/NOUN,celulară/ADJ,consecutivă/ADJ
multiple/ADJ,proteine-ligand/NOUN,esențiale/ADJ
resorbția/NOUN,osoasă/ADJ,crescută/ADJ
particule/NOUN,solide/ADJ,albe/ADJ
sistemului/NOUN,nervos/ADJ,central/ADJ
reacțiile/NOUN,imune/ADJ,locale/ADJ
eventualele/ADJ,efecte/NOUN,individuale/ADJ
insuficiență/NOUN,hepatică/ADJ,ușoară/ADJ
administrarea/NOUN,intravenoasă/ADJ,bisăptămânală/ADJ
singură/ADJ,familie/NOUN,imensă/ADJ
crizelor/NOUN,convulsive/ADJ,parțiale/ADJ
informații/NOUN,noi/ADJ,disponibile/ADJ
Metabolitul/NOUN,oxidativ/ADJ,major/ADJ
diferiți/ADJ,es/NOUN,inductori/ADJ
insuficiență/NOUN,renală/ADJ,cronică/ADJ
reacții/NOUN,adverse/ADJ,suplimentare/ADJ
tratament/NOUN,farmacologic/ADJ,antidepresiv/ADJ
extremitatea/NOUN,lungă/ADJ,plată/ADJ
principalul/ADJ,studiu/NOUN,clinic/ADJ
intervenției/NOUN,coronariene/ADJ,percutanate/ADJ
probelor/NOUN,bioptice/ADJ,tumorale/ADJ
eritropoetină/NOUN,umană/ADJ,recombinantă/ADJ
monitorizarea/NOUN,hepatică/ADJ,lunară/ADJ
ulcer/NOUN,digital/ADJ,evolutiv/ADJ
noi/ADJ,ulcere/NOUN,digitale/ADJ
alegeri/NOUN,legislative/ADJ,anticipate/ADJ
tablou/NOUN,tematic/ADJ,normativ/ADJ
personalitățile/NOUN,literar-artistice/ADJ,românești/ADJ
Singurul/ADJ,material/NOUN,literar/ADJ
neîndoielnică/ADJ,vocație/NOUN,poematică/ADJ
spațiul/NOUN,cultural/ADJ,românesc/ADJ
întreaga/ADJ,activitate/NOUN,literară/ADJ
memorie/NOUN,generică/ADJ,difuză/ADJ
efecte/NOUN,extrapancreatice/ADJ,importante/ADJ
dozelor/NOUN,orale/ADJ,multiple/ADJ
îngrijire/NOUN,medicală/ADJ,permanentă/ADJ
măduvei/NOUN,osoase/ADJ,umane/ADJ
bariera/NOUN,feto-placentară/ADJ,umană/ADJ
erupții/NOUN,cutanate/ADJ,tranzitorii/ADJ
formatul/NOUN,european/ADJ,comun/ADJ
erorilor/NOUN,maxime/ADJ,admise/ADJ
lungilor/ADJ,tirade/NOUN,romantice/ADJ
interesant/ADJ,subiect/NOUN,filologic/ADJ
state/NOUN,feudale/ADJ,românești/ADJ
pantofi/NOUN,negri/ADJ,strălucitori/ADJ
vorbire/NOUN,polisilabică/ADJ,rapidă/ADJ
pantofi/NOUN,negri/ADJ,strălucitori/ADJ
flotei/NOUN,originale/ADJ,invadatoare/ADJ
scheme/NOUN,zonale/ADJ,rurale/ADJ
atitudinile/NOUN,sociale/ADJ,stabilite/ADJ
frumoasă/ADJ,vale/NOUN,abruptă/ADJ
fețe/NOUN,asiatice/ADJ,imobile/ADJ
culoare/NOUN,verde/ADJ,spălăcită/ADJ
boli/NOUN,severe/ADJ,neașteptate/ADJ
marile/ADJ,comploturi/NOUN,ilegale/ADJ
asemenea/ADJ,infracțiune/NOUN,ticăloasă/ADJ
asemenea/ADJ,crimă/NOUN,înfricoșătoare/ADJ
asemenea/ADJ,crimă/NOUN,brutală/ADJ
activist/NOUN,american/ADJ,radical/ADJ
Chimia/NOUN,atmosferică/ADJ,globală/ADJ
atmosfere/NOUN,inițiale/ADJ,ostile/ADJ
regata/NOUN,Olimpică/ADJ,Franceză/ADJ
linia/NOUN,aeriană/ADJ,rusă/ADJ
demodat/ADJ,rock'n'roll/NOUN,agreabil/ADJ
gumă/NOUN,roșie/ADJ,lipicioasă/ADJ
coagulare/NOUN,intravasculară/ADJ,diseminată/ADJ
luptele/NOUN,teritoriale/ADJ,reminiscente/ADJ
materiale/NOUN,trombo-rezistente/ADJ,satisfăcătoare/ADJ
coagulării/NOUN,intravasculare/ADJ,primare/ADJ
noilor/ADJ,stații/NOUN,respective/ADJ
sistemului/NOUN,monetar/ADJ,internațional/ADJ
morții/NOUN,infantile/ADJ,subite/ADJ
recentele/ADJ,carnagii/NOUN,hinduso-musulmane/ADJ
scurtă/ADJ,perioadă/NOUN,dificilă/ADJ
proteza/NOUN,ușoară/ADJ,specială/ADJ
singură/ADJ,ființă/NOUN,umană/ADJ
marele/ADJ,șemineu/NOUN,medieval/ADJ
sârma/NOUN,ghimpată/ADJ,ruginită/ADJ
degetul/NOUN,mare/ADJ,drept/ADJ
mica/ADJ,porțiune/NOUN,cheală/ADJ
imense/ADJ,structuri/NOUN,piramidale/ADJ
cuvintelor/NOUN,candidate/ADJ,alternative/ADJ
naționaliștii/NOUN,catalani/ADJ,extremiști/ADJ
întreg/ADJ,sezonul/NOUN,rece/ADJ
materie/NOUN,gelatinoasă/ADJ,cenușie/ADJ
prunelor/NOUN,ieftine/ADJ,importate/ADJ
prezentei/ADJ,acțiuni/NOUN,comune/ADJ
măsurilor/NOUN,comunitare/ADJ,relevante/ADJ
energia/NOUN,electrică/ADJ,activă/ADJ
energie/NOUN,electrică/ADJ,activă/ADJ
Organizația/NOUN,Maritimă/ADJ,Internațională/ADJ
riscuri/NOUN,previzibile/ADJ,ridicate/ADJ
agentului/NOUN,oficial/ADJ,desemnat/ADJ
entitatea/NOUN,publică/ADJ,respectivă/ADJ
procedurilor/NOUN,interne/ADJ,respective/ADJ
Comunitatea/NOUN,Economică/ADJ,Europeană/ADJ
marinarilor/NOUN,locali/ADJ,îmbarcați/ADJ
reuniuni/NOUN,comune/ADJ,periodice/ADJ
păr/NOUN,blond/ADJ,minunat/ADJ
grup/NOUN,consultativ/ADJ,independent/ADJ
raport/NOUN,tehnic/ADJ,detaliat/ADJ
cetățeniei/NOUN,europene/ADJ,active/ADJ
cetățeniei/NOUN,europene/ADJ,active/ADJ
întreaga/ADJ,cantitate/NOUN,autorizată/ADJ
Eroarea/NOUN,maximă/ADJ,admisă/ADJ
asistența/NOUN,administrativă/ADJ,reciprocă/ADJ
incertitudine/NOUN,maximă/ADJ,admisibilă/ADJ
arterita/NOUN,virală/ADJ,ecvină/ADJ
certificatul/NOUN,sanitar-veterinar/ADJ,corespunzător/ADJ
animale/NOUN,domestice/ADJ,biongulate/ADJ
Comunitatea/NOUN,Economică/ADJ,Europeană/ADJ
Autoritățile/NOUN,sanitar-veterinare/ADJ,competente/ADJ
consecințe/NOUN,economice/ADJ,considerabile/ADJ
pestei/NOUN,porcine/ADJ,clasice/ADJ
Asociațiile/NOUN,socio-profesionale/ADJ,interesate/ADJ
metode/NOUN,analitice/ADJ,noi/ADJ
drept/NOUN,antidumping/ADJ,definitiv/ADJ
drepturi/NOUN,antidumping/ADJ,definitive/ADJ
organizațiile/NOUN,neguvernamentale/ADJ,internaționale/ADJ
următoarea/ADJ,linie/NOUN,directoare/ADJ
moștenirea/NOUN,culturală/ADJ,comună/ADJ
statele/NOUN,membre/ADJ,respective/ADJ
reglementările/NOUN,comunitare/ADJ,aplicabile/ADJ
bunei/ADJ,gestiuni/NOUN,financiare/ADJ
parcursul/NOUN,educațional/ADJ,european/ADJ
Proba/NOUN,globală/ADJ,completă/ADJ
mediu/NOUN,electromagnetic/ADJ,special/ADJ
problemă/NOUN,administrativă/ADJ,generală/ADJ
centre/NOUN,financiare/ADJ,importante/ADJ
centre/NOUN,financiare/ADJ,importante/ADJ
centre/NOUN,financiare/ADJ,importante/ADJ
contingentelor/NOUN,tarifare/ADJ,existente/ADJ
noilor/ADJ,contingente/NOUN,tarifare/ADJ
culoarele/NOUN,aeriene/ADJ,internaționale/ADJ
grup/NOUN,consultativ/ADJ,independent/ADJ
Pesta/NOUN,porcină/ADJ,clasică/ADJ
Fosta/ADJ,Republică/NOUN,Iugoslavă/ADJ
dificultăți/NOUN,sociale/ADJ,grave/ADJ
repercusiuni/NOUN,negative/ADJ,inacceptabile/ADJ
repercusiuni/NOUN,negative/ADJ,grave/ADJ
Spațiul/NOUN,Economic/ADJ,European/ADJ
beneficii/NOUN,economice/ADJ,viitoare/ADJ
situații/NOUN,financiare/ADJ,consolidate/ADJ
situații/NOUN,financiare/ADJ,individuale/ADJ
Autoritățile/NOUN,ruse/ADJ,competente/ADJ
organismului/NOUN,plătitor/ADJ,competent/ADJ
bunele/ADJ,practici/NOUN,inginerești/ADJ
agenției/NOUN,plătitoare/ADJ,competente/ADJ
lanțului/NOUN,alimentar/ADJ,uman/ADJ
instrumente/NOUN,financiare/ADJ,identificate/ADJ
celule/NOUN,fluorescente/ADJ,caracteristice/ADJ
moștenirea/NOUN,culturală/ADJ,comunitară/ADJ
adevăratul/ADJ,eveniment/NOUN,sufletesc/ADJ
întreaga/ADJ,activitate/NOUN,literară/ADJ
veșnică/ADJ,pândă/NOUN,bibliografică/ADJ
întreaga/ADJ,operă/NOUN,ciceroniană/ADJ
simplă/ADJ,dezvoltare/NOUN,logică/ADJ
existențele/NOUN,matematice/ADJ,incluse/ADJ
rețelei/NOUN,hidrografice/ADJ,minore/ADJ
Harta/NOUN,italiană/ADJ,anonimă/ADJ
Seminarul/NOUN,Pedagogic/ADJ,Universitar/ADJ
adevărurile/NOUN,experimentale/ADJ,dobândite/ADJ
raționamente/NOUN,canonice/ADJ,noi/ADJ
forță/NOUN,polițienească/ADJ,eficientă/ADJ
susținută/ADJ,vigilență/NOUN,sanitară/ADJ
frumoasă/ADJ,victorie/NOUN,profilactică/ADJ
societate/NOUN,umană/ADJ,sănătoasă/ADJ
apă/NOUN,împuțită/ADJ,verzuie/ADJ
mare/ADJ,stimă/NOUN,literară/ADJ
lucrare/NOUN,hidrotehnică/ADJ,ingenioasă/ADJ
culoare/NOUN,strălucitoare/ADJ,alb-roz/ADJ
regimul/NOUN,alimentar/ADJ,potrivit/ADJ
Consiliul/NOUN,medical/ADJ,superior/ADJ
rinichi/NOUN,unic/ADJ,funcțional/ADJ
diferitele/ADJ,segmente/NOUN,cutanate/ADJ
căile/NOUN,urinare/ADJ,inferioare/ADJ
Caracterul/NOUN,paroxistic/ADJ,intermitent/ADJ
debitului/NOUN,sanguin/ADJ,renal/ADJ
obstrucții/NOUN,ureterale/ADJ,acute/ADJ
debitului/NOUN,sanguin/ADJ,renal/ADJ
evoluție/NOUN,post-operatorie/ADJ,favorabilă/ADJ
protecție/NOUN,antibiotică/ADJ,preventivă/ADJ
examenul/NOUN,microbiologic/ADJ,repetat/ADJ
fenomenelor/NOUN,inflamatorii/ADJ,acute/ADJ
potențial/NOUN,letal/ADJ,crescut/ADJ
entitate/NOUN,clinică/ADJ,nouă/ADJ
tractul/NOUN,respirator/ADJ,inferior/ADJ
schema/NOUN,terapeutică/ADJ,inițială/ADJ
cateter/NOUN,venos/ADJ,central/ADJ
cateter/NOUN,venos/ADJ,central/ADJ
diferite/ADJ,focare/NOUN,infecțioase/ADJ
cateterului/NOUN,vascular/ADJ,central/ADJ
infecțiilor/NOUN,urinare/ADJ,nozocomiale/ADJ
infecțiile/NOUN,urinare/ADJ,intraspitalicești/ADJ
tratamentului/NOUN,empiric/ADJ,antiinfecțios/ADJ
agentului/NOUN,infecțios/ADJ,izolat/ADJ
infecțiile/NOUN,nozocomiale/ADJ,severe/ADJ
efecte/NOUN,toxice/ADJ,sistemice/ADJ
intervenție/NOUN,terapeutică/ADJ,imediată/ADJ
sistemului/NOUN,nervos/ADJ,central/ADJ
constituenți/NOUN,celulari/ADJ,organici/ADJ
conductanță/NOUN,membranară/ADJ,mare/ADJ
anioni/NOUN,organici/ADJ,nedifuzibili/ADJ
diferiți/ADJ,curenți/NOUN,ionici/ADJ
Principalii/ADJ,curenți/NOUN,ionici/ADJ
fibrelor/NOUN,ventriculare/ADJ,endocardice/ADJ
gradientului/NOUN,electrochimic/ADJ,existent/ADJ
perioadei/NOUN,refractare/ADJ,absolute/ADJ
perioada/NOUN,refractară/ADJ,absolută/ADJ
perioada/NOUN,refractară/ADJ,relativă/ADJ
faza/NOUN,refractară/ADJ,efectivă/ADJ
faza/NOUN,refractară/ADJ,relativă/ADJ
nivel/NOUN,funcțional/ADJ,energetic/ADJ
arsenal/NOUN,terapeutic/ADJ,sărac/ADJ
efect/NOUN,climatoterapic/ADJ,sedativ/ADJ
nou/ADJ,domeniu/NOUN,terapeutic/ADJ
aportul/NOUN,vascular/ADJ,cerebral/ADJ
efect/NOUN,terapeutic/ADJ,adjuvant/ADJ
procesele/NOUN,psihice/ADJ,normale/ADJ
Dimensiunea/NOUN,etiologică/ADJ,chimică/ADJ
episoadele/NOUN,delirante/ADJ,acute/ADJ
funcțiilor/NOUN,vegetative/ADJ,neuromusculare/ADJ
sistemului/NOUN,nervos/ADJ,vegetativ/ADJ
universul/NOUN,specific/ADJ,uman/ADJ
dușurile/NOUN,calde/ADJ,sedative/ADJ
dimensiunea/NOUN,energetică/ADJ,izolată/ADJ
foste/ADJ,oficialități/NOUN,comuniste/ADJ
anume/ADJ,sălbăticie/NOUN,calculată/ADJ
caracter/NOUN,temperat/ADJ,continental/ADJ
Biserica/NOUN,Ortodoxă/ADJ,Română/ADJ
principala/ADJ,instituție/NOUN,religioasă/ADJ
Transportul/NOUN,fluvial/ADJ,românesc/ADJ
evoluției/NOUN,istorice/ADJ,distincte/ADJ
tendințele/NOUN,culturale/ADJ,europene/ADJ
marea/ADJ,poezie/NOUN,europeană/ADJ
muzică/NOUN,cultă/ADJ,laică/ADJ
Statului/NOUN,Major/ADJ,General/ADJ
caracter/NOUN,continental/ADJ,pronunțat/ADJ
muzeu/NOUN,literar/ADJ,memorial/ADJ
centru/NOUN,economic/ADJ,important/ADJ
climatele/NOUN,continentale/ADJ,aspre/ADJ
Institutului/NOUN,Meteorologic/ADJ,Central/ADJ
mijloace/NOUN,financiare/ADJ,proprii/ADJ
Unitatea/NOUN,Administrativ/ADJ,Teritorială/ADJ
profund/ADJ,declin/NOUN,economic/ADJ
reale/ADJ,reforme/NOUN,structurale/ADJ
Salariul/NOUN,mediu/ADJ,brut/ADJ
statelor/NOUN,necomunitare/ADJ,vecine/ADJ
apele/NOUN,fluviale/ADJ,internaționale/ADJ
atracții/NOUN,turistice/ADJ,naturale/ADJ
principalele/ADJ,centre/NOUN,turistice/ADJ
activitate/NOUN,turistică/ADJ,dinamică/ADJ
Regiune/NOUN,montană/ADJ,pitorească/ADJ
patrimoniul/NOUN,turistic/ADJ,mondial/ADJ
documentației/NOUN,minime/ADJ,păstrate/ADJ
Statul/NOUN,Major/ADJ,General/ADJ
Aviația/NOUN,militară/ADJ,română/ADJ
structuri/NOUN,navale/ADJ,unitare/ADJ
joc/NOUN,sportiv/ADJ,național/ADJ
fotbaliștii/NOUN,români/ADJ,celebri/ADJ
campionatele/NOUN,feminine/ADJ,europene/ADJ
Campionatele/NOUN,Mondiale/ADJ,Universitare/ADJ
bornă/NOUN,kilometrică/ADJ,romană/ADJ
numele/NOUN,vechi/ADJ,românesc/ADJ
presupusa/ADJ,Biserică/NOUN,armeană/ADJ
Temperatura/NOUN,maximă/ADJ,înregistrată/ADJ
Fundației/NOUN,Culturale/ADJ,Regale/ADJ
Biblioteca/NOUN,Centrală/ADJ,Universitară/ADJ
Principalele/ADJ,campusuri/NOUN,studențești/ADJ
numeroase/ADJ,centre/NOUN,comerciale/ADJ
mare/ADJ,valoare/NOUN,istorică/ADJ
misiuni/NOUN,diplomatice/ADJ,permanente/ADJ
extinderea/NOUN,teritorială/ADJ,maximă/ADJ
asemenea/ADJ,radiațiilor/NOUN,luminoase/ADJ
orbite/NOUN,circulare/ADJ,staționare/ADJ
pătură/NOUN,electronică/ADJ,interioară/ADJ
nivelului/NOUN,energetic/ADJ,liber/ADJ
păturile/NOUN,electronice/ADJ,exterioare/ADJ
numere/NOUN,reale/ADJ,pozitive/ADJ
spațiile/NOUN,prehilbertiene/ADJ,complete/ADJ
Spațiile/NOUN,normate/ADJ,complete/ADJ
numerelor/NOUN,raționale/ADJ,pozitive/ADJ
spațiul/NOUN,vectorial/ADJ,corespunzător/ADJ
fracția/NOUN,ireductibilă/ADJ,corespunzătoare/ADJ
persoanelor/NOUN,juridice/ADJ,îndreptățite/ADJ
eșantion/NOUN,probabilist/ADJ,aleator/ADJ
eșantion/NOUN,aleator/ADJ,simplu/ADJ
eșantion/NOUN,probabilist/ADJ,aleator/ADJ
deviația/NOUN,medie/ADJ,absolută/ADJ
Deviația/NOUN,medie/ADJ,absolută/ADJ
Crucea/NOUN,Roșie/ADJ,Română/ADJ
date/NOUN,statistice/ADJ,distincte/ADJ
Domeniul/NOUN,schiabil/ADJ,existent/ADJ
venitul/NOUN,lunar/ADJ,asigurat/ADJ
fonduri/NOUN,externe/ADJ,nerambursabile/ADJ
fonduri/NOUN,structurale/ADJ,nerambursabile/ADJ
suficiente/ADJ,abilități/NOUN,lingvistice/ADJ
importante/ADJ,pagube/NOUN,materiale/ADJ
Trupe/NOUN,speciale/ADJ,ruse/ADJ
activitățile/NOUN,nucleare/ADJ,critice/ADJ
nou/ADJ,junghi/NOUN,dureros/ADJ
mișcării/NOUN,islamiste/ADJ,palestiniene/ADJ
fosta/ADJ,putere/NOUN,comunistă/ADJ
guvern/NOUN,conservator/ADJ,polonez/ADJ
soiul/NOUN,pur/ADJ,românesc/ADJ
marelui/ADJ,matematician/NOUN,român/ADJ
întreg/ADJ,procesul/NOUN,tehnologic/ADJ
salariul/NOUN,minim/ADJ,brut/ADJ
arterelor/NOUN,rutiere/ADJ,respective/ADJ
diferite/ADJ,țări/NOUN,europene/ADJ
răspuns/NOUN,biologic/ADJ,suboptimal/ADJ
semnalul/NOUN,celular/ADJ,primar/ADJ
fluxul/NOUN,plasmatic/ADJ,renal/ADJ
reabsorbției/NOUN,proximale/ADJ,crescute/ADJ
determinarea/NOUN,ascultatorică/ADJ,repetată/ADJ
diabetului/NOUN,zaharat/ADJ,experimental/ADJ
membranei/NOUN,bazale/ADJ,glomerulare/ADJ
granule/NOUN,secretorii/ADJ,mature/ADJ
greutate/NOUN,moleculară/ADJ,mare/ADJ
greutate/NOUN,moleculară/ADJ,joasă/ADJ
acțiunilor/NOUN,locale/ADJ,metabolice/ADJ
activitate/NOUN,protein-kinazică/ADJ,intrinsecă/ADJ
mecanisme/NOUN,celulare/ADJ,complexe/ADJ
hipertrofia/NOUN,ventriculară/ADJ,stângă/ADJ
bolilor/NOUN,noncardiace/ADJ,cronice/ADJ
insuficiența/NOUN,renală/ADJ,acută/ADJ
accidentul/NOUN,vascular/ADJ,cerebral/ADJ
conduita/NOUN,terapeutică/ADJ,ulterioară/ADJ
echipei/NOUN,terapeutice/ADJ,multidisciplinare/ADJ
evenimente/NOUN,coronariene/ADJ,acute/ADJ
Angioplastia/NOUN,percutană/ADJ,transluminală/ADJ
risc/NOUN,operator/ADJ,crescut/ADJ
anginei/NOUN,cronice/ADJ,stabile/ADJ
stenoză/NOUN,proximală/ADJ,discretă/ADJ
accidente/NOUN,embolice/ADJ,cerebrale/ADJ
infarctul/NOUN,miocardic/ADJ,acut/ADJ
anginei/NOUN,cronice/ADJ,stabile/ADJ
sternotomie/NOUN,mediană/ADJ,limitată/ADJ
enzimă/NOUN,hidrolitică/ADJ,activă/ADJ
angina/NOUN,precoce/ADJ,postinfarct/ADJ
indicație/NOUN,chirurgicală/ADJ,cardiacă/ADJ
chirurgie/NOUN,valvulară/ADJ,concomitentă/ADJ
cale/NOUN,evolutivă/ADJ,fiziopatologică/ADJ
tehnica/NOUN,medicală/ADJ,modernă/ADJ
contractilității/NOUN,miocardice/ADJ,postintervenționale/ADJ
bilanțul/NOUN,preoperator/ADJ,complet/ADJ
strategii/NOUN,preoperatorii/ADJ,certe/ADJ
Lungi/ADJ,perioade/NOUN,asimptomatice/ADJ
stenoze/NOUN,proximale/ADJ,strânse/ADJ
artera/NOUN,coronară/ADJ,nativă/ADJ
intervenții/NOUN,chirurgicale/ADJ,laborioase/ADJ
lanțul/NOUN,respirator/ADJ,mitocondrial/ADJ
factorilor/NOUN,respiratori/ADJ,nucleari/ADJ
Disfuncția/NOUN,renală/ADJ,postoperatorie/ADJ
ateromatoză/NOUN,aortică/ADJ,calcifiantă/ADJ
disfuncții/NOUN,ventriculare/ADJ,severe/ADJ
tratament/NOUN,medical/ADJ,unimodal/ADJ
strânsei/ADJ,corelații/NOUN,etiopatogenice/ADJ
mijloacelor/NOUN,tehnice/ADJ,peroperatorii/ADJ
protecției/NOUN,terapeutice/ADJ,miocardice/ADJ
stenozei/NOUN,valvulare/ADJ,aortice/ADJ
scleroza/NOUN,valvulară/ADJ,aortică/ADJ
anomalii/NOUN,valvulare/ADJ,aortice/ADJ
pattern/NOUN,autosomal/ADJ,dominant/ADJ
stenozei/NOUN,aortice/ADJ,calcificante/ADJ
stenoza/NOUN,aortică/ADJ,degenerativă/ADJ
gradient/NOUN,minim/ADJ,transvalvular/ADJ
gradient/NOUN,presional/ADJ,sistolic/ADJ
sistemul/NOUN,arterial/ADJ,periferic/ADJ
presiunii/NOUN,intraventriculare/ADJ,stângi/ADJ
simptomele/NOUN,cardiace/ADJ,ușoare/ADJ
intervenția/NOUN,chirurgicală/ADJ,promptă/ADJ
moarte/NOUN,subită/ADJ,cardiacă/ADJ
stenoze/NOUN,aortice/ADJ,severe/ADJ
bolii/NOUN,cerebrovasculare/ADJ,concomitente/ADJ
stenoza/NOUN,aortică/ADJ,senilă/ADJ
stenoză/NOUN,severă/ADJ,asimptomatică/ADJ
stenoză/NOUN,aortică/ADJ,ușoară/ADJ
stenozei/NOUN,aortice/ADJ,severe/ADJ
stenozei/NOUN,aortice/ADJ,severe/ADJ
stenoză/NOUN,aortică/ADJ,degenerativă/ADJ
stenoze/NOUN,valvulare/ADJ,fixe/ADJ
tratament/NOUN,medicamentos/ADJ,paliativ/ADJ
bolii/NOUN,aortice/ADJ,primare/ADJ
scleroza/NOUN,calcifiantă/ADJ,aortică/ADJ
regurgitarea/NOUN,aortică/ADJ,periprotetică/ADJ
insuficiență/NOUN,aortică/ADJ,paravalvulară/ADJ
regurgitării/NOUN,aortice/ADJ,ușoare/ADJ
Clasificarea/NOUN,comună/ADJ,etiologică/ADJ
inel/NOUN,valvular/ADJ,mitral/ADJ
valva/NOUN,mitrală/ADJ,posterioară/ADJ
celulelor/NOUN,musculare/ADJ,netede/ADJ
contracția/NOUN,sistolică/ADJ,alterată/ADJ
circulație/NOUN,venoasă/ADJ,pulmonară/ADJ
edem/NOUN,pulmonar/ADJ,acut/ADJ
bronhopneumopatiei/NOUN,obstructive/ADJ,cronice/ADJ
fereastră/NOUN,ecografică/ADJ,slabă/ADJ
numeroase/ADJ,studii/NOUN,prospective/ADJ
disfuncția/NOUN,renală/ADJ,latentă/ADJ
răspunsul/NOUN,hemodinamic/ADJ,particular/ADJ
disfuncției/NOUN,ventriculare/ADJ,preexistente/ADJ
repararea/NOUN,concomitentă/ADJ,tricuspidiană/ADJ
pragului/NOUN,hipoglicemic/ADJ,simptomatic/ADJ
criterii/NOUN,ecocardiografice/ADJ,stricte/ADJ
leziuni/NOUN,cardiace/ADJ,congenitale/ADJ
bolile/NOUN,mitrale/ADJ,degenerative/ADJ
Stenoza/NOUN,aortică/ADJ,degenerativă/ADJ
stafilococ/NOUN,auriu/ADJ,meticilino-rezistent/ADJ
leziunilor/NOUN,valvulare/ADJ,degenerative/ADJ
examen/NOUN,ecocardiografic/ADJ,negativ/ADJ
complicații/NOUN,neurologice/ADJ,embolice/ADJ
tratament/NOUN,anticoagulant/ADJ,cronic/ADJ
accident/NOUN,ischemic/ADJ,cerebral/ADJ
insuficiențele/NOUN,valvulare/ADJ,severe/ADJ
insuficiența/NOUN,cardiacă/ADJ,acută/ADJ
embolismul/NOUN,cerebral/ADJ,major/ADJ
chirurgia/NOUN,cardiacă/ADJ,valvulară/ADJ
Testele/NOUN,preoperatorii/ADJ,standard/ADJ
insuficiența/NOUN,renală/ADJ,postoperatorie/ADJ
regurgitarea/NOUN,aortică/ADJ,progresivă/ADJ
edem/NOUN,pulmonar/ADJ,acut/ADJ
procese/NOUN,patologice/ADJ,agresive/ADJ
fluxului/NOUN,atrioventricular/ADJ,diastolic/ADJ
necesarului/NOUN,energetic/ADJ,cerebral/ADJ
suprafața/NOUN,corporală/ADJ,mare/ADJ
toracotomii/NOUN,minime/ADJ,drepte/ADJ
hipertrofie/NOUN,excentrică/ADJ,adaptativă/ADJ
segmentelor/NOUN,cuspale/ADJ,opuse/ADJ
regurgitarea/NOUN,mitrală/ADJ,postendocarditică/ADJ
aparatului/NOUN,subvalvular/ADJ,mitral/ADJ
disfuncția/NOUN,ventriculară/ADJ,stângă/ADJ
alterării/NOUN,structurale/ADJ,evidente/ADJ
funcției/NOUN,ventriculare/ADJ,stângi/ADJ
infarctele/NOUN,miocardice/ADJ,inferioare/ADJ
bolii/NOUN,cardiace/ADJ,ischemice/ADJ
regurgitare/NOUN,tricuspidiană/ADJ,funcțională/ADJ
orificiului/NOUN,sigmoidian/ADJ,pulmonar/ADJ
orificiului/NOUN,atrioventricular/ADJ,drept/ADJ
risc/NOUN,chirurgical/ADJ,crescut/ADJ
afectarea/NOUN,cardiacă/ADJ,preoperatorie/ADJ
flux/NOUN,central/ADJ,non-turbulent/ADJ
circulații/NOUN,sanguine/ADJ,eficiente/ADJ
funcționalitatea/NOUN,mecanică/ADJ,valvulară/ADJ
potențial/ADJ,risc/NOUN,vital/ADJ
modificările/NOUN,structurale/ADJ,miocitare/ADJ
fibrelor/NOUN,musculare/ADJ,subendocardice/ADJ
bronhopneumopatiei/NOUN,obstructive/ADJ,conice/ADJ
diametrului/NOUN,toracic/ADJ,antero-posterior/ADJ
boala/NOUN,cardiacă/ADJ,ischemică/ADJ
accidente/NOUN,vasculare/ADJ,cardio-embolice/ADJ
hipotensiunii/NOUN,arteriale/ADJ,ortostatice/ADJ
Hipotensiunea/NOUN,arterială/ADJ,ortostatică/ADJ
examen/NOUN,radiologic/ADJ,pulmonar/ADJ
funcția/NOUN,sistolică/ADJ,ventriculară/ADJ
insulinoamele/NOUN,benigne/ADJ,unice/ADJ
regimul/NOUN,dietetic/ADJ,hiposodat/ADJ
Sindromul/NOUN,postprandial/ADJ,idiopatic/ADJ
element/NOUN,prognostic/ADJ,slab/ADJ
Elementele/NOUN,ecocardiografice/ADJ,importante/ADJ
IC/NOUN,cronică/ADJ,agravată/ADJ
injuriei/NOUN,renale/ADJ,ischemice/ADJ
cauză/NOUN,coronariană/ADJ,ischemică/ADJ
următoarele/ADJ,măsuri/NOUN,terapeutice/ADJ
celulelor/NOUN,musculare/ADJ,netede/ADJ
activitate/NOUN,metabolică/ADJ,intensă/ADJ
presiunea/NOUN,arterială/ADJ,sistolică/ADJ
diferitelor/ADJ,fracțiuni/NOUN,lipidice/ADJ
creșterile/NOUN,glicemice/ADJ,previzibile/ADJ
diferiților/ADJ,factori/NOUN,predictibili/ADJ
dezechilibru/NOUN,metabolic/ADJ,cronic/ADJ
Candidoza/NOUN,bucală/ADJ,asimptomatică/ADJ
acoperire/NOUN,antibiotică/ADJ,intensivă/ADJ
terapie/NOUN,topică/ADJ,locală/ADJ
eliminare/NOUN,urinară/ADJ,medie/ADJ
boala/NOUN,coronariană/ADJ,ischemică/ADJ
studii/NOUN,populaționale/ADJ,prospective/ADJ
relație/NOUN,cauzală/ADJ,directă/ADJ
