count,awf,nwf
1,abala,dhanvanaḥ
1,abala,rasaḥ
1,abala,द्विषतानम्
1,abhīvartena,haviṣā
1,abhīvartena,kṣatram
1,acyutam,ojaḥ
1,adbhutaḥ,putraḥ
1,agnīṣomīyam,paśum
2,agnīṣomīyasya,paśoḥ
1,agriyaḥ,stomaḥ
1,agruvaḥ,prajāpatiḥ
1,agruvaḥ,svasāraḥ
1,aindrāḥ,atisarāḥ
1,ajaram,haviṣā
1,ajaram,kṣatram
1,alpam,enaḥ
1,amartyaḥ,akṣaḥ
1,amedhyāḥ,paśavaḥ
1,amṛtam,nāma
1,anavabhra,rādhasaḥ
1,anehasam,dyām
1,antaram,varma
1,antye,rūpam
1,antye,tanvau
1,anusphuram,śaram
1,apodakam,viṣam
1,apriyam,bhrātṛvyam
1,arasasya,vṛkṣasya
1,arasasya,śarkoṭasya
1,araṇam,janam
1,arbhasya,maśakasya
1,ardha,māseṣu
1,ardha,māsānām
1,ardha,māsāḥ
1,ariṣṭa,vīrāḥ
1,ariṣṭebhiḥ,saubhagebhiḥ
1,arjuna,sārameya
1,arvācīḥ,agnim
1,arvācīḥ,upasadaḥ
1,asapatnām,sthālyām
2,asapatnām,vijitim
1,asapatnām,yājyā
1,asiknīm,tvacam
1,asmākebhiḥ,hotre
1,asmākebhiḥ,satvabhiḥ
1,audumbaraḥ,yūpaḥ
1,avadāvadaḥ,lokaḥ
1,avyathyāya,devāya
2,avācīna,agram
1,avācīna,yajñam
1,ayasmayīḥ,ṛṣṭīḥ
1,añjayaḥ,vāghataḥ
1,añjibhiḥ,vāghadbhiḥ
1,aśarīrāḥ,yonyāḥ
2,aśarīrāḥ,āhutayaḥ
1,aślīlam,gandham
2,babhrum,ṛṣabham
1,babhruḥ,agniḥ
1,babhruḥ,vaśā
2,bahu,rūpam
2,bahu,rūpaḥ
1,bahulam,tamaḥ
1,bahulāḥ,stokāḥ
1,bahvyaḥ,āpaḥ
1,bailvam,yūpam
1,balakṣam,petvam
1,balakṣam,prātaranuvākāḥ
1,balī,maṇiḥ
1,baṣkaye,vatse
1,bhadram,kratum
1,bhadrā,jyotīṃṣi
1,bhadrāt,dakṣam
1,bhadrāt,nyagrodhāt
1,bhadrāt,plakṣāt
1,bhadrāṇi,bījāni
1,bhadrāṇi,paśavaḥ
1,bhojam,indram
1,bhrājaḥ,sūryaḥ
1,bhūreḥ,rāyaḥ
1,bhūri,varpasam
1,bhūyasi,haviṣkaraṇe
1,bhūyasībhiḥ,paśūnām
2,bhūyasībhiḥ,āhutibhiḥ
1,bhūyaḥ,haviṣkaraṇam
1,bhūyiṣṭham,annam
1,bhūyiṣṭham,दोषः
1,brāhmaṇāt,rādhasaḥ
1,bṛhantam,varuṇam
1,bṛhat,chandāḥ
1,bṛhat,rāṣṭram
1,bṛhat,vayaḥ
1,bṛhate,raṇāya
1,bṛhatā,annādyāya
1,bṛhatā,bhānunā
1,bṛhatīm,diśam
1,caturtham,saṃvatsaram
1,caturthaḥ,apānaḥ
1,caturthaḥ,gāyatrī
1,caturthaḥ,prāṇaḥ
1,caturthaḥ,vyānaḥ
1,caturthīm,rātrim
1,citram,ketum
1,citram,पार्श्वे
1,daivam,dāyam
1,daivam,kṣatram
1,daivam,pāpmanaḥ
1,daivam,vṛṣṇyam
1,daive,vede
1,daivyam,madhu
1,daivyaḥ,janaḥ
1,daivyena,madhunā
1,daivyena,manasā
2,daivyāḥ,adhvaryavaḥ
1,daivyāḥ,sakhā
1,daivyāḥ,अर्थम्
1,daivyāḥ,ṛtvijaḥ
1,daivān,adhvaryūn
1,daivīḥ,iṣavaḥ
1,daivīḥ,oṣadhayaḥ
1,dakṣiṇam,akṣi
1,dakṣiṇaḥ,karṇaḥ
1,dakṣiṇe,haste
2,dakṣiṇām,diśam
1,dakṣiṇāyām,diśi
4,dakṣiṇāyāḥ,diśaḥ
1,damyebhiḥ,anīkaiḥ
1,damyebhiḥ,janimāni
1,datvatī,rajjuḥ
1,daśame,māsi
1,daśamāsyaḥ,paśūnām
1,daśamāsyaḥ,putraḥ
1,devena,manasā
2,devinīm,apsarām
1,devyā,dhiyā
1,devyā,nadī
1,devāya,janmane
1,devīḥ,apaḥ
1,dharuṇam,agram
2,dhruvām,diśam
2,dhruvāt,yoneḥ
4,dhruvāyāḥ,diśaḥ
1,dhānyam,rasam
1,dhīrāsaḥ,kavayaḥ
1,dhīvānaḥ,rathakārāḥ
1,dhṛṣṇu,draviṇaḥ
1,dhṛṣṇu,ojasaḥ
1,dhṛṣṇuḥ,putram
1,dhṛṣṇuḥ,somaḥ
1,divyasya,suparṇasya
1,divyaḥ,apām
1,divyaḥ,suparṇaḥ
1,divyaḥ,कराः
2,divyāḥ,āpaḥ
1,duṣpratigrahā,vaśā
1,dvitīyam,saṃvatsaram
1,dvitīyaḥ,apānaḥ
1,dvitīyaḥ,prāṇaḥ
1,dvitīyaḥ,vyānaḥ
1,dvitīyām,rātrim
1,dyumantam,ghoṣam
1,dyumantam,manuṣyasya
1,dyumantam,rayim
1,dyumnī,indraḥ
1,dyumnī,yajñe
3,dyāvāpṛthivīyam,tṛcam
1,dīdi,agnī
1,dīdi,rakṣasaḥ
1,dīdi,अभ्यन्तरे
4,dīrgha,āyu
1,dūḍabham,dakṣam
1,dūṣaṇīm,vācam
1,ekaviṃśam,aditim
1,ekaviṃśam,ātmānam
1,etāvataḥ,kāmān
1,garutmān,suparṇaḥ
1,gnāvas,neṣṭar
1,gnāvas,tokeṣu
2,graiṣmau,māsau
1,grāmyaḥ,paśuḥ
1,grāmyān,paśūn
1,grāmyān,vṛtrature
1,grāmyāḥ,bhrātṛvyaḥ
1,grāmyāḥ,paśavaḥ
2,haimanau,māsau
1,haritāḥ,preṅkhāḥ
1,haritāḥ,साहाय्ये
1,hastyāḥ,aṅgulayaḥ
1,haviṣmataḥ,marutaḥ
1,hetimantaḥ,brāhmaṇāḥ
1,hetimantaḥ,māsāḥ
1,hiraṇya,akṣaḥ
2,hiraṇya,kaśipau
2,hiraṇyaye,barhiṣi
1,hiraṇyayī,araṇī
1,hiraṇyayī,nauḥ
1,hiraṇyayī,tamaḥ
1,hiraṇyayīḥ,ṛṣṭīḥ
1,hṛdayyam,śokam
1,iryaḥ,gopāḥ
1,jalāṣa,bheṣaja
1,jiṣṇuḥ,brahmaṇaspate
1,jiṣṇuḥ,purohitaḥ
1,jiṣṇuḥ,बन्धु
1,jyeṣṭham,putram
1,jātavatīm,devī
1,jīra,dānū
1,jīvam,havyam
1,jīvam,prajāḥ
1,jīvam,vrātam
1,ketumantaḥ,kṛtyā
1,ketumantaḥ,ululayaḥ
6,kevalena,paśunā
1,keśakaḥ,kumāraḥ
1,keśibhiḥ,haribhiḥ
1,khādiram,yūpam
2,khādireṇa,yūpena
2,kṛśanaḥ,śaṅkhaḥ
4,kṛṣṇa,grīvam
1,kṛṣṇa,grīvān
1,kṛṣṇa,havyam
1,kṛṣṇa,upayājāḥ
1,kṛṣṇam,petvam
1,kṛṣṇaḥ,petvaḥ
1,kṛṣṇā,aviḥ
1,kṣamyasya,janmanaḥ
1,kṣipra,iṣave
1,lohita,vāsasaḥ
1,lomaśa,vakṣaṇe
1,madhumatīm,śākhām
1,madhyamam,rasam
1,maghavānam,sūrim
1,maghavānaḥ,rāyaḥ
1,mahat,brahma
1,mahat,takman
1,mahat,tejaḥ
1,mahat,śarma
2,mahate,saubhagāya
1,mahatā,vadhena
1,mahaḥ,rāyaḥ
1,mahe,raṇāya
1,mahi,karmā
1,mahi,varcāṃsi
1,mahyai,ariṣṭatātaye
1,mahā,budhnaḥ
1,mahā,dhanasya
1,mahā,puroﾱāśam
1,mahā,vṛkṣāḥ
1,mahā,yajñāt
1,mahāṁ,śāsaḥ
1,mahī,dhamaniḥ
1,mahī,rītiḥ
1,mahī,vīryam
1,mahī,प्रसादः
1,maitrāvaruṇaḥ,nyaṅgaḥ
1,manīṣiṇaḥ,karmārāḥ
1,marutvatā,indreṇa
1,matsarāsaḥ,indavaḥ
1,mayobhuvā,jaṅgiḍena
1,mayyaḥ,puraḥ
1,mayīḥ,tripuram
1,medhyāḥ,duraḥ
2,mithunau,paśū
1,mithunau,vācaḥ
1,mārutam,śardhaḥ
1,māṃpaśyam,bheṣajam
1,mīḍhvāṁ,asuraḥ
1,mīḍhvāṁ,devam
1,nairbādhyena,haviṣā
1,niyutvatī,yame
3,niyutvatī,yājyā
1,nīcīnasya,śarkoṭasya
1,nīla,śikhaṇḍa
1,nṛvatīḥ,kṣāḥ
1,nṛvatīḥ,कञ्चुकिनः
1,paitudāravāḥ,paridhayaḥ
1,paitāmahāt,tantoḥ
1,paramam,janitram
3,paramam,lokam
1,parame,vyoman
1,paramām,diśam
1,paramām,parāvatam
1,parijmānam,ratham
1,paritatnunā,ikṣuṇā
1,parvataḥ,giriḥ
1,parvataḥ,kilbiṣa
1,patayiṣṇukam,manaskam
1,pauruṣeyaḥ,vadhaḥ
1,payasvatī,dyāvāpṛthivī
1,pañcamam,saṃvatsaram
1,pañcamaḥ,apānaḥ
1,pañcamaḥ,prāṇaḥ
1,pañcamaḥ,pāpmānam
1,pañcamaḥ,vyānaḥ
1,pitṛyāṇam,lokam
1,piṅgalam,ṛṣabham
1,prajananam,indriyeṇa
1,prajananam,mithunam
1,prajāvantam,rayim
1,prataraṇaḥ,vīraḥ
1,prathamaḥ,apānaḥ
1,prathamaḥ,manotā
1,prathamaḥ,prāṇaḥ
1,prathamaḥ,vyānaḥ
1,prathamaḥ,vṛṣā
1,prathame,mukhe
1,prathamām,dhrājim
1,pratnaḥ,hotā
1,pratnena,manmanā
1,pratnena,vācā
1,pratīcyām,diśi
4,pratīcyāḥ,diśaḥ
2,pratīcīm,diśam
1,priyam,atithim
20,priyam,dhāma
1,priyam,gandharvaḥ
1,priyam,kṣayam
1,priyam,lokam
1,priyam,maṇim
1,priyam,nāma
1,priyam,prajā
1,priyam,pāthaḥ
1,priyam,yuvānam
1,priyatamāḥ,tanvaḥ
1,priyaḥ,atithiḥ
1,prācyam,rājā
1,prācyam,viṣam
3,prācyām,diśi
1,prācyām,padam
4,prācyāḥ,diśaḥ
1,prācyāḥ,lokānām
1,prācī,diś
4,prācīm,diśam
1,prācīna,pakṣā
1,prāñcaḥ,tantavaḥ
1,puru,vāra
1,puruspṛham,rayim
5,puṇyāḥ,lokāḥ
1,pāpam,karma
1,pūrvyam,brahma
1,pūrvyam,dhāma
1,pūrvyam,tantum
1,pūti,dhānyā
1,pṛthvīm,prasitim
1,pṛśni,saktham
1,pṛśni,sakthaḥ
1,rathyā,cakrā
1,revatīḥ,āpaḥ
1,rohitaiḥ,varṇaiḥ
1,rohitasya,goḥ
1,ruśat,paśuḥ
1,rākṣasī,kāmāya
1,rākṣasī,vāc
1,rākṣasīm,paśum
1,rākṣasīm,vācam
1,rākṣoghnyaḥ,gāyatryaḥ
1,rāme,devāḥ
1,rāme,oṣadhe
1,rūrāya,śociṣe
1,sabardughām,dhenum
1,sadām,prajānām
1,sadām,vedī
1,sahasvān,jaṅgiḍaḥ
1,sakhivāṁ,viṣṇuḥ
1,samantāḥ,puṣkariṇīḥ
1,samarye,vidathe
1,samāna,barhiṣī
1,samānam,artham
1,samānam,ūrvam
1,samāne,vṛtratūr
1,samāne,yonau
1,saptamaḥ,apānaḥ
1,saptamaḥ,prāṇaḥ
1,saptamaḥ,vyānaḥ
2,sarvebhyaḥ,antardeśebhyaḥ
1,sarvān,antardeśān
1,sarvāḥ,agniḥ
1,sarvāḥ,devatāḥ
1,sat,devatayā
2,sat,patiḥ
1,satya,mantrāḥ
1,satya,ojāḥ
1,satya,āhuti
1,satya,āyatanābhiḥ
1,satyam,cittam
1,satyam,prajā
1,satyaḥ,agniḥ
1,satyaḥ,vāyuḥ
2,saumyam,tṛcam
1,saumyam,śalyāt
1,saumyena,adhvareṇa
1,savyam,akṣi
1,savyaḥ,karṇaḥ
1,saṃsrāvyeṇa,haviṣā
1,saṃvatsarīṇām,svastim
1,sikatāvatī,dhanūḥ
1,sikatāvatī,खण्डनम्
1,somyebhiḥ,gandharvaiḥ
1,spārhāḥ,iṣaḥ
1,sthira,dhanvane
1,sthira,शब्द
1,subhagā,devī
1,sugandhi,tejanāni
1,sukhaḥ,indra
1,sukhaḥ,kṣeme
2,sukhaḥ,rathaḥ
1,sukratum,aśvasya
1,surabhi,ghṛtam
1,sva,dharman
1,sva,hotā
1,sva,palāśasya
1,svam,lokam
1,svam,vāja
1,svarvati,vṛjane
1,svayā,abhikrāntyai
10,svayā,devatayā
1,svayā,kṛtyāḥ
1,svayā,patiḥ
1,svaḥ,kṣayaḥ
1,svaḥ,lokaḥ
1,svaḥ,sakhā
1,svaḥ,yoniḥ
1,sve,indraḥ
1,sve,loke
2,sve,yonau
1,svena,bhāgadheyena
6,svena,chandasā
1,svena,manaḥ
2,svena,medhena
1,sveṣu,kṣayeṣu
1,svā,devatā
1,svādhyaḥ,kavayaḥ
1,svādum,udumbaram
1,svām,devatām
1,svām,yonim
1,svāt,gāvaḥ
1,svāt,yoneḥ
2,svāyām,pratiṣṭhāyām
1,tanayeṣu,neṣṭar
1,tanayeṣu,tokeṣu
1,tanūpānaḥ,parṇaḥ
1,tapiṣṭhena,śociṣā
1,taraṇim,prajāpatim
1,taturiḥ,iḍā
1,tigma,iṣavaḥ
1,tigma,jambhaḥ
1,tigma,āyudhāya
1,tiryam,karambham
1,tiryam,somasya
1,trayān,adhvanaḥ
1,trivṛtaḥ,lokāḥ
1,trivṛtā,rathena
1,turīyaḥ,agniḥ
1,tveṣa,saṃdṛśaḥ
1,tveṣam,nāma
1,tāram,avaśvasam
1,tārṣṭāghīḥ,samidhaḥ
1,tārṣṭāghīḥ,udaram
2,tīkṣṇa,iṣavaḥ
1,tīkṣṇa,उपकारम्
1,tṛtīyakāya,takmane
1,tṛtīyam,saṃvatsaram
1,tṛtīyasyām,bhāgam
1,tṛtīyasyām,divi
1,tṛtīyaḥ,apānaḥ
1,tṛtīyaḥ,prāṇaḥ
1,tṛtīyaḥ,vyānaḥ
1,tṛtīyām,rātrim
1,tṛṣitaḥ,gauraḥ
1,tṛṣitaḥ,nirṛti
1,tṛṣṭa,vandane
1,ubhayoḥ,rikthayoḥ
1,ucchuṣma,oṣadhīnām
1,udanyāḥ,dhārāḥ
1,udriṇam,kavandham
1,udīcyām,diśi
4,udīcyāḥ,diśaḥ
2,udīcīm,diśam
1,ugra,bāhavaḥ
1,ugra,āyudhāḥ
1,ugra,करणात्
1,ugraiḥ,vacobhiḥ
1,ugram,bheṣajam
1,ugram,pājaḥ
2,ugram,sahaḥ
1,ugram,vīryam
1,ugreṇa,vacasā
3,ukthyam,vacaḥ
1,uru,antarikṣam
1,uruḥ,gātuḥ
1,urvīḥ,pradiśaḥ
1,usriyaḥ,vṛṣā
1,uttamam,dakṣam
1,uttamam,haviḥ
1,uttamam,iṣuḥ
1,uttamam,jyotiḥ
2,uttamam,nākam
1,uttamam,tapaḥ
1,uttamasyām,ṛci
1,uttamena,brahmaṇā
1,uttamām,diśam
1,uttamāni,nāmāni
1,uttara,prajānām
3,uttara,vedī
1,uttaram,girim
1,uttaram,okasaḥ
1,uttaram,prajām
1,uttaram,sahaḥ
1,uttarasmin,jyotiṣi
1,uttarasya,gireḥ
1,uttarasyām,yajyāyām
1,uttarena,tṛcena
1,uttareṇa,tṛcena
1,uttarā,yajyā
1,uttarābhiḥ,dvāviṃśatyā
1,uttarābhiḥ,ekatriṃśatā
1,uttarāvantam,indram
1,uṣasyāni,chandāṃsi
1,vaikaṅkatena,idhmena
1,vaiśvānarīm,sūnṛtām
1,vakrā,mukhāni
1,vakrāt,dhanvanaḥ
1,vakrāt,yajñe
1,vaso,agne
2,vicakṣaṇam,somam
1,vicakṣaṇam,āhutibhiḥ
2,vicakṣaṇavatīm,vācam
1,vicakṣaṇavatīm,ṛtavaḥ
1,vittamam,abhiśastīḥ
1,vittamam,devam
1,viśvadevyāvatā,viśvakarmaṇā
1,viśvā,duritā
1,viśvā,sūrya
1,viṣamān,lokān
1,vratyāḥ,rātrīḥ
1,vyoṣayā,śucā
1,vyoṣā,iṣuḥ
1,vājinaḥ,aśvāḥ
1,vājinā,śuṣmeṇa
1,vājinīvān,ṛṣabhaḥ
1,vājinīḥ,gāvaḥ
1,vājinīḥ,पृथिव्याः
1,vājī,indraḥ
1,vāmanam,paśum
1,vāryāṇi,ratnā
2,vārṣikau,māsau
2,vāsantau,māsau
1,vīravat,yaśaḥ
1,vīryāvatā,brahmaṇā
1,vīryāvatā,सुखम्
1,vīta,pṛṣṭhāḥ
1,vīḍu,jambham
1,yajñiyam,bhāgam
1,yajñiyam,karma
1,yajñiyayā,iḍayā
1,yaviṣṭha,agne
1,yaśasam,poṣam
1,yūthyaḥ,sakhā
1,ādityaḥ,brahmaṇaspatiḥ
3,ādityaḥ,caruḥ
1,āgneyam,kratūn
3,āgneyam,tṛcam
1,āgneyāni,brahmaṇā
1,āgneyāni,chandāṃsi
1,āgnāvaiṣṇavam,budhnaḥ
1,āgnāvaiṣṇavam,haviḥ
2,āgnāvaiṣṇavam,puroﾱāśam
1,āgnāvaiṣṇavam,विधम्
1,āgnāvaiṣṇavasya,haviṣaḥ
1,āmāvāsyena,haviṣā
1,āraṇyāḥ,vyadvarāḥ
1,ārśam,vṛṣṇyam
1,āsurī,vāc
1,āsurī,śatravaḥ
1,ātharvaṇam,jambhanam
1,ātithyam,haviḥ
1,ātithyavatyau,puronuvākye
1,ātithyavatyau,saṃyājye
1,āśu,hemā
1,āśvināni,chandāṃsi
1,śacīva,stokāsaḥ
2,śaiśirau,māsau
1,śaudrāt,nyāyāt
1,śaśayuḥ,mṛgaḥ
3,śaśvatībhyaḥ,samābhyaḥ
1,śaṃbhu,dūṣaṇam
1,śikhaṇḍinaḥ,gandharvasya
1,śikhaṇḍinaḥ,vṛkṣāḥ
2,śiti,pād
1,śivatamaḥ,dhanvanaḥ
1,śivatamaḥ,rasaḥ
1,śivatamaḥ,द्विषतानम्
1,śivāḥ,pāyavaḥ
1,śreṣṭham,rayim
1,śreṣṭham,vāryam
1,śreṣṭhaḥ,ṛṣiḥ
1,śreṣṭhā,svastiḥ
1,śroṇām,gām
1,śuci,vratā
1,śuci,पुत्रान्
1,śucim,lokam
1,śuṣka,āsyā
1,śuṣmī,vīraḥ
2,śveta,anūkāśāḥ
1,śvetam,lakṣma
1,śvetam,rūpam
1,śvetam,trāmāṇam
1,śvetaḥ,rathaḥ
2,śāradau,māsau
1,śāradau,vīrye
1,śārkoṭam,viṣam
1,śītāya,takmane
1,ūrdhvā,diś
1,ūrdhvā,नाम
2,ūrdhvām,diśam
4,ūrdhvāyāḥ,diśaḥ
1,ūrdhvāḥ,lokāḥ
1,ūrdhvāḥ,prāṇāḥ
1,ūrṇāvantam,yonim
1,अगामीनि,भाण्डानि
1,अतिरस्कृतः,लाभः
1,अद्यतनः,दिवसः
1,अनन्त,पारं
1,अनुचित,śalyām
1,अनुचित,स्थान
1,अप्राप्त,mitrāvaruṇau
1,अप्राप्त,वचनम्
1,अहीन,agne
1,अहीन,कालं
1,आद्यः,jāmayaḥ
1,आद्यः,श्लोकः
1,आर्द्र,हृदयः
1,कन्या,svāhā
1,कलित,चरणो
1,कालं,mitrāvaruṇau
1,कालं,वचनम्
1,कुल,prātaḥsavanam
1,कुल,सिंहः
1,कूट,मानम्
1,केवलम्,असंमानं
1,गम्भीर,रावम्
1,गान्धर्व,brahmavarcasam
1,गान्धर्व,विवाहेन
1,गान्धर्वेण,agniḥ
1,गान्धर्वेण,विवाहेन
1,गुरु,pratinandanam
1,गुरु,जन
1,तथ्य,amitrān
1,तथ्य,वचनम्
1,तर,रावम्
1,दक्षिणात्ये,amṛtam
1,दक्षिणात्ये,rājan
1,दक्षिणात्ये,जनपदे
1,दाक्षिणात्ये,जनपदे
1,दुर्मेधसः,kṛśanam
1,दुर्मेधसः,पुत्राः
1,देव,मार्गम्
1,दैव,वशात्
1,निरतिशयं,brahmaṇā
1,निरतिशयं,गरिमाणं
1,निरुत्साह,हृदयम्
1,पर,लोके
1,परम्,kṛtye
1,परम्,देश
1,परम्,विषादम्
1,परस्परम्,ghṛtam
1,परस्परम्,विचारम्
1,परां,निर्वृतिम्
1,परिचित,अगमः
1,परिवर्तिनि,śatrūṇām
1,परिवर्तिनि,संसारे
1,पुलकित,rathena
1,पूर्व,mṛgāḥ
1,पूर्व,पत्नी
1,प्रथमम्,तन्त्र
1,प्रभूते,वित्त
1,प्रभूना,द्रव्येण
1,प्रोतो,जातः
1,महत्,राज्यम्
1,महा,अटवीम्
1,महा,अध्वानम्
1,महान्,annam
1,महान्,rogam
1,महान्,कूपः
1,महान्,दोषः
1,महान्,स्नेहः
1,मात्रम्,rudra
1,मात्रम्,शास्त्रम्
1,मानुष,विग्रह
1,वन्ध्या,भार्या
1,विरला,जलदा
1,विरोधिनः,वचसः
1,शुक्ल,पटे
1,शुभायाम्,nivartanam
1,शुभायाम्,तिथौ
1,श्लक्ष्णया,गिरा
1,सकल,पारम्
1,सकल,सारम्
1,सकलाम्,वसुमतीम्
1,समर्थेन,kāmaḥ
1,समर्थेन,शत्रुणा
1,सर्व,rathena
1,ससचिवः,bheṣajam
1,ससचिवः,राजा
1,सादरं,कुमारान्
1,सुमनोहरं,शास्त्रम्
1,स्था,रथाम्
1,स्वल्प,दुःखाय
1,ṛjīṣiṇaḥ,mandhātā
1,ṛjīṣiṇaḥ,marutaḥ
1,ṛjūyavaḥ,ṛbhavaḥ
1,ṛtāvarī,devī
1,ṛtāvā,mandhātā
1,ṛtāvā,marutaḥ
1,ṣaṣṭham,saṃvatsaram
1,ṣaṣṭhaḥ,apānaḥ
1,ṣaṣṭhaḥ,prāṇaḥ
1,ṣaṣṭhaḥ,vyānaḥ
