count,awf,nwf
1,a-muigh,thaobh
5,a-staigh,taobh
2,a,ceann
3,a,cheann
1,a,dh’fhaighinn
1,a,duine
1,a,nì
1,a,oidhche
1,a,rìoghachd
1,a,shluagh
1,a,t-saoghal
2,a,taobh
1,aimhleathan,beachd
1,aimhleathan,leabaidh
1,ainmeil,feallsanaich
1,ainmeil,fear
1,ainmeil,ghàidhlig
1,ainmeil,ministearan
1,ainmeil,nòtaichean
2,ainmeil,sgeulaiche
1,ainmeil,sgoilear
1,ainmeil,sgoileir
1,ainmeil,treubh
1,air,leabhar
1,aithghearr,sùil
1,albannach,ball-pàrlamaid
1,albannach,co-theacs
1,albannach,colaiste
1,albannach,iarraidh
1,albannach,iomairt
1,albannach,pàrtaidh
2,albannach,seanchaidhean
1,albannaich,pàrlamaid
1,am,taobh
1,am,té
1,ameireaganach,dhrugaichean
1,an-àbhaisteach,rud
1,an,h-eileanan
1,an,thaobh
1,an,àird
1,annasach,craobh
1,annasach,rud
1,annasach,sgeulachd
1,aodharach,fonn
1,aonaichte,dùthchannan
1,ard,fhear-sgrùdaidh
1,armaichte,buidheann
1,atamaich,bhith
1,atamaich,chumhachd
1,ath,gheamhraidh
3,ath,mhìos
1,ath,sgrùdadh
1,ath,sheachdainn
1,ath,thaghaidh
1,ath,àite
1,baoth,uabhar
1,barraichte,sgeulaiche
1,beag,airgead
1,beag,astar
1,beag,baile
1,beag,bàta-aiseig
1,beag,bàta
1,beag,campa
1,beag,cuimhne
1,beag,duan
8,beag,fear
1,beag,feuchainn
1,beag,gille
2,beag,gàire
1,beag,pìos
1,beag,rathad
2,beag,rud
1,beag,trèilear
1,beag,tuathanach
1,beag,tuathanas
1,beag,uair
1,beag,àite
1,beaga,allt
1,beaga,daoine
1,beaga,làraichean
1,beaga,oifisean
1,beaga,toir
1,beairteach,cultar
1,beannaichte,duine
1,beusach,dhaoine
1,beòthail,fiamh
1,beòthail,ùine
1,bheag,buidheann
1,bheag,eagal
1,bheag,fhear
2,bheag,oidhche
1,bheag,smuais
1,bheag,treiseag
1,bheaga,dòigh
1,bheaga,eathraichean
1,bhig,bhaile
1,bhig,dhòrnaig
1,bhreatannach,nanny
1,bhreatannach,stoc
1,bhuidhe,chlàr
3,bhuidhe,chìr
1,bhuidhe,shùil
1,bhuig,bhois
1,bhòidheach,oidhche
1,biorach,sàilean
1,bochd,duine
1,bochd,gille
1,breatannach,sluagh
1,briste,fheur
1,brèagha,latha
1,brùideil,daoine
1,buannachdail,plèana
1,buidhe,aodann
1,buidhe,bhith
1,buidhe,cìr
2,buidhe,cìre
1,buidhe,dh'iarraidh
1,buidhe,duine
2,buidhe,iarraidh
1,bunaiteach,iarraidh
1,bàsmhor,tubaist
1,bòidheach,aileal
1,bòidheach,seallaidhean
1,caime,traidisean
1,caitligeach,sagairt
1,caol,ceatharnach
1,caol,duine
1,caola,binneanan
1,ceangailte,gnothaichean
1,ceart,cheadha
1,ceart,deuchainn
1,ceart,faighinn
1,ceart,muir
1,ceart,taigh
1,ceart,tuarastal
1,ceart,uair
1,ceilteach,cultaran
1,ceilteach,dùthchannan
1,ceilteach,scottish
1,ceàrr,taobh
1,chaitligeach,eaglais
1,chaol,bhith-beò
1,cheart,am
1,cheart,bharail
1,cheart,t-airgead
1,cheart,àm
1,cheilteach,dualchas
1,cheàrr,làimh
1,chiad,sheachdain
1,chinook,heileacoptar
1,chlasaigeach,ghàidhlig
1,chlì,dath
1,chlì,làimh
1,choigrich,litreachais
1,choigrich,obair
1,choitchinn,mhargaidh
1,cholach,ìre
1,chorporra,buidheann
1,chothromach,cùirt
1,chruaidh,coach
1,chruaidh,ionnsaidh
1,chruaidh,obair
1,chràbhach,bàrdachd
1,chudromach,pàirt
1,chuile,duine
1,chuile,nì
1,chuile,rìoghachd
1,chultarach,ionad
1,chòir,taobh
1,chòir,té
1,co-aimsireach,mac-léinn
1,coigreach,airgead
1,coigreach,dòighean
1,coigreach,fiosrachadh
1,coimheach,baothalas
1,coltach,sùilean
1,comasaiche,coimeas
1,comasaiche,daoine
1,comhfhurtail,tigh
1,connspaideach,planaichean
1,corra,ablach
1,corra,bhliadhna
1,corra,marbhrann
1,corra,moladh
1,corra,teine
1,corrach,fear
1,cothromach,tuarastal
1,crasgach,falt
1,cruaidh,cathair
1,cruaidh,ceann
1,cruaidh,cheasnachadh
1,cruaidh,phàrlamaid
1,cruaidhe,rud
1,cruaidhe,sràidean
1,cudromach,gnothaich
1,cudromach,obair
1,cudromaiche,sgrìobhaidh
1,cugallach,ìomhaigh
1,cultarach,com-pàirt
1,cumanta,sluagh
1,cumanta,toimhsean
2,cèin,dùthchannan
1,còmhnard,ballachan
1,còmhnard,staran
1,cùbhraidh,fàileadh
1,cùl-shleamhnach,baothalas
1,deagh,bhàrr
1,deagh,chaomh
1,deagh,daoine
1,deagh,dhreuchd
1,deagh,fheum
1,deagh,fhàilte
1,deagh,ghabhail
1,deagh,ghàidhlig
1,deagh,mheas
1,deagh,mheasgachadh
1,deagh,mhogan
1,deagh,shìde
1,deamocrataiceach,pàrtaidh
1,dearbh,bhuintealas
1,dearbh,rud
1,dearg-fhuileach,ceallan
1,dearg,cuthach
1,dearg,van
1,deas,ghàirdean
1,deas,làimh
2,dheagh,charaid
1,dheagh,dhuine
1,dheamocratach,cèaird
1,dheamocratach,libearalach
1,dheamocratach,libearalaich
1,dheas,bàs
1,dheas,làimh
1,dheireannach,cuairt
1,dheireannach,muinntir
1,dheis,aideachadh
1,dheis,ghualainn
1,dheis,iarraidh
1,dhomhainn,agairt
1,dhorcha,glumag
2,dhrabasta,ionnsaidh
1,dhroch,bharail
1,dhroch,bhuaidh
1,dhroch,criosan
1,dhrùidhteach,fhacal
1,dhubh,ad
1,dhubh,thoit
1,dhòigheil,clach
1,dhòigheil,rud
1,dhùinte,fiasag
1,dhùinte,t-saoghal
1,digiteach,cead-telebhisean
1,dlùithe,ceangal
1,dlùithe,càirdeas
1,dlùithe,dad
2,dlùithe,sùil
2,dlùth,ceangal
1,do-labhairt,binneanan
1,donn,aodann
1,donn,lùth-chleasan
1,dorch,aodach
1,dorch,oifigearan
2,dorcha,duine
2,draoidheach,slacan
1,droch,bhuaidh
1,droch,chaobadh
3,droch,chluich
1,droch,mhogan
1,droch,phroifeasair
1,droch,phrìsean
1,droch,sgailc
1,droch,shìde
1,droch,thoglaichean
1,dubh,aonach
1,dubh,bliadhna
1,dubh,cleòca
1,dubh,còta
2,dubh,falt
1,dubh,feadan
3,dubh,fitheach
1,dubh,ruith
1,dubha,shùilean
1,duitseach,saighdearan
1,dìnneireach,àm
1,dìomhair,caraid
1,dìomhair,fhiasag
1,dìomhair,àireamh
1,dòchasach,fonn
1,dùthchail,fheumalachdan
1,dùthchail,gnothaichean
3,dùthchail,sgìrean
1,eaconomaigeach,leasachadh
1,eadar-dhealaichte,aileal
1,eadar-dhealaichte,bucas
1,eadar-dhealaichte,seallaidhean
1,eadar-dhealaichte,sheòrsa
1,eadar-dhealaichte,soillseachadh
1,eadar-dhealaichte,àite
1,eadar-dhealaichte,òrdachadh
1,eagalach,dìomhaireachd
1,eagalach,sgailc
1,eile,acadamh
1,eile,aobhar
1,eile,aodann
1,eile,balgam
2,eile,bliadhna
1,eile,brosnachaidh
1,eile,bùithtean
1,eile,ceò
1,eile,chaitligich
1,eile,chànan
1,eile,clach
2,eile,claidheamh
1,eile,clann
1,eile,crìosdaidhean
1,eile,cuideigin
3,eile,cupa
1,eile,dad
1,eile,daoine
1,eile,daoin’
1,eile,dhaoine
1,eile,dhòrnaig
2,eile,dithis
2,eile,dreuchd
1,eile,duan
1,eile,duin'
7,eile,duine
1,eile,dàn
1,eile,dòcha
2,eile,dùthchannan
1,eile,eagal
1,eile,falbh
5,eile,feadhainn
12,eile,fear
1,eile,feum
2,eile,fheadhainn
2,eile,fhear
1,eile,fireannach
1,eile,fitheach
1,eile,gineachan
1,eile,gàire
1,eile,gèam
1,eile,gèamaichean
1,eile,innse
1,eile,latha
1,eile,leithid
1,eile,leth
1,eile,linn
1,eile,luchd-iomairt
1,eile,luchd
2,eile,làimh
1,eile,làmh-sgrìobhainn
1,eile,lùth-chleasan
1,eile,mionaidean
1,eile,mòran
1,eile,neach
2,eile,nì
1,eile,obair
1,eile,oidhche
1,eile,oifigeir
1,eile,pìoban
1,eile,rann
4,eile,rud
1,eile,rudeigin
1,eile,rìgh
1,eile,sadadh
1,eile,saoghal
1,eile,seòmar
1,eile,seòrsaichean
1,eile,sgeulachd
1,eile,sgioba
1,eile,sgrios
1,eile,sgìre
1,eile,shluagh
1,eile,suaineadh
1,eile,sùil
1,eile,t-seòrsa
1,eile,tachartas
1,eile,taobh
1,eile,teine
1,eile,thoirt
1,eile,tighe
1,eile,toimhsean
1,eile,tomhais
1,eile,treiseag
1,eile,tuathanach
1,eile,tuigse
1,eile,tè
1,eile,urrainn
1,eile,àit'
2,eile,àite
1,eile,àiteachan
1,eile,òirleach
1,eirmseach,rannan
1,eirmseach,thogail
1,eirmseach,toirt
2,extra,cupa
1,eòrp-innseanach,daoine
1,eòrp-innseanach,teaghlach-chànanan
1,eòrpach,aonadh
1,eòrpach,chluich
1,eòrpach,cultar
1,eòrpach,leasachadh
1,fa-leth,sluaghan
1,fa-leth,treubhan
1,fad-thréimhseach,aobharan
1,fad-thréimhseach,bonn
1,fad-thréimhseach,thoirt
1,fada,aparan
1,fada,astar
1,fada,slios
1,faileasach,tapaichean
1,faisg,sealladh
1,falamh,baga
1,farsaing,rùm
1,fhada,òraid
1,fhaide,h-eileanan
1,fhaide,iar
1,fhasanta,suirghe
1,fhearr,cuimis
1,fhearr,duais
1,fhearr,facal
1,fhearr,rud
1,fhearr,seanchaidhean
1,fhireann,iomagain
1,fhuara,cladach
1,fhàsmhoir,ghnè
1,fhàsmhor,iomagain
1,fhèarr,sìon
1,fhìor,ceannas
1,fhìor,thoiseach
1,fliuch,staran
1,fo,gèamaichean
1,fo,turas
1,foghlaimte,cànan
1,foghlamaichte,seanchaidhean
1,foilleil,duine
1,frangach,pàipear-naidheachd
1,frangach,slat
1,freagarrach,tagraiche
1,fuaire,sùil
1,fuara,chrithean
1,fìor,bheag
1,fìor,cheannard
1,fìor,dhuine
1,fíor,bharail
1,gann,dearbhadh
1,gann,latha
1,gasta,daoine
1,geal,fàileadh
1,geal,sùil
1,geala,fiaclan
1,geàrr-thréimhseach,aobharan
1,geàrr-thréimhseach,baile
1,geàrr-thréimhseach,tighe
1,geàrr,iomradh
1,ghaisgeil,choluadair
1,gheal,buaileag
1,gheal,cuimhn'
1,ghearmailteach,chompanaidh
1,gheur,cumail
1,ghlas,seacaid
1,ghlas,well
1,ghleusda,fhacal
1,ghlic,làir
2,ghnàthasaich,bhàrdachd
1,ghnàthasaich,bàrdachd
1,ghoirid,sgrìob
1,ghoirid,sùil
1,ghoirid,tè
1,ghoirid,ùine
1,ghrinn,gàidhlig
1,ghàidhealach,bàird
1,glan,aodach
1,glan,ghaoir
1,gleansach,thoirt
1,gnàthasach,dòighean
1,gorma,sùilean
1,grianach,fonn
1,grànda,aghaidh
1,grànda,bugs
1,grànda,naidheachdan
1,gàidhealach,comhairlichean
1,gàidhealach,saoghal
1,gàidhealach,uaislean
1,h-uile,oidhche
1,h-uile,shluagh
1,h-uile,tè
1,iar,mhinisteir
1,iar,neach
1,iar,thuath
1,important,bus
1,important,rud
1,inntinneach,beachd
1,inntinneach,dian-amharc
1,inntinneach,duilleag
1,iomadach,acadamh
2,iomadach,bliadhna
1,iomadach,clab
1,iomadach,cultar
1,iomadach,cultaran
1,iomadach,duine
3,iomadach,dòigh
1,iomadach,eathraichean
1,iomadach,leasachadh
1,iomadach,seòrsa
1,iomadach,teine
2,iomadach,uair
1,iomadach,àite
1,iomadh,ainm
1,iomadh,biadh
2,iomadh,bliadhna
1,iomadh,ceist
1,iomadh,càil
1,iomadh,dol
1,iomadh,eadar-dhealachadh
1,iomadh,falbh
1,iomadh,fear
1,iomadh,gnìomh
1,iomadh,guth
2,iomadh,latha
1,iomadh,linn
1,iomadh,là
1,iomadh,mionaidean
1,iomadh,sgrios
2,iomadh,uair
1,iomadh,uilinn
1,iomagaineach,àm
1,iomallach,bòrd
1,iomraiteach,crìosdaidhean
1,iomraiteach,daoine
1,iomraiteach,tarraing
1,ionadail,bun-sgoil
1,ionadail,h-am
2,ionadail,h-ùghdarrasan
1,ionadail,sgìre
1,ionadail,ùghdarras
1,ionadail,ùghdarrasan
1,iongantach,beachdan
1,iongantach,gnothach
1,ionnsaichte,filidhean
2,iùdhach,ionad
1,laghail,gàidhlig
1,laghail,oidhirp
1,laghail,tagradh
1,leatha,sealladh
1,left,làmh
1,leth,not
2,liath,duine
1,liath,fear
1,lib,deamach
1,litreachail,fhianais
1,litreachail,tréithean
1,litreachasail,cuid
1,lom,cnoc
1,lom,feum
1,luachmhoire,leabhar
1,luachmhor,leabhraichean
1,luachmhor,leth
1,luachmhor,ruigheachd
1,lugha,bualadh
1,lugha,cuspair
1,lugha,roinn
1,lugha,roinnean
1,làbarach,bhall-pàrlamaid
1,làbarach,deifir
1,làbarach,phàrtaidh
1,làbarach,riaghaltas
1,làbaraich,obair
1,làidir,beachd
1,làidir,bhodach
1,làidir,buillean
1,làidir,cinnt
1,làidir,comann
1,làidir,daoine
1,làidir,dheoch
1,làidir,dol
1,làidir,faireachdainn
1,làidir,faireachdainnean
1,làidir,gillean
1,làidir,làmhan
1,làidir,meadhan-latha
1,làidir,rud
1,làidir,solais
1,làidir,sultain
1,làidir,tagradh
1,làmh-sgrìobhta,aithris
1,làn-ùine,h-oifigeir
1,làn,carbadan
1,làn,reothairt
1,làn,ìre
1,làsdail,féin-mholadh
1,lèirsinneach,mìneachadh
1,main,bus
1,main,rud
1,math,astar
1,math,bith-beò
1,math,buille
1,math,cadal
1,math,coach
1,math,cothrom
1,math,cuideachadh
1,math,cupa
1,math,còrr
1,math,deannan
1,math,duine
1,math,grèim
1,math,ionnsaidh
1,math,measgachadh
1,math,riochdachadh
2,math,sgioba
1,math,smaointinn
1,meadhanach,cuid
3,meadhanach,linntean
1,meadhanach,sheinn
1,meadhon,aois
1,mear,aodann
1,mear,gàire
1,mear,shùilean
1,mear,sùilean
1,meidigeach,t-seirbhis
1,mhath,biadh
1,mhath,chuid
1,mhath,leabhar
1,mhath,teagamh
4,mhath,ìre
1,mheanbh,chuileig
1,mheasaile,fear
1,mheasaile,pùdar
1,mhionaideach,cumail
1,mhiosa,stoirm
1,mhotha,teagasg
1,mhàthaireil,dùthaich
1,mhì-chneasda,coimhead
1,mhì-chneasda,eachdraidh
1,mhì-shocair,ceum
1,mhìosail,geàrr-chunntais
1,mhòir,chailleach
1,mhòir,duilleig
2,mhòir,ìre
1,mhòir,ùine
1,mhòr,buaidh
1,mhòr,ghille
1,mhòr,iarraidh
1,mhòr,mearachd
1,mhòr,nighean
1,mhòr,rathad
1,mhòr,sglaodh
1,mhòr,uinneag
1,mhòr,òraid
1,mhóir,aird
1,mhóir,aois
1,mhóir,dhèanamh
1,mhóir,éisteachd
1,mhóir,ìre
1,mhór,bith
1,mhór,buaidh
1,mhór,creag
1,mhór,fiasag
1,mhór,ghròban
1,mhór,mearachd
1,mhór,sgeir
3,mhór,t-saoghal
1,mhór,ùine
1,mhóra,fir
1,mhóra,rìgh
1,mhóra,slàinte
1,mora,cuirmean
1,moralta,marbhrannan
1,motha,aonadh
1,motha,bàta
1,motha,chompanaidh
1,mu,eilean
2,mu,fear
1,mu,là
1,mu,t-ionad
1,mu,t-sabaid
1,mu,turas
1,muigh,taobh
3,muileach,ban
1,mì-laghail,dhol
1,mì-laghail,dhrugaichean
1,mì-laghail,druga
1,mì-nàdarra,nì
2,mòr,atharrachadh
1,mòr,comhdheilbh
1,mòr,cudthrom
1,mòr,cupa
1,mòr,duaisean
1,mòr,feagal
1,mòr,feum
1,mòr,fheum
1,mòr,rathad
1,mòr,rud
2,mòr,trèilear
1,mòr,tòrr
1,mòra,bhodach
1,mòra,ceistean
3,mòra,daoine
1,mór,arm
1,mór,ceann
1,mór,ceòl
1,mór,cothrom
2,mór,duine
1,mór,fear
1,mór,fheum
1,mór,latha
1,mór,leas
1,mór,luchd
1,mór,mheas
1,mór,phailteas
1,mór,rathad
1,mór,sabhal
1,mór,teaghlach
1,mór,teine
1,mór,àite
1,móra,clachan
1,móra,daoine
1,móra,riochdairean
1,móra,tarraing
1,móra,tobhtaichean
1,móra,uaislean
1,móra,urrachan
1,mù,chuid
1,mùideariach,ailean
1,neo-chiontach,daoine
1,neo-chiontach,sùilean
1,neo-eisimeileach,companaidh
1,neo-eisimeileach,inntinn
1,neo-iomlan,aithris
1,neo-àbhaisteach,deochan
1,neònach,gaoir
1,neònach,tribunal
1,nimheil,sùilean
1,niuclasach,sgudal
1,niùclasach,iomairt
2,nuadhasach,bhàrdachd
1,nuadhasach,faicinn
1,nàdarra,dh’inntinn
1,nàimhdeil,shùilean
1,nàiseanta,oifis
1,nàiseanta,pàrtaidh
1,oifigeil,sealbh
1,orainseach,chaismeachd
1,phoblach,còmhdhail
1,phoiliticeach,t-suidheachadh
1,phrìomh,arctic
1,phrìomh,bhaile
1,phrìomh,feuchainn
1,phrìomh,ionnsachadh
1,phrìomh,làrach
1,phrìomh,obair
1,phrìomh,sheirbheis
1,poblach,buidhnean
1,poileataigeach,pàrtaidhean
1,priseil,bhoireannaich
1,priseil,mheadhon
1,priseil,tadhal
1,prìobhaideach,taigh
1,prìomh,dòcha
1,prìomh,mhinistear
1,prìomh,phrionnsabalan
1,purpur,chompanaidh
1,purpur,fàs
1,radio-beò,criomag
2,reamhar,fear
1,reòthte,dealta
1,riabhach,ceatharnach
1,ro-chumhang,ball
1,ro-chumhang,sgìreileas
1,rocach,aodann
1,rocach,cìre
1,roinneil,chomhairlean
1,ruadh,nighean
2,ruadh,sgillinn
3,ruaidh,nighinn
1,ruiseanach,feachdan
1,rèidh,làr
1,réidh,cnoc
1,réidh,feum
1,rìoghail,thalla
1,sam,aghaidh
1,sam,aobhar
2,sam,atharrachadh
1,sam,bhrògan
1,sam,blas
1,sam,buaidh
1,sam,ceum
1,sam,cinnt
1,sam,comhairle
2,sam,cothrom
1,sam,cumhachd
1,sam,dhuine
1,sam,diofar
1,sam,dochann
1,sam,dragh
4,sam,duine
1,sam,fad
1,sam,feagal
1,sam,iomagain
1,sam,iomradh
1,sam,leisg
1,sam,litir
1,sam,mhac
3,sam,nì
3,sam,rud
1,sam,rìgh
1,sam,sgrùdadh
1,sam,t-oifigeir
3,sam,teagamh
1,sam,trioblaid
2,sam,uair
2,sam,àite
1,sam,ìre
2,saor,beothaichean
1,saor,boireannaich
1,sasannach,poilis
1,seann,bhrògan
1,seann,chas
1,seann,dualchas
1,seann,duin'
1,seann,eòlaich
1,seann,ghàidhealtachd
1,seann,làir
1,seann,làmh-sgrìobhainnean
1,seann,làraichean
1,seann,rudan
1,seann,rìoghachd
1,seann,saoghal
1,seann,searragan
2,seann,sgoileirean
1,seann,thabhann
1,seann,tigh-croiteir
1,seòlta,faram
1,seòlta,ghàire
1,sgiobalta,cluicheadairean
1,sgrìobhta,bhùird
1,sgrìobhta,boireannach
1,sgrìobhta,litreachais
3,sgrìobhta,litreachas
1,sgrìobhte,chànain
3,shaor,buille
1,shaor,luchd
2,sheann,daoine
1,sheann,duine
1,sheann,fhreumhan
1,sheann,ghoistidh
1,sheann,mac
1,sheann,smaoineachadh
1,sheann,tuatha
1,sheumasaich,airm
1,shine,ghille
1,shine,gillean
1,shine,nighean
1,shine,tè
1,shoilleir,seacaid
1,shoilleir,well
1,shuarach,oidhche
1,shàr,céill
1,shàr,luchd-ciùil
1,shèimh,clach
1,shèimh,rud
1,shònraichte,coinneamh
1,shònraichte,dualchainnt
1,shònraichte,luaidh
1,shònraichte,phàrlamaid
1,siar,buille
1,siar,sgaoileadh
6,siar,taobh
1,sine,aonan
1,sine,coach
1,sine,ghàidhlig
1,sine,t-òran
1,socair,duine
1,socair,fhiach
1,socair,gàire
1,soch-mhalairteach,atharrachaidhean
1,soch-mhalairteach,cùlrath
1,soilleir,aodach
1,soilleir,ceangal
1,soilleir,ghaoir
1,soisgeulach,marbhrann
1,soisgeulach,marbhrannan
1,spioradail,dhàn
1,spioradail,marbhrann
1,staigh,taobh
1,stuama,duine
1,stèidhichte,aideachadh
1,stèidhichte,ghualainn
1,stèidhichte,iarraidh
1,stéidhichte,gabhail
1,stéidhichte,ghlùin
1,stéidhichte,ideòlas
1,sàmhach,duine
1,sàr,màthair
1,sàr,obair
1,sìmplidh,dòigh-beatha
2,sòichealach,comhdheilbh
1,sòichealach,duaisean
1,sòisealta,obraichean
1,sòisealta,seirbhisean
1,sònraichte,coimhead
1,sònraichte,dleastanas
1,sònraichte,inntleachd
1,sònraichte,latha
1,sònraichte,sgìrean
2,sònraichte,àite
2,t-seana,chlach
1,t-seann,chidhe
1,t-seann,dòigh
1,t-seann,riaghaltas
1,t-seann,sgeulachd
1,t-seann,shaoghail
1,t-seann,stoc
1,t-sàr,bhan-sheinneadair
1,taitneach,snuadh
1,tapaidh,bhodach
1,tapaidh,daoine
1,teann,ceangal
1,teicneòlach,seirbheisean
1,teis,meadhon
3,thall,cheann
1,thall,ghnothaich
9,thall,taobh
1,thall,thaobh
1,thlàth,làmh
1,thonn-gheal,muir
1,thonn-gheal,thoradh
1,thrang,oidhche
1,thèarainte,inbhe
1,timcheall,leughadh
1,timcheall,mionaidean
1,timcheall,smaoineachadh
1,timcheall,thoirt
1,timchioll,taigh
1,tlachdmhor,dòigh-beatha
1,toirteil,shruth
1,troimh-a-chéile,meataforan
1,tràithe,dol
1,tràithe,tòiseachadh
1,tuath,taobh
1,tòraidheach,riaghaltas
1,uabhasach,cluicheadairean
1,uabhasach,droinneadh
1,uaine,dithis
1,uaine,peilichean
1,uamhasach,srann
1,uamhasach,trèilear
1,uilbheisteach,trèanaichean
1,uile,chur
1,uile,rìoghachd
1,Àrd,attorney
1,Àrd,chonnstabal
1,Àrd,fhir-cinnidh
1,Àrd,rìgh
1,Èireannach,còirichean
1,Èireannach,gill'
1,Èireannach,h-uaislean
2,Èireannach,seanchaidhean
1,Éireannaich,aois-léinn
1,Ùire,bliadhn'
1,Ùire,ceò
1,àbhaisteach,cead
1,àird,bruthaich
1,àirde,carraighean-cuimhne
1,àraid,bean
1,àraid,nì-eigin
1,àraid,tomhais
1,àraidh,cheannardan
1,àraidh,comhdheilbh
1,àraidh,dol
1,àraidh,dòighean
1,àraidh,ghaol
1,àrd,creag
2,àrd,duine
1,àrd,fheasgair
1,àrd,riochdairean
2,àrd,tè
1,àrda,glainneachan
1,àrda,tursachan
1,éibhinn,bàrdachd
1,ìosal,ìre
1,ìseal,ìre
1,ìsle,t-àrdachadh
1,ìsle,ìre
2,òg,bhalach
1,òg,bàrdachd
1,òg,caileagan
1,òg,chàraid
1,òg,cuideigin
1,òg,dheugach
1,òg,dhuin'
1,òg,fheadhainn
1,òg,gill'
1,òg,uabhar
1,òga,sgoilearan
1,òig,'ill'
1,òig,gill'
1,òig,tè
1,òige,fear
1,òige,tè
1,ùr,bhàn-righinn
1,ùr,bhàrdachd
1,ùr,bàta
1,ùr,bàt’
2,ùr,ceannard
1,ùr,chlàr-ama
1,ùr,cinnt
1,ùr,co-ionad
1,ùr,cumhnant
1,ùr,dòighean-beatha
1,ùr,easbaig
2,ùr,fear
1,ùr,fhaotainn
3,ùr,iomairt
2,ùr,leabhar
1,ùr,nì
1,ùr,oilthigh
1,ùr,phàrlamaid
1,ùr,plana
1,ùr,riaghailtean
2,ùr,siostam
1,ùr,t-oifigeir
2,ùr,t-seirbheis
1,ùr,t-seirbhis
3,ùr,taigh
2,ùra,dòighean
1,ùra,gaidheil
1,ùra,laghan
1,ùra,riaghailtean
