Beogradska/ADJ,gej/ADJ,Parada/NOUN
nedeljne/ADJ,gej/ADJ,Parade/NOUN
Srpski/ADJ,narodni/ADJ,pokret/NOUN
velikim/ADJ,svetskim/ADJ,gradovima/NOUN
bivšeg/ADJ,komunističkog/ADJ,disidenta/NOUN
predsedničku/ADJ,predizbornu/ADJ,kampanju/NOUN
Prljavi/ADJ,predizborni/ADJ,napadi/NOUN
Kosovsko/ADJ,svetsko/ADJ,bijenale/NOUN
međunarodni/ADJ,folklorni/ADJ,festival/NOUN
novog/ADJ,Pravosudnog/ADJ,saveta/NOUN
novog/ADJ,pravosudnog/ADJ,sistema/NOUN
Putnički/ADJ,železnički/ADJ,saobraćaj/NOUN
Svečano/ADJ,ponovno/ADJ,uspostavljanje/NOUN
ogromnoj/ADJ,romskoj/ADJ,zajednici/NOUN
međunarodni/ADJ,krizni/ADJ,menadžment/NOUN
najveću/ADJ,etničku/ADJ,manjinu/NOUN
paralelne/ADJ,srpske/ADJ,institucije/NOUN
Hrvatski/ADJ,olimpijski/ADJ,skijaš/NOUN
Evropskom/ADJ,plivačkom/ADJ,prvenstvu/NOUN
evropskim/ADJ,plivačkim/ADJ,prvenstvima/NOUN
švedska/ADJ,kraljevska/ADJ,porodica/NOUN
nezamenljivom/ADJ,književnom/ADJ,teritorijom/NOUN
romske/ADJ,folklorne/ADJ,umetnosti/NOUN
lokalne/ADJ,amaterske/ADJ,trupe/NOUN
albanske/ADJ,političke/ADJ,stranke/NOUN
glavne/ADJ,političke/ADJ,stranke/NOUN
glavnu/ADJ,muzičku/ADJ,temu/NOUN
desničarske/ADJ,Velike/ADJ,koalicije/NOUN
manjinske/ADJ,grčke/ADJ,stranke/NOUN
Posmatračka/ADJ,izborna/ADJ,misija/NOUN
relevantne/ADJ,izborne/ADJ,komisije/NOUN
bivšeg/ADJ,kosovskog/ADJ,ministra/NOUN
bivšem/ADJ,kosovskom/ADJ,premijeru/NOUN
bivšeg/ADJ,kosovskog/ADJ,ministra/NOUN
Bivši/ADJ,kosovski/ADJ,ministar/NOUN
Međunarodni/ADJ,krivični/ADJ,tribunal/NOUN
bivšem/ADJ,kosovskom/ADJ,premijeru/NOUN
šestogodišnja/ADJ,zatvorska/ADJ,kazna/NOUN
Istanbulska/ADJ,modna/ADJ,akademija/NOUN
hrvatska/ADJ,modna/ADJ,događaja/NOUN
Hrvatska/ADJ,modna/ADJ,industrija/NOUN
najnovije/ADJ,modne/ADJ,trendove/NOUN
srpski/ADJ,modni/ADJ,kreator/NOUN
italijanske/ADJ,modne/ADJ,kuće/NOUN
Novi/ADJ,evropski/ADJ,komesari/NOUN
nova/ADJ,Evropska/ADJ,komisija/NOUN
bivši/ADJ,portugalski/ADJ,premijer/NOUN
glavnih/ADJ,političkih/ADJ,grupacija/NOUN
neodlučnim/ADJ,međunarodnim/ADJ,prisustvom/NOUN
drugačija/ADJ,politička/ADJ,situacija/NOUN
ostalih/ADJ,međunarodnih/ADJ,agencija/NOUN
jedinstvenih/ADJ,registarskih/ADJ,tablica/NOUN
novu/ADJ,državnu/ADJ,zastavu/NOUN
Najveći/ADJ,rani/ADJ,uspesi/NOUN
relevantne/ADJ,domaće/ADJ,institucije/NOUN
funkcionalnih/ADJ,lokalnih/ADJ,tela/NOUN
ključnih/ADJ,međunarodnih/ADJ,institucija/NOUN
kompetentne/ADJ,državne/ADJ,institucije/NOUN
najduži/ADJ,kontinuirani/ADJ,period/NOUN
bivšem/ADJ,Sovjetskom/ADJ,Savezu/NOUN
najmoćniji/ADJ,autoritarni/ADJ,režimi/NOUN
intenzivnog/ADJ,novog/ADJ,procesa/NOUN
martovskih/ADJ,parlamentarnih/ADJ,izbora/NOUN
Poslednja/ADJ,međunarodna/ADJ,nastojanja/NOUN
preostala/ADJ,pregovaračka/ADJ,poglavlja/NOUN
nove/ADJ,nezavisne/ADJ,države/NOUN
specijalizovanih/ADJ,transportnih/ADJ,vozila/NOUN
oštećenih/ADJ,železničkih/ADJ,pruga/NOUN
najgorim/ADJ,kišnim/ADJ,olujama/NOUN
Svetska/ADJ,zdravstvena/ADJ,organizacija/NOUN
neposrednoj/ADJ,zdravstvenoj/ADJ,proceni/NOUN
Državna/ADJ,železnička/ADJ,kompanija/NOUN
obilne/ADJ,kišne/ADJ,padavine/NOUN
Autonomnog/ADJ,ženskog/ADJ,centra/NOUN
bivšoj/ADJ,jugoslovenskoj/ADJ,federaciji/NOUN
Istaknuti/ADJ,portugalski/ADJ,trener/NOUN
najpopularnija/ADJ,grčka/ADJ,tima/NOUN
mogućoj/ADJ,gruboj/ADJ,igri/NOUN
glavna/ADJ,grčka/ADJ,igrača/NOUN
čitavog/ADJ,Svetskog/ADJ,prvenstva/NOUN
rumunske/ADJ,kriminalne/ADJ,grupe/NOUN
najvećih/ADJ,političkih/ADJ,stranaka/NOUN
makedonske/ADJ,parlamentarne/ADJ,stranke/NOUN
privremene/ADJ,registarske/ADJ,tablice/NOUN
širokom/ADJ,političkom/ADJ,podrškom/NOUN
najveće/ADJ,opozicione/ADJ,partije/NOUN
novu/ADJ,nezavisnu/ADJ,državu/NOUN
dovoljnu/ADJ,parlamentarnu/ADJ,podršku/NOUN
vladajuće/ADJ,turske/ADJ,stranke/NOUN
Turski/ADJ,glavni/ADJ,tužilac/NOUN
konzervativnu/ADJ,demokratsku/ADJ,stranku/NOUN
čvrstu/ADJ,ekonomsku/ADJ,politiku/NOUN
opozicione/ADJ,Demokratske/ADJ,stranke/NOUN
normalnoj/ADJ,evropskoj/ADJ,demokratiji/NOUN
beogradskom/ADJ,centralnom/ADJ,groblju/NOUN
organizovane/ADJ,kriminalne/ADJ,bande/NOUN
kratak/ADJ,dokumentarni/ADJ,film/NOUN
Đinđićevoj/ADJ,političkoj/ADJ,karijeri/NOUN
organizovanih/ADJ,kriminalnih/ADJ,grupa/NOUN
lokalne/ADJ,kablovske/ADJ,operatere/NOUN
Zvanični/ADJ,crnogorski/ADJ,emiter/NOUN
Evropskog/ADJ,fudbalskog/ADJ,prevenstva/NOUN
Helenski/ADJ,nacionalni/ADJ,katastar/NOUN
Evropskog/ADJ,fudbalskog/ADJ,prvenstva/NOUN
lokalne/ADJ,kablovske/ADJ,operatere/NOUN
lokalni/ADJ,kablovski/ADJ,operateri/NOUN
Helenski/ADJ,nacionalni/ADJ,katastar/NOUN
transparentna/ADJ,energetska/ADJ,politika/NOUN
odlazeći/ADJ,hrvatski/ADJ,predsednik/NOUN
Novoizabrani/ADJ,kosovski/ADJ,ambasador/NOUN
Nedavni/ADJ,nagli/ADJ,pad/NOUN
imovinskih/ADJ,krivičnih/ADJ,dela/NOUN
prvobitnog/ADJ,haotičnog/ADJ,raspada/NOUN
veće/ADJ,političke/ADJ,stabilnosti/NOUN
prošlogodišnjih/ADJ,direktnih/ADJ,razgovora/NOUN
međunarodni/ADJ,civilni/ADJ,predstavnik/NOUN
buduće/ADJ,međunarodno/ADJ,angažovanje/NOUN
zapaljivu/ADJ,nacionalističku/ADJ,retoriku/NOUN
Dejtonskim/ADJ,mirovnim/ADJ,sporazumom/NOUN
glavne/ADJ,etničke/ADJ,zajednice/NOUN
drugih/ADJ,ključnih/ADJ,operativaca/NOUN
slabim/ADJ,centralnim/ADJ,institucijama/NOUN
drugim/ADJ,visokim/ADJ,zvaničnicima/NOUN
Svetskog/ADJ,trgovinskog/ADJ,centra/NOUN
Najviši/ADJ,američki/ADJ,zvaničnik/NOUN
američki/ADJ,državni/ADJ,sekretar/NOUN
najnovijem/ADJ,zapadnom/ADJ,predlogu/NOUN
međunarodnog/ADJ,civilnog/ADJ,predstavnika/NOUN
američki/ADJ,državni/ADJ,sekretar/NOUN
bivši/ADJ,kosovski/ADJ,premijer/NOUN
kosovskog/ADJ,pregovaračkog/ADJ,tima/NOUN
bugarskom/ADJ,Nacionalnom/ADJ,takmičenju/NOUN
mlade/ADJ,naučne/ADJ,talente/NOUN
najviši/ADJ,međunarodni/ADJ,zvaničnici/NOUN
najviši/ADJ,međunarodni/ADJ,predstavnik/NOUN
evropskim/ADJ,bezbednosnim/ADJ,strukturama/NOUN
drugih/ADJ,istaknutih/ADJ,članova/NOUN
pojačana/ADJ,međunarodna/ADJ,saradnja/NOUN
belgijski/ADJ,naučni/ADJ,radnik/NOUN
Vladajuća/ADJ,muslimanska/ADJ,Stranka/NOUN
glomaznog/ADJ,administrativnog/ADJ,aparata/NOUN
velika/ADJ,javna/ADJ,potrošnja/NOUN
pozitivni/ADJ,multiplikativni/ADJ,efekti/NOUN
jedina/ADJ,odgovarajuća/ADJ,destinacija/NOUN
Crnogorski/ADJ,Centralni/ADJ,registar/NOUN
najplodnija/ADJ,poljoprivredna/ADJ,oblast/NOUN
američkim/ADJ,energetskim/ADJ,gigantom/NOUN
jedinstveni/ADJ,tehnološki/ADJ,pokušaj/NOUN
ozbiljne/ADJ,naučne/ADJ,diskusije/NOUN
potencijalnih/ADJ,ekoloških/ADJ,problema/NOUN
najozbiljnija/ADJ,unutrašnja/ADJ,pretnja/NOUN
druge/ADJ,strane/ADJ,diplomate/NOUN
sličnog/ADJ,raketnog/ADJ,napada/NOUN
konstitutivne/ADJ,etničke/ADJ,zajednice/NOUN
Novu/ADJ,počasnu/ADJ,jedinicu/NOUN
konstitutivne/ADJ,etničke/ADJ,grupe/NOUN
različite/ADJ,kamuflažne/ADJ,uniforme/NOUN
zajedničku/ADJ,počasnu/ADJ,jedinicu/NOUN
trenutni/ADJ,bezbednosni/ADJ,vakuum/NOUN
Titova/ADJ,luksuzna/ADJ,jahta/NOUN
nekadašnjeg/ADJ,jugoslovenskog/ADJ,diktatora/NOUN
bivšeg/ADJ,egipatskog/ADJ,predsednika/NOUN
bivšeg/ADJ,indijskog/ADJ,premijera/NOUN
mnoge/ADJ,druge/ADJ,teme/NOUN
naivni/ADJ,formalno-pravni/ADJ,izgovori/NOUN
čvrstih/ADJ,moralnih/ADJ,stavova/NOUN
najznačajnija/ADJ,srpska/ADJ,investicija/NOUN
Međunarodne/ADJ,bezbednosne/ADJ,snage/NOUN
dodatne/ADJ,mirovne/ADJ,snage/NOUN
Rumunske/ADJ,narodne/ADJ,banke/NOUN
kosovskim/ADJ,ličnim/ADJ,kartama/NOUN
ukupnih/ADJ,elektronskih/ADJ,transakcija/NOUN
bivši/ADJ,finski/ADJ,predsednik/NOUN
američkog/ADJ,državnog/ADJ,sekretara/NOUN
jedini/ADJ,preostali/ADJ,kandidat/NOUN
jedini/ADJ,preostali/ADJ,kandidat/NOUN
evropskog/ADJ,transportnog/ADJ,koridora/NOUN
stalnih/ADJ,naplatnih/ADJ,rampi/NOUN
drugih/ADJ,turističkih/ADJ,objekata/NOUN
Evropska/ADJ,investiciona/ADJ,banka/NOUN
tradicionalnim/ADJ,regionalnim/ADJ,idejama/NOUN
veliki/ADJ,poslovni/ADJ,borci/NOUN
najbolju/ADJ,poslovnu/ADJ,ženu/NOUN
opozicione/ADJ,Sandžačke/ADJ,lige/NOUN
bugarske/ADJ,nuklearne/ADJ,elektrane/NOUN
novi/ADJ,strateški/ADJ,investitor/NOUN
ruske/ADJ,nuklearne/ADJ,industrije/NOUN
bugarske/ADJ,desničarske/ADJ,Unije/NOUN
alternativne/ADJ,energetske/ADJ,izvore/NOUN
ruski/ADJ,trojanski/ADJ,konj/NOUN
novim/ADJ,nuklearnim/ADJ,objektom/NOUN
zastarelu/ADJ,rusku/ADJ,tehnologiju/NOUN
visokim/ADJ,seizmičkim/ADJ,aktivnostima/NOUN
Srpske/ADJ,pravoslavne/ADJ,crkve/NOUN
potencijalne/ADJ,zaštićene/ADJ,zone/NOUN
brojnih/ADJ,autonomnih/ADJ,opština/NOUN
pravi/ADJ,evropski/ADJ,film/NOUN
Poznati/ADJ,makedonski/ADJ,režiser/NOUN
urbana/ADJ,ljubavna/ADJ,priča/NOUN
Najpoznatiji/ADJ,makedonski/ADJ,režiser/NOUN
pravog/ADJ,evropskog/ADJ,filma/NOUN
urbana/ADJ,ljubavna/ADJ,priča/NOUN
poznati/ADJ,bivši/ADJ,košarkaš/NOUN
bivšoj/ADJ,državnoj/ADJ,zajednici/NOUN
nezavisne/ADJ,revizorske/ADJ,kompanije/NOUN
najprodavanije/ADJ,kisele/ADJ,vode/NOUN
višegodišnje/ADJ,kriminalne/ADJ,aktivnosti/NOUN
dvodnevnu/ADJ,zvaničnu/ADJ,posetu/NOUN
bruto/ADJ,društvenog/ADJ,proizvoda/NOUN
zajedničke/ADJ,radne/ADJ,grupe/NOUN
bivši/ADJ,bugarski/ADJ,kralj/NOUN
Međunarodnim/ADJ,krivičnim/ADJ,sudom/NOUN
bivših/ADJ,vojnih/ADJ,generala/NOUN
bivših/ADJ,policijskih/ADJ,generala/NOUN
Najviši/ADJ,državni/ADJ,zvaničnici/NOUN
Međunarodnim/ADJ,krivičnim/ADJ,sudom/NOUN
najtraženija/ADJ,osumnjičena/ADJ,lica/NOUN
zajedničke/ADJ,morske/ADJ,granice/NOUN
Hrvatske/ADJ,demokratske/ADJ,zajednice/NOUN
novembarskim/ADJ,parlamentarnim/ADJ,izborima/NOUN
dvodnevnom/ADJ,međunarodnom/ADJ,forumu/NOUN
nabolju/ADJ,radio/ADJ,emisiju/NOUN
Druga/ADJ,rumunska/ADJ,gimnastičarka/NOUN
drevnog/ADJ,tračanskog/ADJ,kompleksa/NOUN
Poznata/ADJ,makedonska/ADJ,glumica/NOUN
makedonskoj/ADJ,pozorišnoj/ADJ,sceni/NOUN
prestižnih/ADJ,festivalskih/ADJ,nagrada/NOUN
evropskom/ADJ,operskom/ADJ,takmičenju/NOUN
Mladi/ADJ,turski/ADJ,sopran/NOUN
najbolji/ADJ,dugometražni/ADJ,film/NOUN
Zagrebačkom/ADJ,filmskom/ADJ,festivalu/NOUN
biometrijskim/ADJ,ličnim/ADJ,kartama/NOUN
biometrijskom/ADJ,ličnom/ADJ,kartom/NOUN
novu/ADJ,regionalnu/ADJ,atmosferu/NOUN
Sjajna/ADJ,politička/ADJ,saradnja/NOUN
staru/ADJ,ličnu/ADJ,kartu/NOUN
Prethodno/ADJ,grčko/ADJ,predsedavanje/NOUN
novu/ADJ,Solunsku/ADJ,deklaraciju/NOUN
trenutnim/ADJ,finansijskim/ADJ,problemima/NOUN
Balkanske/ADJ,nevladine/ADJ,organizacije/NOUN
zajedničku/ADJ,regionalnu/ADJ,inicijativu/NOUN
regionalne/ADJ,letnje/ADJ,škole/NOUN
međunarodnog/ADJ,humanitarnog/ADJ,prava/NOUN
sarajevskog/ADJ,Istraživačko-dokumentacionog/ADJ,centra/NOUN
međunarodnog/ADJ,humanitarnog/ADJ,prava/NOUN
međunarodno/ADJ,krivično/ADJ,pravo/NOUN
Srpske/ADJ,demokratske/ADJ,stranke/NOUN
Srpsku/ADJ,demokratsku/ADJ,stranku/NOUN
potpuni/ADJ,politički/ADJ,sporazum/NOUN
predloženih/ADJ,ustavnih/ADJ,reformi/NOUN
Hrvatske/ADJ,demokratske/ADJ,zajednice/NOUN
šestogodišnje/ADJ,zatvorske/ADJ,kazne/NOUN
bivšeg/ADJ,jugoslovenskog/ADJ,predsednika/NOUN
Srpske/ADJ,radikalne/ADJ,stranke/NOUN
velikih/ADJ,bezbednosnih/ADJ,propusta/NOUN
istaknutu/ADJ,svetsku/ADJ,karijeru/NOUN
glumčeva/ADJ,poslednja/ADJ,želja/NOUN
istaknutu/ADJ,međunarodnu/ADJ,karijeru/NOUN
bivši/ADJ,srpski/ADJ,ministar/NOUN
brojne/ADJ,glumačke/ADJ,nagrade/NOUN
teške/ADJ,ekonomske/ADJ,uslove/NOUN
prosečnu/ADJ,starosnu/ADJ,dob/NOUN
globalne/ADJ,finansijske/ADJ,krize/NOUN
globalne/ADJ,ekonomske/ADJ,krize/NOUN
globalna/ADJ,ekonomska/ADJ,kriza/NOUN
susednim/ADJ,balkanskim/ADJ,zemljama/NOUN
Penzijski/ADJ,štedni/ADJ,fond/NOUN
Kosovskoj/ADJ,novinskoj/ADJ,agenciji/NOUN
nejake/ADJ,kosovske/ADJ,ekonomije/NOUN
direktne/ADJ,strane/ADJ,investicije/NOUN
glavna/ADJ,izvozna/ADJ,proizvoda/NOUN
nova/ADJ,istorijska/ADJ,prilika/NOUN
razne/ADJ,verske/ADJ,grupe/NOUN
manjinskih/ADJ,verskih/ADJ,grupa/NOUN
zajedničkoj/ADJ,evropskoj/ADJ,perspektivi/NOUN
istim/ADJ,demokratskim/ADJ,vrednostima/NOUN
rani/ADJ,republikanski/ADJ,period/NOUN
verskim/ADJ,manjinskim/ADJ,grupama/NOUN
nemuslimanskih/ADJ,verskih/ADJ,zajednica/NOUN
istaknuti/ADJ,rumunski/ADJ,pisac/NOUN
Letnji/ADJ,umetnički/ADJ,festival/NOUN
bugarskom/ADJ,crnomorskom/ADJ,odmaralištu/NOUN
Međunarodna/ADJ,umetnička/ADJ,radionica/NOUN
renomirani/ADJ,kulturni/ADJ,eksperti/NOUN
albanska/ADJ,dnevna/ADJ,novina/NOUN
Nacionalnog/ADJ,investicionog/ADJ,plana/NOUN
ukupan/ADJ,osnovni/ADJ,ulog/NOUN
Ovogodišnji/ADJ,muzički/ADJ,festival/NOUN
austrougarskoj/ADJ,Petrovaradinskoj/ADJ,tvrđavi/NOUN
raznovrsnu/ADJ,muzičku/ADJ,ponudu/NOUN
važnim/ADJ,društvenim/ADJ,pitanjima/NOUN
Srpska/ADJ,radikalna/ADJ,stranka/NOUN
Srpske/ADJ,radikalne/ADJ,stranke/NOUN
važnih/ADJ,ekonomskih/ADJ,sporazuma/NOUN
najvažniji/ADJ,međunarodni/ADJ,događaj/NOUN
vodećih/ADJ,svetskih/ADJ,banaka/NOUN
velike/ADJ,bankarske/ADJ,skupštine/NOUN
nova/ADJ,radna/ADJ,mesta/NOUN
Evropska/ADJ,investiciona/ADJ,banka/NOUN
neposredne/ADJ,ratne/ADJ,opasnosti/NOUN
direktnih/ADJ,stranih/ADJ,investicija/NOUN
visokih/ADJ,srpskih/ADJ,zvaničnika/NOUN
stabilne/ADJ,tržišne/ADJ,ekonomije/NOUN
represivnih/ADJ,političkih/ADJ,režima/NOUN
dobru/ADJ,investicionu/ADJ,klimu/NOUN
Evropska/ADJ,narodna/ADJ,partija/NOUN
kiparske/ADJ,opozicione/ADJ,stranke/NOUN
Evropska/ADJ,narodna/ADJ,partija/NOUN
najveću/ADJ,političku/ADJ,grupu/NOUN
Poslednji/ADJ,međunarodni/ADJ,napori/NOUN
turske/ADJ,vojne/ADJ,invazije/NOUN
preciznim/ADJ,vremenskim/ADJ,okvirom/NOUN
Visoki/ADJ,turski/ADJ,zvaničnici/NOUN
vladajuća/ADJ,Demokratska/ADJ,partija/NOUN
državnih/ADJ,bezbednosnih/ADJ,sudova/NOUN
mnogi/ADJ,državni/ADJ,zvaničnici/NOUN
poslednjoj/ADJ,socijalističkoj/ADJ,vladi/NOUN
albanskog/ADJ,Helsinškog/ADJ,odbora/NOUN
velike/ADJ,javne/ADJ,potrošnje/NOUN
neefikasni/ADJ,državni/ADJ,monopoli/NOUN
Neformalni/ADJ,privatni/ADJ,karteli/NOUN
prosečne/ADJ,srpske/ADJ,plate/NOUN
britanskog/ADJ,Investicionog/ADJ,fonda/NOUN
ukupne/ADJ,mlečne/ADJ,industrije/NOUN
šireg/ADJ,političkog/ADJ,spektra/NOUN
evroatlantski/ADJ,bezbednosni/ADJ,sistem/NOUN
penzionisani/ADJ,vojni/ADJ,general/NOUN
federalne/ADJ,jugoslovenske/ADJ,vlade/NOUN
globalna/ADJ,finansijska/ADJ,kriza/NOUN
važan/ADJ,finansijski/ADJ,izvor/NOUN
slabom/ADJ,obrazovnom/ADJ,sistemu/NOUN
dugotrajnog/ADJ,mirovnog/ADJ,procesa/NOUN
dugotrajnog/ADJ,mirovnog/ADJ,procesa/NOUN
evropskim/ADJ,fudbalskim/ADJ,ligama/NOUN
Evropske/ADJ,fudbalske/ADJ,federacije/NOUN
evropskih/ADJ,klupskih/ADJ,takmičenja/NOUN
sopstvenu/ADJ,detaljnu/ADJ,istragu/NOUN
javnim/ADJ,međunarodnim/ADJ,pravom/NOUN
teških/ADJ,krivičnih/ADJ,dela/NOUN
mnogim/ADJ,priobalnim/ADJ,područjima/NOUN
najizolovanijih/ADJ,zatvorenih/ADJ,mora/NOUN
najizolovanijih/ADJ,zatvorenih/ADJ,mora/NOUN
neodržive/ADJ,ljudske/ADJ,aktivnosti/NOUN
turski/ADJ,dnevni/ADJ,list/NOUN
otpadnim/ADJ,hranljivim/ADJ,materijama/NOUN
otpadnih/ADJ,hranljivih/ADJ,materija/NOUN
Prekogranične/ADJ,dijagnostičke/ADJ,analize/NOUN
jedina/ADJ,velika/ADJ,nesreća/NOUN
Evropskoj/ADJ,investicionoj/ADJ,banci/NOUN
Nacionalnog/ADJ,statističkog/ADJ,instituta/NOUN
Srpska/ADJ,elektroenergetska/ADJ,kompanija/NOUN
Najveći/ADJ,investicioni/ADJ,planovi/NOUN
glavnim/ADJ,opozicionim/ADJ,partijama/NOUN
novih/ADJ,političkih/ADJ,stranaka/NOUN
postojećih/ADJ,političkih/ADJ,partija/NOUN
najuspešnija/ADJ,politička/ADJ,partija/NOUN
sadašnja/ADJ,politička/ADJ,klasa/NOUN
normalna/ADJ,demokratska/ADJ,država/NOUN
jedina/ADJ,politička/ADJ,stranka/NOUN
paralelnim/ADJ,srpskim/ADJ,strukturama/NOUN
sadašnje/ADJ,političke/ADJ,lidere/NOUN
drugih/ADJ,javnih/ADJ,sfera/NOUN
tzv./ADJ,Ahtisarijev/ADJ,plan/NOUN
Međunarodnog/ADJ,muzičkog/ADJ,festivala/NOUN
poslednjeg/ADJ,rumunskog/ADJ,kralja/NOUN
Međunarodni/ADJ,muzički/ADJ,festival/NOUN
italijanskog/ADJ,filharmonijskog/ADJ,orkestra/NOUN
američkog/ADJ,državnog/ADJ,sekretara/NOUN
Svetsko/ADJ,fudbalsko/ADJ,prvenstvo/NOUN
Evropske/ADJ,narodne/ADJ,stranke/NOUN
najvećih/ADJ,političkih/ADJ,stranaka/NOUN
bugarskom/ADJ,konsultantskom/ADJ,firmom/NOUN
Barozov/ADJ,predloženi/ADJ,tim/NOUN
međunarodnoj/ADJ,poslovnoj/ADJ,školi/NOUN
manjinska/ADJ,albanska/ADJ,stranka/NOUN
drugim/ADJ,visokim/ADJ,zvaničnicima/NOUN
ključna/ADJ,stranačka/ADJ,lidera/NOUN
nova/ADJ,islamska/ADJ,država/NOUN
najveći/ADJ,strani/ADJ,investitor/NOUN
Crnogorski/ADJ,nilski/ADJ,konj/NOUN
južnoj/ADJ,Crnoj/ADJ,Gori/NOUN
južnoj/ADJ,Crnoj/ADJ,Gori/NOUN
međunarodni/ADJ,pogranični/ADJ,incident/NOUN
predivna/ADJ,nežna/ADJ,devojka/NOUN
obostrano/ADJ,prihvatljivo/ADJ,rešenje/NOUN
čuvenog/ADJ,nilskog/ADJ,konja/NOUN
Vijetnamski/ADJ,zoološki/ADJ,vrt/NOUN
rumunskoj/ADJ,novinskoj/ADJ,agenciji/NOUN
opozicione/ADJ,Socijaldemokratske/ADJ,partije/NOUN
ručnog/ADJ,raketnog/ADJ,bacača/NOUN
Međunarodni/ADJ,kulturni/ADJ,centar/NOUN
novi/ADJ,parlamentarni/ADJ,kompleks/NOUN
pokojnog/ADJ,staljinističkog/ADJ,diktatora/NOUN
privatne/ADJ,nacionalne/ADJ,televizije/NOUN
privatnim/ADJ,osiguravajućim/ADJ,kompanijama/NOUN
državnog/ADJ,zdravstvenog/ADJ,budžeta/NOUN
bivši/ADJ,generalni/ADJ,sekretar/NOUN
turskoj/ADJ,političkoj/ADJ,sceni/NOUN
miroljubivu/ADJ,kurdsku/ADJ,stranku/NOUN
glavni/ADJ,kurdski/ADJ,pokret/NOUN
svi/ADJ,različiti/ADJ,igrači/NOUN
kurdskoj/ADJ,političkoj/ADJ,sceni/NOUN
kurdske/ADJ,političke/ADJ,stranke/NOUN
uglednog/ADJ,političkog/ADJ,analitičara/NOUN
ujedinjenu/ADJ,izbornu/ADJ,koaliciju/NOUN
ruskog/ADJ,naftnog/ADJ,giganta/NOUN
Američka/ADJ,privredna/ADJ,komora/NOUN
novih/ADJ,benzinskih/ADJ,stanica/NOUN
Ruski/ADJ,naftni/ADJ,gigant/NOUN
Američka/ADJ,privredna/ADJ,komora/NOUN
Egejskoj/ADJ,slobodnoj/ADJ,zoni/NOUN
Turski/ADJ,državni/ADJ,ministar/NOUN
Vodeće/ADJ,svetske/ADJ,kompanije/NOUN
dvostrukim/ADJ,bezbednosnim/ADJ,rizikom/NOUN
bivšu/ADJ,srpsku/ADJ,pokrajinu/NOUN
potencijalan/ADJ,bezbednosni/ADJ,rizik/NOUN
srpskih/ADJ,policijskih/ADJ,snaga/NOUN
određene/ADJ,političke/ADJ,probleme/NOUN
veliki/ADJ,bezbednosni/ADJ,rizik/NOUN
ogroman/ADJ,bezbednosni/ADJ,rizik/NOUN
moguće/ADJ,ulične/ADJ,proteste/NOUN
Istaknuti/ADJ,politički/ADJ,lider/NOUN
veliki/ADJ,industrijski/ADJ,rast/NOUN
novi/ADJ,srpski/ADJ,parlament/NOUN
srpske/ADJ,izvozne/ADJ,stope/NOUN
Srpski/ADJ,trgovinski/ADJ,deficit/NOUN
osnovne/ADJ,kompjuterske/ADJ,veštine/NOUN
albanske/ADJ,uvozne/ADJ,kompanije/NOUN
vladinog/ADJ,novog/ADJ,programa/NOUN
različitih/ADJ,starosnih/ADJ,grupa/NOUN
nove/ADJ,terorističke/ADJ,napade/NOUN
četvorodnevnog/ADJ,muslimanskog/ADJ,praznika/NOUN
čestitim/ADJ,islamskim/ADJ,učenjima/NOUN
vladajućoj/ADJ,Socijaldemokratskoj/ADJ,partiji/NOUN
zabrinuto/ADJ,lokalno/ADJ,stanovništvo/NOUN
nedeklarisana/ADJ,realna/ADJ,vrednost/NOUN
severnog/ADJ,graničnog/ADJ,prelaza/NOUN
drugim/ADJ,međunarodnim/ADJ,organizacijama/NOUN
Osnovna/ADJ,nerešena/ADJ,pitanja/NOUN
Bivši/ADJ,rumunski/ADJ,astronaut/NOUN
Bivši/ADJ,rumunski/ADJ,astronaut/NOUN
Bivši/ADJ,rumunski/ADJ,astronaut/NOUN
Bivši/ADJ,rumunski/ADJ,astronaut/NOUN
gastro-ezofagealnog/ADJ,reﬂuksnog/ADJ,poremećaja/NOUN
gradskog/ADJ,građevinskog/ADJ,zemljišta/NOUN
staroj/ADJ,sudskoj/ADJ,proceduri/NOUN
dvojni/ADJ,strateški/ADJ,cilj/NOUN
dobre/ADJ,ekonomske/ADJ,rezultate/NOUN
Glavni/ADJ,ideološki/ADJ,neprijatelj/NOUN
najdinamičnija/ADJ,ekonomska/ADJ,oblast/NOUN
veliki/ADJ,ekonomski/ADJ,napredak/NOUN
konkretnoj/ADJ,ekonomskoj/ADJ,saradnji/NOUN
permanentni/ADJ,međuetnički/ADJ,animoziteti/NOUN
veliku/ADJ,ekonomsku/ADJ,pomoć/NOUN
dugoročni/ADJ,ekonomski/ADJ,napredak/NOUN
tekućeg/ADJ,graničnog/ADJ,spora/NOUN
prošlogodišnju/ADJ,kobnu/ADJ,misiju/NOUN
srpskoj/ADJ,vojnoj/ADJ,industriji/NOUN
Makedonska/ADJ,informativna/ADJ,agencija/NOUN
direktnih/ADJ,stranih/ADJ,investicija/NOUN
globalne/ADJ,finansijske/ADJ,krize/NOUN
jedinstvenoj/ADJ,poreskoj/ADJ,stopi/NOUN
energične/ADJ,javne/ADJ,debate/NOUN
mnogim/ADJ,evropskim/ADJ,zemljama/NOUN
jedinstvena/ADJ,poreska/ADJ,stopa/NOUN
mnogi/ADJ,ekonomski/ADJ,eksperti/NOUN
Bivši/ADJ,bugarski/ADJ,šef/NOUN
Bivši/ADJ,bugarski/ADJ,ministar/NOUN
Bivši/ADJ,bugarski/ADJ,ministar/NOUN
Bivši/ADJ,bugarski/ADJ,ministar/NOUN
Bugarske/ADJ,socijalističke/ADJ,partije/NOUN
protivničke/ADJ,mafijaške/ADJ,grupe/NOUN
antimafijaške/ADJ,policijske/ADJ,operacije/NOUN
tadašnji/ADJ,tajni/ADJ,agent/NOUN
drugim/ADJ,privatnim/ADJ,firmama/NOUN
bugarskom/ADJ,ilegalnom/ADJ,tržištu/NOUN
prevremeni/ADJ,parlamentarni/ADJ,izbori/NOUN
Centralna/ADJ,izborna/ADJ,komisija/NOUN
Moldavska/ADJ,politička/ADJ,scena/NOUN
Moldavske/ADJ,nevladine/ADJ,organizacije/NOUN
veliki/ADJ,medijski/ADJ,skandal/NOUN
najvišim/ADJ,demokratskim/ADJ,standardima/NOUN
nameštenu/ADJ,automobilsku/ADJ,nesreću/NOUN
Dejtonskog/ADJ,mirovnog/ADJ,sporazuma/NOUN
svih/ADJ,glavnih/ADJ,kancelarija/NOUN
grčkoj/ADJ,akademskoj/ADJ,zajednici/NOUN
sledeće/ADJ,školske/ADJ,godine/NOUN
bliskijih/ADJ,bilateralnih/ADJ,odnosa/NOUN
evropske/ADJ,finansijske/ADJ,stabilnosti/NOUN
evropske/ADJ,finansijske/ADJ,stabilnosti/NOUN
dubljim/ADJ,ekonomskim/ADJ,reformama/NOUN
srpskoj/ADJ,vladajućoj/ADJ,koaliciji/NOUN
Nacionalni/ADJ,investicioni/ADJ,plan/NOUN
nove/ADJ,strane/ADJ,investicije/NOUN
uspostavljenm/ADJ,kopnenim/ADJ,prelazima/NOUN
bliskoistočnih/ADJ,mirovnih/ADJ,posrednika/NOUN
ključnih/ADJ,regionalnih/ADJ,aktera/NOUN
tursku/ADJ,spoljnu/ADJ,politiku/NOUN
novih/ADJ,turskih/ADJ,investitora/NOUN
postojećeg/ADJ,privatnog/ADJ,sektora/NOUN
značajnih/ADJ,državnih/ADJ,prihoda/NOUN
budućeg/ADJ,ekonomskog/ADJ,rasta/NOUN
preostala/ADJ,državna/ADJ,sredstva/NOUN
privatnih/ADJ,akcijskih/ADJ,fondova/NOUN
privatna/ADJ,austrijska/ADJ,investitora/NOUN
američkog/ADJ,akcijskog/ADJ,fonda/NOUN
rumunske/ADJ,pivarske/ADJ,kompanije/NOUN
najveće/ADJ,albanske/ADJ,banke/NOUN
moćnoj/ADJ,železničkoj/ADJ,mreži/NOUN
razvijenim/ADJ,železničkim/ADJ,saobraćajem/NOUN
pozamašan/ADJ,stranački/ADJ,kadar/NOUN
nepostojećih/ADJ,radnih/ADJ,mesta/NOUN
istorijski/ADJ,nacionalni/ADJ,projekat/NOUN
fiktivni/ADJ,turistički/ADJ,aranžmani/NOUN
ostali/ADJ,niži/ADJ,personal/NOUN
navedene/ADJ,zakonske/ADJ,odredbe/NOUN
prvorazrednog/ADJ,javnog/ADJ,značaja/NOUN
normalnu/ADJ,inhibitornu/ADJ,aktivnost/NOUN
Komšićev/ADJ,nagli/ADJ,potez/NOUN
hrvatski/ADJ,politički/ADJ,lideri/NOUN
pravu/ADJ,jezičku/ADJ,poplavu/NOUN
Nove/ADJ,štamparske/ADJ,tehnike/NOUN
Savremeni/ADJ,francuski/ADJ,filozof/NOUN
bezbrojnih/ADJ,industrijskih/ADJ,postrojenja/NOUN
hrvatski/ADJ,politički/ADJ,lideri/NOUN
senzacionalističke/ADJ,žute/ADJ,štampe/NOUN
zatupljujućih/ADJ,elektronskih/ADJ,medija/NOUN
predstojećim/ADJ,parlamentarnim/ADJ,izborima/NOUN
potpuni/ADJ,ekonomski/ADJ,krah/NOUN
umešanih/ADJ,političkih/ADJ,strana/NOUN
tajnih/ADJ,policijskih/ADJ,službi/NOUN
policijskih/ADJ,sportskih/ADJ,društava/NOUN
tanka/ADJ,crvena/ADJ,linija/NOUN
vladajuća/ADJ,politička/ADJ,partija/NOUN
najteža/ADJ,kriminalna/ADJ,dela/NOUN
visokim/ADJ,državnim/ADJ,položajima/NOUN
druge/ADJ,važne/ADJ,stvari/NOUN
makedonskom/ADJ,turističkom/ADJ,gradu/NOUN
Dvodnevni/ADJ,regionalni/ADJ,forum/NOUN
postojeći/ADJ,politički/ADJ,poredak/NOUN
britansku/ADJ,višu/ADJ,klasu/NOUN
postojeći/ADJ,državni/ADJ,poredak/NOUN
tzv./ADJ,obični/ADJ,ljudi/NOUN
savremenih/ADJ,krimi/ADJ,romana/NOUN
norveški/ADJ,spisateljski/ADJ,superstar/NOUN
teških/ADJ,političkih/ADJ,bitaka/NOUN
visokog/ADJ,državnog/ADJ,službenika/NOUN
pogrešnog/ADJ,političkog/ADJ,mišljenja/NOUN
različitih/ADJ,etničkih/ADJ,pripadnosti/NOUN
američkom/ADJ,političkom/ADJ,žargonu/NOUN
moguće/ADJ,vašingtonske/ADJ,elite/NOUN
američku/ADJ,političku/ADJ,scenu/NOUN
novog/ADJ,Ljosinog/ADJ,romana/NOUN
neparnoj/ADJ,imaginativnoj/ADJ,traci/NOUN
parnoj/ADJ,imaginativnoj/ADJ,traci/NOUN
suprotnim/ADJ,smisaonim/ADJ,osloncima/NOUN
tzv./ADJ,sapunskih/ADJ,opera/NOUN
srednji/ADJ,vrednosni/ADJ,nivo/NOUN
novo/ADJ,Ljosino/ADJ,ostvarenje/NOUN
brojnih/ADJ,loših/ADJ,posledica/NOUN
sav/ADJ,oštećen/ADJ,materijal/NOUN
različite/ADJ,moždane/ADJ,aktivnosti/NOUN
Minimalna/ADJ,preporučena/ADJ,doza/NOUN
mnoge/ADJ,slavne/ADJ,knjige/NOUN
vladajuće/ADJ,socijalističke/ADJ,stranke/NOUN
glavne/ADJ,opozicione/ADJ,partije/NOUN
velikim/ADJ,književnim/ADJ,delima/NOUN
autentično/ADJ,književno/ADJ,delo/NOUN
Masačusetskog/ADJ,tehnološkog/ADJ,instituta/NOUN
kompleksnu/ADJ,zajedničku/ADJ,funkciju/NOUN
glavna/ADJ,opoziciona/ADJ,stranka/NOUN
takozvane/ADJ,pametne/ADJ,uređaje/NOUN
drugih/ADJ,pametnih/ADJ,uređaja/NOUN
mnoge/ADJ,velike/ADJ,firme/NOUN
mnogi/ADJ,pametni/ADJ,uređaji/NOUN
poverljivim/ADJ,stranačkim/ADJ,mejlovima/NOUN
američke/ADJ,Demokratske/ADJ,stranke/NOUN
određenih/ADJ,specifičnih/ADJ,pojmova/NOUN
američkog/ADJ,poslovnog/ADJ,magazina/NOUN
smrtonosan/ADJ,strujni/ADJ,udar/NOUN
razni/ADJ,drugi/ADJ,stručnjaci/NOUN
širokom/ADJ,političkom/ADJ,konsenzusu/NOUN
veliki/ADJ,ulični/ADJ,protest/NOUN
velika/ADJ,javna/ADJ,ulaganja/NOUN
drugih/ADJ,pametnih/ADJ,uređaja/NOUN
privatni/ADJ,obnaženi/ADJ,selfiji/NOUN
grčkih/ADJ,univerzitetskih/ADJ,studenata/NOUN
ranih/ADJ,osamdesetih/ADJ,godina/NOUN
novoizabrana/ADJ,socijalistička/ADJ,vlada/NOUN
bivši/ADJ,albanski/ADJ,diplomata/NOUN
ruske/ADJ,Federalne/ADJ,službe/NOUN
poslednjim/ADJ,opštim/ADJ,izborima/NOUN
drugim/ADJ,mediteranskim/ADJ,zemljama/NOUN
Drevni/ADJ,termalni/ADJ,grad/NOUN
međunarodne/ADJ,nevladine/ADJ,organizacije/NOUN
planiranog/ADJ,akumulacionog/ADJ,jezera/NOUN
značajnu/ADJ,istorijsku/ADJ,lokaciju/NOUN
ličnih/ADJ,političkih/ADJ,želja/NOUN
turskog/ADJ,kulturnog/ADJ,nasleđa/NOUN
odličnog/ADJ,lekovitog/ADJ,centra/NOUN
lekovitom/ADJ,prosečnom/ADJ,temperaturom/NOUN
Odgovarajući/ADJ,zakonski/ADJ,okvir/NOUN
ogroman/ADJ,birokratski/ADJ,aparat/NOUN
besplatnu/ADJ,pravnu/ADJ,pomoć/NOUN
potrebne/ADJ,medicinske/ADJ,dokumentacije/NOUN
Mnogi/ADJ,istaknuti/ADJ,članovi/NOUN
odgovarajući/ADJ,zakonski/ADJ,okvir/NOUN
odmetnutoj/ADJ,gruzijskoj/ADJ,oblasti/NOUN
gruzijske/ADJ,crnomorske/ADJ,luke/NOUN
mogućoj/ADJ,mirovnoj/ADJ,operaciji/NOUN
ruskih/ADJ,vojnih/ADJ,akcija/NOUN
Američki/ADJ,državni/ADJ,sekretar/NOUN
zajedničko/ADJ,hrvatsko-mađarsko/ADJ,preduzeće/NOUN
globalne/ADJ,finansijske/ADJ,krize/NOUN
globalne/ADJ,finansijske/ADJ,krize/NOUN
novih/ADJ,radnih/ADJ,mesta/NOUN
bilateralnu/ADJ,ekonomsku/ADJ,saradnju/NOUN
makedonsko-češkom/ADJ,poslovnom/ADJ,forumu/NOUN
bilateralne/ADJ,ekonomske/ADJ,odnose/NOUN
makedonsko-češkog/ADJ,poslovnog/ADJ,saveta/NOUN
Hrvatska/ADJ,naftna/ADJ,kompanija/NOUN
oktobarskih/ADJ,lokalnih/ADJ,izbora/NOUN
Olimpijskom/ADJ,sportskom/ADJ,centru/NOUN
Najbolji/ADJ,nemački/ADJ,strelac/NOUN
ženskim/ADJ,individualnim/ADJ,eliminacijama/NOUN
ženskom/ADJ,stonom/ADJ,tenisu/NOUN
aktuelni/ADJ,olimpijski/ADJ,prvak/NOUN
nacionalne/ADJ,fudbalske/ADJ,reprezentacije/NOUN
maloj/ADJ,balkanskoj/ADJ,državi/NOUN
velikoj/ADJ,božićnoj/ADJ,jelki/NOUN
nacionalne/ADJ,fudbalske/ADJ,reprezentacije/NOUN
etničkim/ADJ,podeljenom/ADJ,gradu/NOUN
lokalnih/ADJ,srpskih/ADJ,demonstranata/NOUN
francuski/ADJ,mirovni/ADJ,vojnici/NOUN
Kosovske/ADJ,policijske/ADJ,službe/NOUN
isključivu/ADJ,administrativnu/ADJ,nadležnost/NOUN
jedini/ADJ,pravni/ADJ,okvir/NOUN
64-godišnji/ADJ,bivši/ADJ,sudija/NOUN
najnasilniju/ADJ,militantnu/ADJ,grupu/NOUN
javna/ADJ,radio/ADJ,stanica/NOUN
glavnu/ADJ,opozicionu/ADJ,stranku/NOUN
teškim/ADJ,ekonomskim/ADJ,reformama/NOUN
najvažnijih/ADJ,državnih/ADJ,institucija/NOUN
rekordni/ADJ,javni/ADJ,deficit/NOUN
nove/ADJ,planirane/ADJ,mere/NOUN
Međunarodnim/ADJ,krivičnim/ADJ,sudom/NOUN
Bivši/ADJ,jugoslovenski/ADJ,predsednik/NOUN
visoka/ADJ,srpska/ADJ,generala/NOUN
Bivši/ADJ,ratni/ADJ,lideri/NOUN
srpska/ADJ,nacionalna/ADJ,obaveza/NOUN
Bugarsko/ADJ,tračansko/ADJ,blago/NOUN
Drevno/ADJ,tračansko/ADJ,blago/NOUN
najboljih/ADJ,svetskih/ADJ,skijašica/NOUN
četvorostruka/ADJ,olimpijska/ADJ,šampionka/NOUN
najvećih/ADJ,balkanskih/ADJ,pisaca/NOUN
emotivnog/ADJ,plaćenog/ADJ,ubicu/NOUN
hrvatsko-slovenačke/ADJ,kulturne/ADJ,veze/NOUN
mlade/ADJ,makedonske/ADJ,slikarke/NOUN
Srpske/ADJ,radikalne/ADJ,stranke/NOUN
Srpsku/ADJ,radikalnu/ADJ,stranku/NOUN
osnovna/ADJ,ljudska/ADJ,prava/NOUN
novim/ADJ,ozbiljnim/ADJ,problemima/NOUN
bivšeg/ADJ,američkog/ADJ,predsednika/NOUN
Srpska/ADJ,državna/ADJ,televizija/NOUN
jeftini/ADJ,politički/ADJ,poeni/NOUN
konstitutivne/ADJ,etničke/ADJ,zajednice/NOUN
strateški/ADJ,energetski/ADJ,savez/NOUN
nove/ADJ,prijateljske/ADJ,odnose/NOUN
regionalnom/ADJ,atletskom/ADJ,takmičenju/NOUN
ženskom/ADJ,atletskom/ADJ,finalu/NOUN
Crnomorske/ADJ,sportske/ADJ,igre/NOUN
Međunarodni/ADJ,olimpijski/ADJ,komitet/NOUN
nagrađivani/ADJ,španski/ADJ,arhitekta/NOUN
privremeni/ADJ,izložbeni/ADJ,prostor/NOUN
velika/ADJ,trapezoidna/ADJ,sala/NOUN
vrhunskom/ADJ,staklenom/ADJ,tehnologijom/NOUN
najznačajnija/ADJ,moderna/ADJ,konstrukcija/NOUN
preostalih/ADJ,skulpturnih/ADJ,dekoracija/NOUN
drugim/ADJ,međunarodnim/ADJ,organizacijama/NOUN
drugim/ADJ,ključnim/ADJ,dokumentima/NOUN
praktične/ADJ,robusne/ADJ,mere/NOUN
drugih/ADJ,međunarodnih/ADJ,organizacija/NOUN
uspešnu/ADJ,tržišnu/ADJ,ekonomiju/NOUN
prevremeni/ADJ,predsednički/ADJ,izbori/NOUN
takozvana/ADJ,ministarska/ADJ,trojka/NOUN
bivšeg/ADJ,holandskog/ADJ,ministra/NOUN
novog/ADJ,generalnog/ADJ,sekretara/NOUN
Hrvatske/ADJ,narodne/ADJ,stranke/NOUN
Državnoj/ADJ,izbornoj/ADJ,komisiji/NOUN
Državnoj/ADJ,izbornoj/ADJ,komisiji/NOUN
Nezavisan/ADJ,pravosudni/ADJ,sistem/NOUN
bivše/ADJ,državne/ADJ,zajednice/NOUN
visoki/ADJ,irački/ADJ,zvaničnik/NOUN
novog/ADJ,transbalkanskog/ADJ,naftovoda/NOUN
složenog/ADJ,infrastukturnog/ADJ,projekta/NOUN
složenog/ADJ,infrastrukturnog/ADJ,projekta/NOUN
kaspijska/ADJ,sirova/ADJ,nafta/NOUN
bugarske/ADJ,crnomorske/ADJ,luke/NOUN
preopterećeni/ADJ,Bosforski/ADJ,moreuz/NOUN
Planirani/ADJ,godišnji/ADJ,kapacitet/NOUN
Zajednička/ADJ,britansko-ruska/ADJ,firma/NOUN
britanske/ADJ,naftne/ADJ,kompanije/NOUN
makedonski/ADJ,međunarodni/ADJ,festival/NOUN
Svetskom/ADJ,dvoranskom/ADJ,prvenstvu/NOUN
Devetodnevni/ADJ,Solunski/ADJ,festival/NOUN
Prvi/ADJ,Međunarodni/ADJ,festival/NOUN
dugometražnih/ADJ,igranih/ADJ,filmova/NOUN
Sofijski/ADJ,filmski/ADJ,festival/NOUN
najveća/ADJ,kinematografska/ADJ,manifestacija/NOUN
veću/ADJ,političku/ADJ,stabilnost/NOUN
visoki/ADJ,briselski/ADJ,zvaničnik/NOUN
oktobarskog/ADJ,posmatračkog/ADJ,izveštaja/NOUN
nedavnih/ADJ,ekspertskih/ADJ,procena/NOUN
Sledeći/ADJ,posmatrački/ADJ,izveštaj/NOUN
veliki/ADJ,televizijski/ADJ,ekran/NOUN
novog/ADJ,glavnog/ADJ,tužioca/NOUN
planiranim/ADJ,strukturnim/ADJ,promenama/NOUN
mnoge/ADJ,nevladine/ADJ,organizacije/NOUN
druge/ADJ,poznate/ADJ,osobe/NOUN
međunarodnog/ADJ,humanitarnog/ADJ,prava/NOUN
razvijenim/ADJ,zapadnim/ADJ,demokratijama/NOUN
grupno/ADJ,psihološko/ADJ,nasrtanje/NOUN
precizniji/ADJ,statistički/ADJ,podaci/NOUN
osetljiv/ADJ,diplomatski/ADJ,proces/NOUN
čitave/ADJ,međunarodne/ADJ,zajednice/NOUN
konkretnim/ADJ,tehničkim/ADJ,pitanjima/NOUN
nove/ADJ,nacionalne/ADJ,podele/NOUN
Trenutni/ADJ,politički/ADJ,establišment/NOUN
