lokalni/ADJ,pravni/ADJ,osebi/NOUN
velikih/ADJ,trgovskih/ADJ,središčih/NOUN
včerajšnji/ADJ,letni/ADJ,skupščini/NOUN
različnih/ADJ,umetniških/ADJ,področij/NOUN
praznega/ADJ,aditivnega/ADJ,dela/NOUN
aluzivno/ADJ,prostorsko/ADJ,naracijo/NOUN
vizualno/ADJ,natančno/ADJ,opredeljevanje/NOUN
mlade/ADJ,novogoriške/ADJ,gimnastičarke/NOUN
prve/ADJ,atletske/ADJ,troboje/NOUN
krovni/ADJ,manjšinski/ADJ,zakon/NOUN
tretje/ADJ,življenjsko/ADJ,obdobje/NOUN
tradicionalno/ADJ,jesensko/ADJ,prireditev/NOUN
Madreouovega/ADJ,zasebnega/ADJ,tajnika/NOUN
mariborskem/ADJ,bogoslovnem/ADJ,semenišču/NOUN
ogromnimi/ADJ,kopenskimi/ADJ,silami/NOUN
plačana/ADJ,kavcijska/ADJ,vrednost/NOUN
Simpatična/ADJ,uradna/ADJ,stran/NOUN
plačana/ADJ,kavcijska/ADJ,vrednost/NOUN
pravim/ADJ,kriznim/ADJ,štabom/NOUN
največjih/ADJ,letošnjih/ADJ,naložb/NOUN
prve/ADJ,kontracepcijske/ADJ,tabletke/NOUN
vsakodnevne/ADJ,pravilne/ADJ,prehrane/NOUN
nedavnih/ADJ,parlamentarnih/ADJ,volitvah/NOUN
prebavljivih/ADJ,nerazgradljivih/ADJ,beljakovin/NOUN
občinskih/ADJ,prostorskih/ADJ,dokumentov/NOUN
državnim/ADJ,prostorskim/ADJ,načrtom/NOUN
Celjsko/ADJ,gradbeno/ADJ,podjetje/NOUN
omejenih/ADJ,hotelskih/ADJ,zmogljivosti/NOUN
strogega/ADJ,mestnega/ADJ,središča/NOUN
skupna/ADJ,bruseljska/ADJ,blagajna/NOUN
tradicionalnimi/ADJ,plemenskimi/ADJ,ljudmi/NOUN
spokojni/ADJ,življenski/ADJ,ritem/NOUN
sproščenim/ADJ,nubijskim/ADJ,odnosom/NOUN
osrednjega/ADJ,koncertnega/ADJ,prizorišča/NOUN
platnena/ADJ,koncertna/ADJ,dvorana/NOUN
raznolikih/ADJ,glasbenih/ADJ,kapljic/NOUN
sončnega/ADJ,poletnega/ADJ,dne/NOUN
Trovrata/ADJ,ulična/ADJ,svetilka/NOUN
nepriljubljeno/ADJ,poceni/ADJ,konkurenco/NOUN
Kitajska/ADJ,tradicionalna/ADJ,medicina/NOUN
vzporedne/ADJ,kriminalne/ADJ,dejavnosti/NOUN
največjima/ADJ,gospodarskima/ADJ,silama/NOUN
samih/ADJ,tehničnih/ADJ,pregledih/NOUN
zahodnih/ADJ,vojaških/ADJ,strokovnjakov/NOUN
konsolidirano/ADJ,revizijsko/ADJ,poročilo/NOUN
izpogajanih/ADJ,baznih/ADJ,površin/NOUN
Odprti/ADJ,večstomilijonski/ADJ,trg/NOUN
najlepših/ADJ,ljubezenskih/ADJ,zgodb/NOUN
Petrolovo/ADJ,poslovno/ADJ,poročilo/NOUN
posameznih/ADJ,gozdnih/ADJ,cestah/NOUN
zunanjemu/ADJ,grafičnemu/ADJ,oblikovalcu/NOUN
necenjenih/ADJ,stenskih/ADJ,poslikav/NOUN
prvega/ADJ,letnega/ADJ,poročila/NOUN
velikim/ADJ,rumenim/ADJ,cvetom/NOUN
druge/ADJ,poletne/ADJ,oblike/NOUN
odlično/ADJ,lepotilno/ADJ,sredstvo/NOUN
samostojne/ADJ,slovenske/ADJ,države/NOUN
Velika/ADJ,zgodovinska/ADJ,priložnost/NOUN
manjšo/ADJ,zrelo/ADJ,papajo/NOUN
dokončnem/ADJ,sanacijskem/ADJ,programu/NOUN
razne/ADJ,preiskovalne/ADJ,komisije/NOUN
dopustnimi/ADJ,vzgojnimi/ADJ,postopki/NOUN
najboljši/ADJ,slovenski/ADJ,metalci/NOUN
neuradnem/ADJ,evropskem/ADJ,prvenstvu/NOUN
Francoski/ADJ,splošni/ADJ,zdravniki/NOUN
čezatlantski/ADJ,trgovinski/ADJ,odnosi/NOUN
dodatnih/ADJ,ameriških/ADJ,carinah/NOUN
dosedanjih/ADJ,podobnih/ADJ,osvetljevanjih/NOUN
vmesnimi/ADJ,pomladitvenimi/ADJ,posegi/NOUN
newyorškega/ADJ,nočnega/ADJ,kluba/NOUN
slovenskega/ADJ,filmskega/ADJ,festivala/NOUN
takratni/ADJ,državnopolitični/ADJ,strukturi/NOUN
znani/ADJ,čečenski/ADJ,voditelj/NOUN
tedanji/ADJ,ruski/ADJ,predsednik/NOUN
Reakcijska/ADJ,kisikova/ADJ,posoda/NOUN
posameznih/ADJ,zvonastih/ADJ,cvetkov/NOUN
debelo/ADJ,listnato/ADJ,preprogo/NOUN
največji/ADJ,japonski/ADJ,izdelovalec/NOUN
največji/ADJ,svetovni/ADJ,koncern/NOUN
severozahodnem/ADJ,makedonskem/ADJ,mestu/NOUN
skrajni/ADJ,albanski/ADJ,skupini/NOUN
drugo/ADJ,svetovno/ADJ,vojno/NOUN
iraške/ADJ,narodne/ADJ,garde/NOUN
evropskih/ADJ,kapitalskih/ADJ,trgih/NOUN
omenjene/ADJ,pozitivne/ADJ,študije/NOUN
amazonski/ADJ,tropski/ADJ,gozd/NOUN
hrvaških/ADJ,obmorskih/ADJ,hotelih/NOUN
lastnih/ADJ,omrežnih/ADJ,skupin/NOUN
današnjih/ADJ,televizijskih/ADJ,gledalcev/NOUN
širši/ADJ,slovenski/ADJ,javnosti/NOUN
neizkoriščen/ADJ,turistični/ADJ,potencial/NOUN
ženskem/ADJ,profesionalnem/ADJ,golfu/NOUN
letošnja/ADJ,osma/ADJ,zmaga/NOUN
naslednjih/ADJ,delilnih/ADJ,obdobij/NOUN
znižanih/ADJ,carinskih/ADJ,stopnjah/NOUN
Posebna/ADJ,uvozna/ADJ,dajatev/NOUN
posamezne/ADJ,strokovne/ADJ,sekcije/NOUN
črnske/ADJ,etnične/ADJ,skupnosti/NOUN
modificiranem/ADJ,glasbenem/ADJ,slogu/NOUN
osnoven/ADJ,bluesovski/ADJ,ritual/NOUN
majhnih/ADJ,neodvisnih/ADJ,založb/NOUN
novonastalih/ADJ,radijskih/ADJ,postaj/NOUN
nedavnem/ADJ,mednarodnem/ADJ,turnirju/NOUN
neprijetne/ADJ,novinarske/ADJ,prispevke/NOUN
celjske/ADJ,policijske/ADJ,uprave/NOUN
resnične/ADJ,vladne/ADJ,politike/NOUN
vladna/ADJ,gospodarska/ADJ,politika/NOUN
drugi/ADJ,svetovni/ADJ,vojni/NOUN
najpomembnejših/ADJ,obrestnih/ADJ,mer/NOUN
slovenski/ADJ,kmetijski/ADJ,proračun/NOUN
nadaljnjo/ADJ,kakovostno/ADJ,rast/NOUN
prvi/ADJ,naslednji/ADJ,seji/NOUN
najboljših/ADJ,evropskih/ADJ,ekip/NOUN
sesekljanih/ADJ,bučnih/ADJ,semen/NOUN
Martinova/ADJ,stara/ADJ,mama/NOUN
večinski/ADJ,francoski/ADJ,lastniki/NOUN
višjih/ADJ,poletnih/ADJ,temperaturah/NOUN
znanih/ADJ,slovenskih/ADJ,tednikov/NOUN
Salezijanskega/ADJ,mladinskega/ADJ,centra/NOUN
mladinski/ADJ,pevski/ADJ,zbor/NOUN
domača/ADJ,dramska/ADJ,skupina/NOUN
mešani/ADJ,pevski/ADJ,zbor/NOUN
najlepše/ADJ,božične/ADJ,pesmi/NOUN
Sobotni/ADJ,kulturni/ADJ,večer/NOUN
nasprotnikovi/ADJ,obrambni/ADJ,igralci/NOUN
ogroženih/ADJ,živalskih/ADJ,vrst/NOUN
Glavna/ADJ,zgodovinska/ADJ,posledica/NOUN
samem/ADJ,mestnem/ADJ,središču/NOUN
brezplačnih/ADJ,parkirnih/ADJ,mest/NOUN
partizanski/ADJ,čevljarski/ADJ,delavnici/NOUN
suplementacijski/ADJ,institucionalni/ADJ,proces/NOUN
transkutana/ADJ,električna/ADJ,stimulacija/NOUN
dobro/ADJ,toplotno/ADJ,prevodnost/NOUN
človekova/ADJ,biološka/ADJ,evolucija/NOUN
poznejših/ADJ,pismenih/ADJ,ljudstev/NOUN
starejše/ADJ,kamene/ADJ,dobe/NOUN
indijski/ADJ,vedski/ADJ,mitologiji/NOUN
individualna/ADJ,trubadurska/ADJ,ljubezen/NOUN
pogodbene/ADJ,poslovne/ADJ,enote/NOUN
evropsko/ADJ,potovalno/ADJ,industrijo/NOUN
novemu/ADJ,bikovemu/ADJ,naletu/NOUN
blokovsko/ADJ,čistilno/ADJ,akcijo/NOUN
zla/ADJ,poganska/ADJ,bitja/NOUN
temnem/ADJ,zimskem/ADJ,nebu/NOUN
druge/ADJ,božične/ADJ,dobrote/NOUN
Slavna/ADJ,slovenska/ADJ,potica/NOUN
nepogrešljiva/ADJ,praznična/ADJ,jed/NOUN
starih/ADJ,lesenih/ADJ,sodov/NOUN
kvatrne/ADJ,postne/ADJ,dni/NOUN
prvem/ADJ,dokončanem/ADJ,dnevu/NOUN
osveščeno/ADJ,mlado/ADJ,damo/NOUN
osrednji/ADJ,oktogonalni/ADJ,prostor/NOUN
projicirane/ADJ,virtualne/ADJ,realnosti/NOUN
tradicionalni/ADJ,slikarski/ADJ,postopki/NOUN
devetletne/ADJ,osnovne/ADJ,šole/NOUN
prejšnji/ADJ,ameriški/ADJ,predsednik/NOUN
gladek/ADJ,obmorski/ADJ,asfalt/NOUN
prvi/ADJ,zasledovalni/ADJ,skupini/NOUN
drugačno/ADJ,elektromagnetno/ADJ,vplivanje/NOUN
novega/ADJ,nemškega/ADJ,parlamenta/NOUN
srčni/ADJ,prevodni/ADJ,sistem/NOUN
neustreznega/ADJ,ščitničnega/ADJ,delovanja/NOUN
motenega/ADJ,krvnega/ADJ,pretoka/NOUN
Nenasičene/ADJ,maščobne/ADJ,kisline/NOUN
nenasičene/ADJ,maščobne/ADJ,kisline/NOUN
celotne/ADJ,kalorične/ADJ,vrednosti/NOUN
Svetovna/ADJ,zdravstvena/ADJ,organizacija/NOUN
morebitnih/ADJ,neželenih/ADJ,učinkov/NOUN
visoke/ADJ,energijske/ADJ,gostote/NOUN
zamrznjenih/ADJ,zarodnih/ADJ,celic/NOUN
neplodni/ADJ,mišji/ADJ,samci/NOUN
zarodne/ADJ,spolne/ADJ,celice/NOUN
lepo/ADJ,darilo/NOUN,najbližjim/ADJ
možnimi/ADJ,kratkimi/ADJ,odgovori/NOUN
desnima/ADJ,srčnima/ADJ,polovicama/NOUN
zadnji/ADJ,svetovni/ADJ,vojni/NOUN
povratne/ADJ,otipne/ADJ,informacije/NOUN
učinkovitejše/ADJ,zavorne/ADJ,sisteme/NOUN
svojeglave/ADJ,kraške/ADJ,vode/NOUN
novega/ADJ,kavčukovega/ADJ,platna/NOUN
satelitskega/ADJ,navigacijskega/ADJ,sistema/NOUN
premična/ADJ,nosilna/ADJ,ogrodja/NOUN
navadnega/ADJ,srčnega/ADJ,spodbujevalnika/NOUN
sam/ADJ,elektrodni/ADJ,kateter/NOUN
drugo/ADJ,visokonapetostno/ADJ,elektrodo/NOUN
nepremično/ADJ,tektorialno/ADJ,membrano/NOUN
lasastih/ADJ,slušnih/ADJ,celicah/NOUN
lasaste/ADJ,slušne/ADJ,celice/NOUN
lasaste/ADJ,slušne/ADJ,celice/NOUN
navidezno/ADJ,dnevno/ADJ,vrtenje/NOUN
Aristarhov/ADJ,heliocentrični/ADJ,sistem/NOUN
velikanski/ADJ,kovinski/ADJ,ključ/NOUN
prazne/ADJ,grajske/ADJ,stavbe/NOUN
visokih/ADJ,ledenih/ADJ,vršacev/NOUN
ustrezno/ADJ,programsko/ADJ,opremo/NOUN
običajni/ADJ,mobilni/ADJ,terminali/NOUN
britanski/ADJ,obrambni/ADJ,minister/NOUN
najnovejše/ADJ,nevralgične/ADJ,točke/NOUN
številnimi/ADJ,obnovljenimi/ADJ,cestami/NOUN
težko/ADJ,prometno/ADJ,nesrečo/NOUN
letošnji/ADJ,turistični/ADJ,sezoni/NOUN
Ljubljanski/ADJ,veterinarski/ADJ,inšpektorji/NOUN
velika/ADJ,osebna/ADJ,preizkušnja/NOUN
prejšnjem/ADJ,delovnem/ADJ,mestu/NOUN
druga/ADJ,zmaga/NOUN,Srebotnikove/ADJ
prestižnih/ADJ,mednarodnih/ADJ,institucij/NOUN
Hrvaško/ADJ,seksološko/ADJ,društvo/NOUN
špansko/ADJ,blagovno/ADJ,znamko/NOUN
Španska/ADJ,blagovna/ADJ,znamka/NOUN
najnovejšo/ADJ,dišavno/ADJ,harmonijo/NOUN
sprejetega/ADJ,znanstvenega/ADJ,znanja/NOUN
mnogoterih/ADJ,družbenih/ADJ,časov/NOUN
modernega/ADJ,svetovnega/ADJ,sistema/NOUN
Večkraten/ADJ,dolgi/ADJ,upad/NOUN
novega/ADJ,zgodovinskega/ADJ,sistema/NOUN
pravi/ADJ,sanjski/ADJ,prostovoljec/NOUN
Ruthinih/ADJ,čuječih/ADJ,oči/NOUN
levi/ADJ,smerni/ADJ,kazalec/NOUN
prostovoljnih/ADJ,gasilskih/ADJ,društev/NOUN
pravi/ADJ,turistični/ADJ,biser/NOUN
Mlada/ADJ,nemška/ADJ,deklica/NOUN
svetim/ADJ,rimskim/ADJ,cesarjem/NOUN
drugih/ADJ,nižinskih/ADJ,krajih/NOUN
mogočih/ADJ,svetovnih/ADJ,nesrečah/NOUN
domače/ADJ,založniške/ADJ,hiše/NOUN
osebne/ADJ,prodajne/ADJ,rekorde/NOUN
pomembnimi/ADJ,študijskimi/ADJ,razstavami/NOUN
uglednimi/ADJ,mednarodnimi/ADJ,imeni/NOUN
uglednim/ADJ,britanskim/ADJ,kustosom/NOUN
različnimi/ADJ,barvnimi/ADJ,kombinacijami/NOUN
Letošnje/ADJ,letno/ADJ,poročilo/NOUN
zimskih/ADJ,olimpijskih/ADJ,iger/NOUN
Mednarodnega/ADJ,olimpijskega/ADJ,komiteja/NOUN
osvojena/ADJ,pokalna/ADJ,lovorika/NOUN
prihajajoče/ADJ,tekmovalno/ADJ,leto/NOUN
novih/ADJ,rekordnih/ADJ,dosežkov/NOUN
Mednarodne/ADJ,letalske/ADJ,organizacije/NOUN
letošnje/ADJ,rekordne/ADJ,podvige/NOUN
domnevne/ADJ,dopinške/ADJ,afere/NOUN
avstralsko/ADJ,plavalno/ADJ,zvezo/NOUN
slovenskem/ADJ,političnem/ADJ,preobratu/NOUN
dosedanjega/ADJ,prvega/ADJ,človeka/NOUN
novega/ADJ,hišnega/ADJ,ljubljenčka/NOUN
mastnimi/ADJ,modrimi/ADJ,ribami/NOUN
elegantna/ADJ,uradna/ADJ,utemeljitev/NOUN
slovenskega/ADJ,prometnega/ADJ,ministrstva/NOUN
bolnikovo/ADJ,zdravstveno/ADJ,stanje/NOUN
drugih/ADJ,zdravilnih/ADJ,lastnosti/NOUN
spominski/ADJ,planinski/ADJ,pohod/NOUN
Frankove/ADJ,rdečezlate/ADJ,barve/NOUN
poklopljenem/ADJ,lesenem/ADJ,sedalu/NOUN
majhna/ADJ,kristalna/ADJ,žoga/NOUN
čilsko/ADJ,vrhovno/ADJ,sodišče/NOUN
perujska/ADJ,volilna/ADJ,komisija/NOUN
mariborsko/ADJ,Narodno/ADJ,gledališče/NOUN
mariborski/ADJ,gledališki/ADJ,ansambl/NOUN
številnih/ADJ,turističnih/ADJ,avtobusov/NOUN
Nemški/ADJ,zunanji/ADJ,minister/NOUN
dnevne/ADJ,notranje/ADJ,politike/NOUN
Zgornje/ADJ,Savinjske/ADJ,doline/NOUN
Zgornji/ADJ,Savinjski/ADJ,dolini/NOUN
slovenska/ADJ,komunalna/ADJ,podjetja/NOUN
drage/ADJ,tuje/ADJ,firme/NOUN
Mednarodni/ADJ,tehnološki/ADJ,park/NOUN
novoustanovljena/ADJ,inovacijska/ADJ,podjetja/NOUN
širši/ADJ,strokovni/ADJ,javnosti/NOUN
polnim/ADJ,delovnim/ADJ,časom/NOUN
daljše/ADJ,delovne/ADJ,dobe/NOUN
Antropologovo/ADJ,vprašanje/NOUN,verujočemu/ADJ
določenega/ADJ,miselnega/ADJ,sloga/NOUN
umetne/ADJ,mišične/ADJ,strukture/NOUN
precejšnje/ADJ,investicijske/ADJ,vpletenosti/NOUN
novo/ADJ,šolsko/ADJ,leto/NOUN
drugega/ADJ,slovenskega/ADJ,trenerja/NOUN
novi/ADJ,širši/ADJ,domovini/NOUN
največji/ADJ,možni/ADJ,zaviralec/NOUN
posamezni/ADJ,ekonomski/ADJ,interesi/NOUN
Murinega/ADJ,lendavskega/ADJ,obrata/NOUN
lendavskega/ADJ,občinskega/ADJ,sveta/NOUN
bivših/ADJ,evropskih/ADJ,valut/NOUN
Druga/ADJ,možna/ADJ,delitev/NOUN
srednjeročnega/ADJ,drsečega/ADJ,povprečja/NOUN
prve/ADJ,nakupne/ADJ,naloge/NOUN
nove/ADJ,levosredinske/ADJ,spremembe/NOUN
neoviranim/ADJ,kapitalističnim/ADJ,pohodom/NOUN
evropskem/ADJ,visokošolskem/ADJ,prostoru/NOUN
razširjenih/ADJ,evropskih/ADJ,jezikov/NOUN
natisnjenih/ADJ,digitalnih/ADJ,fotografij/NOUN
pravi/ADJ,profesionalni/ADJ,cirkus/NOUN
organizirano/ADJ,humanitarno/ADJ,pomočjo/NOUN
Novih/ADJ,ženskih/ADJ,skupin/NOUN
skupne/ADJ,evropske/ADJ,valute/NOUN
Evropska/ADJ,centralna/ADJ,banka/NOUN
osrednjo/ADJ,obrestno/ADJ,mero/NOUN
občutnim/ADJ,inflacijskim/ADJ,pritiskom/NOUN
tehnološkem/ADJ,evropskem/ADJ,sektorju/NOUN
Evropski/ADJ,inflacijski/ADJ,pritiski/NOUN
malih/ADJ,mesarskih/ADJ,obratov/NOUN
pravi/ADJ,mali/ADJ,zabavnež/NOUN
najpogostejših/ADJ,napačnih/ADJ,domnev/NOUN
ljubljanskega/ADJ,živalskega/ADJ,vrta/NOUN
boljše/ADJ,življenjske/ADJ,razmere/NOUN
operativno/ADJ,udarno/ADJ,enoto/NOUN
zadnje/ADJ,kadrovske/ADJ,zamenjave/NOUN
zadnji/ADJ,smrtni/ADJ,udarec/NOUN
Majhna/ADJ,okovana/ADJ,vrata/NOUN
Jezusovega/ADJ,rojstnega/ADJ,kraja/NOUN
ameriško/ADJ,javno/ADJ,mnenje/NOUN
edini/ADJ,čečenski/ADJ,voditelj/NOUN
neuspeli/ADJ,predsedniški/ADJ,kandidat/NOUN
neizplačanih/ADJ,denarnih/ADJ,kaznih/NOUN
napovedanih/ADJ,prodajnih/ADJ,centrov/NOUN
sestrinega/ADJ,bednega/ADJ,življenja/NOUN
evropske/ADJ,živalske/ADJ,posebnosti/NOUN
slovenskih/ADJ,sodobnih/ADJ,skladateljev/NOUN
slovenskih/ADJ,ljudskih/ADJ,pesmi/NOUN
spornih/ADJ,finančnih/ADJ,poslov/NOUN
posebna/ADJ,notranja/ADJ,trenja/NOUN
Podobnikov/ADJ,predsedniški/ADJ,stolček/NOUN
prijateljski/ADJ,nogometni/ADJ,tekmi/NOUN
matičnemu/ADJ,parlamentarnemu/ADJ,odboru/NOUN
evropskem/ADJ,parlamentarnem/ADJ,prvenstvu/NOUN
najbližjega/ADJ,azorskega/ADJ,otoka/NOUN
klasičnim/ADJ,italijanskim/ADJ,testeninam/NOUN
slovenski/ADJ,biatlonski/ADJ,reprezentanci/NOUN
ženskega/ADJ,štafetnega/ADJ,nastopa/NOUN
drugi/ADJ,svetovni/ADJ,vojni/NOUN
veljavnega/ADJ,vozniškega/ADJ,dovoljenja/NOUN
pooblaščenih/ADJ,investicijskih/ADJ,družb/NOUN
skupne/ADJ,kmetijske/ADJ,politike/NOUN
javnih/ADJ,poštnih/ADJ,storitev/NOUN
pozitivni/ADJ,finančni/ADJ,učinek/NOUN
kmečka/ADJ,Ljudska/ADJ,stranka/NOUN
povprečno/ADJ,tovrstno/ADJ,stanovanje/NOUN
zanimivo/ADJ,strokovno/ADJ,srečanje/NOUN
obojestransko/ADJ,lepilno/ADJ,folijo/NOUN
prebodeno/ADJ,nosilno/ADJ,polo/NOUN
starega/ADJ,mestnega/ADJ,jedra/NOUN
močnejše/ADJ,gospodarske/ADJ,povezave/NOUN
slovenskim/ADJ,potnim/ADJ,listom/NOUN
starejši/ADJ,stanovanjski/ADJ,hiši/NOUN
zakoličenih/ADJ,strogih/ADJ,ločnic/NOUN
drugih/ADJ,likovnih/ADJ,umetnosti/NOUN
Prirodoslovne/ADJ,matematične/ADJ,fakultete/NOUN
orjaški/ADJ,peščeni/ADJ,uri/NOUN
cesarjevega/ADJ,rojstnega/ADJ,dne/NOUN
Lindstradtovo/ADJ,anodno/ADJ,pištolo/NOUN
uboga/ADJ,prehlajena/ADJ,želva/NOUN
Slovenska/ADJ,kmečka/ADJ,zveza/NOUN
kombinirano/ADJ,nakladalno/ADJ,prikolico/NOUN
zeleni/ADJ,krmni/ADJ,trak/NOUN
hebrejskega/ADJ,univerzitetnega/ADJ,inštituta/NOUN
drugo/ADJ,svetovno/ADJ,vojno/NOUN
pravih/ADJ,orožnih/ADJ,vajah/NOUN
edini/ADJ,popularen/ADJ,kraj/NOUN
pravi/ADJ,nočni/ADJ,klub/NOUN
nekdanji/ADJ,novorokerski/ADJ,program/NOUN
prvi/ADJ,igralski/ADJ,izkušnji/NOUN
prvo/ADJ,svetovno/ADJ,vojno/NOUN
starem/ADJ,newyorškem/ADJ,hipodromu/NOUN
prva/ADJ,prava/ADJ,zvezdnica/NOUN
ameriške/ADJ,drsalne/ADJ,revije/NOUN
poklicnega/ADJ,drsalnega/ADJ,baleta/NOUN
največjo/ADJ,umetnostno/ADJ,drsalko/NOUN
preprosta/ADJ,nabrana/ADJ,krila/NOUN
slovenskih/ADJ,nacionalnih/ADJ,interesov/NOUN
raznih/ADJ,črnih/ADJ,kronikah/NOUN
domače/ADJ,kemične/ADJ,sterilnosti/NOUN
znatna/ADJ,dodatna/ADJ,sredstva/NOUN
tragikomično/ADJ,sklepno/ADJ,dejanje/NOUN
letošnji/ADJ,državni/ADJ,razstavi/NOUN
velikim/ADJ,zaobljenim/ADJ,kljunom/NOUN
vrtljivem/ADJ,gledalčevem/ADJ,prostoru/NOUN
samo/ADJ,skupno/ADJ,identiteto/NOUN
tretji/ADJ,najmočnejši/ADJ,človek/NOUN
možnih/ADJ,negativnih/ADJ,posledic/NOUN
mariborskega/ADJ,študentskega/ADJ,radia/NOUN
slovenski/ADJ,narodni/ADJ,značaj/NOUN
večnih/ADJ,rokometnih/ADJ,prvakov/NOUN
preteklo/ADJ,raznarodovalno/ADJ,politiko/NOUN
nasilnih/ADJ,trgovskih/ADJ,središč/NOUN
italijanskega/ADJ,prvoligaškega/ADJ,kluba/NOUN
italijanska/ADJ,nogometna/ADJ,zveza/NOUN
zaščitena/ADJ,blagovna/ADJ,znamka/NOUN
senzacionalno/ADJ,štafetno/ADJ,zmago/NOUN
ostalimi/ADJ,opravljenimi/ADJ,nalogami/NOUN
generalna/ADJ,državna/ADJ,tožilka/NOUN
dvignjeni/ADJ,vodni/ADJ,zavesi/NOUN
zaščitena/ADJ,blagovna/ADJ,znamka/NOUN
toplejše/ADJ,morske/ADJ,tokove/NOUN
primernih/ADJ,peščenih/ADJ,plaž/NOUN
izvornih/ADJ,peščenih/ADJ,sipin/NOUN
jadranske/ADJ,morske/ADJ,želve/NOUN
ulovljenimi/ADJ,živimi/ADJ,primerki/NOUN
skrivnostnih/ADJ,želvjih/ADJ,poteh/NOUN
morske/ADJ,živalske/ADJ,vrste/NOUN
zmečkane/ADJ,slane/ADJ,sardele/NOUN
pravi/ADJ,plesni/ADJ,center/NOUN
angleških/ADJ,ženskih/ADJ,kolidžev/NOUN
sočasni/ADJ,literarni/ADJ,sceni/NOUN
nova/ADJ,ekonomska/ADJ,politika/NOUN
podjetni/ADJ,turistični/ADJ,delavci/NOUN
Levovo/ADJ,seksualno/ADJ,tehniko/NOUN
nežni/ADJ,ljubezenski/ADJ,ugrizi/NOUN
premične/ADJ,kulturne/ADJ,dediščine/NOUN
Koroški/ADJ,pokrajinski/ADJ,muzej/NOUN
nekdanje/ADJ,mestne/ADJ,hiše/NOUN
kreditno/ADJ,monetarno/ADJ,politiko/NOUN
univerzalnega/ADJ,otroškega/ADJ,dodatka/NOUN
potrebno/ADJ,normativno/ADJ,podlago/NOUN
splošni/ADJ,pokrajinski/ADJ,muzej/NOUN
premične/ADJ,kulturne/ADJ,dediščine/NOUN
bruto/ADJ,nacionalnem/ADJ,dohodku/NOUN
posebnimi/ADJ,elektroprevodnimi/ADJ,elektrodami/NOUN
Temeljnega/ADJ,javnega/ADJ,tožilstva/NOUN
velike/ADJ,centralnoalpske/ADJ,ture/NOUN
vsakdanjem/ADJ,delovnem/ADJ,okolju/NOUN
drugačnim/ADJ,kulturnim/ADJ,ozadjem/NOUN
dobre/ADJ,medosebne/ADJ,odnose/NOUN
identificirajoča/ADJ,genitivna/ADJ,metafora/NOUN
edini/ADJ,utrjeni/ADJ,stezi/NOUN
ozke/ADJ,lesene/ADJ,brvi/NOUN
meglenega/ADJ,jutranjega/ADJ,mraka/NOUN
položno/ADJ,snežno/ADJ,rez/NOUN
izrazitega/ADJ,skalnega/ADJ,roglja/NOUN
umetniških/ADJ,avtorskih/ADJ,del/NOUN
temna/ADJ,oblačna/ADJ,fronta/NOUN
prva/ADJ,režiserska/ADJ,poteza/NOUN
idiotskega/ADJ,spodnjega/ADJ,rakurza/NOUN
Mlačni/ADJ,poletni/ADJ,veter/NOUN
večinske/ADJ,levičarske/ADJ,vlade/NOUN
prvih/ADJ,volilnih/ADJ,rezultatov/NOUN
legendarni/ADJ,hrvaški/ADJ,vratar/NOUN
podobne/ADJ,jurišne/ADJ,hrane/NOUN
poslednja/ADJ,dnevna/ADJ,luč/NOUN
skupinsko/ADJ,pedagoško/ADJ,delo/NOUN
gospodarske/ADJ,javne/ADJ,službe/NOUN
Hrvaško/ADJ,kmečko/ADJ,stranko/NOUN
drugačne/ADJ,investicijske/ADJ,načrte/NOUN
Mednarodna/ADJ,atletska/ADJ,zveza/NOUN
celoten/ADJ,zmagoviti/ADJ,delež/NOUN
drugi/ADJ,ameriški/ADJ,sezoni/NOUN
slovenski/ADJ,javni/ADJ,mediji/NOUN
načrtovanih/ADJ,proračunskih/ADJ,presežkov/NOUN
novih/ADJ,individualnih/ADJ,računov/NOUN
najboljših/ADJ,slovarskih/ADJ,založb/NOUN
Pravi/ADJ,divji/ADJ,zagon/NOUN
OBSTOJEČO/ADJ,DRŽAVNO/ADJ,UREDITEV/NOUN
NECIVILNOPRAVNEMU/ADJ,POGODBENEMU/ADJ,RAZMERJU/NOUN
SAMOSTOJNO/ADJ,PRAVNO/ADJ,NARAVO/NOUN
DRUGIH/ADJ,DRŽAVNIH/ADJ,ORGANIH/NOUN
SPREMENJENA/ADJ,DELOVNA/ADJ,ZMOŽNOST/NOUN
REDNEGA/ADJ,DELOVNEGA/ADJ,RAZMERJA/NOUN
MINIMALNI/ADJ,ODPOVEDNI/ADJ,ROK/NOUN
DELUJOČEGA/ADJ,SOCIALNEGA/ADJ,PARTNERSTVA/NOUN
POSAMEZNIMI/ADJ,PLAČNIMI/ADJ,PODSKUPINAMI/NOUN
OPRAVLJENEM/ADJ,NADURNEM/ADJ,DELU/NOUN
POLNIM/ADJ,DELOVNIM/ADJ,ČASOM/NOUN
SODOBNE/ADJ,ZAKONSKE/ADJ,UREDITVE/NOUN
Mednarodni/ADJ,denarni/ADJ,sklad/NOUN
prejšnji/ADJ,goriški/ADJ,župan/NOUN
visok/ADJ,skalnat/ADJ,pomol/NOUN
neštetih/ADJ,sivih/ADJ,odtenkov/NOUN
lanskih/ADJ,naknadnih/ADJ,volitev/NOUN
morebitnem/ADJ,drugem/ADJ,krogu/NOUN
dvodnevni/ADJ,programski/ADJ,sestanek/NOUN
spodbudne/ADJ,telegramske/ADJ,pozdrave/NOUN
kontinuirane/ADJ,gonilne/ADJ,sile/NOUN
drugih/ADJ,kulturnih/ADJ,praksah/NOUN
ponovnem/ADJ,Kristusovem/ADJ,prihodu/NOUN
prvi/ADJ,teoretični/ADJ,pristopi/NOUN
kibernetičnih/ADJ,komunikacijskih/ADJ,sistemov/NOUN
številnih/ADJ,drugih/ADJ,sociobiologih/NOUN
piransko/ADJ,policijsko/ADJ,postajo/NOUN
dvodnevni/ADJ,uradni/ADJ,obisk/NOUN
prvi/ADJ,uradni/ADJ,obisk/NOUN
prvi/ADJ,nacionalni/ADJ,konferenci/NOUN
Srednji/ADJ,vzgojiteljski/ADJ,šoli/NOUN
prijetnega/ADJ,družinskega/ADJ,ozračja/NOUN
Slovenski/ADJ,komorni/ADJ,zbor/NOUN
morebitnega/ADJ,vnovičnega/ADJ,začetka/NOUN
bližnjevzhodnega/ADJ,mirovnega/ADJ,procesa/NOUN
Izraelski/ADJ,zunanji/ADJ,minister/NOUN
klasične/ADJ,diferencialne/ADJ,zapore/NOUN
različnih/ADJ,cestnih/ADJ,podlagah/NOUN
znosni/ADJ,pogovorni/ADJ,slovenščini/NOUN
tretjeligaško/ADJ,vaško/ADJ,tekmo/NOUN
tirolske/ADJ,alpske/ADJ,doline/NOUN
Novi/ADJ,zlati/ADJ,dobi/NOUN
prvi/ADJ,kolesarski/ADJ,dirki/NOUN
Slovenskem/ADJ,gasilskem/ADJ,muzeju/NOUN
Prva/ADJ,ročna/ADJ,brizgalna/NOUN
presežena/ADJ,predpisana/ADJ,meja/NOUN
novih/ADJ,delovnih/ADJ,mest/NOUN
staro/ADJ,mestno/ADJ,jedro/NOUN
stranski/ADJ,baročni/ADJ,oltar/NOUN
glavni/ADJ,renesančni/ADJ,oltar/NOUN
minulem/ADJ,Martinovem/ADJ,vikendu/NOUN
širšega/ADJ,ptujskega/ADJ,območja/NOUN
uspešnega/ADJ,nadaljnjega/ADJ,poslovanja/NOUN
vodilni/ADJ,marketinški/ADJ,delavci/NOUN
perutninarskega/ADJ,vele/ADJ,podjetja/NOUN
zahtevnem/ADJ,madžarskem/ADJ,trgu/NOUN
zadnjo/ADJ,rešilno/ADJ,bilko/NOUN
slovenskega/ADJ,knjižnega/ADJ,jezika/NOUN
Tartinijevo/ADJ,spominsko/ADJ,sobo/NOUN
Tartinijevi/ADJ,rojstni/ADJ,hiši/NOUN
majhna/ADJ,železna/ADJ,skrinja/NOUN
Slovenske/ADJ,razvojne/ADJ,družbe/NOUN
javnih/ADJ,gospodarskih/ADJ,družbah/NOUN
nominalnega/ADJ,družbenega/ADJ,kapitala/NOUN
bližnjo/ADJ,stanovanjsko/ADJ,hišo/NOUN
visokim/ADJ,uglajenim/ADJ,glasom/NOUN
tamkajšnjem/ADJ,gostinskem/ADJ,lokalu/NOUN
tragična/ADJ,prometna/ADJ,nesreča/NOUN
pravo/ADJ,malo/ADJ,revolucijo/NOUN
dveletni/ADJ,prehodni/ADJ,rok/NOUN
dvojno/ADJ,italijansko/ADJ,zmago/NOUN
sobotni/ADJ,čistilni/ADJ,akciji/NOUN
oprijete/ADJ,dolge/ADJ,hlače/NOUN
moderne/ADJ,kavbojske/ADJ,škornje/NOUN
očarljive/ADJ,rdeče/ADJ,žabice/NOUN
prvotna/ADJ,Snyderjeva/ADJ,klet/NOUN
visok/ADJ,gost/ADJ,plevel/NOUN
določene/ADJ,zakonske/ADJ,predpise/NOUN
večjo/ADJ,socialno/ADJ,varnost/NOUN
preostali/ADJ,delovni/ADJ,zmožnosti/NOUN
novega/ADJ,delovnega/ADJ,mesta/NOUN
drugi/ADJ,vodilni/ADJ,pisci/NOUN
generalni/ADJ,državni/ADJ,tožilki/NOUN
znižanimi/ADJ,kreditnimi/ADJ,ocenami/NOUN
vneto/ADJ,želodčno/ADJ,sluznico/NOUN
slovenskimi/ADJ,nacionalnimi/ADJ,športi/NOUN
kakovostnih/ADJ,mednarodnih/ADJ,turnirjev/NOUN
temeljnih/ADJ,človeških/ADJ,pravic/NOUN
drugih/ADJ,kafilerijskih/ADJ,odpadkov/NOUN
liverpoolskega/ADJ,mestnega/ADJ,sveta/NOUN
ročno/ADJ,baterijsko/ADJ,svetilko/NOUN
posameznih/ADJ,trdovratnejših/ADJ,primerih/NOUN
zborničnih/ADJ,strokovnih/ADJ,služb/NOUN
cestni/ADJ,tovorni/ADJ,promet/NOUN
evropske/ADJ,plavalne/ADJ,zveze/NOUN
letošnje/ADJ,atletske/ADJ,lige/NOUN
nadarjen/ADJ,avstralski/ADJ,filozof/NOUN
veliki/ADJ,mavrični/ADJ,kači/NOUN
prva/ADJ,adventna/ADJ,svetnica/NOUN
odbojne/ADJ,magnetne/ADJ,sile/NOUN
največji/ADJ,prašičji/ADJ,farmi/NOUN
najsodobnejše/ADJ,čistilne/ADJ,naprave/NOUN
slovenskem/ADJ,stanovanjskem/ADJ,trgu/NOUN
galerijski/ADJ,literarni/ADJ,večer/NOUN
Mladinski/ADJ,kulturni/ADJ,center/NOUN
šesti/ADJ,rojstni/ADJ,dan/NOUN
elektronske/ADJ,plesne/ADJ,glasbe/NOUN
končanem/ADJ,zemeljskem/ADJ,romanju/NOUN
kosovska/ADJ,albanska/ADJ,vlada/NOUN
Hrvaški/ADJ,državni/ADJ,vrh/NOUN
vodilnih/ADJ,hrvaških/ADJ,politikov/NOUN
Hrvaška/ADJ,politična/ADJ,desnica/NOUN
odmevne/ADJ,živinorejske/ADJ,sejme/NOUN
ohranjenih/ADJ,stoletnih/ADJ,lip/NOUN
francoski/ADJ,gospodarski/ADJ,časnik/NOUN
Najboljši/ADJ,košarkarski/ADJ,klubi/NOUN
poznih/ADJ,večernih/ADJ,urah/NOUN
velikansko/ADJ,sipinsko/ADJ,območje/NOUN
veliko/ADJ,požarno/ADJ,ogroženost/NOUN
slovenskih/ADJ,vzajemnih/ADJ,skladov/NOUN
nedolžna/ADJ,krajevna/ADJ,nevihta/NOUN
različne/ADJ,administrativne/ADJ,ovire/NOUN
Majhna/ADJ,organizirana/ADJ,skupina/NOUN
veliko/ADJ,neorganizirano/ADJ,skupino/NOUN
prevladujoča/ADJ,oblastna/ADJ,retorika/NOUN
različnih/ADJ,temperaturnih/ADJ,razmerah/NOUN
šibkim/ADJ,električnim/ADJ,šokom/NOUN
prva/ADJ,višjih/ADJ,stopenj/NOUN
poosebljena/ADJ,nebeška/ADJ,luč/NOUN
celotnega/ADJ,premostitvenega/ADJ,objekta/NOUN
zanimivem/ADJ,razstavnem/ADJ,prostoru/NOUN
samodejna/ADJ,vremenska/ADJ,postaja/NOUN
danskega/ADJ,tehnološkega/ADJ,inštituta/NOUN
naslednji/ADJ,temeljni/ADJ,smeri/NOUN
skupni/ADJ,evropski/ADJ,trg/NOUN
zahtevane/ADJ,tehnične/ADJ,zakonodaje/NOUN
visokega/ADJ,srednjega/ADJ,veka/NOUN
odljudnega/ADJ,močvirnega/ADJ,gozda/NOUN
omenjeni/ADJ,osnovni/ADJ,dejavniki/NOUN
razpršena/ADJ,lastniška/ADJ,struktura/NOUN
omejenih/ADJ,dostopnih/ADJ,podatkov/NOUN
pokrajinskih/ADJ,narodnih/ADJ,nošah/NOUN
drugih/ADJ,vodnih/ADJ,živali/NOUN
končani/ADJ,osnovni/ADJ,šoli/NOUN
prostovoljnega/ADJ,gasilskega/ADJ,društva/NOUN
pogodbene/ADJ,sekaške/ADJ,ekipe/NOUN
okrožnemu/ADJ,državnemu/ADJ,tožilstvu/NOUN
črnomaljska/ADJ,kmetijska/ADJ,zadruga/NOUN
lokalni/ADJ,tržni/ADJ,delež/NOUN
dvodnevno/ADJ,poletno/ADJ,gostovanje/NOUN
uglednega/ADJ,jugoslovanskega/ADJ,politika/NOUN
oslabljeno/ADJ,tržno/ADJ,pozicijo/NOUN
Prihodnje/ADJ,šolsko/ADJ,leto/NOUN
suhljata/ADJ,bleda/ADJ,dlan/NOUN
prečne/ADJ,trebušne/ADJ,mišice/NOUN
zajeten/ADJ,programski/ADJ,niz/NOUN
senilnega/ADJ,socrealističnega/ADJ,gledališča/NOUN
sodobnih/ADJ,gledaliških/ADJ,tokovih/NOUN
takratnemu/ADJ,stalnemu/ADJ,režiserju/NOUN
Mirino/ADJ,desno/ADJ,roko/NOUN
Jugoslovanskem/ADJ,dramskem/ADJ,gledališču/NOUN
daljšega/ADJ,Kermaunerjevega/ADJ,besedila/NOUN
Takratni/ADJ,umetniški/ADJ,vodja/NOUN
posamezne/ADJ,turistične/ADJ,poti/NOUN
jugoslovanske/ADJ,rokometne/ADJ,šole/NOUN
bipolarnega/ADJ,političnega/ADJ,sistema/NOUN
zanemarjen/ADJ,stanovanjski/ADJ,blok/NOUN
Dixiejinemu/ADJ,mrtvemu/ADJ,bratu/NOUN
sedanjega/ADJ,akumulacijskega/ADJ,jezera/NOUN
dragocen/ADJ,strokovni/ADJ,svetovalec/NOUN
dodatne/ADJ,varnostne/ADJ,ukrepe/NOUN
tradicionalnem/ADJ,newyorškem/ADJ,maratonu/NOUN
neznanih/ADJ,mimoidočih/ADJ,gledalcev/NOUN
starem/ADJ,mestnem/ADJ,jedru/NOUN
Znamenita/ADJ,konjeniška/ADJ,dirka/NOUN
pristojni/ADJ,davčni/ADJ,organ/NOUN
pogostih/ADJ,časovnih/ADJ,intervalih/NOUN
Sonyjeve/ADJ,prihajajoče/ADJ,konzole/NOUN
novih/ADJ,grafičnih/ADJ,procesorjev/NOUN
omenjeni/ADJ,Intelov/ADJ,procesor/NOUN
same/ADJ,osebne/ADJ,drame/NOUN
tadžikistansko/ADJ,glavno/ADJ,mesto/NOUN
najnižjem/ADJ,hierarhičnem/ADJ,nivoju/NOUN
timske/ADJ,organizacijske/ADJ,strukture/NOUN
potrebni/ADJ,standardni/ADJ,odklon/NOUN
različnih/ADJ,vstopnih/ADJ,kakovosti/NOUN
boljše/ADJ,predvolilne/ADJ,kampanje/NOUN
slovenski/ADJ,potni/ADJ,list/NOUN
slovenskem/ADJ,notranjem/ADJ,ministrstvu/NOUN
daljšo/ADJ,zgornjo/ADJ,čeljust/NOUN
novega/ADJ,genetskega/ADJ,materiala/NOUN
temnejših/ADJ,navpičnih/ADJ,prog/NOUN
Dejaven/ADJ,čustven/ADJ,odnos/NOUN
Cankarjevo/ADJ,navidezno/ADJ,razočaranje/NOUN
značilno/ADJ,temno/ADJ,piko/NOUN
letošnje/ADJ,osrednje/ADJ,dirke/NOUN
Močno/ADJ,žensko/ADJ,osebnost/NOUN
mlado/ADJ,kmečko/ADJ,dekle/NOUN
lastnih/ADJ,psihičnih/ADJ,hib/NOUN
sami/ADJ,nespodobni/ADJ,misli/NOUN
prvo/ADJ,svetovno/ADJ,vojno/NOUN
majhnimi/ADJ,krajnimi/ADJ,usti/NOUN
nesteroidnih/ADJ,protivnetnih/ADJ,zdravil/NOUN
druga/ADJ,javna/ADJ,oseba/NOUN
različnih/ADJ,pojavnih/ADJ,oblikah/NOUN
Človekova/ADJ,negativna/ADJ,čustva/NOUN
številnimi/ADJ,majhnimi/ADJ,zobmi/NOUN
daljšo/ADJ,spodnjo/ADJ,čeljustjo/NOUN
Dosedanji/ADJ,argentinski/ADJ,ukrepi/NOUN
privarčevanih/ADJ,dolarskih/ADJ,sredstev/NOUN
paradnemu/ADJ,proizvodnemu/ADJ,programu/NOUN
nerevidiranih/ADJ,poslovnih/ADJ,poročil/NOUN
angleške/ADJ,kraljeve/ADJ,družine/NOUN
panožno/ADJ,kolektivno/ADJ,pogodbo/NOUN
zadnji/ADJ,hrbtni/ADJ,bodici/NOUN
veliko/ADJ,črno/ADJ,piko/NOUN
črno/ADJ,vzdolžno/ADJ,progo/NOUN
Največje/ADJ,prijetno/ADJ,presenečenje/NOUN
prilagojenimi/ADJ,goltnimi/ADJ,zobmi/NOUN
lahko/ADJ,ribiško/ADJ,opremo/NOUN
slovenske/ADJ,letalske/ADJ,zgodovine/NOUN
Lokalna/ADJ,akcijska/ADJ,skupina/NOUN
Žbogarjevi/ADJ,mehanični/ADJ,delavnici/NOUN
ozkih/ADJ,valovitih/ADJ,prog/NOUN
severnjaške/ADJ,premišljene/ADJ,avantgarde/NOUN
Sodobni/ADJ,krzneni/ADJ,izdelki/NOUN
rumeno/ADJ,črno/ADJ,liso/NOUN
dežurni/ADJ,preiskovalni/ADJ,sodnik/NOUN
Intenzivni/ADJ,migracijski/ADJ,procesi/NOUN
kaotičnem/ADJ,medsebojnem/ADJ,sovraštvu/NOUN
daljšim/ADJ,poletnim/ADJ,večerom/NOUN
bogato/ADJ,življenjsko/ADJ,pot/NOUN
izsušene/ADJ,koreninske/ADJ,grude/NOUN
znameniti/ADJ,romarski/ADJ,poti/NOUN
pohotne/ADJ,rasne/ADJ,lepotice/NOUN
specifičnih/ADJ,izobraževalnih/ADJ,procesih/NOUN
letošnjih/ADJ,največjih/ADJ,turnirjih/NOUN
Velikanski/ADJ,zabaviščni/ADJ,prostor/NOUN
območne/ADJ,obrtne/ADJ,zbornice/NOUN
poklicnega/ADJ,izobraževalnega/ADJ,sistema/NOUN
kvalitetno/ADJ,poklicno/ADJ,izobraževanje/NOUN
višjih/ADJ,strokovnih/ADJ,šolah/NOUN
amortiziranega/ADJ,osebnega/ADJ,avta/NOUN
omenjeno/ADJ,zakonodajno/ADJ,področje/NOUN
novih/ADJ,zakonskih/ADJ,predlogov/NOUN
drugimi/ADJ,zainteresiranimi/ADJ,udeleženci/NOUN
malih/ADJ,gospodarskih/ADJ,družb/NOUN
nove/ADJ,mogoče/ADJ,načine/NOUN
težko/ADJ,petlitrsko/ADJ,steklenico/NOUN
prve/ADJ,informacijske/ADJ,točke/NOUN
bližnje/ADJ,Rečiške/ADJ,planine/NOUN
Velikem/ADJ,Blejskem/ADJ,barju/NOUN
markirani/ADJ,planinski/ADJ,poti/NOUN
navpične/ADJ,izžlebljene/ADJ,robove/NOUN
visokih/ADJ,šotnih/ADJ,barij/NOUN
samostojna/ADJ,učna/ADJ,pot/NOUN
Triglavskega/ADJ,narodnega/ADJ,parka/NOUN
drugimi/ADJ,naprednimi/ADJ,analizami/NOUN
Visoke/ADJ,avgustovske/ADJ,temperature/NOUN
tovrstni/ADJ,aktivni/ADJ,oddih/NOUN
izrazito/ADJ,temno/ADJ,pego/NOUN
izbrani/ADJ,umetni/ADJ,vabi/NOUN
redni/ADJ,tiskovni/ADJ,konferenci/NOUN
najmilejša/ADJ,prisilna/ADJ,sredstva/NOUN
letošnjih/ADJ,najhujših/ADJ,napadov/NOUN
glavna/ADJ,opozicijska/ADJ,skupina/NOUN
splošno/ADJ,evropsko/ADJ,priznanje/NOUN
tamkajšnjih/ADJ,osebnih/ADJ,izkaznic/NOUN
novega/ADJ,operacijskega/ADJ,sistema/NOUN
opisanih/ADJ,sledilnih/ADJ,naprav/NOUN
različnimi/ADJ,živimi/ADJ,vabami/NOUN
ameriški/ADJ,divji/ADJ,zahod/NOUN
Malteški/ADJ,viteški/ADJ,red/NOUN
Svetovni/ADJ,ekonomski/ADJ,forum/NOUN
lahko/ADJ,ribiško/ADJ,opremo/NOUN
drugi/ADJ,svetovni/ADJ,vojni/NOUN
novi/ADJ,sistemski/ADJ,zakon/NOUN
strokovno/ADJ,razvojnih/ADJ,nalog/NOUN
klasičnih/ADJ,mobilnih/ADJ,telefonov/NOUN
pozabljeno/ADJ,kulturno/ADJ,dediščino/NOUN
najrazličnejše/ADJ,čebelarsko/ADJ,orodje/NOUN
prve/ADJ,spravne/ADJ,slovesnosti/NOUN
nova/ADJ,vladna/ADJ,ekipa/NOUN
Lansko/ADJ,šolsko/ADJ,leto/NOUN
tajni/ADJ,policijski/ADJ,sodelavec/NOUN
povišan/ADJ,krvni/ADJ,tlak/NOUN
Zmerni/ADJ,vzdržljivostni/ADJ,športi/NOUN
svobodne/ADJ,gospodarske/ADJ,pobude/NOUN
jamski/ADJ,Koncertni/ADJ,dvorani/NOUN
novo/ADJ,gledališko/ADJ,predstavo/NOUN
Slovenskega/ADJ,mladinskega/ADJ,gledališča/NOUN
prvi/ADJ,knjižni/ADJ,prevod/NOUN
znamenitega/ADJ,istoimenskega/ADJ,dela/NOUN
prvi/ADJ,hrvaški/ADJ,jez/NOUN
ponarejeno/ADJ,italijansko/ADJ,dovoljenje/NOUN
starega/ADJ,turškega/ADJ,dela/NOUN
triladijsko/ADJ,pravoslavno/ADJ,cerkev/NOUN
enostavna/ADJ,nizka/ADJ,zgradba/NOUN
majhni/ADJ,beli/ADJ,oblački/NOUN
gostujočih/ADJ,folklornih/ADJ,skupin/NOUN
prekmursko/ADJ,vinsko/ADJ,kraljico/NOUN
raznih/ADJ,dodatnih/ADJ,programov/NOUN
Splošen/ADJ,skrivnopisni/ADJ,sestav/NOUN
razne/ADJ,druge/ADJ,strokovnjake/NOUN
neupravičena/ADJ,teritorialna/ADJ,pretenzija/NOUN
Badinterjeva/ADJ,arbitražna/ADJ,komisija/NOUN
slovenskih/ADJ,rednih/ADJ,znamkah/NOUN
druge/ADJ,svetovne/ADJ,vojne/NOUN
slovenskih/ADJ,pomožnih/ADJ,poštah/NOUN
državni/ADJ,filatelistični/ADJ,razstavi/NOUN
domačega/ADJ,športnega/ADJ,društva/NOUN
obnovljeno/ADJ,športno/ADJ,igrišče/NOUN
uradni/ADJ,srbski/ADJ,novinarji/NOUN
izkušenih/ADJ,albanskih/ADJ,novinarjev/NOUN
imenovane/ADJ,pozitivne/ADJ,reakcije/NOUN
letošnjega/ADJ,koledarskega/ADJ,leta/NOUN
strokovni/ADJ,gordijski/ADJ,vozel/NOUN
negativne/ADJ,kolektivne/ADJ,lastnosti/NOUN
vrhunske/ADJ,kulturne/ADJ,artikulacije/NOUN
radgonskem/ADJ,kmetijskem/ADJ,sejmu/NOUN
obetavni/ADJ,smučarski/ADJ,skakalec/NOUN
posamične/ADJ,zmagovalne/ADJ,stopničke/NOUN
zasebno/ADJ,lastnino/NOUN,bogatih/ADJ
Prvo/ADJ,povojno/ADJ,leto/NOUN
grobimi/ADJ,strukturnimi/ADJ,delci/NOUN
Poglavitne/ADJ,zunanjepolitične/ADJ,težave/NOUN
schengenski/ADJ,informacijski/ADJ,sistem/NOUN
sleherni/ADJ,vietnamski/ADJ,ribič/NOUN
novoustanovljenega/ADJ,mirovnega/ADJ,komiteja/NOUN
šolskimi/ADJ,zdravstvenimi/ADJ,delavci/NOUN
veliko/ADJ,moralno/ADJ,pomoč/NOUN
prvim/ADJ,generalnim/ADJ,direktorjem/NOUN
prvim/ADJ,programskim/ADJ,direktorjem/NOUN
nekdanje/ADJ,železniške/ADJ,postaje/NOUN
ljubljanski/ADJ,klinični/ADJ,center/NOUN
Ameriško/ADJ,vesoljsko/ADJ,plovilo/NOUN
zadnjo/ADJ,plinsko/ADJ,svetilko/NOUN
posameznih/ADJ,učnih/ADJ,načrtov/NOUN
Največja/ADJ,razpravna/ADJ,dvorana/NOUN
ljubljanskega/ADJ,okrožnega/ADJ,sodišča/NOUN
pristopnih/ADJ,gospodarskih/ADJ,programih/NOUN
predpristopnih/ADJ,gospodarskih/ADJ,programov/NOUN
drugi/ADJ,svetovni/ADJ,vojni/NOUN
drugimi/ADJ,domoljubnimi/ADJ,pesmimi/NOUN
uveljavljene/ADJ,simbolne/ADJ,pomene/NOUN
mračnega/ADJ,Hadovega/ADJ,kraljestva/NOUN
primerne/ADJ,telesne/ADJ,teže/NOUN
večjega/ADJ,komercialnega/ADJ,uspeha/NOUN
Prvi/ADJ,veliki/ADJ,album/NOUN
kitajskega/ADJ,vojaškega/ADJ,voditelja/NOUN
prodnatem/ADJ,rečnem/ADJ,dnu/NOUN
značilne/ADJ,temne/ADJ,pege/NOUN
številne/ADJ,ribojede/ADJ,ptiče/NOUN
značilnem/ADJ,zaokroženem/ADJ,repu/NOUN
dolge/ADJ,nitaste/ADJ,izrastke/NOUN
novi/ADJ,medijski/ADJ,zakonodaji/NOUN
ustrezne/ADJ,sistemske/ADJ,zakonodaje/NOUN
zavodov/ADJ,finančni/ADJ,načrt/NOUN
novi/ADJ,javni/ADJ,zavod/NOUN
miren/ADJ,nočni/ADJ,spanec/NOUN
druge/ADJ,družinske/ADJ,prireditve/NOUN
sama/ADJ,velika/ADJ,dogodivščina/NOUN
vnukovem/ADJ,rojstnem/ADJ,dnevu/NOUN
drugih/ADJ,posebnih/ADJ,priložnostih/NOUN
drugimi/ADJ,starimi/ADJ,starši/NOUN
ameriške/ADJ,vojaške/ADJ,moči/NOUN
staroselskih/ADJ,verskih/ADJ,predstav/NOUN
sam/ADJ,ponosen/ADJ,režanje/NOUN
Begbiejeve/ADJ,bojevite/ADJ,oči/NOUN
uničen/ADJ,imunski/ADJ,sistem/NOUN
tanka/ADJ,snežna/ADJ,prevleka/NOUN
privlačna/ADJ,športna/ADJ,igra/NOUN
Slovenska/ADJ,pravna/ADJ,znanost/NOUN
regionalne/ADJ,razvojne/ADJ,agencije/NOUN
svetovnega/ADJ,nogometnega/ADJ,prvenstva/NOUN
Mednarodna/ADJ,nogometna/ADJ,zveza/NOUN
letošnjega/ADJ,Prešernovega/ADJ,nagrajenca/NOUN
svetovne/ADJ,gospodarske/ADJ,recesije/NOUN
splošnega/ADJ,poslovnega/ADJ,optimizma/NOUN
različnih/ADJ,možnih/ADJ,scenarijih/NOUN
različnih/ADJ,spletnih/ADJ,lokacij/NOUN
zemljevidovo/ADJ,krmilno/ADJ,datoteko/NOUN
zemljevidove/ADJ,krmilne/ADJ,datoteke/NOUN
jesenski/ADJ,vlažni/ADJ,sivini/NOUN
naslednja/ADJ,spletna/ADJ,mesta/NOUN
naprednih/ADJ,spletnih/ADJ,tehnologij/NOUN
osnovnem/ADJ,omrežnem/ADJ,administriranju/NOUN
lokalen/ADJ,skladovni/ADJ,kontekst/NOUN
panevropskega/ADJ,filmskega/ADJ,sklada/NOUN
novogoriškem/ADJ,okrožnem/ADJ,sodišču/NOUN
številna/ADJ,rečna/ADJ,jezera/NOUN
občutljivi/ADJ,vodni/ADJ,sistemi/NOUN
obsežna/ADJ,obdelovalna/ADJ,polja/NOUN
novih/ADJ,učnih/ADJ,vsebin/NOUN
novih/ADJ,socioloških/ADJ,znanj/NOUN
prenovljen/ADJ,motorni/ADJ,menedžment/NOUN
prečna/ADJ,listna/ADJ,vzmet/NOUN
prve/ADJ,motorne/ADJ,sani/NOUN
Haiderjev/ADJ,kulturni/ADJ,svetovalec/NOUN
evropska/ADJ,kulturna/ADJ,središča/NOUN
prejšnjega/ADJ,socialdemokratskega/ADJ,režima/NOUN
skupne/ADJ,trgovinske/ADJ,politike/NOUN
prvega/ADJ,sodnikovega/ADJ,žvižga/NOUN
portugalskim/ADJ,potnim/ADJ,listom/NOUN
preventivnega/ADJ,javnoizobraževalnega/ADJ,projekta/NOUN
naravnimi/ADJ,zeliščnimi/ADJ,sredstvi/NOUN
najvišjem/ADJ,hotelskem/ADJ,nadstropju/NOUN
nosečnostnega/ADJ,oskrbovalnega/ADJ,centra/NOUN
Številne/ADJ,komične/ADJ,situacije/NOUN
tretjo/ADJ,dokumentarno/ADJ,oddajo/NOUN
obveznih/ADJ,dvojezičnih/ADJ,izkaznic/NOUN
mednarodne/ADJ,visoke/ADJ,šole/NOUN
pristojni/ADJ,občinski/ADJ,urad/NOUN
deželnega/ADJ,upravnega/ADJ,sodišča/NOUN
ravenskega/ADJ,trgovske/ADJ,družbe/NOUN
velenjska/ADJ,trgovska/ADJ,družba/NOUN
tujih/ADJ,radijskih/ADJ,postajah/NOUN
dober/ADJ,kratki/ADJ,film/NOUN
Današnji/ADJ,gospodarski/ADJ,sistem/NOUN
evropsko/ADJ,glasbeno/ADJ,komisijo/NOUN
majhnih/ADJ,skalnih/ADJ,otočkih/NOUN
manjši/ADJ,živalski/ADJ,vrt/NOUN
mladinski/ADJ,svetovni/ADJ,naslov/NOUN
edina/ADJ,evropska/ADJ,država/NOUN
sosednjih/ADJ,Martinovih/ADJ,far/NOUN
rumen/ADJ,plastičen/ADJ,pretvornik/NOUN
večletno/ADJ,zaporno/ADJ,kazen/NOUN
japonskemu/ADJ,turističnemu/ADJ,organizatorju/NOUN
trebušasti/ADJ,glineni/ADJ,lonci/NOUN
zgodnje/ADJ,jutranje/ADJ,ure/NOUN
zeleno/ADJ,gensko/ADJ,tehniko/NOUN
evropske/ADJ,parlamentarne/ADJ,volitve/NOUN
dodatne/ADJ,hotelske/ADJ,prostore/NOUN
novih/ADJ,občinskih/ADJ,stanovanj/NOUN
prepoznavne/ADJ,oglasne/ADJ,plakate/NOUN
italijanskega/ADJ,modnega/ADJ,magnata/NOUN
nedvoumno/ADJ,negativno/ADJ,vrednotenje/NOUN
novoveški/ADJ,družbeni/ADJ,zavesti/NOUN
polne/ADJ,nenašminkane/ADJ,ustnice/NOUN
širšem/ADJ,mariborskem/ADJ,območju/NOUN
najvišje/ADJ,koroške/ADJ,gore/NOUN
številne/ADJ,zimske/ADJ,radosti/NOUN
skupno/ADJ,občinsko/ADJ,vajo/NOUN
tradicionalni/ADJ,osmi/ADJ,turnir/NOUN
številni/ADJ,težki/ADJ,slapovi/NOUN
izdanega/ADJ,delovnega/ADJ,dovoljenja/NOUN
mehiškem/ADJ,glavnem/ADJ,mestu/NOUN
ilegalnimi/ADJ,nogometnimi/ADJ,stavami/NOUN
hrvaško/ADJ,glavno/ADJ,mesto/NOUN
letošnjih/ADJ,parlamentarnih/ADJ,volitev/NOUN
neposrednega/ADJ,referendumskega/ADJ,odločanja/NOUN
dvokrožnem/ADJ,večinskem/ADJ,sistemu/NOUN
ustavno/ADJ,volilno/ADJ,ureditev/NOUN
visokega/ADJ,zračnega/ADJ,tlaka/NOUN
posebnih/ADJ,varstvenih/ADJ,območij/NOUN
srbske/ADJ,boleče/ADJ,točke/NOUN
boleče/ADJ,povojno/ADJ,delo/NOUN
različnih/ADJ,ljubezenskih/ADJ,parčkih/NOUN
posamezne/ADJ,lokalne/ADJ,skupnosti/NOUN
vojaška/ADJ,lovska/ADJ,letala/NOUN
Veronikine/ADJ,velikodušne/ADJ,pripravljenosti/NOUN
lastnim/ADJ,apostolskim/ADJ,nalogam/NOUN
lokalnih/ADJ,političnih/ADJ,skupnosti/NOUN
največjega/ADJ,Mogulskega/ADJ,vladarja/NOUN
večletni/ADJ,državljanski/ADJ,vojni/NOUN
obsežen/ADJ,literarni/ADJ,načrt/NOUN
standardizirana/ADJ,lahka/ADJ,vozila/NOUN
neuspelega/ADJ,münhenskega/ADJ,puča/NOUN
Hitlerjeva/ADJ,zunanja/ADJ,politika/NOUN
Darwinove/ADJ,evolucijske/ADJ,teorije/NOUN
klasične/ADJ,sanskrtske/ADJ,književnosti/NOUN
majhni/ADJ,fevdalni/ADJ,plemiči/NOUN
evropske/ADJ,enotne/ADJ,valute/NOUN
evropskimi/ADJ,okoljevarstvenimi/ADJ,smernicami/NOUN
stare/ADJ,verske/ADJ,običaje/NOUN
starih/ADJ,finskih/ADJ,verovanj/NOUN
vaške/ADJ,verske/ADJ,običaje/NOUN
čudovitimi/ADJ,rjavimi/ADJ,lasmi/NOUN
hujši/ADJ,vojni/ADJ,zločin/NOUN
različne/ADJ,telesne/ADJ,meridijane/NOUN
francoskem/ADJ,podeželskem/ADJ,mestecu/NOUN
ekspanzivne/ADJ,ruske/ADJ,moči/NOUN
dvoletnem/ADJ,vojaškem/ADJ,roku/NOUN
lastnih/ADJ,notranjih/ADJ,nasprotij/NOUN
rdeče/ADJ,kamnito/ADJ,drevesce/NOUN
nemško/ADJ,ustavno/ADJ,življenje/NOUN
močnejša/ADJ,politična/ADJ,podkrepitev/NOUN
Velika/ADJ,stara/ADJ,stranka/NOUN
Nemške/ADJ,ljudske/ADJ,stranke/NOUN
stare/ADJ,rajhovske/ADJ,meje/NOUN
barbarske/ADJ,bombne/ADJ,argumente/NOUN
gozdnimi/ADJ,učnimi/ADJ,potmi/NOUN
zelena/ADJ,rečna/ADJ,obrežja/NOUN
Akademski/ADJ,pevski/ADJ,zbor/NOUN
redke/ADJ,živalske/ADJ,vrste/NOUN
hiter/ADJ,telefonski/ADJ,stik/NOUN
občinske/ADJ,volilne/ADJ,komisije/NOUN
evropska/ADJ,muzejska/ADJ,javnost/NOUN
ostali/ADJ,dnevni/ADJ,ritem/NOUN
določenega/ADJ,vodilnega/ADJ,strokovnjaka/NOUN
druge/ADJ,ugodne/ADJ,ponudbe/NOUN
dragocenejših/ADJ,muzejskih/ADJ,eksponatov/NOUN
edinem/ADJ,ljubljanskem/ADJ,sejmišču/NOUN
bogati/ADJ,Verdijevi/ADJ,melodiki/NOUN
zanimiva/ADJ,predvolilna/ADJ,tema/NOUN
profesionalni/ADJ,teniški/ADJ,turnir/NOUN
združenega/ADJ,razvojnega/ADJ,orodja/NOUN
celoten/ADJ,življenjski/ADJ,cikel/NOUN
Številna/ADJ,zmogljiva/ADJ,orodja/NOUN
priložena/ADJ,programska/ADJ,oprema/NOUN
Optionova/ADJ,programska/ADJ,oprema/NOUN
spodnjem/ADJ,cenovnem/ADJ,razredu/NOUN
različne/ADJ,numerične/ADJ,vrednosti/NOUN
mešanih/ADJ,splošnih/ADJ,zavarovalnic/NOUN
kitajskega/ADJ,finančnega/ADJ,ministra/NOUN
Uspešna/ADJ,lanska/ADJ,sezona/NOUN
Visoka/ADJ,kmetijska/ADJ,šola/NOUN
nižji/ADJ,procesorski/ADJ,frekvenci/NOUN
skupno/ADJ,podatkovno/ADJ,hrbtenico/NOUN
dodatne/ADJ,časovne/ADJ,zastoje/NOUN
obstoječe/ADJ,informacijske/ADJ,sisteme/NOUN
piranski/ADJ,občinski/ADJ,svet/NOUN
srebrni/ADJ,častni/ADJ,znak/NOUN
slovenski/ADJ,gledališki/ADJ,kulturi/NOUN
izjemne/ADJ,dolgoletne/ADJ,zasluge/NOUN
Srebrni/ADJ,častni/ADJ,znak/NOUN
Mednarodnega/ADJ,denarnega/ADJ,sklada/NOUN
nekdanjega/ADJ,španskega/ADJ,ministra/NOUN
Evropski/ADJ,finančni/ADJ,ministri/NOUN
Adamovo/ADJ,pisalno/ADJ,mizo/NOUN
večletnih/ADJ,lastnih/ADJ,izkušenj/NOUN
Svetovna/ADJ,gospodarska/ADJ,kriza/NOUN
največji/ADJ,trgovinski/ADJ,partnerici/NOUN
vrli/ADJ,slovenski/ADJ,oblastniki/NOUN
kilave/ADJ,zasilne/ADJ,nadomestke/NOUN
neposredne/ADJ,tuje/ADJ,naložbe/NOUN
velikih/ADJ,svetovnih/ADJ,odrih/NOUN
letošnjim/ADJ,evropskim/ADJ,prvenstvom/NOUN
dobre/ADJ,domače/ADJ,pečenke/NOUN
zastarelih/ADJ,izganjalnih/ADJ,ukazih/NOUN
Nemški/ADJ,konservativni/ADJ,dnevnik/NOUN
veliko/ADJ,osebno/ADJ,razočaranje/NOUN
včerajšnjem/ADJ,zadnjem/ADJ,dvoboju/NOUN
koroški/ADJ,deželni/ADJ,vladar/NOUN
lačne/ADJ,štirinožne/ADJ,boeme/NOUN
Velike/ADJ,klinične/ADJ,raziskave/NOUN
povprečnega/ADJ,evropskega/ADJ,dohodka/NOUN
poceni/ADJ,delovna/ADJ,sila/NOUN
avtorskem/ADJ,antropohigienskem/ADJ,konceptu/NOUN
visoke/ADJ,maternalne/ADJ,umrljivosti/NOUN
hrvaške/ADJ,glasbene/ADJ,scene/NOUN
majhnim/ADJ,računalniškim/ADJ,podjetjem/NOUN
deseti/ADJ,finalni/ADJ,strel/NOUN
italijanske/ADJ,pravosodne/ADJ,oblasti/NOUN
zadnjem/ADJ,predhodnem/ADJ,življenju/NOUN
posebno/ADJ,strokovno/ADJ,študijo/NOUN
neugodnih/ADJ,mednarodnih/ADJ,razmerah/NOUN
slovenski/ADJ,plačni/ADJ,politiki/NOUN
drugi/ADJ,svetovni/ADJ,vojni/NOUN
ajdovski/ADJ,občinski/ADJ,svet/NOUN
Kalifornijske/ADJ,državne/ADJ,univerze/NOUN
generalnega/ADJ,državnega/ADJ,tožilca/NOUN
Jugoslovanske/ADJ,oborožene/ADJ,sile/NOUN
srbske/ADJ,varnostne/ADJ,sile/NOUN
veliko/ADJ,ognjeno/ADJ,moč/NOUN
prvega/ADJ,delovnega/ADJ,inšpektorja/NOUN
absolutni/ADJ,svetovni/ADJ,prvak/NOUN
moške/ADJ,spolne/ADJ,celice/NOUN
moška/ADJ,spolna/ADJ,celica/NOUN
samodejnega/ADJ,živčnega/ADJ,sistema/NOUN
mlajši/ADJ,kameni/ADJ,dobi/NOUN
jedkih/ADJ,preiskovanih/ADJ,snovi/NOUN
največji/ADJ,morski/ADJ,tok/NOUN
višje/ADJ,geografske/ADJ,širine/NOUN
močne/ADJ,blagovne/ADJ,znamke/NOUN
razna/ADJ,železna/ADJ,orodja/NOUN
konstantno/ADJ,magnetno/ADJ,polje/NOUN
sam/ADJ,urbanistični/ADJ,del/NOUN
državno/ADJ,meteorološko/ADJ,mrežo/NOUN
brezplačna/ADJ,telefonska/ADJ,številka/NOUN
edino/ADJ,prevozno/ADJ,sredstvo/NOUN
posameznih/ADJ,postajah/NOUN,policijskih/ADJ
tujih/ADJ,rumenih/ADJ,časnikih/NOUN
novega/ADJ,svežega/ADJ,dnevnika/NOUN
slovensko/ADJ,ljudsko/ADJ,stranko/NOUN
nemški/ADJ,avtomobilski/ADJ,proizvajalec/NOUN
rednega/ADJ,mesečnega/ADJ,priliva/NOUN
aktivacijski/ADJ,prosti/ADJ,energiji/NOUN
dani/ADJ,rotacijski/ADJ,temperaturi/NOUN
glavno/ADJ,francosko/ADJ,upanje/NOUN
same/ADJ,idealne/ADJ,linije/NOUN
največja/ADJ,socialna/ADJ,mreža/NOUN
narečne/ADJ,preproste/ADJ,besede/NOUN
nova/ADJ,nagradna/ADJ,igra/NOUN
pomembno/ADJ,znanstveno/ADJ,odkritje/NOUN
togem/ADJ,heglovem/ADJ,pomenu/NOUN
iraških/ADJ,varnostnih/ADJ,sil/NOUN
iraške/ADJ,varnostne/ADJ,sile/NOUN
iraških/ADJ,varnostnih/ADJ,sil/NOUN
univerzalnem/ADJ,temeljnem/ADJ,dohodku/NOUN
bodoči/ADJ,pravosodni/ADJ,minister/NOUN
pomembni/ADJ,vsebinski/ADJ,problemi/NOUN
poljski/ADJ,desni/ADJ,strani/NOUN
druga/ADJ,velika/ADJ,priložnost/NOUN
šestintrideseti/ADJ,reprezentančni/ADJ,gol/NOUN
prodanih/ADJ,državnih/ADJ,podjetij/NOUN
nacionalna/ADJ,energetska/ADJ,pot/NOUN
nacionalna/ADJ,energetska/ADJ,pot/NOUN
drugo/ADJ,svetovno/ADJ,vojno/NOUN
posamezne/ADJ,besedne/ADJ,zveze/NOUN
izraelske/ADJ,obveščevalne/ADJ,službe/NOUN
vsesplošno/ADJ,vojaško/ADJ,vstajo/NOUN
morebitne/ADJ,izredne/ADJ,razmere/NOUN
osebna/ADJ,glagolska/ADJ,oblika/NOUN
osebna/ADJ,glagolska/ADJ,oblika/NOUN
ljubiteljskih/ADJ,godalnih/ADJ,sestavih/NOUN
manjše/ADJ,godalne/ADJ,zasedbe/NOUN
številnim/ADJ,novim/ADJ,poslušalcem/NOUN
star/ADJ,čebelji/ADJ,pregovor/NOUN
poljski/ADJ,nogometni/ADJ,zvezi/NOUN
mobilno/ADJ,telefonsko/ADJ,številko/NOUN
suhi/ADJ,jagodni/ADJ,izbori/NOUN
hudega/ADJ,kaznivega/ADJ,dejanja/NOUN
hujša/ADJ,zagrožena/ADJ,kazen/NOUN
premiernem/ADJ,hitrem/ADJ,kvizu/NOUN
premierni/ADJ,hitri/ADJ,kviz/NOUN
