grandes/ADJ,potencias/NOUN,mundiales/ADJ
largo/ADJ,camino/NOUN,hecho/ADJ
música/NOUN,popular/ADJ,cubana/ADJ
mercado/NOUN,discográfico/ADJ,español/ADJ
disco/NOUN,compacto/ADJ,grabable/ADJ
últimos/ADJ,conflictos/NOUN,laborales/ADJ
primera/ADJ,radio/NOUN,privada/ADJ
normativa/NOUN,comunitaria/ADJ,europea/ADJ
comisarios/NOUN,europeos/ADJ,responsables/ADJ
misteriosa/ADJ,planta/NOUN,sedante/ADJ
paradójica/ADJ,educación/NOUN,familiar/ADJ
primer/ADJ,ministro/NOUN,japonés/ADJ
segunda/ADJ,guerra/NOUN,mundial/ADJ
tremendo/ADJ,derroche/NOUN,físico/ADJ
marcado/ADJ,tono/NOUN,ofensivo/ADJ
cuarto/ADJ,triunfo/NOUN,parcial/ADJ
supuestas/ADJ,faltas/NOUN,graves/ADJ
nueva/ADJ,aventura/NOUN,literaria/ADJ
sufrimiento/NOUN,suplementario/ADJ,innecesario/ADJ
primer/ADJ,ministro/NOUN,británico/ADJ
actual/ADJ,secretario/NOUN,general/ADJ
ciudad/NOUN,mediterránea/ADJ,israelí/ADJ
única/ADJ,víctima/NOUN,grave/ADJ
ex/ADJ,ministro/NOUN,prooccidental/ADJ
reconocida/ADJ,solvencia/NOUN,moral/ADJ
nacionalismo/NOUN,democrático/ADJ,vasco/ADJ
dirigente/NOUN,socialista/ADJ,vasco/ADJ
primer/ADJ,ministro/NOUN,macedonio/ADJ
situación/NOUN,política/ADJ,vasca/ADJ
nuevo/ADJ,monarca/NOUN,alauí/ADJ
élites/NOUN,políticas/ADJ,marroquís/ADJ
crítica/ADJ,situación/NOUN,socieconómica/ADJ
auténtica/ADJ,reconciliación/NOUN,nacional/ADJ
implacable/ADJ,mano/NOUN,ejecutora/ADJ
necesario/ADJ,giro/NOUN,social/ADJ
segunda/ADJ,audiencia/NOUN,pública/ADJ
importantes/ADJ,daños/NOUN,materiales/ADJ
cruenta/ADJ,batalla/NOUN,interna/ADJ
primera/ADJ,medalla/NOUN,olímpica/ADJ
inagotable/ADJ,talento/NOUN,humano/ADJ
anónimo/ADJ,técnico/NOUN,francés/ADJ
mejor/ADJ,situación/NOUN,política/ADJ
profundo/ADJ,estado/NOUN,etílico/ADJ
asistencia/NOUN,jurídica/ADJ,gratuita/ADJ
partida/NOUN,presupuestaria/ADJ,mayor/ADJ
mejor/ADJ,trato/NOUN,fiscal/ADJ
nuevas/ADJ,directivas/NOUN,europeas/ADJ
primer/ADJ,banco/NOUN,europeo/ADJ
institución/NOUN,financiera/ADJ,alemana/ADJ
antiguas/ADJ,galerías/NOUN,comerciales/ADJ
grupo/NOUN,inversor/ADJ,catalán/ADJ
fondo/NOUN,inmobiliario/ADJ,estadounidense/ADJ
cadena/NOUN,hotelera/ADJ,internacional/ADJ
reacción/NOUN,psicológica/ADJ,específica/ADJ
primera/ADJ,aerolínea/NOUN,española/ADJ
nuevas/ADJ,fórmulas/NOUN,comerciales/ADJ
gran/ADJ,eje/NOUN,comercial/ADJ
actual/ADJ,imagen/NOUN,degradada/ADJ
campo/NOUN,gravitatorio/ADJ,terrestre/ADJ
primera/ADJ,localidad/NOUN,sudafricana/ADJ
próximas/ADJ,elecciones/NOUN,generales/ADJ
posibles/ADJ,sanciones/NOUN,disciplinarias/ADJ
brillante/ADJ,carrera/NOUN,militar/ADJ
campaña/NOUN,electoral/ADJ,vasca/ADJ
procesos/NOUN,penales/ADJ,civiles/ADJ
único/ADJ,destino/NOUN,cierto/ADJ
grácil/ADJ,patinadora/NOUN,rubia/ADJ
vieja/ADJ,chapa/NOUN,publicitaria/ADJ
decimotercera/ADJ,convocatoria/NOUN,electoral/ADJ
contenedor/NOUN,metálico/ADJ,verde/ADJ
contenedor/NOUN,metálico/ADJ,amarillo/ADJ
legislación/NOUN,electoral/ADJ,dominicana/ADJ
mayor/ADJ,atención/NOUN,internacional/ADJ
eventual/ADJ,segunda/ADJ,ronda/NOUN
jóvenes/ADJ,líderes/NOUN,liberales/ADJ
mayor/ADJ,atención/NOUN,internacional/ADJ
eventual/ADJ,segunda/ADJ,vuelta/NOUN
legislación/NOUN,electoral/ADJ,dominicana/ADJ
buena/ADJ,política/NOUN,turística/ADJ
prestigiosos/ADJ,periodistas/NOUN,alemanes/ADJ
defensa/NOUN,común/ADJ,europea/ADJ
primer/ADJ,ministro/NOUN,francés/ADJ
recortes/NOUN,fiscales/ADJ,adicionales/ADJ
recaudación/NOUN,fiscal/ADJ,inesperada/ADJ
primera/ADJ,intervención/NOUN,televisada/ADJ
primer/ADJ,ministros/NOUN,neogaullistas/ADJ
enardecida/ADJ,oposición/NOUN,conservadora/ADJ
población/NOUN,activa/ADJ,femenina/ADJ
empleo/NOUN,autónomo/ADJ,femenino/ADJ
sociedades/NOUN,limitadas/ADJ,laborales/ADJ
séptima/ADJ,prueba/NOUN,puntuable/ADJ
nueva/ADJ,presidencia/NOUN,francesa/ADJ
antiguas/ADJ,repúblicas/NOUN,soviéticas/ADJ
principal/ADJ,socio/NOUN,comercial/ADJ
amplia/ADJ,malla/NOUN,aérea/ADJ
gran/ADJ,nivel/NOUN,futbolístico/ADJ
política/ADJ,nacionalista/NOUN,unida/ADJ
posiciones/NOUN,políticas/ADJ,enfrentadas/ADJ
grupos/NOUN,integristas/ADJ,islámicos/ADJ
estricta/ADJ,obediencia/NOUN,coránica/ADJ
negativa/ADJ,imagen/NOUN,exterior/ADJ
nueva/ADJ,sesión/NOUN,libre/ADJ
principales/ADJ,centros/NOUN,urbanos/ADJ
nuevo/ADJ,escenario/NOUN,electoral/ADJ
principales/ADJ,guerrillas/NOUN,izquierdistas/ADJ
jefe/NOUN,rebelde/ADJ,local/ADJ
actual/ADJ,gobernante/NOUN,local/ADJ
radio/NOUN,oficial/ADJ,iraní/ADJ
nuevas/ADJ,plazas/NOUN,turísticas/ADJ
nuevas/ADJ,estaciones/NOUN,hídricas/ADJ
graves/ADJ,problemas/NOUN,financieros/ADJ
política/NOUN,municipal/ADJ,parisiense/ADJ
primer/ADJ,ministro/NOUN,francés/ADJ
actual/ADJ,alcalde/NOUN,parisiense/ADJ
máxima/ADJ,autoridad/NOUN,monetaria/ADJ
antigua/ADJ,colonia/NOUN,portuguesa/ADJ
hábil/ADJ,líder/NOUN,musulmán/ADJ
máximo/ADJ,órgano/NOUN,legislativo/ADJ
optimistas/ADJ,expectativas/NOUN,creadas/ADJ
retoque/NOUN,defensivo/ADJ,madridista/ADJ
última/ADJ,victoria/NOUN,madridista/ADJ
quinta/ADJ,vez/NOUN,consecutiva/ADJ
segundo/ADJ,triunfo/NOUN,consecutivo/ADJ
primer/ADJ,ministro/NOUN,israelí/ADJ
primer/ADJ,ministro/NOUN,israelí/ADJ
principales/ADJ,acontecimientos/NOUN,ocurridos/ADJ
asentamientos/NOUN,judíos/ADJ,ilegales/ADJ
últimas/ADJ,elecciones/NOUN,generales/ADJ
tercera/ADJ,fuerza/NOUN,política/ADJ
red/NOUN,educativa/ADJ,religiosa/ADJ
cuarta/ADJ,fuerza/NOUN,parlamentaria/ADJ
poderoso/ADJ,partido/NOUN,ultraortodoxo/ADJ
equipo/NOUN,masculino/ADJ,español/ADJ
verdadero/ADJ,juego/NOUN,interior/ADJ
solo/ADJ,movimiento/NOUN,ofensivo/ADJ
reciente/ADJ,campeón/NOUN,mundial/ADJ
primer/ADJ,tablero/NOUN,español/ADJ
ajedrez/NOUN,femenino/ADJ,español/ADJ
inmediato/ADJ,futuro/NOUN,político/ADJ
propias/ADJ,empresas/NOUN,concesionarias/ADJ
firmas/NOUN,encuestadoras/ADJ,norteamericanas/ADJ
determinados/ADJ,sectores/NOUN,políticos/ADJ
sufragios/NOUN,válidos/ADJ,emitidos/ADJ
legislación/NOUN,electoral/ADJ,dominicana/ADJ
analistas/NOUN,políticos/ADJ,dominicanos/ADJ
incapacidad/NOUN,física/ADJ,manifiesta/ADJ
próximos/ADJ,grandes/ADJ,premios/NOUN
información/NOUN,tributaria/ADJ,personalizada/ADJ
grandes/ADJ,exigencias/NOUN,dramáticas/ADJ
mejores/ADJ,noches/NOUN,liceísticas/ADJ
grupo/NOUN,teatral/ADJ,catalán/ADJ
segundo/ADJ,gol/NOUN,rojiblanco/ADJ
institución/NOUN,histórica/ADJ,catalana/ADJ
tele/NOUN,pública/ADJ,catalana/ADJ
fuerzas/NOUN,políticas/ADJ,venezolanas/ADJ
nueva/ADJ,política/NOUN,laboral/ADJ
población/NOUN,civil/ADJ,libanesa/ADJ
veterano/ADJ,golfista/NOUN,escocés/ADJ
primer/ADJ,ministro/NOUN,británico/ADJ
sistema/NOUN,inmunológico/ADJ,humano/ADJ
empresas/NOUN,públicas/ADJ,monopolistas/ADJ
principales/ADJ,empresas/NOUN,españolas/ADJ
larga/ADJ,pausa/NOUN,agosteña/ADJ
amargas/ADJ,resonancias/NOUN,estudiantiles/ADJ
nuevo/ADJ,órgano/NOUN,autónomo/ADJ
segunda/ADJ,vuelta/NOUN,electoral/ADJ
campañas/NOUN,políticas/ADJ,norteamericanas/ADJ
campañas/NOUN,políticas/ADJ,norteamericanas/ADJ
transición/NOUN,política/ADJ,española/ADJ
cierta/ADJ,desorientación/NOUN,profesional/ADJ
alto/ADJ,funcionario/NOUN,ruso/ADJ
segunda/ADJ,vuelta/NOUN,electoral/ADJ
Considerables/ADJ,diferencias/NOUN,retributivas/ADJ
base/NOUN,militar/ADJ,norteamericana/ADJ
diálogo/NOUN,informal/ADJ,previo/ADJ
nuevos/ADJ,compuestos/NOUN,conductores/ADJ
primer/ADJ,ministro/NOUN,israelí/ADJ
extrema/ADJ,derecha/NOUN,israelí/ADJ
primera/ADJ,migración/NOUN,china/ADJ
colectividad/NOUN,territorial/ADJ,única/ADJ
menor/ADJ,repulsión/NOUN,coulómbica/ADJ
mero/ADJ,castigo/NOUN,social/ADJ
grupos/NOUN,satánicos/ADJ,españoles/ADJ
propias/ADJ,páginas/NOUN,oficiales/ADJ
moléculas/NOUN,aceptoras/ADJ,eficaces/ADJ
primer/ADJ,ministro/NOUN,separatista/ADJ
alto/ADJ,potencial/NOUN,gay/ADJ
compuestos/NOUN,poliméricos/ADJ,conductores/ADJ
único/ADJ,polímero/NOUN,conductor/ADJ
ley/NOUN,fundamental/ADJ,rusa/ADJ
cúpula/NOUN,militar/ADJ,rusa/ADJ
televisión/NOUN,pública/ADJ,rusa/ADJ
jefe/NOUN,guerrillero/ADJ,checheno/ADJ
primer/ADJ,polímero/NOUN,conductor/ADJ
ex/ADJ,vicelehendakari/NOUN,socialista/ADJ
mero/ADJ,sujeto/NOUN,lógico/ADJ
actual/ADJ,colapso/NOUN,circulatorio/ADJ
adecuada/ADJ,coordinación/NOUN,interna/ADJ
gestión/NOUN,penitenciaria/ADJ,cotidiana/ADJ
últimas/ADJ,novedades/NOUN,editoriales/ADJ
pura/ADJ,decisión/NOUN,política/ADJ
nuevas/ADJ,ayudas/NOUN,complementarias/ADJ
segunda/ADJ,economía/NOUN,mundial/ADJ
actual/ADJ,crisis/NOUN,económica/ADJ
ex/ADJ,jugador/NOUN,azulgrana/ADJ
nuevo/ADJ,acuerdo/NOUN,laboral/ADJ
patronal/NOUN,bancaria/ADJ,española/ADJ
respuesta/NOUN,positiva/ADJ,alguna/ADJ
esquí/NOUN,nórdico/ADJ,austríaco/ADJ
enorme/ADJ,fama/NOUN,internacional/ADJ
determinada/ADJ,política/NOUN,industrial/ADJ
política/NOUN,industrial/ADJ,activa/ADJ
mejor/ADJ,política/NOUN,industrial/ADJ
nefasto/ADJ,título/NOUN,español/ADJ
élite/NOUN,financiera/ADJ,española/ADJ
jóvenes/NOUN,negros/ADJ,lentos/ADJ
toldo/NOUN,gris/ADJ,desesperante/ADJ
sucia/ADJ,pared/NOUN,alicatada/ADJ
quintas/ADJ,elecciones/NOUN,generales/ADJ
condiciones/NOUN,comerciales/ADJ,especiales/ADJ
vigésima/ADJ,cuarta/ADJ,edición/NOUN
vigésima/ADJ,tercera/ADJ,posición/NOUN
captura/NOUN,máxima/ADJ,permitida/ADJ
principal/ADJ,recurso/NOUN,pesquero/ADJ
grupo/NOUN,inversor/ADJ,británico/ADJ
grupo/NOUN,inversor/ADJ,británico/ADJ
discutibles/ADJ,razones/NOUN,tácticas/ADJ
añeja/ADJ,tradición/NOUN,británica/ADJ
plena/ADJ,ceremonia/NOUN,inaugural/ADJ
atletismo/NOUN,mundial/ADJ,masculino/ADJ
grandes/ADJ,dioses/NOUN,actuales/ADJ
malos/ADJ,momentos/NOUN,pasados/ADJ
doble/ADJ,campeona/NOUN,olímpica/ADJ
primeras/ADJ,elecciones/NOUN,democráticas/ADJ
actual/ADJ,campeona/NOUN,mundial/ADJ
mejor/ADJ,marca/NOUN,mundial/ADJ
título/NOUN,continental/ADJ,europeo/ADJ
tenis/NOUN,español/ADJ,masculino/ADJ
central/NOUN,nuclear/ADJ,pequeña/ADJ
prestigiosa/ADJ,ronda/NOUN,gala/ADJ
instancia/NOUN,judicial/ADJ,independiente/ADJ
estricta/ADJ,dieta/NOUN,alimenticia/ADJ
gran/ADJ,futbolista/NOUN,argentino/ADJ
mayor/ADJ,logro/NOUN,internacional/ADJ
ex/ADJ,atleta/NOUN,australiana/ADJ
buen/ADJ,fondo/NOUN,físico/ADJ
acontecimientos/NOUN,deportivos/ADJ,mundiales/ADJ
último/ADJ,ejercicio/NOUN,económico/ADJ
nuevo/ADJ,director/NOUN,general/ADJ
máximo/ADJ,responsable/NOUN,federativo/ADJ
segundo/ADJ,triunfo/NOUN,consecutivo/ADJ
regiones/NOUN,pesqueras/ADJ,europeas/ADJ
organizaciones/NOUN,pesqueras/ADJ,profesionales/ADJ
asuntos/NOUN,marítimo-pesqueros/ADJ,europeos/ADJ
órbita/NOUN,geoestacionaria/ADJ,definitiva/ADJ
industria/NOUN,española/ADJ,aeroespacial/ADJ
vistoso/ADJ,atuendo/NOUN,deportivo/ADJ
segunda/ADJ,jornada/NOUN,consecutiva/ADJ
esfuerzo/NOUN,físico/ADJ,generoso/ADJ
grandes/ADJ,empresas/NOUN,estadounidenses/ADJ
fuerza/NOUN,laboral/ADJ,estadounidense/ADJ
turística/ADJ,ciudad/NOUN,cercana/ADJ
segundo/ADJ,partido/NOUN,consecutivo/ADJ
buena/ADJ,factura/NOUN,técnica/ADJ
grandes/ADJ,incursiones/NOUN,ofensivas/ADJ
última/ADJ,amnistía/NOUN,fiscal/ADJ
junta/NOUN,directiva/ADJ,local/ADJ
mayor/ADJ,integración/NOUN,laboral/ADJ
notables/ADJ,pinturas/NOUN,murales/ADJ
alta/ADJ,competencia/NOUN,internacional/ADJ
boxeo/NOUN,tradicional/ADJ,profesional/ADJ
asuntos/NOUN,programáticos/ADJ,controvertidos/ADJ
candidatura/NOUN,presidencial/ADJ,republicana/ADJ
respectivas/ADJ,convenciones/NOUN,presidenciales/ADJ
severas/ADJ,leyes/NOUN,ambientales/ADJ
coalición/NOUN,centrista/ADJ,dimisionaria/ADJ
central/NOUN,eléctrica/ADJ,propia/ADJ
nueva/ADJ,central/NOUN,eléctrica/ADJ
mejor/ADJ,equipo/NOUN,posible/ADJ
primer/ADJ,automóvil/NOUN,conocido/ADJ
primeros/ADJ,esfuerzos/NOUN,continuados/ADJ
exquisitos/ADJ,platos/NOUN,culinarios/ADJ
gran/ADJ,tradición/NOUN,ciclista/ADJ
policía/NOUN,federal/ADJ,argentina/ADJ
líder/NOUN,mundial/ADJ,momentáneo/ADJ
doble/ADJ,campeón/NOUN,mundial/ADJ
nutrido/ADJ,acto/NOUN,inaugural/ADJ
primera/ADJ,incursión/NOUN,televisiva/ADJ
nueva/ADJ,producción/NOUN,televisiva/ADJ
primer/ADJ,vuelo/NOUN,disponible/ADJ
verdadera/ADJ,primera/ADJ,obra/NOUN
escala/NOUN,jerárquica/ADJ,natural/ADJ
mera/ADJ,bebida/NOUN,alcohólica/ADJ
mejores/ADJ,páginas/NOUN,leídas/ADJ
hechos/NOUN,históricos/ADJ,comunes/ADJ
múltiples/ADJ,historias/NOUN,regionales/ADJ
sola/ADJ,sentencia/NOUN,absolutoria/ADJ
solo/ADJ,responsable/NOUN,político/ADJ
régimen/NOUN,político/ADJ,neonazi/ADJ
importante/ADJ,compañía/NOUN,farmacéutica/ADJ
nueva/ADJ,tragedia/NOUN,ferroviaria/ADJ
segundo/ADJ,accidente/NOUN,mortal/ADJ
posiciones/NOUN,militares/ADJ,sirias/ADJ
malos/ADJ,resultados/NOUN,electorales/ADJ
plena/ADJ,campaña/NOUN,navideña/ADJ
defensa/NOUN,antiaérea/ADJ,iraquí/ADJ
emplazamientos/NOUN,defensivos/ADJ,iraquís/ADJ
portavoz/NOUN,militar/ADJ,iraquí/ADJ
dispositivo/NOUN,policial/ADJ,habitual/ADJ
vía/NOUN,democrática/ADJ,chilena/ADJ
fuerzas/NOUN,especiales/ADJ,serbias/ADJ
reunión/NOUN,ministerial/ADJ,europea/ADJ
masa/NOUN,encefálica/ADJ,desparramada/ADJ
ex/ADJ,secretario/NOUN,general/ADJ
plena/ADJ,guerra/NOUN,mundial/ADJ
segunda/ADJ,guerra/NOUN,mundial/ADJ
primera/ADJ,guerra/NOUN,mundial/ADJ
Segunda/ADJ,guerra/NOUN,mundial/ADJ
ex/ADJ,presidente/NOUN,ARGENTINO/ADJ
únicos/ADJ,billetes/NOUN,disponibles/ADJ
plena/ADJ,temporada/NOUN,alta/ADJ
primer/ADJ,ministro/NOUN,israelí/ADJ
posibles/ADJ,enfrentamientos/NOUN,futuros/ADJ
única/ADJ,sección/NOUN,posible/ADJ
fuerza/NOUN,militar/ADJ,serbia/ADJ
principales/ADJ,puntos/NOUN,negros/ADJ
ex/ADJ,líder/NOUN,serbobosnio/ADJ
nuevo/ADJ,secretario/NOUN,general/ADJ
nuevo/ADJ,secretario/NOUN,general/ADJ
nuevo/ADJ,secretario/NOUN,general/ADJ
profunda/ADJ,vocación/NOUN,política/ADJ
nuevo/ADJ,secretario/NOUN,general/ADJ
nuevo/ADJ,presidente/NOUN,impuesto/ADJ
nueva/ADJ,economía/NOUN,productiva/ADJ
organización/NOUN,caritativa/ADJ,musulmana/ADJ
doctrina/NOUN,militar/ADJ,rusa/ADJ
policía/NOUN,especial/ADJ,yugoslava/ADJ
malas/ADJ,condiciones/NOUN,climáticas/ADJ
ex/ADJ,gobernador/NOUN,civil/ADJ
eventuales/ADJ,elecciones/NOUN,anticipadas/ADJ
encefalopatía/NOUN,espongiforme/ADJ,bovina/ADJ
ex/ADJ,jefe/NOUN,superior/ADJ
ex/ADJ,presidente/NOUN,uruguayo/ADJ
amplia/ADJ,solidaridad/NOUN,internacional/ADJ
brutal/ADJ,escalada/NOUN,terrorista/ADJ
creciente/ADJ,hostigamiento/NOUN,político/ADJ
próximas/ADJ,elecciones/NOUN,vascas/ADJ
único/ADJ,freno/NOUN,posible/ADJ
supuesto/ADJ,aparato/NOUN,político/ADJ
espacio/NOUN,natural/ADJ,protegido/ADJ
ex/ADJ,asesor/NOUN,fiscal/ADJ
ex/ADJ,asesor/NOUN,fiscal/ADJ
ex/ADJ,asesor/NOUN,fiscal/ADJ
probable/ADJ,candidato/NOUN,demócrata/ADJ
guerrilla/NOUN,independentista/ADJ,chechena/ADJ
tropas/NOUN,federales/ADJ,rusas/ADJ
destacado/ADJ,dirigente/NOUN,guerrillero/ADJ
primera/ADJ,guerra/NOUN,chechena/ADJ
único/ADJ,socio/NOUN,viable/ADJ
acuerdo/NOUN,parlamentario/ADJ,estable/ADJ
saldo/NOUN,fiscal/ADJ,desfavorable/ADJ
próximas/ADJ,elecciones/NOUN,autonómicas/ADJ
nueva/ADJ,ley/NOUN,electoral/ADJ
pacto/NOUN,local/ADJ,catalán/ADJ
televisión/NOUN,pública/ADJ,catalana/ADJ
próximas/ADJ,elecciones/NOUN,catalanas/ADJ
ex/ADJ,secretario/NOUN,general/ADJ
simples/ADJ,datos/NOUN,estadísticos/ADJ
férrea/ADJ,disciplina/NOUN,defensiva/ADJ
responsables/NOUN,sanitarios/ADJ,españoles/ADJ
posibles/ADJ,reacciones/NOUN,adversas/ADJ
posibles/ADJ,efectos/NOUN,secundarios/ADJ
diferentes/ADJ,ensayos/NOUN,clínicos/ADJ
centro/NOUN,sanitario/ADJ,privado/ADJ
criterio/NOUN,médico/ADJ,responsable/ADJ
joven/ADJ,equipo/NOUN,actual/ADJ
moneda/NOUN,única/ADJ,europea/ADJ
cuentas/NOUN,públicas/ADJ,saneadas/ADJ
amplio/ADJ,espacio/NOUN,geográfico/ADJ
posibles/ADJ,sanciones/NOUN,comerciales/ADJ
estricto/ADJ,control/NOUN,policial/ADJ
material/NOUN,antidisturbio/ADJ,pesado/ADJ
velocidad/NOUN,máxima/ADJ,autorizada/ADJ
jóvenes/ADJ,leones/NOUN,convergentes/ADJ
próximas/ADJ,elecciones/NOUN,autonómicas/ADJ
posiciones/NOUN,nacionales/ADJ,aisladas/ADJ
criminalidad/NOUN,mundial/ADJ,organizada/ADJ
cierto/ADJ,impasse/NOUN,legal/ADJ
adolescencia/NOUN,franquista/ADJ,permanente/ADJ
gobierno/NOUN,militar/ADJ,provisional/ADJ
veterana/ADJ,estación/NOUN,rusa/ADJ
estación/NOUN,orbital/ADJ,rusa/ADJ
primer/ADJ,ministro/NOUN,ruso/ADJ
único/ADJ,foro/NOUN,válido/ADJ
última/ADJ,visita/NOUN,oficial/ADJ
grupos/NOUN,terroristas/ADJ,mexicanos/ADJ
MAYOR/ADJ,RELACIÓN/NOUN,COMERCIAL/ADJ
enormes/ADJ,diferencias/NOUN,existentes/ADJ
agria/ADJ,disputa/NOUN,doctrinal/ADJ
cándidos/ADJ,árbitros/NOUN,extranjeros/ADJ
primera/ADJ,alcantarilla/NOUN,cubierta/ADJ
única/ADJ,calle/NOUN,alcantarillada/ADJ
tendido/NOUN,eléctrico/ADJ,aéreo/ADJ
salvajismo/NOUN,político/ADJ,increíble/ADJ
defensa/NOUN,individual/ADJ,presionante/ADJ
primer/ADJ,ministro/NOUN,británico/ADJ
principales/ADJ,puntos/NOUN,negros/ADJ
campaña/NOUN,política/ADJ,infame/ADJ
primer/ADJ,ministro/NOUN,israelí/ADJ
potentes/ADJ,corporaciones/NOUN,estadounidenses/ADJ
principal/ADJ,socio/NOUN,comercial/ADJ
numerosos/ADJ,puertos/NOUN,cubanos/ADJ
principal/ADJ,exportador/NOUN,internacional/ADJ
gran/ADJ,competencia/NOUN,internacional/ADJ
balanza/NOUN,comercial/ADJ,estadounidense/ADJ
mundo/NOUN,empresarial/ADJ,estadounidense/ADJ
importantes/ADJ,documentos/NOUN,acusatorios/ADJ
primera/ADJ,causa/NOUN,individual/ADJ
mayor/ADJ,participación/NOUN,ciudadana/ADJ
diferentes/ADJ,proyectos/NOUN,políticos/ADJ
liga/NOUN,nacional/ADJ,universitaria/ADJ
compleja/ADJ,situación/NOUN,política/ADJ
jugador/NOUN,interior/ADJ,dominador/ADJ
último/ADJ,gran/ADJ,incendio/NOUN
superficie/NOUN,total/ADJ,arrasada/ADJ
dobles/ADJ,campeones/NOUN,nacionales/ADJ
primer/ADJ,ministro/NOUN,israelí/ADJ
profunda/ADJ,crisis/NOUN,institucional/ADJ
actual/ADJ,concierto/NOUN,económico/ADJ
supuesto/ADJ,caballero/NOUN,español/ADJ
alto/ADJ,valor/NOUN,ecológico/ADJ
alto/ADJ,valor/NOUN,ecológico/ADJ
sistema/NOUN,financiero/ADJ,español/ADJ
discutido/ADJ,novato/NOUN,israelí/ADJ
sexagenario/ADJ,comercio/NOUN,barcelonés/ADJ
nueva/ADJ,estrategia/NOUN,comercial/ADJ
importantes/ADJ,pérdidas/NOUN,económicas/ADJ
primeras/ADJ,elecciones/NOUN,democráticas/ADJ
organización/NOUN,terrorista/ADJ,vascofrancesa/ADJ
poder/NOUN,temporal/ADJ,perdido/ADJ
segunda/ADJ,guerra/NOUN,mundial/ADJ
escenario/NOUN,político/ADJ,nacional/ADJ
apacible/ADJ,localidad/NOUN,luxemburguesa/ADJ
grave/ADJ,crisis/NOUN,financiera/ADJ
segundo/ADJ,mandato/NOUN,consecutivo/ADJ
primer/ADJ,ministro/NOUN,francés/ADJ
floreciente/ADJ,mercado/NOUN,ilegal/ADJ
apacible/ADJ,localidad/NOUN,luxemburguesa/ADJ
grupo/NOUN,ultra/ADJ,italiano/ADJ
sucesivos/ADJ,cercos/NOUN,policiales/ADJ
últimas/ADJ,elecciones/NOUN,autonómicas/ADJ
próximas/ADJ,elecciones/NOUN,generales/ADJ
actual/ADJ,secretario/NOUN,general/ADJ
fiscal/NOUN,especial/ADJ,antidrogas/ADJ
fiscal/NOUN,especial/ADJ,antidrogas/ADJ
mejor/ADJ,ciclista/NOUN,mundial/ADJ
Fuentes/NOUN,diplomáticas/ADJ,españolas/ADJ
maduración/NOUN,fetal/ADJ,positiva/ADJ
principales/ADJ,bolsas/NOUN,europeas/ADJ
grandes/ADJ,bancos/NOUN,españoles/ADJ
quinto/ADJ,año/NOUN,consecutivo/ADJ
doble/ADJ,epidemia/NOUN,silenciosa/ADJ
radical/ADJ,intervención/NOUN,judicial/ADJ
principales/ADJ,sindicatos/NOUN,españoles/ADJ
deseable/ADJ,unidad/NOUN,sindical/ADJ
opinión/NOUN,pública/ADJ,europea/ADJ
expectativas/NOUN,vitales/ADJ,reducidas/ADJ
grandes/ADJ,esfuerzos/NOUN,físicos/ADJ
vuelos/NOUN,directos/ADJ,diarios/ADJ
quinta/ADJ,victoria/NOUN,parcial/ADJ
supuestos/ADJ,policías/NOUN,camuflados/ADJ
valioso/ADJ,entorno/NOUN,natural/ADJ
primera/ADJ,buena/ADJ,ocasión/NOUN
compañía/NOUN,eléctrica/ADJ,italiana/ADJ
sólida/ADJ,carrera/NOUN,profesional/ADJ
marcado/ADJ,carácter/NOUN,internacional/ADJ
nuevos/ADJ,principios/NOUN,activos/ADJ
empresa/NOUN,familiar/ADJ,catalana/ADJ
antiguo/ADJ,recinto/NOUN,militar/ADJ
frente/NOUN,portuario/ADJ,catalán/ADJ
próximas/ADJ,elecciones/NOUN,generales/ADJ
trámites/NOUN,legales/ADJ,necesarios/ADJ
elevado/ADJ,poder/NOUN,recaudatorio/ADJ
denominado/ADJ,hombre/NOUN,medio/ADJ
mundo/NOUN,interior/ADJ,fuerte/ADJ
presente/ADJ,campaña/NOUN,electoral/ADJ
nuevo/ADJ,recelo/NOUN,anticatalán/ADJ
potente/ADJ,aportación/NOUN,económica/ADJ
suculento/ADJ,filón/NOUN,publicitario/ADJ
comisión/NOUN,rogatoria/ADJ,internacional/ADJ
mejores/ADJ,especialistas/NOUN,italianos/ADJ
llamados/ADJ,resultados/NOUN,extraordinarios/ADJ
red/NOUN,viaria/ADJ,catalana/ADJ
bello/ADJ,aluvión/NOUN,atacante/ADJ
teatro/NOUN,realista/ADJ,norteamericano/ADJ
Segunda/ADJ,guerra/NOUN,mundial/ADJ
familia/NOUN,real/ADJ,búlgara/ADJ
nueva/ADJ,estrategia/NOUN,comercial/ADJ
cámaras/NOUN,fotográficas/ADJ,fijas/ADJ
denominado/ADJ,triángulo/ADJ,golfo/NOUN
gente/NOUN,normal/ADJ,motorizada/ADJ
próximo/ADJ,pleno/NOUN,municipal/ADJ
últimos/ADJ,datos/NOUN,conocidos/ADJ
primera/ADJ,imagen/NOUN,navideña/ADJ
archivo/NOUN,histórico/ADJ,municipal/ADJ
primeras/ADJ,informaciones/NOUN,recabadas/ADJ
nuevos/ADJ,socios/NOUN,locales/ADJ
duro/ADJ,enfrentamiento/NOUN,verbal/ADJ
grupo/NOUN,energético/ADJ,multinacional/ADJ
representantes/NOUN,sindicales/ADJ,locales/ADJ
única/ADJ,salida/NOUN,posible/ADJ
actitud/NOUN,intolerante/ADJ,mayoritaria/ADJ
inseguridad/NOUN,judicial/ADJ,creciente/ADJ
empresas/NOUN,consultoras/ADJ,profesionales/ADJ
famosas/ADJ,ventanas/NOUN,rojas/ADJ
empresa/NOUN,familiar/ADJ,catalana/ADJ
principales/ADJ,destinos/NOUN,turísticos/ADJ
nuevas/ADJ,plazas/NOUN,hoteleras/ADJ
noble/ADJ,deporte/NOUN,nocturno/ADJ
toque/NOUN,popular/ADJ,famoso/ADJ
televisión/NOUN,pública/ADJ,británica/ADJ
legendario/ADJ,ex/ADJ,campeón/NOUN
históricas/ADJ,embarcaciones/NOUN,insumergibles/ADJ
simple/ADJ,ingeniería/NOUN,estadística/ADJ
trágica/ADJ,trifulca/NOUN,chechena/ADJ
asuntos/NOUN,políticos/ADJ,internos/ADJ
inmenso/ADJ,escaparate/NOUN,publicitario/ADJ
abrumador/ADJ,cansancio/NOUN,físico/ADJ
diminuta/ADJ,red/NOUN,neuronal/ADJ
segunda/ADJ,célula/NOUN,nerviosa/ADJ
taras/NOUN,genéticas/ADJ,letales/ADJ
complejas/ADJ,lucubraciones/NOUN,matemáticas/ADJ
sistema/NOUN,ecológico/ADJ,artificial/ADJ
seres/NOUN,vivos/ADJ,artificiales/ADJ
llamada/ADJ,era/NOUN,nuclear/ADJ
primera/ADJ,bomba/NOUN,atómica/ADJ
tomografía/NOUN,axial/ADJ,computerizada/ADJ
resonancia/NOUN,magnética/ADJ,nuclear/ADJ
similar/ADJ,poder/NOUN,destructivo/ADJ
llamada/ADJ,guerra/NOUN,fría/ADJ
refinadísimos/ADJ,algoritmos/NOUN,genéticos/ADJ
denominada/ADJ,poliandria/NOUN,cooperativa/ADJ
pasada/ADJ,campaña/NOUN,electoral/ADJ
sabio/ADJ,refrán/NOUN,popular/ADJ
simple/ADJ,paso/NOUN,descuidado/ADJ
mayor/ADJ,crecimiento/NOUN,económico/ADJ
diminutos/ADJ,cristales/NOUN,helados/ADJ
primer/ADJ,ministro/NOUN,fiyiano/ADJ
cruel/ADJ,actividad/NOUN,devastadora/ADJ
primer/ADJ,automóvil/NOUN,norteamericano/ADJ
actividad/NOUN,interna/ADJ,anterior/ADJ
gran/ADJ,epidemia/NOUN,gripal/ADJ
diversas/ADJ,sustancias/NOUN,líquidas/ADJ
Fuentes/NOUN,políticas/ADJ,israelíes/ADJ
reglas/NOUN,fijas/ADJ,establecidas/ADJ
vieja/ADJ,obsesión/NOUN,humana/ADJ
llamado/ADJ,síndrome/NOUN,tóxico/ADJ
supuesto/ADJ,foco/NOUN,infeccioso/ADJ
base/NOUN,aérea/ADJ,conjunta/ADJ
primera/ADJ,prueba/NOUN,fiable/ADJ
potente/ADJ,veneno/NOUN,gastrointestinal/ADJ
débil/ADJ,barrera/NOUN,moral/ADJ
pequeñas/ADJ,bombas/NOUN,incendiarias/ADJ
famosas/ADJ,bombas/NOUN,volantes/ADJ
Pequeños/ADJ,aviones/NOUN,radiocontrolados/ADJ
deficientes/ADJ,estructuras/NOUN,sanitarias/ADJ
nuevo/ADJ,acuerdo/NOUN,internacional/ADJ
numerosas/ADJ,fiestas/NOUN,infantiles/ADJ
agentes/NOUN,químicos/ADJ,apropiados/ADJ
primer/ADJ,ministro/NOUN,francés/ADJ
revolucionario/ADJ,alarde/NOUN,tecnológico/ADJ
determinadas/ADJ,ondas/NOUN,cerebrales/ADJ
esclerosis/NOUN,lateral/ADJ,amiotrófica/ADJ
señal/NOUN,luminosa/ADJ,propia/ADJ
periódicos/NOUN,populares/ADJ,alemanes/ADJ
nueva/ADJ,rama/NOUN,científica/ADJ
nuevos/ADJ,materiales/NOUN,orgánicos/ADJ
polímeros/NOUN,orgánicos/ADJ,conductores/ADJ
importantes/ADJ,cambios/NOUN,estructurales/ADJ
materiales/NOUN,orgánicos/ADJ,conductores/ADJ
conductores/NOUN,eléctricos/ADJ,disponibles/ADJ
conductores/NOUN,poliméricos/ADJ,intrínsecos/ADJ
pequeña/ADJ,distancia/NOUN,interplanar/ADJ
siguiente/ADJ,banda/NOUN,vacía/ADJ
gran/ADJ,aporte/NOUN,energético/ADJ
estados/NOUN,electrónicos/ADJ,vacíos/ADJ
mejores/ADJ,CTC/NOUN,conductores/ADJ
nuevas/ADJ,moléculas/NOUN,aceptoras/ADJ
nuevas/ADJ,moléculas/NOUN,aceptoras/ADJ
polímeros/NOUN,orgánicos/ADJ,dopados/ADJ
distancia/NOUN,interplanar/ADJ,adecuada/ADJ
materiales/NOUN,conductores/ADJ,quasiunidimensionales/ADJ
unidades/NOUN,moleculares/ADJ,paralelas/ADJ
tomo/NOUN,metálico/ADJ,central/ADJ
elevada/ADJ,estabilidad/NOUN,térmica/ADJ
largas/ADJ,cadenas/NOUN,hidrocarbonadas/ADJ
serios/ADJ,problemas/NOUN,técnicos/ADJ
primer/ADJ,metal/NOUN,orgánico/ADJ
potente/ADJ,dador/NOUN,electrónico/ADJ
complejo/NOUN,n-molecular/ADJ,dadoraceptor/ADJ
gran/ADJ,esfuerzo/NOUN,investigador/ADJ
nuevos/ADJ,complejos/NOUN,orgánicos/ADJ
estado/NOUN,metálico/ADJ,molecular/ADJ
sustancias/NOUN,iónicas/ADJ,aislantes/ADJ
grandes/ADJ,obras/NOUN,literarias/ADJ
espontánea/ADJ,brutalidad/NOUN,infantil/ADJ
innumerables/ADJ,definiciones/NOUN,existentes/ADJ
crisis/NOUN,electoral/ADJ,peruana/ADJ
cuna/NOUN,igualitarista/ADJ,universal/ADJ
normas/NOUN,simbólicas/ADJ,particulares/ADJ
nuevas/ADJ,expresiones/NOUN,culturales/ADJ
principios/NOUN,reales/ADJ,opuestos/ADJ
ex/ADJ,canciller/NOUN,guatemalteco/ADJ
capacidad/NOUN,espiritual/ADJ,innata/ADJ
efectiva/ADJ,realidad/NOUN,exterior/ADJ
correspondiente/ADJ,chándal/NOUN,azul/ADJ
representación/NOUN,institucional/ADJ,polaca/ADJ
interminables/ADJ,fiestas/NOUN,caribeñas/ADJ
discos/NOUN,versátiles/ADJ,digitales/ADJ
vida/NOUN,política/ADJ,española/ADJ
cuidado/ADJ,aspecto/NOUN,actual/ADJ
última/ADJ,generación/NOUN,antifranquista/ADJ
cinturón/NOUN,industrial/ADJ,barcelonés/ADJ
denominado/ADJ,impulso/NOUN,democrático/ADJ
precaria/ADJ,situación/NOUN,económica/ADJ
pesetas/NOUN,brutas/ADJ,mensuales/ADJ
actual/ADJ,sistema/NOUN,regulador/ADJ
grandes/ADJ,centrales/NOUN,sindicales/ADJ
nuevos/ADJ,chinos/NOUN,intempestivos/ADJ
igual/ADJ,rigidez/NOUN,moral/ADJ
retroceso/NOUN,social/ADJ,importante/ADJ
único/ADJ,sacrificio/NOUN,justo/ADJ
única/ADJ,explicación/NOUN,posible/ADJ
huesuda/ADJ,proa/NOUN,rotular/ADJ
principal/ADJ,arteria/NOUN,fluvial/ADJ
gordo/ADJ,gitano/NOUN,hepático/ADJ
pasada/ADJ,guerra/NOUN,civil/ADJ
nueva/ADJ,carrera/NOUN,armamentista/ADJ
intensa/ADJ,vocación/NOUN,meteorológica/ADJ
blanda/ADJ,pomada/NOUN,rosácea/ADJ
torpe/ADJ,recurso/NOUN,personal/ADJ
improbables/ADJ,presagios/NOUN,favorables/ADJ
vertiginoso/ADJ,avance/NOUN,tecnológico/ADJ
sucia/ADJ,franja/NOUN,desmochada/ADJ
red/NOUN,eléctrica/ADJ,pública/ADJ
luchadores/ADJ,jugadores/NOUN,brasileños/ADJ
tradicional/ADJ,feudo/NOUN,popular/ADJ
submarino/NOUN,nuclear/ADJ,ruso/ADJ
maniobras/NOUN,navales/ADJ,rusas/ADJ
situación/NOUN,financiera/ADJ,internacional/ADJ
grave/ADJ,recesión/NOUN,mundial/ADJ
primer/ADJ,país/NOUN,minado/ADJ
espacio/NOUN,aéreo/ADJ,argentino/ADJ
zona/NOUN,económica/ADJ,exclusiva/ADJ
subdirectora/NOUN,general/ADJ,adjunta/ADJ
diferentes/ADJ,directivas/NOUN,comunitarias/ADJ
fuentes/NOUN,oficiales/ADJ,jordanas/ADJ
nuevo/ADJ,primer/ADJ,ministro/NOUN
anterior/ADJ,primer/ADJ,ministro/NOUN
embargo/NOUN,aéreo/ADJ,internacional/ADJ
altos/ADJ,cargos/NOUN,iraquíes/ADJ
próxima/ADJ,reunión/NOUN,plenaria/ADJ
nuevo/ADJ,presidente/NOUN,chileno/ADJ
ex/ADJ,dictador/NOUN,chileno/ADJ
gran/ADJ,triunfo/NOUN,electoral/ADJ
gran/ADJ,respaldo/NOUN,popular/ADJ
diario/NOUN,árabe/ADJ,internacional/ADJ
primer/ADJ,ministro/NOUN,yemení/ADJ
futuras/ADJ,inversiones/NOUN,conjuntas/ADJ
próximas/ADJ,elecciones/NOUN,generales/ADJ
debate/NOUN,político/ADJ,general/ADJ
ex/ADJ,presidente/NOUN,mexicano/ADJ
segunda/ADJ,instancia/NOUN,judicial/ADJ
mercado/NOUN,cárnico/ADJ,español/ADJ
actual/ADJ,vicepresidente/NOUN,estadounidense/ADJ
mejor/ADJ,año/NOUN,deportivo/ADJ
grupo/NOUN,financiero/ADJ,catalán/ADJ
precio/NOUN,unitario/ADJ,final/ADJ
política/NOUN,exterior/ADJ,española/ADJ
segundo/ADJ,período/NOUN,legislativo/ADJ
fría/ADJ,zona/NOUN,andina/ADJ
escenario/NOUN,político/ADJ,español/ADJ
séptimo/ADJ,congreso/NOUN,regional/ADJ
quinta/ADJ,vez/NOUN,consecutiva/ADJ
sistema/NOUN,sanitario/ADJ,público/ADJ
viceprimer/ADJ,ministro/NOUN,croata/ADJ
frecuentes/ADJ,declaraciones/NOUN,xenófobas/ADJ
amplios/ADJ,poderes/NOUN,presidenciales/ADJ
entrante/ADJ,primer/ADJ,ministro/NOUN
programa/NOUN,político/ADJ,detallado/ADJ
reducida/ADJ,representación/NOUN,parlamentaria/ADJ
comisario/NOUN,europeo/ADJ,alemán/ADJ
político/NOUN,socialcristiano/ADJ,bávaro/ADJ
primer/ADJ,ministro/NOUN,bávaro/ADJ
suficiente/ADJ,base/NOUN,financiera/ADJ
ex/ADJ,ministro/NOUN,español/ADJ
grandes/ADJ,empresas/NOUN,estatales/ADJ
mercado/NOUN,bursátil/ADJ,español/ADJ
mayor/ADJ,seguridad/NOUN,jurídica/ADJ
tercera/ADJ,vez/NOUN,consecutiva/ADJ
tercer/ADJ,arsenal/NOUN,mundial/ADJ
sede/NOUN,diplomática/ADJ,estadounidense/ADJ
sede/NOUN,diplomática/ADJ,estadounidense/ADJ
agentes/NOUN,económicos/ADJ,rumanos/ADJ
interés/NOUN,anual/ADJ,variable/ADJ
presunta/ADJ,ex/ADJ,miembro/NOUN
poderoso/ADJ,juego/NOUN,interior/ADJ
nuevo/ADJ,gobierno/NOUN,austriaco/ADJ
partido/NOUN,liberal/ADJ,austriaco/ADJ
radicales/ADJ,movimientos/NOUN,ecopacifistas/ADJ
segunda/ADJ,victoria/NOUN,olímpica/ADJ
primera/ADJ,ocasión/NOUN,clara/ADJ
sector/NOUN,deportivo/ADJ,español/ADJ
principal/ADJ,potencia/NOUN,empresarial/ADJ
quinta/ADJ,derrota/NOUN,consecutiva/ADJ
último/ADJ,debate/NOUN,presidencial/ADJ
importante/ADJ,resistencia/NOUN,existente/ADJ
última/ADJ,gran/ADJ,oportunidad/NOUN
beneficios/NOUN,económicos/ADJ,inmediatos/ADJ
importantes/ADJ,inconvenientes/NOUN,económicos/ADJ
colección/NOUN,real/ADJ,española/ADJ
espléndido/ADJ,palacio/NOUN,municipal/ADJ
laboratorio/NOUN,militar/ADJ,especial/ADJ
último/ADJ,héroe/NOUN,caído/ADJ
auténtica/ADJ,operación/NOUN,conjunta/ADJ
áreas/NOUN,marítimas/ADJ,adyacentes/ADJ
tradicionales/ADJ,ejercicios/NOUN,militares/ADJ
socio/NOUN,militar/ADJ,especial/ADJ
enormes/ADJ,divisiones/NOUN,mecanizadas/ADJ
grandes/ADJ,desafíos/NOUN,militares/ADJ
servicios/NOUN,públicos/ADJ,privatizados/ADJ
principal/ADJ,reserva/NOUN,energética/ADJ
sitio/NOUN,web/ADJ,comercial/ADJ
aparato/NOUN,productivo/ADJ,nacional/ADJ
vacante/ADJ,corona/NOUN,interina/ADJ
moneda/NOUN,nacional/ADJ,checa/ADJ
moneda/NOUN,única/ADJ,europea/ADJ
comercio/NOUN,exterior/ADJ,checo/ADJ
inversión/NOUN,española/ADJ,directa/ADJ
crisis/NOUN,bancaria/ADJ,enorme/ADJ
Fuentes/NOUN,diplomáticas/ADJ,españolas/ADJ
primer/ADJ,productor/NOUN,mundial/ADJ
países/NOUN,cafeteros/ADJ,centroamericanos/ADJ
actual/ADJ,año/NOUN,civil/ADJ
familias/NOUN,campesinas/ADJ,colombianas/ADJ
autoridades/NOUN,cafeteras/ADJ,colombianas/ADJ
próxima/ADJ,cosecha/NOUN,costarricense/ADJ
organización/NOUN,militar/ADJ,occidental/ADJ
gran/ADJ,cambio/NOUN,político/ADJ
primer/ADJ,ministro/NOUN,japonés/ADJ
tercera/ADJ,derrota/NOUN,consecutiva/ADJ
próximas/ADJ,elecciones/NOUN,generales/ADJ
diario/NOUN,deportivo/ADJ,milanés/ADJ
diario/NOUN,deportivo/ADJ,romano/ADJ
desierto/NOUN,occidental/ADJ,egipcio/ADJ
desierto/NOUN,occidental/ADJ,egipcio/ADJ
desierto/NOUN,occidental/ADJ,egipcio/ADJ
sistema/NOUN,electoral/ADJ,nipón/ADJ
segunda/ADJ,derrota/NOUN,consecutiva/ADJ
nueva/ADJ,marca/NOUN,histórica/ADJ
elecciones/NOUN,generales/ADJ,estadounidenses/ADJ
nuevo/ADJ,recuento/NOUN,mecanizado/ADJ
cómoda/ADJ,mayoría/NOUN,absoluta/ADJ
instancia/NOUN,judicial/ADJ,suprema/ADJ
candidato/NOUN,presidencial/ADJ,republicano/ADJ
canal/NOUN,televisivo/ADJ,brasileño/ADJ
mercado/NOUN,hispánico/ADJ,estadounidense/ADJ
gigante/NOUN,televisivo/ADJ,brasileño/ADJ
amplio/ADJ,mercado/NOUN,latinoamericano/ADJ
beneficios/NOUN,comerciales/ADJ,permanentes/ADJ
excelente/ADJ,trabajo/NOUN,ofensivo/ADJ
compañía/NOUN,eléctrica/ADJ,española/ADJ
grupo/NOUN,parlamentario/ADJ,socialista/ADJ
claras/ADJ,conexiones/NOUN,políticas/ADJ
primeras/ADJ,declaraciones/NOUN,públicas/ADJ
grandes/ADJ,fuerzas/NOUN,políticas/ADJ
gran/ADJ,asignatura/NOUN,pendiente/ADJ
manera/NOUN,humana/ADJ,posible/ADJ
opinión/NOUN,pública/ADJ,internacional/ADJ
personas/NOUN,civiles/ADJ,inocentes/ADJ
alto/ADJ,poder/NOUN,destructivo/ADJ
autoridades/NOUN,migratorias/ADJ,mexicanas/ADJ
actual/ADJ,situación/NOUN,política/ADJ
trámites/NOUN,administrativos/ADJ,pertinentes/ADJ
segunda/ADJ,vuelta/NOUN,electoral/ADJ
masas/NOUN,urbanísticas/ADJ,incontroladas/ADJ
campeones/NOUN,mundiales/ADJ,mexicanos/ADJ
plan/NOUN,estadístico/ADJ,ambiental/ADJ
espacio/NOUN,aéreo/ADJ,nacional/ADJ
viceprimer/ADJ,ministro/NOUN,ruso/ADJ
espacio/NOUN,aéreo/ADJ,nacional/ADJ
espacio/NOUN,aéreo/ADJ,venezolano/ADJ
zar/NOUN,antidrogas/ADJ,estadounidense/ADJ
campeón/NOUN,invicto/ADJ,puertorriqueño/ADJ
campeón/NOUN,invicto/ADJ,boricua/ADJ
ordenado/ADJ,esquema/NOUN,defensivo/ADJ
actividad/NOUN,económica/ADJ,japonesa/ADJ
próxima/ADJ,cosecha/NOUN,brasileña/ADJ
segundo/ADJ,productor/NOUN,mundial/ADJ
actual/ADJ,año/NOUN,civil/ADJ
entidad/NOUN,bancaria/ADJ,comercial/ADJ
nuevo/ADJ,récord/NOUN,negativo/ADJ
segunda/ADJ,división/NOUN,española/ADJ
próximos/ADJ,partidos/NOUN,eliminatorios/ADJ
primer/ADJ,ministro/NOUN,japonés/ADJ
último/ADJ,partido/NOUN,eliminatorio/ADJ
nueva/ADJ,apelación/NOUN,brasileña/ADJ
respectivas/ADJ,empresas/NOUN,aeronáuticas/ADJ
actuales/ADJ,condiciones/NOUN,fiscales/ADJ
pasada/ADJ,campaña/NOUN,electoral/ADJ
nadadora/NOUN,parapléjica/ADJ,española/ADJ
corona/NOUN,vacante/ADJ,junior/ADJ
nueva/ADJ,política/NOUN,laboral/ADJ
recientes/ADJ,leyes/NOUN,laborales/ADJ
nuevas/ADJ,leyes/NOUN,laborales/ADJ
primera/ADJ,visita/NOUN,oficial/ADJ
provincia/NOUN,central/ADJ,angoleña/ADJ
violentos/ADJ,incidentes/NOUN,armados/ADJ
vicecanciller/NOUN,federal/ADJ,austriaca/ADJ
televisión/NOUN,pública/ADJ,alpina/ADJ
diario/NOUN,deportivo/ADJ,portugués/ADJ
grupo/NOUN,editorial/ADJ,alemán/ADJ
primer/ADJ,ministro/NOUN,japonés/ADJ
nuevo/ADJ,modelo/NOUN,deportivo/ADJ
primera/ADJ,contribución/NOUN,pública/ADJ
nuevo/ADJ,sistema/NOUN,monetario/ADJ
primeras/ADJ,elecciones/NOUN,generales/ADJ
agencia/NOUN,oficial/ADJ,iraní/ADJ
clérigo/NOUN,musulmán/ADJ,chií/ADJ
segunda/ADJ,vuelta/NOUN,electoral/ADJ
nuevo/ADJ,secretario/NOUN,general/ADJ
cómoda/ADJ,mayoría/NOUN,absoluta/ADJ
últimas/ADJ,elecciones/NOUN,generales/ADJ
sistema/NOUN,electoral/ADJ,japonés/ADJ
ex/ADJ,primer/ADJ,ministro/NOUN
carreras/NOUN,limpias/ADJ,permitidas/ADJ
versiones/NOUN,oficiosas/ADJ,rusas/ADJ
importantes/ADJ,problemas/NOUN,internacionales/ADJ
medidas/NOUN,políticas/ADJ,pertinentes/ADJ
salario/NOUN,mínimo/ADJ,vital/ADJ
aparato/NOUN,militar/ADJ,etarra/ADJ
ex/ADJ,cabecilla/NOUN,etarra/ADJ
instrucción/NOUN,antiterrorista/ADJ,francesa/ADJ
presunto/ADJ,ex/ADJ,lugarteniente/NOUN
ligamento/NOUN,lateral/ADJ,interno/ADJ
ex/ADJ,ciclista/NOUN,holandés/ADJ
organizaciones/NOUN,sindicales/ADJ,internacionales/ADJ
ex/ADJ,tenista/NOUN,brasileño/ADJ
ex/ADJ,tenista/NOUN,brasileño/ADJ
índice/NOUN,estadístico/ADJ,anual/ADJ
único/ADJ,chasis/NOUN,protector/ADJ
veterano/NOUN,dirigente/ADJ,laborista/ADJ
debida/ADJ,formación/NOUN,cívica/ADJ
conocimientos/NOUN,básicos/ADJ,suficientes/ADJ
precio/NOUN,mínimo/ADJ,oficial/ADJ
mayor/ADJ,imperio/NOUN,empresarial/ADJ
supuestas/ADJ,conspiraciones/NOUN,criminales/ADJ
instancia/NOUN,superior/ADJ,internacional/ADJ
instituciones/NOUN,financieras/ADJ,internacionales/ADJ
gran/ADJ,capacidad/NOUN,disuasoria/ADJ
asuntos/NOUN,políticos/ADJ,polémicos/ADJ
tempranera/ADJ,lucha/NOUN,interna/ADJ
numerosos/ADJ,acuerdos/NOUN,regionales/ADJ
servicios/NOUN,sanitarios/ADJ,ganaderos/ADJ
gran/ADJ,acuerdo/NOUN,nacional/ADJ
profundos/ADJ,ajustes/NOUN,fiscales/ADJ
agobiante/ADJ,crisis/NOUN,económica/ADJ
principales/ADJ,bolsas/NOUN,europeas/ADJ
últimas/ADJ,acciones/NOUN,violentas/ADJ
inversores/NOUN,institucionales/ADJ,nipones/ADJ
principal/ADJ,grupo/NOUN,eléctrico/ADJ
diputados/NOUN,democristianos/ADJ,chilenos/ADJ
buena/ADJ,temporada/NOUN,turística/ADJ
perfil/NOUN,nacionalista/ADJ,radical/ADJ
concierto/NOUN,económico/ADJ,vasco/ADJ
elevada/ADJ,carga/NOUN,tributaria/ADJ
principales/ADJ,países/NOUN,industrializados/ADJ
altos/ADJ,precios/NOUN,internacionales/ADJ
numerosos/ADJ,posibles/ADJ,candidatos/NOUN
grandes/ADJ,centros/NOUN,urbanos/ADJ
autoridad/NOUN,monetaria/ADJ,europea/ADJ
pobres/ADJ,fantoches/NOUN,empingorotados/ADJ
máximo/ADJ,órgano/NOUN,rector/ADJ
principales/ADJ,instituciones/NOUN,financieras/ADJ
máximo/ADJ,órgano/NOUN,rector/ADJ
vías/NOUN,judiciales/ADJ,deportivas/ADJ
pan/NOUN,semi-negro/ADJ,barato/ADJ
elecciones/NOUN,parlamentarias/ADJ,serbias/ADJ
nuevo/ADJ,papel/NOUN,financiero/ADJ
compañías/NOUN,farmacéuticas/ADJ,estadounidenses/ADJ
joven/NOUN,activista/ADJ,vasco/ADJ
vías/NOUN,democráticas/ADJ,pacíficas/ADJ
nuevas/ADJ,prestaciones/NOUN,familiares/ADJ
tribunal/NOUN,militar/ADJ,anónimo/ADJ
naufragado/ADJ,submarino/NOUN,nuclear/ADJ
contenedor/NOUN,subacuático/ADJ,especial/ADJ
fondo/NOUN,mutuo/ADJ,privado/ADJ
expertos/NOUN,legales/ADJ,consultados/ADJ
alta/ADJ,participación/NOUN,electoral/ADJ
consejo/NOUN,asesor/ADJ,agrario/ADJ
largos/ADJ,cuernos/NOUN,alpinos/ADJ
antiguo/ADJ,equipo/NOUN,completo/ADJ
CUARTO/ADJ,TRIUNFO/NOUN,CONSECUTIVO/ADJ
cuarta/ADJ,victoria/NOUN,consecutiva/ADJ
excelente/ADJ,racha/NOUN,madridista/ADJ
victorias/NOUN,ligueras/ADJ,consecutivas/ADJ
máxima/ADJ,asistencia/NOUN,posible/ADJ
primer/ADJ,ministro/NOUN,japonés/ADJ
ex/ADJ,primer/ADJ,ministro/NOUN
llamadas/NOUN,telefónicas/ADJ,anónimas/ADJ
fuerte/ADJ,gasto/NOUN,público/ADJ
pasadas/ADJ,elecciones/NOUN,legislativas/ADJ
indicadores/NOUN,económicos/ADJ,positivos/ADJ
analistas/NOUN,económicos/ADJ,locales/ADJ
buenos/ADJ,contactos/NOUN,políticos/ADJ
ex/ADJ,primer/ADJ,ministro/NOUN
grandes/ADJ,firmas/NOUN,constructoras/ADJ
primera/ADJ,actividad/NOUN,multitudinaria/ADJ
segunda/ADJ,base/NOUN,dominicano/ADJ
máximo/ADJ,mandatario/NOUN,realista/ADJ
posibilidad/NOUN,jurídica/ADJ,alguna/ADJ
submarino/NOUN,nuclear/ADJ,británico/ADJ
Fuentes/NOUN,diplomáticas/ADJ,británicas/ADJ
primer/ADJ,ministro/NOUN,británico/ADJ
propulsión/NOUN,naval/ADJ,militar/ADJ
normas/NOUN,laborales/ADJ,fundamentales/ADJ
única/ADJ,deportista/NOUN,española/ADJ
grupo/NOUN,parlamentario/ADJ,socialista/ADJ
candidato/NOUN,presidencial/ADJ,republicano/ADJ
vigésima/ADJ,cuarta/ADJ,edición/NOUN
alto/ADJ,coste/NOUN,económico/ADJ
mayor/ADJ,zona/NOUN,cafetalera/ADJ
grupo/NOUN,periodístico/ADJ,español/ADJ
primer/ADJ,ministro/NOUN,francés/ADJ
fuentes/NOUN,diplomáticas/ADJ,francesas/ADJ
primer/ADJ,ministro/NOUN,francés/ADJ
ligera/ADJ,intervención/NOUN,quirúrgica/ADJ
abductor/NOUN,mediano/ADJ,izquierdo/ADJ
única/ADJ,operadora/NOUN,independiente/ADJ
mayor/ADJ,empresa/NOUN,brasileña/ADJ
niño/NOUN,náufrago/ADJ,cubano/ADJ
inmigrantes/NOUN,ilegales/ADJ,cubanos/ADJ
mayor/ADJ,tráfico/NOUN,aéreo/ADJ
organismos/NOUN,multilaterales/ADJ,financieros/ADJ
litoral/NOUN,central/ADJ,venezolano/ADJ
alto/ADJ,nivel/NOUN,técnico/ADJ
mercado/NOUN,editorial/ADJ,andaluz/ADJ
tercer/ADJ,sector/NOUN,editorial/ADJ
único/ADJ,miembro/NOUN,latinoamericano/ADJ
próxima/ADJ,ronda/NOUN,europea/ADJ
maltrecha/ADJ,economía/NOUN,filipina/ADJ
campeón/NOUN,mundial/ADJ,mínimo/ADJ
realidad/NOUN,económica/ADJ,poderosa/ADJ
primer/ADJ,ministro/NOUN,danés/ADJ
segundo/ADJ,mercado/NOUN,mundial/ADJ
mayor/ADJ,número/NOUN,posible/ADJ
nuevo/ADJ,alerón/NOUN,trasero/ADJ
tercer/ADJ,mejor/ADJ,tiempo/NOUN
nueva/ADJ,sesión/NOUN,libre/ADJ
meras/ADJ,ilusiones/NOUN,ópticas/ADJ
minúsculos/ADJ,peces/NOUN,abisales/ADJ
catastróficas/ADJ,lluvias/NOUN,caídas/ADJ
vigésima/ADJ,tercera/ADJ,jornada/NOUN
segunda/ADJ,vuelta/NOUN,electoral/ADJ
segunda/ADJ,vuelta/NOUN,electoral/ADJ
eventual/ADJ,segunda/ADJ,vuelta/NOUN
quinto/ADJ,mejor/ADJ,futbolista/NOUN
ex/ADJ,jugador/NOUN,costarricense/ADJ
telefonía/NOUN,móvil/ADJ,digital/ADJ
grandes/ADJ,productoras/NOUN,iberoamericanas/ADJ
nuevo/ADJ,puente/NOUN,portuario/ADJ
numerosos/ADJ,panfletos/NOUN,propagandísticos/ADJ
conocida/ADJ,discoteca/NOUN,valenciana/ADJ
ex/ADJ,dictador/NOUN,chileno/ADJ
diferentes/ADJ,partidos/NOUN,políticos/ADJ
situación/NOUN,preelectoral/ADJ,venezolana/ADJ
ex/ADJ,presidente/NOUN,uruguayo/ADJ
nuevo/ADJ,marco/NOUN,constitucional/ADJ
mayor/ADJ,ambición/NOUN,ofensiva/ADJ
máxima/ADJ,competición/NOUN,continental/ADJ
única/ADJ,fuerza/NOUN,política/ADJ
política/NOUN,agraria/ADJ,común/ADJ
política/NOUN,agraria/ADJ,común/ADJ
disposición/NOUN,adicional/ADJ,primera/ADJ
determinadas/ADJ,condiciones/NOUN,económicas/ADJ
simple/ADJ,bula/NOUN,periodística/ADJ
décimo/ADJ,puesto/NOUN,mundial/ADJ
grupo/NOUN,parlamentario/ADJ,cristianodemócrata/ADJ
título/NOUN,mundial/ADJ,mínimo/ADJ
turismos/NOUN,nuevos/ADJ,matriculados/ADJ
nuevo/ADJ,director/NOUN,técnico/ADJ
malas/ADJ,condiciones/NOUN,meteorológicas/ADJ
vigésimo/ADJ,sexto/ADJ,lugar/NOUN
anteriores/ADJ,rondas/NOUN,parisienses/ADJ
antiguo/ADJ,canciller/NOUN,alemán/ADJ
servicios/NOUN,secretos/ADJ,alemanes/ADJ
ex/ADJ,asesor/NOUN,fiscal/ADJ
servicios/NOUN,secretos/ADJ,alemanes/ADJ
fallecido/ADJ,presidente/NOUN,francés/ADJ
supuesta/ADJ,ayuda/NOUN,millonaria/ADJ
emblemático/ADJ,lema/NOUN,opositor/ADJ
presumible/ADJ,equipo/NOUN,suplente/ADJ
producto/NOUN,interior/ADJ,bruto/ADJ
modelo/NOUN,económico/ADJ,salvadoreño/ADJ
dura/ADJ,jornada/NOUN,final/ADJ
profesionales/NOUN,liberales/ADJ,urbanos/ADJ
considerable/ADJ,colonia/NOUN,homosexual/ADJ
fuerte/ADJ,componente/NOUN,afroamericano/ADJ
ex/ADJ,vicesecretario/NOUN,general/ADJ
mayor/ADJ,regata/NOUN,transoceánica/ADJ
actual/ADJ,titular/NOUN,supergallo/ADJ
cuarta/ADJ,corona/NOUN,mundial/ADJ
primera/ADJ,defensa/NOUN,titular/ADJ
maniobras/NOUN,políticas/ADJ,oportunistas/ADJ
fuerza/NOUN,militar/ADJ,europea/ADJ
nueva/ADJ,arquitectura/NOUN,europea/ADJ
segundo/ADJ,comandante/NOUN,supremo/ADJ
productos/NOUN,agrícolas/ADJ,lusos/ADJ
economía/NOUN,agrícola/ADJ,comunitaria/ADJ
productos/NOUN,agrícolas/ADJ,portugueses/ADJ
primer/ADJ,gran/ADJ,slam/NOUN
tercera/ADJ,base/NOUN,venezolano/ADJ
veterano/ADJ,toletero/NOUN,cubano/ADJ
segunda/ADJ,derrota/NOUN,consecutiva/ADJ
tercer/ADJ,partido/NOUN,consecutivo/ADJ
tesis/NOUN,oficial/ADJ,rusa/ADJ
organización/NOUN,ecologista/ADJ,noruega/ADJ
observatorio/NOUN,sismológico/ADJ,noruego/ADJ
máximo/ADJ,órgano/NOUN,competente/ADJ
tradicionales/ADJ,mítines/NOUN,políticos/ADJ
primera/ADJ,ronda/NOUN,eliminatoria/ADJ
prominentes/ADJ,dientes/NOUN,superiores/ADJ
único/ADJ,título/NOUN,internacional/ADJ
bebidas/NOUN,alcohólicas/ADJ,preparadas/ADJ
nueva/ADJ,identidad/NOUN,corporativa/ADJ
excelente/ADJ,racha/NOUN,positiva/ADJ
nuevas/ADJ,matrículas/NOUN,automovilísticas/ADJ
grupos/NOUN,políticos/ADJ,nacionalistas/ADJ
citada/ADJ,banda/NOUN,azul/ADJ
presente/ADJ,campaña/NOUN,electoral/ADJ
incansable/ADJ,campaña/NOUN,electoral/ADJ
primera/ADJ,vuelta/NOUN,electoral/ADJ
vida/NOUN,política/ADJ,serbia/ADJ
nuevos/ADJ,socios/NOUN,mayoritarios/ADJ
círculos/NOUN,diplomáticos/ADJ,acreditados/ADJ
deficiente/ADJ,economía/NOUN,agraria/ADJ
débiles/ADJ,estructuras/NOUN,institucionales/ADJ
asamblea/NOUN,nacional/ADJ,constituyente/ADJ
panorama/NOUN,político/ADJ,austriaco/ADJ
alto/ADJ,voltaje/NOUN,partidista/ADJ
representante/NOUN,estatal/ADJ,demócrata/ADJ
cierto/ADJ,orden/NOUN,cronológico/ADJ
tercera/ADJ,gran/ADJ,exposición/NOUN
único/ADJ,sistema/NOUN,válido/ADJ
rapidísimo/ADJ,interior/NOUN,izquierdo/ADJ
marcada/ADJ,indiferencia/NOUN,oficial/ADJ
último/ADJ,año/NOUN,hidrológico/ADJ
hectómetros/NOUN,cúbicos/ADJ,anuales/ADJ
máxima/ADJ,tensión/NOUN,política/ADJ
reunión/NOUN,atlética/ADJ,continental/ADJ
equipo/NOUN,olímpico/ADJ,estadounidense/ADJ
mero/ADJ,trámite/NOUN,constitucional/ADJ
pleno/ADJ,barrio/NOUN,medieval/ADJ
enclave/NOUN,histórico/ADJ,revitalizado/ADJ
máximo/ADJ,órgano/NOUN,legislativo/ADJ
tercera/ADJ,victoria/NOUN,consecutiva/ADJ
séptimo/ADJ,mejor/ADJ,tiempo/NOUN
mayor/ADJ,ventaja/NOUN,posible/ADJ
corona/NOUN,floral/ADJ,mortuoria/ADJ
nuevas/ADJ,monedas/NOUN,ecuatorianas/ADJ
primer/ADJ,ministro/NOUN,israelí/ADJ
tercer/ADJ,día/NOUN,consecutivo/ADJ
principales/ADJ,vías/NOUN,terrestres/ADJ
primer/ADJ,enfrentamiento/NOUN,directo/ADJ
peso/NOUN,mínimo/ADJ,autorizado/ADJ
meta/NOUN,internacional/ADJ,sueco/ADJ
primer/ADJ,jugador/NOUN,continental/ADJ
ex/ADJ,presidente/NOUN,brasileño/ADJ
malos/ADJ,tratos/NOUN,domésticos/ADJ
nuevo/ADJ,ministro/NOUN,principal/ADJ
fuerza/NOUN,militar/ADJ,anglo-holandesa/ADJ
ex/ADJ,ministro/NOUN,principal/ADJ
fuerzas/NOUN,nacionalistas/ADJ,democráticas/ADJ
próximas/ADJ,reuniones/NOUN,anuales/ADJ
máximo/ADJ,tribunal/NOUN,regional/ADJ
segundo/ADJ,socio/NOUN,comercial/ADJ
separaciones/NOUN,familiares/ADJ,forzosas/ADJ
reiterada/ADJ,exigencia/NOUN,norcoreana/ADJ
contingente/NOUN,militar/ADJ,estadounidense/ADJ
primer/ADJ,ministro/NOUN,japonés/ADJ
nuevas/ADJ,calamidades/NOUN,meteorológicas/ADJ
máximos/ADJ,dirigentes/NOUN,coreanos/ADJ
mala/ADJ,gestión/NOUN,económica/ADJ
organizaciones/NOUN,humanitarias/ADJ,internacionales/ADJ
conocida/ADJ,marca/NOUN,japonesa/ADJ
correcta/ADJ,relación/NOUN,candidato-ciudadanas/ADJ
registros/NOUN,administrativos/ADJ,correspondientes/ADJ
mayor/ADJ,diferencia/NOUN,registrada/ADJ
supuestas/ADJ,prácticas/NOUN,monopolísticas/ADJ
primera/ADJ,jugadora/NOUN,española/ADJ
pleno/ADJ,régimen/NOUN,militar/ADJ
intereses/NOUN,económicos/ADJ,españoles/ADJ
plena/ADJ,igualdad/NOUN,soberana/ADJ
gigante/NOUN,bancario/ADJ,estadounidense/ADJ
principales/ADJ,firmas/NOUN,financieras/ADJ
tercer/ADJ,banco/NOUN,comercial/ADJ
buena/ADJ,situación/NOUN,económica/ADJ
mítico/ADJ,escenario/NOUN,carioca/ADJ
graves/ADJ,violaciones/NOUN,legales/ADJ
turística/ADJ,isla/NOUN,indonesia/ADJ
vetusto/ADJ,estadio/NOUN,ateniense/ADJ
segundo/ADJ,gigante/NOUN,mundial/ADJ
beneficio/NOUN,bruto/ADJ,conjunto/ADJ
extenso/ADJ,decreto/NOUN,fiscal/ADJ
ralentizada/ADJ,economía/NOUN,italiana/ADJ
producto/NOUN,interior/ADJ,bruto/ADJ
cuantiosos/ADJ,daños/NOUN,económicos/ADJ
glóbulos/NOUN,blancos/ADJ,propios/ADJ
mercados/NOUN,tradicionales/ADJ,mediterráneos/ADJ
floja/ADJ,primera/ADJ,parte/NOUN
mercados/NOUN,bursátiles/ADJ,europeos/ADJ
auténtica/ADJ,bandera/NOUN,nacional/ADJ
gesto/NOUN,social/ADJ,claro/ADJ
pequeño/ADJ,museo/NOUN,arqueológico/ADJ
mayor/ADJ,dinamismo/NOUN,industrial/ADJ
carga/NOUN,financiera/ADJ,sanitaria/ADJ
millones/NOUN,brutos/ADJ,anuales/ADJ
sector/NOUN,agroalimentario/ADJ,español/ADJ
primeras/ADJ,empresas/NOUN,españolas/ADJ
crecimiento/NOUN,económico/ADJ,ininterrumpido/ADJ
primer/ADJ,jersey/NOUN,amarillo/ADJ
sectores/NOUN,empresariales/ADJ,chilenos/ADJ
segundo/ADJ,día/NOUN,consecutivo/ADJ
próximo/ADJ,preparador/NOUN,madridista/ADJ
fuerte/ADJ,inyección/NOUN,económica/ADJ
virtuales/ADJ,nuevas/ADJ,compañías/NOUN
salario/NOUN,bruto/ADJ,anual/ADJ
figuras/NOUN,políticas/ADJ,prominentes/ADJ
primera/ADJ,dama/NOUN,argentina/ADJ
criterios/NOUN,económicos/ADJ,convencionales/ADJ
compañía/NOUN,pública/ADJ,francesa/ADJ
excelente/ADJ,inversión/NOUN,estratégica/ADJ
mayores/ADJ,compañías/NOUN,mundiales/ADJ
zona/NOUN,azul/ADJ,provisional/ADJ
dato/NOUN,añadido/ADJ,adverso/ADJ
primer/ADJ,ministro/NOUN,provincial/ADJ
nuevo/ADJ,frente/NOUN,atlántico/ADJ
peor/ADJ,política/NOUN,posible/ADJ
menor/ADJ,gasto/NOUN,social/ADJ
segunda/ADJ,guerra/NOUN,mundial/ADJ
correspondiente/ADJ,colegio/NOUN,electoral/ADJ
nuevo/ADJ,récord/NOUN,histórico/ADJ
segunda/ADJ,guerra/NOUN,mundial/ADJ
grandes/ADJ,empresas/NOUN,japonesas/ADJ
máximo/ADJ,dirigente/NOUN,azulgrana/ADJ
triste/ADJ,final/NOUN,perdida/ADJ
entidad/NOUN,bancaria/ADJ,catalana/ADJ
nuevo/ADJ,máximo/NOUN,histórico/ADJ
líderes/NOUN,sindicales/ADJ,internacionales/ADJ
primer/ADJ,ministro/NOUN,británico/ADJ
orden/NOUN,internacional/ADJ,consensuado/ADJ
llamadas/NOUN,telefónicas/ADJ,locales/ADJ
gran/ADJ,bestia/NOUN,negra/ADJ
mejor/ADJ,disposición/NOUN,posible/ADJ
gran/ADJ,momento/NOUN,deportivo/ADJ
pleno/ADJ,casco/NOUN,antiguo/ADJ
decepcionante/ADJ,Segunda/ADJ,mitad/NOUN
solo/ADJ,defensa/NOUN,azulgrana/ADJ
primer/ADJ,revolcón/NOUN,europeo/ADJ
fuerzas/NOUN,políticas/ADJ,turcas/ADJ
problemático/ADJ,estado/NOUN,kurdo/ADJ
importantes/ADJ,intereses/NOUN,petrolíferos/ADJ
grandes/ADJ,mecanismos/NOUN,europeos/ADJ
organismos/NOUN,internacionales/ADJ,económicos/ADJ
próximas/ADJ,elecciones/NOUN,legislativas/ADJ
antiguo/ADJ,bloque/NOUN,comunista/ADJ
corruptas/ADJ,élites/NOUN,poscomunistas/ADJ
medios/NOUN,económicos/ADJ,internacionales/ADJ
melodrama/NOUN,romántico/ADJ,hollywoodiense/ADJ
supuesta/ADJ,vida/NOUN,suntuosa/ADJ
equipo/NOUN,nacional/ADJ,olímpico/ADJ
cerrada/ADJ,sociedad/NOUN,sabadellense/ADJ
puentes/NOUN,comunicativos/ADJ,explícitos/ADJ
proverbial/ADJ,sensibilidad/NOUN,transcultural/ADJ
riguroso/ADJ,acabado/NOUN,técnico/ADJ
futuro/ADJ,parque/NOUN,natural/ADJ
nuevos/ADJ,talentos/NOUN,europeos/ADJ
nueva/ADJ,junta/NOUN,directiva/ADJ
últimas/ADJ,criaturas/NOUN,espaciales/ADJ
considerable/ADJ,nivel/NOUN,energético/ADJ
nueva/ADJ,ronda/NOUN,comercial/ADJ
decadente/ADJ,monarquía/NOUN,británica/ADJ
pura/ADJ,aversión/NOUN,estética/ADJ
antiguo/ADJ,club/NOUN,andaluz/ADJ
sospechoso/ADJ,maletín/NOUN,metálico/ADJ
primer/ADJ,montaje/NOUN,infantil/ADJ
viejo/ADJ,estilo/NOUN,británico/ADJ
banda/NOUN,izquierda/ADJ,española/ADJ
última/ADJ,sesión/NOUN,bursátil/ADJ
segunda/ADJ,mayor/ADJ,revalorización/NOUN
único/ADJ,edificio/NOUN,pendiente/ADJ
ex/ADJ,lector/NOUN,oficial/ADJ
familia/NOUN,real/ADJ,española/ADJ
posibles/ADJ,premios/NOUN,europeos/ADJ
prestigioso/ADJ,compositor/NOUN,norteamericano/ADJ
opinión/NOUN,pública/ADJ,española/ADJ
estupenda/ADJ,vis/NOUN,cómica/ADJ
primer/ADJ,disco/NOUN,homónimo/ADJ
impecable/ADJ,factura/NOUN,formal/ADJ
gran/ADJ,solidez/NOUN,narrativa/ADJ
único/ADJ,valor/NOUN,importante/ADJ
nutrido/ADJ,apartado/NOUN,cinematográfico/ADJ
grandes/ADJ,centrales/NOUN,sindicales/ADJ
ex/ADJ,ministro/NOUN,socialista/ADJ
principales/ADJ,acontecimientos/NOUN,políticos/ADJ
primeros/ADJ,acentos/NOUN,bernhardianos/ADJ
pequeña/ADJ,comunidad/NOUN,zíngara/ADJ
sugerente/ADJ,banda/NOUN,sonora/ADJ
pequeña/ADJ,comunidad/NOUN,zíngara/ADJ
mayor/ADJ,satisfacción/NOUN,sexual/ADJ
presuntos/ADJ,pasaportes/NOUN,falsos/ADJ
gran/ADJ,capacidad/NOUN,negociadora/ADJ
nuevo/ADJ,calendario/NOUN,único/ADJ
graves/ADJ,problemas/NOUN,económicos/ADJ
disciplinas/NOUN,clásicas/ADJ,circenses/ADJ
principal/ADJ,certamen/NOUN,multisectorial/ADJ
segundo/ADJ,año/NOUN,consecutivo/ADJ
segunda/ADJ,final/NOUN,consecutiva/ADJ
organismos/NOUN,económicos/ADJ,internacionales/ADJ
gran/ADJ,ciudad/NOUN,monstruosa/ADJ
actual/ADJ,integración/NOUN,europea/ADJ
retroceso/NOUN,social/ADJ,importante/ADJ
primer/ADJ,ministro/NOUN,portugués/ADJ
oferta/NOUN,gastronómica/ADJ,londinense/ADJ
especialidades/NOUN,culinarias/ADJ,similares/ADJ
primer/ADJ,concierto/NOUN,benéfico/ADJ
numerosos/ADJ,errores/NOUN,arbitrales/ADJ
enfermos/NOUN,mentales/ADJ,crónicos/ADJ
virginal/ADJ,disidencia/NOUN,actual/ADJ
viejo/ADJ,acomodador/NOUN,ciego/ADJ
prolijo/ADJ,escalpelo/NOUN,informático/ADJ
lujosa/ADJ,revista/NOUN,californiana/ADJ
sistema/NOUN,judicial/ADJ,estadounidense/ADJ
rápida/ADJ,evolución/NOUN,tecnológica/ADJ
única/ADJ,prótesis/NOUN,electrónica/ADJ
mejores/ADJ,efectos/NOUN,especiales/ADJ
cómodo/ADJ,nido/NOUN,barcelonés/ADJ
contraste/NOUN,urbano/ADJ,occidental/ADJ
sexta/ADJ,legislatura/NOUN,parlamentaria/ADJ
suficiente/ADJ,fuerza/NOUN,parlamentaria/ADJ
mayores/ADJ,condiciones/NOUN,políticas/ADJ
mayores/ADJ,condiciones/NOUN,logísticas/ADJ
lógica/ADJ,discrepancia/NOUN,política/ADJ
buen/ADJ,precedente/NOUN,jurídico/ADJ
bandas/NOUN,urbanas/ADJ,organizadas/ADJ
actividad/NOUN,económica/ADJ,millonaria/ADJ
auténtica/ADJ,lacra/NOUN,social/ADJ
determinados/ADJ,equipos/NOUN,directivos/ADJ
autoridades/NOUN,deportivas/ADJ,italianas/ADJ
presunto/ADJ,autor/NOUN,material/ADJ
acciones/NOUN,violentas/ADJ,cometidas/ADJ
simples/ADJ,apuntes/NOUN,contables/ADJ
dotaciones/NOUN,económicas/ADJ,efectuadas/ADJ
elevado/ADJ,coste/NOUN,económico/ADJ
claro/ADJ,carácter/NOUN,retroactivo/ADJ
gran/ADJ,presión/NOUN,política/ADJ
primer/ADJ,ministro/NOUN,japonés/ADJ
primera/ADJ,aparición/NOUN,pública/ADJ
sabia/ADJ,operación/NOUN,comercial/ADJ
precoz/ADJ,retirada/NOUN,pública/ADJ
conocida/ADJ,marca/NOUN,alemana/ADJ
ex/ADJ,director/NOUN,general/ADJ
único/ADJ,banco/NOUN,grande/ADJ
especialidades/NOUN,médicas/ADJ,existentes/ADJ
mejores/ADJ,futuros/ADJ,especialistas/NOUN
temibles/ADJ,vientos/NOUN,blancos/ADJ
mínima/ADJ,ganadería/NOUN,extensiva/ADJ
principales/ADJ,conexiones/NOUN,troncales/ADJ
principal/ADJ,héroe/NOUN,cultural/ADJ
dispositivo/NOUN,costero/ADJ,defensivo/ADJ
gran/ADJ,centro/NOUN,comercial/ADJ
único/ADJ,líder/NOUN,negro/ADJ
único/ADJ,país/NOUN,africano/ADJ
actualidad/NOUN,gastronómica/ADJ,española/ADJ
servicio/NOUN,secreto/ADJ,israelí/ADJ
actriz/NOUN,porno/ADJ,estadounidense/ADJ
mejor/ADJ,general/ADJ,manager/NOUN
máquina/NOUN,automotriz/ADJ,distinta/ADJ
lenguaje/NOUN,popular/ADJ,venezolano/ADJ
intenso/ADJ,trabajo/NOUN,conjunto/ADJ
ángulo/NOUN,costal/ADJ,posterior/ADJ
membrana/NOUN,intercostal/ADJ,interna/ADJ
precaria/ADJ,situación/NOUN,republicana/ADJ
Interés/NOUN,Turístico/ADJ,Nacional/ADJ
arte/NOUN,sacro/ADJ,medieval/ADJ
estación/NOUN,meteorológica/ADJ,británica/ADJ
gran/ADJ,navegante/NOUN,italiano/ADJ
principales/ADJ,atracciones/NOUN,culturales/ADJ
complejos/ADJ,conceptos/NOUN,teológicos/ADJ
recorrido/NOUN,longitudinal/ADJ,sinuoso/ADJ
distintas/ADJ,advocaciones/NOUN,Marianas/ADJ
sello/NOUN,literario/ADJ,importante/ADJ
mayores/ADJ,éxitos/NOUN,deportivos/ADJ
buen/ADJ,pulpo/NOUN,Gallego/ADJ
subida/NOUN,interanual/ADJ,generalizada/ADJ
principal/ADJ,referente/NOUN,opositor/ADJ
único/ADJ,punto/NOUN,débil/ADJ
ciclista/NOUN,profesional/ADJ,español/ADJ
Comité/NOUN,Ejecutivo/ADJ,Nacional/ADJ
nuevas/ADJ,soluciones/NOUN,técnicas/ADJ
motor/NOUN,delantero/ADJ,transversal/ADJ
productos/NOUN,económicos/ADJ,necesarios/ADJ
cierta/ADJ,uniformidad/NOUN,jurídica/ADJ
antiguo/ADJ,foro/NOUN,romano/ADJ
gran/ADJ,importancia/NOUN,estratégica/ADJ
variante/NOUN,regional/ADJ,latinoamericana/ADJ
creciente/ADJ,inadaptación/NOUN,social/ADJ
mayor/ADJ,influencia/NOUN,socioeconómica/ADJ
genuinos/ADJ,sentimientos/NOUN,románticos/ADJ
unidades/NOUN,periféricas/ADJ,limítrofes/ADJ
libro/NOUN,histórico/ADJ,bíblico/ADJ
actriz/NOUN,pornográfica/ADJ,estadounidense/ADJ
Fuerza/NOUN,Aérea/ADJ,Estadounidense/ADJ
diferentes/ADJ,puntos/NOUN,fuertes/ADJ
nuevo/ADJ,balance/NOUN,oficial/ADJ
superficie/NOUN,antártica/ADJ,total/ADJ
magnífica/ADJ,piscina/NOUN,veraniega/ADJ
institución/NOUN,educativa/ADJ,española/ADJ
capuchón/NOUN,verde/ADJ,pálido/ADJ
gran/ADJ,esperanza/NOUN,africana/ADJ
costa/NOUN,adriática/ADJ,italiana/ADJ
propios/ADJ,motores/NOUN,eléctricos/ADJ
club/NOUN,musical/ADJ,nocturno/ADJ
Régimen/NOUN,Especial/ADJ,Agrario/ADJ
grafo/NOUN,bipartido/ADJ,ponderado/ADJ
monumento/NOUN,conmemorativo/ADJ,presidencial/ADJ
serie/NOUN,televisiva/ADJ,británica/ADJ
increíble/ADJ,talento/NOUN,vocal/ADJ
limitada/ADJ,práctica/NOUN,médica/ADJ
flota/NOUN,presidencial/ADJ,rusa/ADJ
Producto/NOUN,Interior/ADJ,Bruto/ADJ
consecuente/ADJ,desarrollo/NOUN,urbanístico/ADJ
mayoría/NOUN,absoluta/ADJ,parlamentaria/ADJ
mensajería/NOUN,instantánea/ADJ,flexible/ADJ
aplicación/NOUN,informática/ADJ,libre/ADJ
pasado/NOUN,histórico/ADJ,mexicano/ADJ
labor/NOUN,artístico/ADJ,encarnizado/ADJ
aviones/NOUN,comerciales/ADJ,anteriores/ADJ
diversos/ADJ,Consejos/NOUN,Comunales/ADJ
mismos/ADJ,preceptos/NOUN,condenatorios/ADJ
distintos/ADJ,grupos/NOUN,políticos/ADJ
comandos/NOUN,especiales/ADJ,estadounidenses/ADJ
integración/NOUN,internacional/ADJ,constante/ADJ
siguiente/ADJ,administración/NOUN,municipal/ADJ
vías/NOUN,jurídicas/ADJ,posibles/ADJ
Prefectura/NOUN,Naval/ADJ,Argentina/ADJ
único/ADJ,líder/NOUN,político/ADJ
mejor/ADJ,servicio/NOUN,profesional/ADJ
nuevas/ADJ,soluciones/NOUN,técnicas/ADJ
programa/NOUN,nuclear/ADJ,soviético/ADJ
joven/ADJ,piloto/NOUN,francés/ADJ
apoyo/NOUN,político/ADJ,principal/ADJ
gran/ADJ,desarrollo/NOUN,industrial/ADJ
exitoso/ADJ,ejecutivo/NOUN,financiero/ADJ
plena/ADJ,era/NOUN,estalinista/ADJ
Real/ADJ,Ejército/NOUN,Tailandés/ADJ
pelo/NOUN,negro/ADJ,lacio/ADJ
distintas/ADJ,ciudades/NOUN,españolas/ADJ
sector/NOUN,mayorista/ADJ,nacional/ADJ
Centros/NOUN,Educativos/ADJ,Solidarios/ADJ
exuberante/ADJ,decoración/NOUN,barroca/ADJ
principales/ADJ,atractivos/NOUN,turísticos/ADJ
nuevo/ADJ,reproductor/NOUN,musical/ADJ
concha/NOUN,marina/ADJ,agujereada/ADJ
esporádicas/ADJ,labores/NOUN,castrenses/ADJ
delito/NOUN,electoral/ADJ,alguno/ADJ
extrema/NOUN,izquierda/ADJ,terrorista/ADJ
mejor/ADJ,comida/NOUN,basura/ADJ
nueva/ADJ,actividad/NOUN,cultural/ADJ
tracto/NOUN,reproductivo/ADJ,femenino/ADJ
emblemático/ADJ,Hotel/NOUN,madrileño/ADJ
turcos/NOUN,sunnitas/ADJ,gaznavíes/ADJ
principal/ADJ,fuerza/NOUN,motriz/ADJ
época/NOUN,colonial/ADJ,inglesa/ADJ
intensa/ADJ,vida/NOUN,social/ADJ
familia/NOUN,católica/ADJ,devota/ADJ
pintor/NOUN,italiano/ADJ,renacentista/ADJ
pesadas/ADJ,baterías/NOUN,secundarias/ADJ
conocida/ADJ,frontera/NOUN,biogeográfica/ADJ
proyecto/NOUN,básico/ADJ,propio/ADJ
sólida/ADJ,carrera/NOUN,teatral/ADJ
intensa/ADJ,actividad/NOUN,agropecuaria/ADJ
mejores/ADJ,zonas/NOUN,productivas/ADJ
diverso/ADJ,material/NOUN,lítico/ADJ
ramas/NOUN,estilares/ADJ,cortas/ADJ
mejor/ADJ,temporada/NOUN,ofensiva/ADJ
distritos/NOUN,electorales/ADJ,municipales/ADJ
pequeño/ADJ,asentamiento/NOUN,rural/ADJ
nuevo/ADJ,material/NOUN,juntos/ADJ
actos/NOUN,interpretativos/ADJ,individuales/ADJ
mono/ADJ,plaza/NOUN,confiable/ADJ
gobernador/NOUN,civil/ADJ,republicano/ADJ
viejas/ADJ,instalaciones/NOUN,hidráulicas/ADJ
movimiento/NOUN,obrero/ADJ,argentino/ADJ
productos/NOUN,químicos/ADJ,peligrosos/ADJ
tenista/NOUN,profesional/ADJ,francés/ADJ
amplia/ADJ,vocación/NOUN,turística/ADJ
mayor/ADJ,consumo/NOUN,calórico/ADJ
altos/ADJ,dirigentes/NOUN,checos/ADJ
plantas/NOUN,herbáceas/ADJ,perennes/ADJ
árboles/NOUN,exóticos/ADJ,coníferas/ADJ
mayor/ADJ,festival/NOUN,callejero/ADJ
gran/ADJ,delta/NOUN,interior/ADJ
clara/ADJ,justificación/NOUN,técnica/ADJ
oscura/ADJ,postguerra/NOUN,española/ADJ
instituciones/NOUN,democráticas/ADJ,españolas/ADJ
numerosas/ADJ,empresas/NOUN,electricas/ADJ
nuevo/ADJ,rock/NOUN,vasco/ADJ
larga/ADJ,tradición/NOUN,intelectual/ADJ
estado/NOUN,metálico/ADJ,natural/ADJ
compañía/NOUN,aérea/ADJ,alemana/ADJ
rituales/NOUN,bárdicos/ADJ,modernos/ADJ
escándalo/NOUN,político/ADJ,chileno/ADJ
crecimiento/NOUN,económico/ADJ,real/ADJ
nueva/ADJ,ópera/NOUN,francesa/ADJ
milenarias/ADJ,tradiciones/NOUN,chinas/ADJ
mejores/ADJ,luchadores/NOUN,conocidos/ADJ
gran/ADJ,influencia/NOUN,taoísta/ADJ
religión/NOUN,tradicional/ADJ,china/ADJ
diferentes/ADJ,zonas/NOUN,bioclimáticas/ADJ
artesanía/NOUN,local/ADJ,tradicional/ADJ
galaxia/NOUN,espiral/ADJ,barrada/ADJ
pantalla/NOUN,táctil/ADJ,capacitiva/ADJ
principal/ADJ,característica/NOUN,distintiva/ADJ
mayor/ADJ,propiedad/NOUN,pública/ADJ
joven/ADJ,artista/NOUN,colombiano/ADJ
venta/NOUN,ambulante/ADJ,espontánea/ADJ
reconocido/ADJ,ingeniero/NOUN,informático/ADJ
asesoramiento/NOUN,jurídico/ADJ,integral/ADJ
alto/ADJ,crecimiento/NOUN,demográfico/ADJ
últimos/ADJ,arcos/NOUN,perpendiculares/ADJ
Club/NOUN,Alpino/ADJ,Austríaco/ADJ
Club/NOUN,Alpino/ADJ,Francés/ADJ
numerosas/ADJ,sociedades/NOUN,menores/ADJ
mejores/ADJ,efectos/NOUN,digitales/ADJ
infantería/NOUN,mercenaria/ADJ,griega/ADJ
obras/NOUN,sociales/ADJ,sindicales/ADJ
grandes/ADJ,proyectos/NOUN,urbanísticos/ADJ
pueblos/NOUN,invasores/ADJ,mediterráneos/ADJ
alta/ADJ,humedad/NOUN,relativa/ADJ
clima/NOUN,tropical/ADJ,lluvioso/ADJ
buen/ADJ,servicio/NOUN,técnico/ADJ
célebres/ADJ,records/NOUN,detestables/ADJ
programa/NOUN,televisivo/ADJ,sindicado/ADJ
efectos/NOUN,colaterales/ADJ,físicos/ADJ
costos/NOUN,monetarios/ADJ,directos/ADJ
robusta/ADJ,muralla/NOUN,defensiva/ADJ
buena/ADJ,posición/NOUN,económica/ADJ
servicios/NOUN,secretos/ADJ,franceses/ADJ
ecuaciones/NOUN,diferenciales/ADJ,ordinarias/ADJ
serias/ADJ,dificultades/NOUN,económicas/ADJ
resistencia/NOUN,activa/ADJ,grave/ADJ
centros/NOUN,docentes/ADJ,públicos/ADJ
baloncestista/NOUN,profesional/ADJ,estadounidense/ADJ
virgen/NOUN,románica/ADJ,sedente/ADJ
político/NOUN,socialista/ADJ,español/ADJ
cadena/NOUN,televisiva/ADJ,infantil/ADJ
actual/ADJ,Director/NOUN,General/ADJ
completo/ADJ,color/NOUN,amarillo/ADJ
música/NOUN,tradicional/ADJ,occidental/ADJ
mando/NOUN,operacional/ADJ,ruso/ADJ
Entidad/NOUN,local/ADJ,menor/ADJ
entidad/NOUN,municipal/ADJ,descentralizada/ADJ
cámara/NOUN,mortuoria/ADJ,única/ADJ
famosa/ADJ,traza/NOUN,italiana/ADJ
grupo/NOUN,musical/ADJ,estudiantil/ADJ
trámites/NOUN,legales/ADJ,necesarios/ADJ
numerosas/ADJ,sagas/NOUN,alfareras/ADJ
intensos/ADJ,bombardeos/NOUN,estadounidenses/ADJ
antigua/ADJ,civilización/NOUN,china/ADJ
importante/ADJ,infraestructura/NOUN,portuaria/ADJ
escuela/NOUN,barroca/ADJ,francesa/ADJ
escuela/NOUN,infantil/ADJ,bilingüe/ADJ
Obra/NOUN,Gráfica/ADJ,Original/ADJ
posibles/ADJ,formulas/NOUN,moleculares/ADJ
comisión/NOUN,militar/ADJ,revolucionaria/ADJ
nuevo/ADJ,técnico/NOUN,malaguista/ADJ
sistema/NOUN,operativo/ADJ,móvil/ADJ
rápida/ADJ,propagación/NOUN,geográfica/ADJ
conexión/NOUN,aérea/ADJ,bimestral/ADJ
buena/ADJ,regla/NOUN,moral/ADJ
orden/NOUN,cronológico/ADJ,interno/ADJ
medios/NOUN,estatales/ADJ,norcoreanos/ADJ
inmensas/ADJ,riquezas/NOUN,auríferas/ADJ
mártir/NOUN,criollo/ADJ,asunceno/ADJ
diversas/ADJ,luchas/NOUN,políticas/ADJ
mayores/ADJ,competiciones/NOUN,continentales/ADJ
obra/NOUN,maestra/ADJ,arquitectónica/ADJ
mismo/ADJ,pingüino/NOUN,asesino/ADJ
ministro/NOUN,presbiteriano/ADJ,estadounidense/ADJ
compañías/NOUN,ferroviarias/ADJ,privadas/ADJ
posible/ADJ,origen/NOUN,sefardí/ADJ
modernos/ADJ,Estados/NOUN,islámicos/ADJ
posición/NOUN,social/ADJ,inferior/ADJ
campeonato/NOUN,nacional/ADJ,ruso/ADJ
empresario/NOUN,hotelero/ADJ,estadounidense/ADJ
tortuga/NOUN,apestosa/ADJ,común/ADJ
principales/ADJ,tradiciones/NOUN,religiosas/ADJ
Pilotos/NOUN,Aviadores/ADJ,militares/ADJ
movimiento/NOUN,estudiantil/ADJ,secundario/ADJ
pequeña/ADJ,bola/NOUN,esférica/ADJ
federaciones/NOUN,deportivas/ADJ,nacionales/ADJ
creación/NOUN,digital/ADJ,artística/ADJ
imagen/NOUN,musical/ADJ,corporativa/ADJ
gran/ADJ,sello/NOUN,dicográfico/ADJ
aumentos/NOUN,impositivos/ADJ,adicionales/ADJ
actual/ADJ,ley/NOUN,electoral/ADJ
Educación/NOUN,básica/ADJ,regular/ADJ
Político/NOUN,nacionalista/ADJ,vasco/ADJ
título/NOUN,militar/ADJ,bizantino/ADJ
universos/NOUN,paralelos/ADJ,diferentes/ADJ
Orquesta/NOUN,Sinfónica/ADJ,Infantil/ADJ
única/ADJ,historia/NOUN,cómica/ADJ
título/NOUN,nobiliario/ADJ,español/ADJ
bajo/ADJ,rozamiento/NOUN,interno/ADJ
infinito/ADJ,poder/NOUN,computacional/ADJ
cultivos/NOUN,transgénicos/ADJ,inseguros/ADJ
cohetes/NOUN,antitanque/ADJ,moderno/ADJ
banda/NOUN,sonora/ADJ,oficial/ADJ
título/NOUN,nobiliario/ADJ,español/ADJ
Complejo/NOUN,Cultural/ADJ,Universitario/ADJ
reconocido/ADJ,académico/NOUN,húngaro/ADJ
gran/ADJ,retablo/NOUN,gótico/ADJ
antiguo/ADJ,coso/NOUN,taurino/ADJ
mejores/ADJ,películas/NOUN,antibelicistas/ADJ
relativo/ADJ,uso/NOUN,intensivo/ADJ
menor/ADJ,participación/NOUN,electoral/ADJ
últimas/ADJ,elecciones/NOUN,federales/ADJ
ámbito/NOUN,lingüístico/ADJ,valenciano/ADJ
distintas/ADJ,mediciones/NOUN,privadas/ADJ
línea/NOUN,aérea/ADJ,alemana/ADJ
próxima/ADJ,producción/NOUN,discográfica/ADJ
llamada/ADJ,Cuestión/NOUN,homérica/ADJ
intensa/ADJ,acción/NOUN,política/ADJ
magnífico/ADJ,grupo/NOUN,escultórico/ADJ
códigos/NOUN,postales/ADJ,nacionales/ADJ
hockey/NOUN,femenino/ADJ,mundial/ADJ
ridículo/ADJ,documental/NOUN,gráfico/ADJ
largo/ADJ,pedúnculo/NOUN,cuadrangular/ADJ
vuelos/NOUN,chárter/ADJ,internacionales/ADJ
mismo/ADJ,grupo/NOUN,parlamentario/ADJ
agencias/NOUN,federales/ADJ,estadounidenses/ADJ
grandes/ADJ,núcleos/NOUN,artísticos/ADJ
inescrupuloso/ADJ,fanatismo/NOUN,político/ADJ
periodista/NOUN,deportivo/ADJ,español/ADJ
buenas/ADJ,críticas/NOUN,moderadadas/ADJ
grupo/NOUN,hotelero/ADJ,independiente/ADJ
familia/NOUN,real/ADJ,británica/ADJ
exquisito/ADJ,tiro/NOUN,libre/ADJ
larga/ADJ,trayectoria/NOUN,empresarial/ADJ
numerosos/ADJ,álbumes/NOUN,recopilatorios/ADJ
Agrupación/NOUN,Vocal/ADJ,Latina/ADJ
alto/ADJ,potencial/NOUN,forestal/ADJ
grandes/ADJ,ciudades/NOUN,romanas/ADJ
miembro/NOUN,francmasón/ADJ,alguno/ADJ
Guerra/NOUN,Civil/ADJ,Española/ADJ
revolución/NOUN,social/ADJ,española/ADJ
nuevo/ADJ,Sumo/ADJ,Pontífice/NOUN
gran/ADJ,esfuerzo/NOUN,compartido/ADJ
cómodos/ADJ,sillones/NOUN,oficialistas/ADJ
futuros/ADJ,encuentros/NOUN,políticos/ADJ
pequeña/ADJ,zona/NOUN,protegida/ADJ
enorme/ADJ,importancia/NOUN,ecológica/ADJ
últimos/ADJ,bosques/NOUN,nativos/ADJ
largos/ADJ,ejercicios/NOUN,amorosos/ADJ
gran/ADJ,potencial/NOUN,comercial/ADJ
numerosas/ADJ,representaciones/NOUN,teatrales/ADJ
efectiva/ADJ,contraloría/NOUN,social/ADJ
nueva/ADJ,ruta/NOUN,directa/ADJ
últimos/ADJ,campeones/NOUN,olímpicos/ADJ
viejo/ADJ,oeste/NOUN,estadounidense/ADJ
Casa/NOUN,Real/ADJ,Española/ADJ
señal/NOUN,horaria/ADJ,oficial/ADJ
extremo/ADJ,mal/ADJ,tiempo/NOUN
alto/ADJ,riesgo/NOUN,social/ADJ
ciudad/NOUN,meridional/ADJ,rusa/ADJ
nuevos/ADJ,proyectos/NOUN,solistas/ADJ
último/ADJ,estado/NOUN,helenístico/ADJ
numerosas/ADJ,operaciones/NOUN,navales/ADJ
bolsas/NOUN,delanteras/ADJ,superiores/ADJ
agudo/ADJ,conflicto/NOUN,territorial/ADJ
principal/ADJ,potencia/NOUN,europea/ADJ
fuerza/NOUN,aérea/ADJ,francesa/ADJ
gran/ADJ,importancia/NOUN,histórica/ADJ
solemnes/ADJ,honras/NOUN,fúnebres/ADJ
nuevo/ADJ,desarrollo/NOUN,cultural/ADJ
convincentes/ADJ,argumentos/NOUN,racionales/ADJ
consecuente/ADJ,actividad/NOUN,investigadora/ADJ
nuevos/ADJ,talentos/NOUN,taiwaneses/ADJ
mayores/ADJ,cadenas/NOUN,televisivas/ADJ
múltiples/ADJ,organismos/NOUN,vulcanológicos/ADJ
avanzadas/ADJ,técnicas/NOUN,forenses/ADJ
fútbol/NOUN,americano/ADJ,universitario/ADJ
grandes/ADJ,cadenas/NOUN,españolas/ADJ
jefe/NOUN,militar/ADJ,riograndense/ADJ
diferentes/ADJ,agrupaciones/NOUN,camerísticas/ADJ
recinto/NOUN,penal/ADJ,chileno/ADJ
estatus/NOUN,legal/ADJ,claro/ADJ
televisiones/NOUN,autonómicas/ADJ,siguientes/ADJ
Elegantes/ADJ,arcos/NOUN,cuádruples/ADJ
título/NOUN,nobiliario/ADJ,español/ADJ
ejército/NOUN,expedicionario/ADJ,costarricense/ADJ
normas/NOUN,sanitarias/ADJ,vigentes/ADJ
familia/NOUN,palestina/ADJ,católica/ADJ
principales/ADJ,redes/NOUN,sociales/ADJ
extensa/ADJ,red/NOUN,europea/ADJ
construcción/NOUN,romana/ADJ,anterior/ADJ
característica/ADJ,planta/NOUN,octogonal/ADJ
belleza/NOUN,natural/ADJ,impresionante/ADJ
recursos/NOUN,económicos/ADJ,adecuados/ADJ
cantante/NOUN,folklórica/ADJ,argentina/ADJ
Diccionario/NOUN,enciclopédico/ADJ,popular/ADJ
espacio/NOUN,subterráneo/ADJ,pequeño/ADJ
grupo/NOUN,político/ADJ,chileno/ADJ
químico/NOUN,nuclear/ADJ,estadounidense/ADJ
Deliciosa/ADJ,comida/NOUN,marina/ADJ
correspondiente/ADJ,estación/NOUN,terminal/ADJ
reforma/NOUN,migratoria/ADJ,integral/ADJ
dosis/NOUN,nocturna/ADJ,pequeña/ADJ
color/NOUN,blanco/ADJ,uniforme/ADJ
mítica/ADJ,cocina/NOUN,casera/ADJ
incipiente/ADJ,estilo/NOUN,americano/ADJ
pequeño/ADJ,Gran/ADJ,campeón/NOUN
iglesia/NOUN,evangélica/ADJ,Alemana/ADJ
agua/NOUN,salobre/ADJ,perenne/ADJ
comedia/NOUN,musical/ADJ,infantil/ADJ
buchón/NOUN,quebrado/ADJ,murciano/ADJ
antiguo/ADJ,buchón/NOUN,marchenero/ADJ
gran/ADJ,aporte/NOUN,ecológico/ADJ
mayor/ADJ,beneficio/NOUN,económico/ADJ
Infraestructura/NOUN,Educativa/ADJ,Básica/ADJ
jardín/NOUN,japonés/ADJ,tradicional/ADJ
propias/ADJ,escenas/NOUN,peligrosas/ADJ
gran/ADJ,ejército/NOUN,británico/ADJ
arquitectos/NOUN,Mexicanos/ADJ,Modernos/ADJ
previo/ADJ,pago/NOUN,millonario/ADJ
prestigiosa/ADJ,banda/NOUN,estadounidense/ADJ
sistema/NOUN,parlamentario/ADJ,tradicional/ADJ
Guerra/NOUN,civil/ADJ,inca/ADJ
decisivo/ADJ,enfrentamiento/NOUN,militar/ADJ
excelente/ADJ,desayuno/NOUN,casero/ADJ
trayectoria/NOUN,académica/ADJ,profesional/ADJ
lenguas/NOUN,apache/ADJ,occidentales/ADJ
mayor/ADJ,crecimiento/NOUN,económico/ADJ
antiguos/ADJ,fueros/NOUN,medievales/ADJ
cierta/ADJ,jurisdicción/NOUN,concejil/ADJ
principales/ADJ,demandas/NOUN,vecinales/ADJ
nuevo/ADJ,edificio/NOUN,religioso/ADJ
diferentes/ADJ,aperturas/NOUN,terapéuticas/ADJ
cultivos/NOUN,comerciales/ADJ,hidropónicos/ADJ
campamento/NOUN,anual/ADJ,obligatorio/ADJ
próximas/ADJ,fiestas/NOUN,navideñas/ADJ
Gasto/NOUN,energético/ADJ,total/ADJ
actividad/NOUN,física/ADJ,diaria/ADJ
fuerte/ADJ,carga/NOUN,fiscal/ADJ
traza/NOUN,urbana/ADJ,modernista/ADJ
grandes/ADJ,edificios/NOUN,señeros/ADJ
primeros/ADJ,estudios/NOUN,musicales/ADJ
distintos/ADJ,instrumentos/NOUN,musicales/ADJ
revolución/NOUN,liberal/ADJ,ecuatoriana/ADJ
modelo/NOUN,educativo/ADJ,actual/ADJ
Servicio/NOUN,Médico/ADJ,Forense/ADJ
valiosísimo/ADJ,archivo/NOUN,histórico/ADJ
nueva/ADJ,ley/NOUN,municipal/ADJ
libro/NOUN,clásico/ADJ,espiritual/ADJ
actor/NOUN,cinematográfico/ADJ,británico/ADJ
notas/NOUN,altas/ADJ,difíciles/ADJ
principales/ADJ,actividades/NOUN,económicas/ADJ
largo/ADJ,mechón/NOUN,rubio/ADJ
Escuela/NOUN,Militar/ADJ,Especial/ADJ
últimas/ADJ,elecciones/NOUN,municipales/ADJ
idioma/NOUN,extranjero/ADJ,moderno/ADJ
gran/ADJ,entorno/NOUN,ofensivo/ADJ
esencial/ADJ,condición/NOUN,independiente/ADJ
típica/ADJ,gráfica/NOUN,recurrente/ADJ
mayor/ADJ,logro/NOUN,político/ADJ
vientos/NOUN,flojos/ADJ,variables/ADJ
diversas/ADJ,mejoras/NOUN,técnicas/ADJ
fuerza/NOUN,comunicacional/ADJ,emancipadora/ADJ
millonaria/ADJ,deuda/NOUN,externa/ADJ
único/ADJ,heredero/NOUN,masculino/ADJ
partido/NOUN,nacionalsocialista/ADJ,danés/ADJ
orden/NOUN,ceremonial/ADJ,rastafari/ADJ
destacada/ADJ,trayectoria/NOUN,internacional/ADJ
fluido/ADJ,estilo/NOUN,narrativo/ADJ
enfoque/NOUN,mundial/ADJ,Cristiano/ADJ
único/ADJ,equipo/NOUN,argentino/ADJ
importante/ADJ,labor/NOUN,intelectual/ADJ
redes/NOUN,internacionales/ADJ,mesoamericanas/ADJ
Fuerza/NOUN,Aérea/ADJ,Mexicana/ADJ
aviación/NOUN,militar/ADJ,mexicana/ADJ
métodos/NOUN,tradicionales/ADJ,asturianos/ADJ
cocina/NOUN,tradicional/ADJ,castellana/ADJ
diario/NOUN,deportivo/ADJ,romano/ADJ
mejor/ADJ,programa/NOUN,cultural/ADJ
mejor/ADJ,programa/NOUN,periodístico/ADJ
exhaustiva/ADJ,liturgia/NOUN,sanadora/ADJ
fuertes/ADJ,apoyos/NOUN,militares/ADJ
competición/NOUN,musical/ADJ,anual/ADJ
agua/NOUN,potable/ADJ,rural/ADJ
mejor/ADJ,escena/NOUN,festivalera/ADJ
diferentes/ADJ,ciudades/NOUN,francesas/ADJ
efectos/NOUN,ambientales/ADJ,negativos/ADJ
grandes/ADJ,plantaciones/NOUN,comerciales/ADJ
experiencia/NOUN,floral/ADJ,completa/ADJ
legislación/NOUN,vigente/ADJ,sindical/ADJ
nuevas/ADJ,instalaciones/NOUN,madrileñas/ADJ
decepcionante/ADJ,resultado/NOUN,electoral/ADJ
conjeturas/NOUN,centenarias/ADJ,tales/ADJ
dólares/NOUN,estadounidenses/ADJ,actuales/ADJ
principal/ADJ,centro/NOUN,educativo/ADJ
hermoso/ADJ,coliseo/NOUN,municipal/ADJ
energía/NOUN,solar/ADJ,térmica/ADJ
extraordinario/ADJ,triunfo/NOUN,popular/ADJ
isla/NOUN,deshabitada/ADJ,mayor/ADJ
Círculo/NOUN,Polar/ADJ,Ártico/ADJ
nuevo/ADJ,servicio/NOUN,electrónico/ADJ
moderna/ADJ,investigación/NOUN,occidental/ADJ
Junta/NOUN,Provisional/ADJ,Gubernativa/ADJ
monumentos/NOUN,increados/ADJ,eternos/ADJ
asesoramiento/NOUN,mineralógico/ADJ,exquisito/ADJ
mejor/ADJ,política/NOUN,fiscal/ADJ
diversos/ADJ,asuntos/NOUN,religiosos/ADJ
proyecto/NOUN,solidario/ADJ,ecológico/ADJ
conflicto/NOUN,armado/ADJ,interno/ADJ
industria/NOUN,automotriz/ADJ,brasileña/ADJ
grandes/ADJ,pintores/NOUN,argentinos/ADJ
mejores/ADJ,establecimientos/NOUN,hoteleros/ADJ
atractiva/ADJ,espía/NOUN,francesa/ADJ
pequeño/ADJ,obelisco/NOUN,escamado/ADJ
Comité/NOUN,Directivo/ADJ,Estatal/ADJ
orientación/NOUN,vertical/ADJ,normal/ADJ
capital/NOUN,financiero/ADJ,internacional/ADJ
mayor/ADJ,desastre/NOUN,ecológico/ADJ
industria/NOUN,petrolera/ADJ,mundial/ADJ
sionismo/NOUN,genocida/ADJ,israelí/ADJ
sanguinaria/ADJ,oligarquía/NOUN,santandereana/ADJ
crisis/NOUN,financiera/ADJ,mundial/ADJ
actual/ADJ,crisis/NOUN,financiera/ADJ
auténticos/ADJ,croissant/NOUN,franceses/ADJ
nuevo/ADJ,contrato/NOUN,discográfico/ADJ
bases/NOUN,militares/ADJ,soviéticas/ADJ
ecuación/NOUN,diferencial/ADJ,lineal/ADJ
tendencia/NOUN,alcista/ADJ,actual/ADJ
nueva/ADJ,ciudad/NOUN,soviética/ADJ
grandes/ADJ,músicos/NOUN,tales/ADJ
distintas/ADJ,propuestas/NOUN,musicales/ADJ
entidad/NOUN,política/ADJ,soberana/ADJ
extenso/ADJ,valle/NOUN,desértico/ADJ
ser/NOUN,humano/ADJ,completo/ADJ
principal/ADJ,núcleo/NOUN,urbano/ADJ
Hiperplasia/NOUN,Suprarenal/ADJ,Congénita/ADJ
gran/ADJ,organización/NOUN,benéfica/ADJ
primeros/ADJ,molinos/NOUN,manuales/ADJ
consecutiva/ADJ,crisis/NOUN,económica/ADJ
enfoque/NOUN,científico/ADJ,definido/ADJ
magnífica/ADJ,iglesia/NOUN,barbicana/ADJ
mayor/ADJ,migración/NOUN,humana/ADJ
nueva/ADJ,ciencia/NOUN,autónoma/ADJ
mala/ADJ,situación/NOUN,económica/ADJ
técnica/NOUN,esencial/ADJ,propia/ADJ
guitarrista/NOUN,flamenco/ADJ,español/ADJ
Derecho/NOUN,Humanitario/ADJ,Internacional/ADJ
fuerte/ADJ,presión/NOUN,pública/ADJ
ancestral/ADJ,helecho/NOUN,macaronésico/ADJ
futuras/ADJ,luchas/NOUN,fronterizas/ADJ
famosa/ADJ,canción/NOUN,mexicana/ADJ
deporte/NOUN,profesional/ADJ,estadounidense/ADJ
fuerza/NOUN,rumana/ADJ,inferior/ADJ
grandes/ADJ,grupos/NOUN,económicos/ADJ
principal/ADJ,ingreso/NOUN,económico/ADJ
Estado/NOUN,Mayor/ADJ,General/ADJ
complicado/ADJ,análisis/NOUN,estadístico/ADJ
principales/ADJ,partidos/NOUN,políticos/ADJ
gran/ADJ,centro/NOUN,ceremonial/ADJ
mismas/ADJ,alteraciones/NOUN,patológicas/ADJ
agencia/NOUN,espacial/ADJ,japonesa/ADJ
cierre/NOUN,vocálico/ADJ,postónico/ADJ
fuerzas/NOUN,armadas/ADJ,componentes/ADJ
joven/NOUN,prometedor/ADJ,ecuatoriano/ADJ
hermoso/ADJ,grupo/NOUN,escultórico/ADJ
máximo/ADJ,órgano/NOUN,internacional/ADJ
Grandes/ADJ,Vueltas/NOUN,consecutivas/ADJ
artista/NOUN,argentino/ADJ,contemporáneo/ADJ
virtual/ADJ,presidente/NOUN,electo/ADJ
Virtual/ADJ,presidente/NOUN,electo/ADJ
patio/NOUN,canario/ADJ,precioso/ADJ
licitación/NOUN,pública/ADJ,internacional/ADJ
tiros/NOUN,libres/ADJ,consecutivos/ADJ
lucha/NOUN,libre/ADJ,profesional/ADJ
nuevo/ADJ,jugador/NOUN,colchonero/ADJ
división/NOUN,administrativa/ADJ,francesa/ADJ
mejor/ADJ,manera/NOUN,posible/ADJ
activa/ADJ,industria/NOUN,militar/ADJ
Guerra/NOUN,Civil/ADJ,Española/ADJ
órdenes/NOUN,militares/ADJ,cristianas/ADJ
ortografía/NOUN,vasca/ADJ,actual/ADJ
clima/NOUN,frío/ADJ,extremo/ADJ
museo/NOUN,Histórico/ADJ,Municipal/ADJ
actual/ADJ,gobierno/NOUN,municipal/ADJ
próxima/ADJ,cita/NOUN,congresual/ADJ
histórico/ADJ,dirigente/NOUN,nacionalista/ADJ
institución/NOUN,parapolicial/ADJ,catalana/ADJ
magnifica/ADJ,chimenea/NOUN,volcánica/ADJ
Retablo/NOUN,mayor/ADJ,churrigueresco/ADJ
próximas/ADJ,elecciones/NOUN,municipales/ADJ
horizonte/NOUN,intelectual/ADJ,amplio/ADJ
famosos/ADJ,maestros/ADJ,canteros/NOUN
gran/ADJ,pantalla/NOUN,táctil/ADJ
Liga/NOUN,Nacional/ADJ,Democrática/ADJ
unidades/NOUN,funcionales/ADJ,paralelas/ADJ
grupos/NOUN,sociales/ADJ,excluidos/ADJ
mancha/NOUN,oval/ADJ,plateada/ADJ
buenos/ADJ,giros/NOUN,argumentales/ADJ
columnas/NOUN,salomónicas/ADJ,decoradas/ADJ
Grupos/NOUN,Operativos/ADJ,Especiales/ADJ
nuevos/ADJ,sistemas/NOUN,digitales/ADJ
Congreso/NOUN,Federal/ADJ,Centroamericano/ADJ
gran/ADJ,preocupación/NOUN,espacial/ADJ
influyentes/ADJ,iconos/NOUN,culturales/ADJ
Numerosos/ADJ,detenidos/NOUN,políticos/ADJ
última/ADJ,dictadura/NOUN,militar/ADJ
altos/ADJ,funcionarios/NOUN,iraníes/ADJ
himnos/NOUN,reales/ADJ,sumerios/ADJ
género/NOUN,literario/ADJ,sumerio/ADJ
profundos/ADJ,elementos/NOUN,estratégicos/ADJ
última/ADJ,experiencia/NOUN,interpretativa/ADJ
color/NOUN,pardo/ADJ,anaranjado/ADJ
bollo/NOUN,parecido/ADJ,tostado/ADJ
más/ADJ,objetivo/NOUN,posible/ADJ
máximo/ADJ,galardón/NOUN,provincial/ADJ
enorme/ADJ,esfuerzo/NOUN,logístico/ADJ
último/ADJ,gobierno/NOUN,militar/ADJ
posibles/ADJ,formulas/NOUN,moleculares/ADJ
brigada/NOUN,mixta/ADJ,independiente/ADJ
estado/NOUN,normando/ADJ,rival/ADJ
centros/NOUN,educativos/ADJ,públicos/ADJ
doble/ADJ,rampa/NOUN,elecoidal/ADJ
campo/NOUN,magnético/ADJ,externo/ADJ
gran/ADJ,poder/NOUN,político/ADJ
actividad/NOUN,económica/ADJ,tradicional/ADJ
principal/ADJ,centro/NOUN,urbano/ADJ
escaso/ADJ,poder/NOUN,calorífico/ADJ
sector/NOUN,energético/ADJ,andaluz/ADJ
antiguo/ADJ,bloque/NOUN,soviético/ADJ
régimen/NOUN,comunista/ADJ,soviético/ADJ
grave/ADJ,crisis/NOUN,económica/ADJ
profunda/ADJ,renovación/NOUN,espiritual/ADJ
expedición/NOUN,científica/ADJ,rusa/ADJ
mismo/ADJ,uso/NOUN,horario/ADJ
Guardas/NOUN,Rojas/ADJ,moderado/ADJ
distintas/ADJ,ramas/NOUN,denominadas/ADJ
demás/ADJ,sonidos/NOUN,orquestales/ADJ
Frailes/NOUN,Menores/ADJ,Capuchinos/ADJ
cubierta/NOUN,plana/ADJ,accesible/ADJ
total/ADJ,consumo/NOUN,eléctrico/ADJ
banda/NOUN,pionera/ADJ,Argentina/ADJ
mayor/ADJ,puerto/NOUN,mundial/ADJ
estudiada/ADJ,construcción/NOUN,modular/ADJ
diversos/ADJ,ejes/NOUN,viales/ADJ
correcto/ADJ,desarrollo/NOUN,embrionario/ADJ
famosas/ADJ,islas/NOUN,griegas/ADJ
Apoyo/NOUN,Logístico/ADJ,Internacional/ADJ
diferentes/ADJ,municipios/NOUN,tinerfeños/ADJ
antigua/ADJ,Ciudad/NOUN,Imperial/ADJ
sociedad/NOUN,deportiva/ADJ,soviética/ADJ
alto/ADJ,poder/NOUN,explosivo/ADJ
ángulo/NOUN,apical/ADJ,anterior/ADJ
última/ADJ,vena/NOUN,radial/ADJ
poesía/NOUN,oral/ADJ,tradicional/ADJ
bestia/NOUN,marina/ADJ,existente/ADJ
grandes/ADJ,equipamientos/NOUN,industriales/ADJ
alta/ADJ,calidad/NOUN,espermática/ADJ
baya/NOUN,globular/ADJ,negra/ADJ
nuevo/ADJ,producto/NOUN,turístico/ADJ
primer/ADJ,ministro/NOUN,italiano/ADJ
artes/NOUN,marciales/ADJ,mixtas/ADJ
práctica/NOUN,deportiva/ADJ,liviana/ADJ
nuevas/ADJ,armas/NOUN,atómicas/ADJ
grandes/ADJ,zonas/NOUN,industriales/ADJ
intensa/ADJ,actividad/NOUN,biológica/ADJ
actividad/NOUN,biológica/ADJ,ligera/ADJ
clase/NOUN,media/ADJ,alta/ADJ
núcleo/NOUN,olfatorio/ADJ,anterior/ADJ
grandes/ADJ,jardines/NOUN,interiores/ADJ
guardia/NOUN,imperial/ADJ,romana/ADJ
numerosas/ADJ,lenguas/NOUN,tonales/ADJ
distintas/ADJ,fases/NOUN,constructivas/ADJ
leve/ADJ,corriente/NOUN,eléctrica/ADJ
infantería/NOUN,ligera/ADJ,itálica/ADJ
codificación/NOUN,comercial/ADJ,chileno/ADJ
propios/ADJ,medios/NOUN,artísticos/ADJ
ligamento/NOUN,cruzado/ADJ,anterior/ADJ
manifestaciones/NOUN,culturales/ADJ,diversas/ADJ
futuros/ADJ,caballeros/NOUN,medievales/ADJ
macizos/NOUN,montañosos/ADJ,erosionados/ADJ
Super/ADJ,Liga/NOUN,China/ADJ
numerosas/ADJ,escuelas/NOUN,racionalistas/ADJ
único/ADJ,órgano/NOUN,legislativo/ADJ
garantías/NOUN,constitucionales/ADJ,suficientes/ADJ
levantamiento/NOUN,fascista/ADJ,golpista/ADJ
causa/NOUN,independentista/ADJ,ucrania/ADJ
conspiración/NOUN,terrorista/ADJ,cristiana/ADJ
esquina/NOUN,superior/ADJ,izquierda/ADJ
cierto/ADJ,sentido/NOUN,religioso/ADJ
sistema/NOUN,autoritario/ADJ,capitalista/ADJ
mundo/NOUN,ciclista/ADJ,profesional/ADJ
diversas/ADJ,creaciones/NOUN,artísticas/ADJ
nuevas/ADJ,líneas/NOUN,móviles/ADJ
única/ADJ,línea/NOUN,aérea/ADJ
buenas/ADJ,ofertas/NOUN,económicas/ADJ
ocasionales/ADJ,actitudes/NOUN,frígidas/ADJ
poderes/NOUN,públicos/ADJ,españoles/ADJ
principales/ADJ,municipios/NOUN,limítrofes/ADJ
lenguas/NOUN,nativas/ADJ,mexicanas/ADJ
franja/NOUN,horizontal/ADJ,blanca/ADJ
histórica/ADJ,revista/NOUN,satírica/ADJ
brutal/ADJ,tratamiento/NOUN,psiquiátrico/ADJ
actual/ADJ,masificación/NOUN,estudiantil/ADJ
instalaciones/NOUN,mínimas/ADJ,imprescindibles/ADJ
latente/ADJ,capacidad/NOUN,mutante/ADJ
principal/ADJ,sede/NOUN,agrícola/ADJ
llamativo/ADJ,impacto/NOUN,económico/ADJ
propio/ADJ,sello/NOUN,discográfico/ADJ
poderoso/ADJ,recitativo/NOUN,acompañado/ADJ
buen/ADJ,escriba/NOUN,profesional/ADJ
medios/NOUN,biológicos/ADJ,naturales/ADJ
tal/ADJ,medio/NOUN,artificial/ADJ
famosa/ADJ,cantante/NOUN,griega/ADJ
siguiente/ADJ,hermosa/ADJ,expresión/NOUN
aspecto/NOUN,narrativo/ADJ,idéntico/ADJ
daño/NOUN,estructural/ADJ,severo/ADJ
propias/ADJ,instituciones/NOUN,financieras/ADJ
estilo/NOUN,narrativo/ADJ,urbano/ADJ
chorlito/NOUN,dorado/ADJ,chico/ADJ
pequeños/ADJ,dispositivos/NOUN,electrónicos/ADJ
conocidos/ADJ,jóvenes/NOUN,delincuentes/ADJ
jóvenes/ADJ,jugadores/NOUN,americanos/ADJ
trayectoria/NOUN,profesional/ADJ,intachable/ADJ
profundos/ADJ,elementos/NOUN,estratégicos/ADJ
mayor/ADJ,puerto/NOUN,natural/ADJ
rústica/ADJ,belleza/NOUN,indígena/ADJ
diferentes/ADJ,Concursos/NOUN,Internacionales/ADJ
importante/ADJ,puerto/NOUN,pesquero/ADJ
nueva/ADJ,Policía/NOUN,Nacional/ADJ
servicio/NOUN,militar/ADJ,obligatorio/ADJ
servicio/NOUN,militar/ADJ,voluntario/ADJ
altos/ADJ,cargos/NOUN,imperiales/ADJ
medidas/NOUN,preventivas/ADJ,efectivas/ADJ
autoridades/NOUN,públicas/ADJ,hostiles/ADJ
cabo/NOUN,geográfico/ADJ,homónimo/ADJ
nueva/ADJ,jurisdicción/NOUN,federal/ADJ
meros/ADJ,actos/NOUN,casuales/ADJ
mismo/ADJ,grupo/NOUN,hotelero/ADJ
ingeniería/NOUN,eléctrica/ADJ,moderna/ADJ
rápido/ADJ,tajo/NOUN,horizontal/ADJ
expertos/NOUN,bancarios/ADJ,internacionales/ADJ
giros/NOUN,lingüísticos/ADJ,propios/ADJ
célebre/ADJ,escritor/NOUN,español/ADJ
suave/ADJ,color/NOUN,blanco/ADJ
militsia/NOUN,local/ADJ,georgiana/ADJ
mayor/ADJ,difusión/NOUN,posible/ADJ
vida/NOUN,intelectual/ADJ,internacional/ADJ
actual/ADJ,director/NOUN,técnico/ADJ
diferentes/ADJ,iniciativas/NOUN,singulares/ADJ
Entidad/NOUN,Local/ADJ,Menor/ADJ
equipo/NOUN,olímpico/ADJ,portugués/ADJ
construcciones/NOUN,urbanas/ADJ,antiguas/ADJ
Mejor/ADJ,película/NOUN,dramática/ADJ
único/ADJ,género/NOUN,oriundo/ADJ
principales/ADJ,partidos/NOUN,políticos/ADJ
funciones/NOUN,neurológicas/ADJ,normales/ADJ
nuevo/ADJ,elemento/NOUN,infinitesimal/ADJ
ciclo/NOUN,cultural/ADJ,independiente/ADJ
nuevos/ADJ,proyectos/NOUN,docentes/ADJ
oclusiva/NOUN,velar/ADJ,sonora/ADJ
actividad/NOUN,poblacional/ADJ,escasa/ADJ
pequeña/ADJ,fracción/NOUN,restante/ADJ
primera/ADJ,escuela/NOUN,pública/ADJ
colonos/NOUN,negros/ADJ,libres/ADJ
gran/ADJ,éxito/NOUN,personal/ADJ
empresa/NOUN,minera/ADJ,norteamericana/ADJ
poeta/NOUN,barroco/ADJ,alemán/ADJ
inscripciones/NOUN,rúnicas/ADJ,suecas/ADJ
órgano/NOUN,institucional/ADJ,propio/ADJ
tal/ADJ,esfuerzo/NOUN,aventurero/ADJ
mejor/ADJ,crítica/NOUN,musical/ADJ
cálida/ADJ,atmósfera/NOUN,clásica/ADJ
mejores/ADJ,materias/NOUN,primas/ADJ
principal/ADJ,ciudad/NOUN,industrial/ADJ
fuerte/ADJ,cordón/NOUN,policial/ADJ
roca/NOUN,sedimentaria/ADJ,detrítica/ADJ
cabinas/NOUN,telefónicas/ADJ,improvisadas/ADJ
principales/ADJ,personajes/NOUN,femeninos/ADJ
modernas/ADJ,licuadoras/NOUN,eléctricas/ADJ
espesas/ADJ,nieblas/NOUN,marítimas/ADJ
parámetros/NOUN,químicos/ADJ,sencillos/ADJ
medio/ADJ,hermano/NOUN,paterno/ADJ
manifestaciones/NOUN,culturales/ADJ,gratuitas/ADJ
centros/NOUN,vacacionales/ADJ,locales/ADJ
nuevas/ADJ,zonas/NOUN,arqueológicas/ADJ
diferentes/ADJ,niveles/NOUN,ontológicos/ADJ
pequeña/ADJ,localidad/NOUN,cercana/ADJ
último/ADJ,reino/NOUN,musulmán/ADJ
tradicional/ADJ,color/NOUN,violeta/ADJ
nuevo/ADJ,escenario/NOUN,mediático/ADJ
nueva/ADJ,peña/NOUN,bética/ADJ
pasta/NOUN,dental/ADJ,especifica/ADJ
evento/NOUN,deportivo/ADJ,profesional/ADJ
organización/NOUN,antifascista/ADJ,internacional/ADJ
vías/NOUN,terrestres/ADJ,federales/ADJ
misma/ADJ,planta/NOUN,mexicana/ADJ
episodios/NOUN,eruptivos/ADJ,históricos/ADJ
plena/ADJ,autonomía/NOUN,militar/ADJ
enclaves/NOUN,prerromanos/ADJ,oretanos/ADJ
rica/ADJ,historia/NOUN,deportiva/ADJ
agente/NOUN,físico/ADJ,discreto/ADJ
música/NOUN,folclórica/ADJ,americana/ADJ
actividades/NOUN,comerciales/ADJ,urbanas/ADJ
privilegiada/ADJ,situación/NOUN,hidrográfica/ADJ
ficción/NOUN,gay/ADJ,moderna/ADJ
selva/NOUN,tropical/ADJ,madura/ADJ
principales/ADJ,tradiciones/NOUN,religiosas/ADJ
franja/NOUN,costera/ADJ,atlántica/ADJ
difícil/ADJ,situación/NOUN,política/ADJ
pequeños/ADJ,pueblos/NOUN,pesqueros/ADJ
antiguos/ADJ,sistemas/NOUN,operativos/ADJ
numerosas/ADJ,protestas/NOUN,ciudadanas/ADJ
aves/NOUN,acuáticas/ADJ,migratorias/ADJ
diversos/ADJ,pisos/NOUN,climáticos/ADJ
diversas/ADJ,disciplinas/NOUN,artísticas/ADJ
color/NOUN,verde/ADJ,brillante/ADJ
tradiciones/NOUN,religiosas/ADJ,místicas/ADJ
servicio/NOUN,técnico/ADJ,oficial/ADJ
insigne/ADJ,trovador/NOUN,boliviano/ADJ
sociedad/NOUN,automovilística/ADJ,ucraniana/ADJ
obra/NOUN,surrealista/ADJ,temprana/ADJ
piel/NOUN,blanca/ADJ,carnosa/ADJ
gran/ADJ,descontento/NOUN,popular/ADJ
compañía/NOUN,petrolera/ADJ,argelina/ADJ
composición/NOUN,química/ADJ,molecular/ADJ
diferentes/ADJ,elementos/NOUN,simbólicos/ADJ
política/NOUN,exterior/ADJ,estadounidense/ADJ
singulares/ADJ,columnas/NOUN,toscanas/ADJ
nuevos/ADJ,perfiles/NOUN,profesionales/ADJ
arte/NOUN,rupestre/ADJ,paleolítico/ADJ
parque/NOUN,natural/ADJ,público/ADJ
bellísima/ADJ,talla/NOUN,policromada/ADJ
nuevos/ADJ,factores/NOUN,políticos/ADJ
zona/NOUN,monumental/ADJ,capitalina/ADJ
Jefe/NOUN,militar/ADJ,venezolano/ADJ
música/NOUN,popular/ADJ,chilena/ADJ
político/NOUN,indígena/ADJ,venezolano/ADJ
nuevo/ADJ,coso/NOUN,taurino/ADJ
áreas/NOUN,legales/ADJ,específicas/ADJ
líderes/NOUN,revolucionarios/ADJ,otomanos/ADJ
lenguaje/NOUN,pictórico/ADJ,propio/ADJ
área/NOUN,boscosa/ADJ,talada/ADJ
esfuerzo/NOUN,bélico/ADJ,alemán/ADJ
controversial/ADJ,médico/NOUN,argentino/ADJ
Viejo/ADJ,Oeste/NOUN,estadounidense/ADJ
principales/ADJ,países/NOUN,europeos/ADJ
estudios/NOUN,científicos/ADJ,geográficos/ADJ
primera/ADJ,Constitución/NOUN,estatal/ADJ
fuerte/ADJ,cresta/NOUN,sagital/ADJ
primitiva/ADJ,duna/NOUN,frontal/ADJ
convencional/ADJ,constituyente/NOUN,provincial/ADJ
célebre/ADJ,línea/NOUN,defensiva/ADJ
régimen/NOUN,comunista/ADJ,soviético/ADJ
comida/NOUN,típica/ADJ,veraniega/ADJ
fenómenos/NOUN,meteorológicos/ADJ,adversos/ADJ
sistema/NOUN,operativo/ADJ,propietario/ADJ
nueva/ADJ,temporada/NOUN,televisiva/ADJ
mercados/NOUN,bursátiles/ADJ,globales/ADJ
pertinente/ADJ,diseño/NOUN,urbanístico/ADJ
partidos/NOUN,Popular/ADJ,Democrático/ADJ
zona/NOUN,económica/ADJ,autónoma/ADJ
masa/NOUN,continentales/ADJ,meridionales/ADJ
empresa/NOUN,estadounidense/ADJ,fabricante/ADJ
temas/NOUN,musicales/ADJ,presentes/ADJ
primera/ADJ,gran/ADJ,caravana/NOUN
mejor/ADJ,sencillo/NOUN,británico/ADJ
semillas/NOUN,híbridas/ADJ,especiales/ADJ
conocido/ADJ,restaurante/NOUN,madrileño/ADJ
Corte/NOUN,Penal/ADJ,Internacional/ADJ
grandes/ADJ,artistas/NOUN,daneses/ADJ
importantes/ADJ,artistas/NOUN,chilenos/ADJ
respectivas/ADJ,Comunidades/NOUN,Autónomas/ADJ
modestísimo/ADJ,club/NOUN,italiano/ADJ
círculo/NOUN,regionalista/ADJ,andaluz/ADJ
verdadero/ADJ,avión/NOUN,presidencial/ADJ
lucha/NOUN,libre/ADJ,profesional/ADJ
Campeonato/NOUN,Mundial/ADJ,Junior/ADJ
pequeñas/ADJ,colonias/NOUN,finlandesas/ADJ
perfil/NOUN,político/ADJ,opuesto/ADJ
futbolista/NOUN,internacional/ADJ,español/ADJ
potencial/NOUN,nuevo/ADJ,aliado/ADJ
agresiva/ADJ,visión/NOUN,occidental/ADJ
veloz/ADJ,extremo/NOUN,derecho/ADJ
secciones/NOUN,radiofónicas/ADJ,propias/ADJ
propia/ADJ,cuenta/NOUN,bancaria/ADJ
Diócesis/NOUN,católica/ADJ,romana/ADJ
tradicional/ADJ,función/NOUN,navideña/ADJ
red/NOUN,ferroviaria/ADJ,argentina/ADJ
linajes/NOUN,griegos/ADJ,ancestrales/ADJ
Traumatismo/NOUN,craneoencefálico/ADJ,leve/ADJ
árbol/NOUN,monocotiledóneo/ADJ,endémico/ADJ
Mejor/ADJ,Álbum/NOUN,extranjero/ADJ
posiciones/NOUN,fortificadas/ADJ,romanas/ADJ
Derecho/NOUN,Internacional/ADJ,Público/ADJ
grandes/ADJ,empresas/NOUN,monopólicas/ADJ
personalidad/NOUN,histórica/ADJ,nacional/ADJ
viejo/ADJ,amigo/NOUN,comanche/ADJ
múltiples/ADJ,dominios/NOUN,catalíticos/ADJ
espacio/NOUN,aéreo/ADJ,europeo/ADJ
tierras/NOUN,vascas/ADJ,occidentales/ADJ
pequeña/ADJ,gran/ADJ,tienda/NOUN
gigantescas/ADJ,tortugas/NOUN,marinas/ADJ
futura/ADJ,integrante/NOUN,fundadora/ADJ
opinión/NOUN,pública/ADJ,estadounidense/ADJ
continua/ADJ,parálisis/NOUN,legislativa/ADJ
nuevas/ADJ,cargas/NOUN,económicas/ADJ
déficit/NOUN,presupuestario/ADJ,sustancial/ADJ
Marina/NOUN,Real/ADJ,Británica/ADJ
contundente/ADJ,drama/NOUN,social/ADJ
correos/NOUN,electrónicos/ADJ,maliciosos/ADJ
nuevo/ADJ,blanco/NOUN,fácil/ADJ
mayor/ADJ,desarrollo/NOUN,económico/ADJ
ciudades/NOUN,griegas/ADJ,costeras/ADJ
limitada/ADJ,protección/NOUN,francesa/ADJ
viento/NOUN,estacional/ADJ,dominante/ADJ
historia/NOUN,lingüística/ADJ,diferente/ADJ
religión/NOUN,tradicional/ADJ,africana/ADJ
avanzado/ADJ,ejército/NOUN,alemán/ADJ
opinión/NOUN,pública/ADJ,danesa/ADJ
Importantes/ADJ,ríos/NOUN,europeos/ADJ
Distintos/ADJ,inversores/NOUN,privados/ADJ
Numerosos/ADJ,pueblos/NOUN,indígenas/ADJ
poderosa/ADJ,tribu/NOUN,americana/ADJ
Parque/NOUN,Nacional/ADJ,Real/ADJ
antigua/ADJ,Mongolia/NOUN,Exterior/ADJ
primer/ADJ,reporte/NOUN,erudito/ADJ
últimos/ADJ,Juegos/NOUN,Olímpicos/ADJ
embajadores/NOUN,incompetentes/ADJ,chinos/ADJ
Año/NOUN,Nuevo/ADJ,chino/ADJ
Sacro/ADJ,Imperio/NOUN,Romano/ADJ
Estación/NOUN,Espacial/ADJ,Internacional/ADJ
gran/ADJ,ejército/NOUN,macedonio/ADJ
diveros/ADJ,grupos/NOUN,étnicos/ADJ
Primera/ADJ,Guerra/NOUN,Mundial/ADJ
profundo/ADJ,crecimiento/NOUN,económico/ADJ
rutas/NOUN,económicas/ADJ,lucrativas/ADJ
extensivos/ADJ,análisis/NOUN,estadísticos/ADJ
gran/ADJ,cuenta/NOUN,bancaria/ADJ
suficientes/ADJ,buenas/ADJ,tierras/NOUN
segunda/ADJ,guerra/NOUN,mesenia/ADJ
propios/ADJ,automóviles/NOUN,compactos/ADJ
Primera/ADJ,Guerra/NOUN,Mundial/ADJ
caballería/NOUN,pesada/ADJ,británica/ADJ
primer/ADJ,épico/ADJ,ataque/NOUN
altísima/ADJ,resolución/NOUN,angular/ADJ
nuevos/ADJ,distritos/NOUN,indígenas/ADJ
escena/NOUN,musical/ADJ,local/ADJ
tierras/NOUN,bajas/ADJ,mayas/ADJ
granjeros/NOUN,sudetes/ADJ,alemanes/ADJ
Extremo/ADJ,Oriente/NOUN,ruso/ADJ
servicio/NOUN,secreto/ADJ,ruso/ADJ
anticonceptivos/NOUN,hormonales/ADJ,masculinos/ADJ
mejor/ADJ,escenario/NOUN,posible/ADJ
anticoncepción/NOUN,hormonal/ADJ,masculina/ADJ
profundas/ADJ,creencias/NOUN,religiosas/ADJ
energía/NOUN,eólica/ADJ,marítima/ADJ
Patrimonio/NOUN,Natural/ADJ,Nacional/ADJ
primera/ADJ,mujer/NOUN,presidenta/ADJ
Consejo/NOUN,Digital/ADJ,francés/ADJ
familia/NOUN,católica/ADJ,antifascista/ADJ
cuarta/ADJ,compañía/NOUN,americana/ADJ
Segunda/ADJ,Guerra/NOUN,Mundial/ADJ
histórico/ADJ,edificio/NOUN,consistorial/ADJ
Primer/ADJ,Ministro/NOUN,turco/ADJ
Primera/ADJ,Guerra/NOUN,Mundial/ADJ
antiguos/ADJ,poderes/NOUN,coloniales/ADJ
primeros/ADJ,textos/NOUN,griegos/ADJ
propios/ADJ,sistemas/NOUN,políticos/ADJ
clase/NOUN,media/ADJ,china/ADJ
diferentes/ADJ,artefactos/NOUN,prehistóricos/ADJ
segunda/ADJ,región/NOUN,real/ADJ
numerosas/ADJ,capillas/NOUN,laterales/ADJ
presos/NOUN,políticos/ADJ,restantes/ADJ
