tystlåtne/ADJ,gamle/ADJ,mannen/NOUN
liten/ADJ,vit/ADJ,pappersflagga/NOUN
fetlagd/ADJ,ung/ADJ,kvinna/NOUN
rosaaktig/ADJ,smetig/ADJ,makeupkräm/NOUN
egen/ADJ,oförklarliga/ADJ,impuls/NOUN
Grand/ADJ,Central/ADJ,Station/NOUN
första/ADJ,intelligenta/ADJ,människa/NOUN
korta/ADJ,kraftfulla/ADJ,skägget/NOUN
flera/ADJ,olika/ADJ,sätt/NOUN
Sådana/ADJ,intelligenta/ADJ,synpunkter/NOUN
traditionella/ADJ,franska/ADJ,inställningar/NOUN
väldiga/ADJ,Gyllene/ADJ,porten/NOUN
ryska/ADJ,ortodoxa/ADJ,kyrkans/NOUN
många/ADJ,externa/ADJ,källor/NOUN
uppåtsipprande/ADJ,växtsaftsliknande/ADJ,sort/NOUN
oppositionella/ADJ,ryska/ADJ,författare/NOUN
litet/ADJ,kerubliknande/ADJ,barn/NOUN
styvstärkt/ADJ,vitt/ADJ,huckle/NOUN
oberörda/ADJ,gamla/ADJ,ögon/NOUN
orakad/ADJ,liten/ADJ,typ/NOUN
sista/ADJ,hyggliga/ADJ,teet/NOUN
mången/ADJ,god/ADJ,dag/NOUN
många/ADJ,XML-kompatibla/ADJ,program/NOUN
goda/ADJ,svenska/ADJ,skeppsskorpor/NOUN
neddammade/ADJ,plattfotade/ADJ,negrer/NOUN
blandade/ADJ,parlamentariska/ADJ,utskottet/NOUN
vissa/ADJ,aktuella/ADJ,versioner/NOUN
vissa/ADJ,unilaterala/ADJ,förslag/NOUN
lätt/ADJ,väsande/ADJ,ljud/NOUN
viss/ADJ,bestämd/ADJ,kombination/NOUN
manliga/ADJ,svarta/ADJ,tjänare/NOUN
små/ADJ,spröda/ADJ,tunnlar/NOUN
gammal/ADJ,svart/ADJ,labrador/NOUN
nya/ADJ,unga/ADJ,männen/NOUN
sorgsna/ADJ,svarta/ADJ,ögon/NOUN
lokala/ADJ,afrikanska/ADJ,kvinnorna/NOUN
valkig/ADJ,brun/ADJ,fot/NOUN
egendomliga/ADJ,grammatiska/ADJ,uppbyggnaden/NOUN
enda/ADJ,officiellt/ADJ,tillfälle/NOUN
stor/ADJ,grön/ADJ,damm/NOUN
lång/ADJ,grön/ADJ,klädnad/NOUN
klara/ADJ,bruna/ADJ,ögon/NOUN
intensiv/ADJ,orangeröd/ADJ,färg/NOUN
lysande/ADJ,orangefärgade/ADJ,klädnader/NOUN
tjocka/ADJ,grå/ADJ,råtta/NOUN
lokala/ADJ,katolska/ADJ,skolan/NOUN
kapslade/ADJ,egna/ADJ,grupper/NOUN
kapslade/ADJ,egna/ADJ,grupper/NOUN
inre/ADJ,lodrät/ADJ,linje/NOUN
närmaste/ADJ,parallella/ADJ,linjen/NOUN
närmaste/ADJ,parallella/ADJ,linjen/NOUN
ynklig/ADJ,liten/ADJ,markboll/NOUN
speciellt/ADJ,rött/ADJ,anteckningsblock/NOUN
Grand/ADJ,Central/ADJ,Station/NOUN
behändigt/ADJ,litet/ADJ,namnbyte/NOUN
varsin/ADJ,vit/ADJ,tallrik/NOUN
stor/ADJ,språklig/ADJ,begåvning/NOUN
vanlig/ADJ,enkel/ADJ,politik/NOUN
svallande/ADJ,svarta/ADJ,hår/NOUN
bubblande/ADJ,politiska/ADJ,illusioner/NOUN
andra/ADJ,neutrala/ADJ,nationer/NOUN
finaste/ADJ,israeliska/ADJ,författarna/NOUN
externa/ADJ,ekonomiska/ADJ,aspekten/NOUN
internationell/ADJ,rättslig/ADJ,gemenskap/NOUN
negativa/ADJ,psykologiska/ADJ,följder/NOUN
ung/ADJ,svart/ADJ,man/NOUN
egen/ADJ,etablerade/ADJ,ställning/NOUN
väldig/ADJ,romersk/ADJ,kejsar/NOUN
gammal/ADJ,begagnad/ADJ,rishög/NOUN
heroiskt/ADJ,glatt/ADJ,tonfall/NOUN
ny/ADJ,anpassad/ADJ,grupp/NOUN
viss/ADJ,anpassad/ADJ,grupp/NOUN
enda/ADJ,lediga/ADJ,stolen/NOUN
första/ADJ,egna/ADJ,gruppen/NOUN
sista/ADJ,egna/ADJ,grupp/NOUN
enstaka/ADJ,framstammade/ADJ,orden/NOUN
liten/ADJ,svart/ADJ,dräkt/NOUN
svart/ADJ,varm/ADJ,kappa/NOUN
första/ADJ,allvarliga/ADJ,känslostorm/NOUN
kapslade/ADJ,egna/ADJ,grupper/NOUN
minsta/ADJ,möjliga/ADJ,antal/NOUN
samma/ADJ,romantiska/ADJ,övertygelse/NOUN
liten/ADJ,italiensk/ADJ,flicka/NOUN
reaktionärt/ADJ,litet/ADJ,land/NOUN
värsta/ADJ,israeliska/ADJ,utslagen/NOUN
förskräcklig/ADJ,gammal/ADJ,gubbe/NOUN
intressanta/ADJ,lilla/ADJ,bok/NOUN
enda/ADJ,flåsande/ADJ,stockning/NOUN
amerikanska/ADJ,Sjätte/ADJ,flottan/NOUN
obefläckad/ADJ,ung/ADJ,själ/NOUN
enda/ADJ,uråldriga/ADJ,stad/NOUN
många/ADJ,andra/ADJ,familjer/NOUN
breda/ADJ,gamla/ADJ,floden/NOUN
mångbesjungna/ADJ,vandrande/ADJ,riddare/NOUN
hela/ADJ,väldiga/ADJ,växelspel/NOUN
hygglig/ADJ,ung/ADJ,civilist/NOUN
många/ADJ,andra/ADJ,berättare/NOUN
många/ADJ,vita/ADJ,fläckar/NOUN
dum/ADJ,liten/ADJ,fågel/NOUN
små/ADJ,gråvita/ADJ,fläckar/NOUN
liten/ADJ,sjögående/ADJ,ångare/NOUN
liten/ADJ,smalspårig/ADJ,godsfinka/NOUN
samma/ADJ,hotande/ADJ,tonfall/NOUN
vanliga/ADJ,blå/ADJ,färgen/NOUN
diverse/ADJ,tropiska/ADJ,åkommor/NOUN
jättestort/ADJ,runt/ADJ,bord/NOUN
övergödd/ADJ,ung/ADJ,kustneger/NOUN
löjliga/ADJ,långa/ADJ,stavar/NOUN
europeiska/ADJ,inre/ADJ,marknaden/NOUN
andra/ADJ,europeiska/ADJ,medborgare/NOUN
existerande/ADJ,positiva/ADJ,aktionerna/NOUN
årliga/ADJ,tekniska/ADJ,kontroller/NOUN
stora/ADJ,europeiska/ADJ,skivsuccéerna/NOUN
traditionella/ADJ,egna/ADJ,medlen/NOUN
ytterligare/ADJ,nödvändiga/ADJ,steg/NOUN
lilla/ADJ,skygga/ADJ,leende/NOUN
små/ADJ,lustiga/ADJ,tygleksaker/NOUN
gamla/ADJ,udda/ADJ,knappar/NOUN
betryggande/ADJ,personliga/ADJ,inkomster/NOUN
blanka/ADJ,flödiga/ADJ,färger/NOUN
bländande/ADJ,vita/ADJ,ruiner/NOUN
glänsande/ADJ,blått/ADJ,hav/NOUN
nya/ADJ,statliga/ADJ,institutionerna/NOUN
gamla/ADJ,ogifta/ADJ,systrar/NOUN
flera/ADJ,olika/ADJ,organ/NOUN
första/ADJ,afrikanska/ADJ,domaren/NOUN
gamla/ADJ,välkända/ADJ,metoderna/NOUN
små/ADJ,belåtna/ADJ,själar/NOUN
blänkande/ADJ,svart/ADJ,band/NOUN
ålderstigna/ADJ,engelska/ADJ,prinsessan/NOUN
andra/ADJ,officiella/ADJ,tillställningarna/NOUN
få/ADJ,afrikanska/ADJ,läkare/NOUN
nya/ADJ,internationella/ADJ,prägel/NOUN
Många/ADJ,andra/ADJ,gäster/NOUN
komplicerad/ADJ,afrikansk/ADJ,ekvilibristik/NOUN
andra/ADJ,personliga/ADJ,samband/NOUN
starka/ADJ,afrikanska/ADJ,händer/NOUN
glänsande/ADJ,släta/ADJ,ytorna/NOUN
egen/ADJ,fri/ADJ,vilja/NOUN
små/ADJ,rostade/ADJ,marshmallow-klunsar/NOUN
Nytt/ADJ,allmänt/ADJ,skratt/NOUN
visst/ADJ,bestämt/ADJ,sällskap/NOUN
rena/ADJ,vita/ADJ,skjortan/NOUN
små/ADJ,vassa/ADJ,ögon/NOUN
inre/ADJ,vågrät/ADJ,linje/NOUN
närmaste/ADJ,parallella/ADJ,linjen/NOUN
jättestor/ADJ,svart/ADJ,mustasch/NOUN
lysande/ADJ,gröna/ADJ,ögon/NOUN
närmaste/ADJ,parallella/ADJ,linjen/NOUN
närmaste/ADJ,parallella/ADJ,linjen/NOUN
närmaste/ADJ,parallella/ADJ,linjen/NOUN
närmaste/ADJ,parallella/ADJ,linjen/NOUN
närmaste/ADJ,parallella/ADJ,linjen/NOUN
enorma/ADJ,gröna/ADJ,ögon/NOUN
glänsande/ADJ,rena/ADJ,köket/NOUN
inre/ADJ,lodrät/ADJ,linje/NOUN
utstående/ADJ,gröna/ADJ,ögon/NOUN
inre/ADJ,vågrät/ADJ,linje/NOUN
gammal/ADJ,blågrön/ADJ,bil/NOUN
egen/ADJ,starka/ADJ,trolldomskraft/NOUN
svag/ADJ,rosafärgad/ADJ,glöd/NOUN
lysande/ADJ,röd/ADJ,solkant/NOUN
ena/ADJ,skuldmedvetna/ADJ,ansiktet/NOUN
liten/ADJ,rödhårig/ADJ,figur/NOUN
virvlande/ADJ,gröna/ADJ,flammorna/NOUN
öppen/ADJ,murad/ADJ,spis/NOUN
stort/ADJ,svart/ADJ,skåp/NOUN
jättestora/ADJ,svarta/ADJ,spindlar/NOUN
svettglänsande/ADJ,kala/ADJ,hjässa/NOUN
många/ADJ,spännande/ADJ,butiksfönstren/NOUN
bländande/ADJ,vita/ADJ,tänder/NOUN
stor/ADJ,svart/ADJ,kamera/NOUN
enerverande/ADJ,beslutsamma/ADJ,sättet/NOUN
kalla/ADJ,röda/ADJ,mun/NOUN
små/ADJ,vita/ADJ,prickar/NOUN
klart/ADJ,skinande/ADJ,ljus/NOUN
vissa/ADJ,speciella/ADJ,sammanträffanden/NOUN
flera/ADJ,olika/ADJ,askar/NOUN
högsta/ADJ,kvinnliga/ADJ,oktaverna/NOUN
vilda/ADJ,mörka/ADJ,män/NOUN
egen/ADJ,fri/ADJ,vilja/NOUN
rädd/ADJ,liten/ADJ,pojke/NOUN
enorma/ADJ,hellånga/ADJ,förklädet/NOUN
välgörande/ADJ,inre/ADJ,tomhet/NOUN
flera/ADJ,andra/ADJ,sätt/NOUN
ung/ADJ,leende/ADJ,flicka/NOUN
egen/ADJ,döde/ADJ,son/NOUN
egen/ADJ,fri/ADJ,vilja/NOUN
lång/ADJ,puertoricansk/ADJ,man/NOUN
långa/ADJ,bruna/ADJ,överrock/NOUN
sådan/ADJ,ingående/ADJ,undersökning/NOUN
anonyma/ADJ,mekaniska/ADJ,delar/NOUN
diverse/ADJ,annat/ADJ,vrakgods/NOUN
flera/ADJ,olika/ADJ,metoder/NOUN
flera/ADJ,långa/ADJ,korridorer/NOUN
nött/ADJ,gammal/ADJ,fåtölj/NOUN
enda/ADJ,korta/ADJ,ögonblick/NOUN
samma/ADJ,ironiska/ADJ,leende/NOUN
konstig/ADJ,gul/ADJ,ton/NOUN
utstående/ADJ,blå/ADJ,ögon/NOUN
godhjärtad/ADJ,ung/ADJ,man/NOUN
unga/ADJ,hedniska/ADJ,kvinnspersoner/NOUN
stora/ADJ,brittiska/ADJ,ögon/NOUN
nya/ADJ,reserverade/ADJ,ord/NOUN
massiva/ADJ,vita/ADJ,molnen/NOUN
andra/ADJ,amerikanska/ADJ,ambassadörer/NOUN
ny/ADJ,politisk/ADJ,sfär/NOUN
samlade/ADJ,sammanlagda/ADJ,prestationslöner/NOUN
vanligast/ADJ,förekommande/ADJ,tumören/NOUN
många/ADJ,sörjande/ADJ,facebookinlägg/NOUN
krigströtta/ADJ,allmänna/ADJ,opinionen/NOUN
flera/ADJ,ledande/ADJ,naturvårdare/NOUN
nya/ADJ,ekonomiska/ADJ,bördor/NOUN
vänlig/ADJ,opretentiös/ADJ,hjärtevärmare/NOUN
nya/ADJ,mjuka/ADJ,målet/NOUN
multietniska/ADJ,akamenidiska/ADJ,armén/NOUN
begränsat/ADJ,franskt/ADJ,beskydd/NOUN
årstidsbunden/ADJ,dominerande/ADJ,vind/NOUN
stora/ADJ,slaviska/ADJ,stammar/NOUN
globala/ADJ,plattektoniska/ADJ,krafter/NOUN
afrikansk/ADJ,traditionell/ADJ,religion/NOUN
Flera/ADJ,antika/ADJ,civilisationer/NOUN
framtågande/ADJ,tyska/ADJ,armén/NOUN
viktiga/ADJ,tunga/ADJ,artilleripjäser/NOUN
danska/ADJ,allmänna/ADJ,opinionen/NOUN
framträdande/ADJ,topografiska/ADJ,drag/NOUN
annan/ADJ,militär/ADJ,maskinvara/NOUN
Stora/ADJ,europeiska/ADJ,floder/NOUN
Olika/ADJ,privata/ADJ,intressen/NOUN
vanligt/ADJ,alternativt/ADJ,namn/NOUN
olika/ADJ,europeiska/ADJ,språk/NOUN
många/ADJ,statsanställda/ADJ,vetenskapsmän/NOUN
Royal/ADJ,National/ADJ,Park/NOUN
stort/ADJ,taktiskt/ADJ,misstag/NOUN
första/ADJ,vetenskapliga/ADJ,rapporten/NOUN
sista/ADJ,olympiska/ADJ,spelen/NOUN
flera/ADJ,aggressiva/ADJ,förhandlingar/NOUN
stora/ADJ,upprätta/ADJ,stenar/NOUN
Helig/ADJ,romersk/ADJ,kejsare/NOUN
makedoniska/ADJ,östra/ADJ,gränsen/NOUN
stor/ADJ,makedonisk/ADJ,armé/NOUN
djupgående/ADJ,ekonomisk/ADJ,tillväxt/NOUN
omfattande/ADJ,statistisk/ADJ,analys/NOUN
andra/ADJ,messeniska/ADJ,kriget/NOUN
egna/ADJ,storleksminskade/ADJ,bilar/NOUN
brittiska/ADJ,tunga/ADJ,kavalleriet/NOUN
första/ADJ,episka/ADJ,anfall/NOUN
nya/ADJ,inhemska/ADJ,kvarter/NOUN
vit/ADJ,manlig/ADJ,identitet/NOUN
första/ADJ,icke-vita/ADJ,prinsessa/NOUN
förhistorisk/ADJ,mesoamerikansk/ADJ,ikonografi/NOUN
andra/ADJ,tyska/ADJ,befattningshavare/NOUN
första/ADJ,sittande/ADJ,president/NOUN
kommande/ADJ,tredje/ADJ,studioalbum/NOUN
manliga/ADJ,hormonella/ADJ,preventivmedel/NOUN
manliga/ADJ,hormonella/ADJ,preventivmedel/NOUN
ökande/ADJ,federala/ADJ,utgifter/NOUN
första/ADJ,kvinnliga/ADJ,presidenten/NOUN
Franska/ADJ,digitala/ADJ,rådet/NOUN
antifacistisk/ADJ,katolsk/ADJ,familj/NOUN
fjärde/ADJ,amerikanska/ADJ,företaget/NOUN
många/ADJ,andra/ADJ,socialister/NOUN
första/ADJ,grekiska/ADJ,texterna/NOUN
egna/ADJ,politiska/ADJ,system/NOUN
stora/ADJ,nya/ADJ,utsläppare/NOUN
många/ADJ,förhistoriska/ADJ,artefakter/NOUN
ung/ADJ,korsikansk/ADJ,artilleriofficer/NOUN
nye/ADJ,brittiske/ADJ,premiärministern/NOUN
vissa/ADJ,stilistiska/ADJ,lösningar/NOUN
flera/ADJ,orogenetiska/ADJ,rörelser/NOUN
återstående/ADJ,politiska/ADJ,fångarna/NOUN
första/ADJ,kvinnliga/ADJ,statsråd/NOUN
mätbart/ADJ,likvärdiga/ADJ,prestationer/NOUN
nuvarande/ADJ,sociala/ADJ,tryck/NOUN
modern/ADJ,svensk/ADJ,folkhögskola/NOUN
annan/ADJ,urgammal/ADJ,konvention/NOUN
intimare/ADJ,mänskliga/ADJ,relationerna/NOUN
många/ADJ,radikala/ADJ,män/NOUN
främmande/ADJ,unga/ADJ,varelser/NOUN
gamla/ADJ,inflammerade/ADJ,debatten/NOUN
flesta/ADJ,manliga/ADJ,kamraternas/NOUN
egen/ADJ,inrutade/ADJ,tillvaro/NOUN
olika/ADJ,psykologiska/ADJ,test/NOUN
andra/ADJ,äldre/ADJ,barn/NOUN
vanlig/ADJ,mänsklig/ADJ,anständighet/NOUN
stort/ADJ,politiskt/ADJ,reformparti/NOUN
andra/ADJ,demokratiska/ADJ,länder/NOUN
egna/ADJ,personliga/ADJ,prestationer/NOUN
moderna/ADJ,lilla/ADJ,familjen/NOUN
gamla/ADJ,tydliga/ADJ,pappa-/NOUN
propra/ADJ,nya/ADJ,tätorter/NOUN
hårt/ADJ,yttre/ADJ,tryck/NOUN
likadana/ADJ,topputrustade/ADJ,enheter/NOUN
komplett/ADJ,privat/ADJ,ekonomiavdelning/NOUN
utökad/ADJ,gemensam/ADJ,service/NOUN
gedigen/ADJ,psykologisk-pedagogisk/ADJ,skolning/NOUN
gamla/ADJ,mångfacetterade/ADJ,familjen/NOUN
flesta/ADJ,andra/ADJ,länder/NOUN
annat/ADJ,verksamt/ADJ,medel/NOUN
starka/ADJ,negativa/ADJ,reaktion/NOUN
viss/ADJ,given/ADJ,tid/NOUN
ökad/ADJ,effektiv/ADJ,information/NOUN
stora/ADJ,materiella/ADJ,klyftor/NOUN
flera/ADJ,olika/ADJ,sätt/NOUN
utbredd/ADJ,svår/ADJ,fattigdom/NOUN
Många/ADJ,svåra/ADJ,sjukdomar/NOUN
viss/ADJ,angiven/ADJ,tid/NOUN
andra/ADJ,familjerättsliga/ADJ,frågor/NOUN
andra/ADJ,lämpliga/ADJ,leksaker/NOUN
första/ADJ,riktiga/ADJ,leendet/NOUN
första/ADJ,enstaka/ADJ,orden/NOUN
Många/ADJ,nyblivna/ADJ,föräldrar/NOUN
andra/ADJ,samhälleliga/ADJ,anordningar/NOUN
tvetydigt/ADJ,officiellt/ADJ,fikonspråk/NOUN
hela/ADJ,svenska/ADJ,ostkusten/NOUN
femte/ADJ,gravid/ADJ,kvinna/NOUN
besvärande/ADJ,psykiska/ADJ,störningar/NOUN
svårare/ADJ,psykiska/ADJ,besvär/NOUN
påtagliga/ADJ,psykiska/ADJ,besvär/NOUN
Högsta/ADJ,möjliga/ADJ,pensionspoäng/NOUN
vanliga/ADJ,höggradig/ADJ,åderförkalkning/NOUN
stor/ADJ,psykisk/ADJ,påfrestning/NOUN
vissa/ADJ,psykiska/ADJ,störningar/NOUN
vissa/ADJ,gemensamma/ADJ,symptom/NOUN
ny/ADJ,stor/ADJ,grupp/NOUN
svåra/ADJ,maniska/ADJ,tillstånd/NOUN
egendomliga/ADJ,psykiska/ADJ,tillstånd/NOUN
många/ADJ,lugnande/ADJ,medel/NOUN
starkt/ADJ,psykiskt/ADJ,beroende/NOUN
fortsatt/ADJ,stark/ADJ,inflyttning/NOUN
stora/ADJ,ekonomiska/ADJ,bidrag/NOUN
olika/ADJ,utbudsstimulerande/ADJ,åtgärder/NOUN
direkta/ADJ,svenska/ADJ,biståndet/NOUN
många/ADJ,nya/ADJ,arbetslokaler/NOUN
stora/ADJ,blå/ADJ,stapeln/NOUN
flera/ADJ,formella/ADJ,tillstånd/NOUN
färre/ADJ,lediga/ADJ,platser/NOUN
imponerande/ADJ,byråkratiskt/ADJ,maskineri/NOUN
bästa/ADJ,möjliga/ADJ,kompromiss/NOUN
många/ADJ,nya/ADJ,vindar/NOUN
viktiga/ADJ,politiska/ADJ,frågor/NOUN
olika/ADJ,politiska/ADJ,grupperingar/NOUN
åtföljande/ADJ,politisk/ADJ,makt/NOUN
vissa/ADJ,mindre/ADJ,frågor/NOUN
annan/ADJ,viktig/ADJ,fråga/NOUN
European/ADJ,Economic/ADJ,Community/NOUN
Europeiska/ADJ,förenade/ADJ,fackföreningsrörelsen/NOUN
offentliga/ADJ,öppna/ADJ,sjukvården/NOUN
Många/ADJ,medicinska/ADJ,organisationer/NOUN
sådant/ADJ,enormt/ADJ,reklaminslag/NOUN
olika/ADJ,kirurgiska/ADJ,ingrepp/NOUN
allmänna/ADJ,öppna/ADJ,vården/NOUN
angelägen/ADJ,humanitär/ADJ,uppgift/NOUN
första/ADJ,riktiga/ADJ,hålkorts-/NOUN
liten/ADJ,additionsflink/ADJ,kamrer/NOUN
vissa/ADJ,tekniska/ADJ,detaljer/NOUN
fortsatt/ADJ,socialistiskt/ADJ,styre/NOUN
svarta/ADJ,ogenomskinliga/ADJ,kassetter/NOUN
andra/ADJ,stora/ADJ,gruppen/NOUN
årlig/ADJ,svensk/ADJ,potatisskörd/NOUN
värdefull/ADJ,organisk/ADJ,substans/NOUN
arbetsanmälda/ADJ,utländska/ADJ,medborgare/NOUN
värsta/ADJ,sociala/ADJ,återverkningarna/NOUN
nya/ADJ,svenska/ADJ,hyreslagen/NOUN
små/ADJ,nedslitna/ADJ,rum/NOUN
slopade/ADJ,praktiska/ADJ,linjerna/NOUN
välkänd/ADJ,dansk/ADJ,författare/NOUN
inrapporterade/ADJ,sådana/ADJ,fall/NOUN
vittgående/ADJ,ekonomiskt/ADJ,samarbete/NOUN
traditionella/ADJ,svenska/ADJ,neutralitetspolitiken/NOUN
litet/ADJ,förhistoriskt/ADJ,svin/NOUN
många/ADJ,andra/ADJ,bilar/NOUN
vissa/ADJ,öppna/ADJ,vattenområden/NOUN
bredare/ADJ,trädkantade/ADJ,trottoarer/NOUN
världsberömd/ADJ,schweizisk/ADJ,forskare/NOUN
annat/ADJ,viktigt/ADJ,namn/NOUN
påstådda/ADJ,amerikanska/ADJ,härkomst/NOUN
avancerad/ADJ,akademisk/ADJ,nivå/NOUN
Många/ADJ,bra/ADJ,leksaker/NOUN
många/ADJ,intressanta/ADJ,resultat/NOUN
många/ADJ,intressanta/ADJ,synpunkter/NOUN
olika/ADJ,dagliga/ADJ,göromålen/NOUN
följande/ADJ,olika/ADJ,typer/NOUN
flera/ADJ,olika/ADJ,postnummer/NOUN
annan/ADJ,religiös/ADJ,organisation/NOUN
allmän/ADJ,känslomässig/ADJ,funktion/NOUN
annat/ADJ,lovande/ADJ,försök/NOUN
Vissa/ADJ,nyodlade/ADJ,jordar/NOUN
nya/ADJ,högavkastande/ADJ,sorter/NOUN
vissa/ADJ,tropiska/ADJ,länder/NOUN
snabbväxande/ADJ,planktonätande/ADJ,fiskarter/NOUN
gamla/ADJ,rika/ADJ,fångstplatserna/NOUN
Stora/ADJ,högmekaniserade/ADJ,fiskeflottor/NOUN
andra/ADJ,behövande/ADJ,folk/NOUN
nya/ADJ,stora/ADJ,fiskena/NOUN
Andra/ADJ,biotekniska/ADJ,metoder/NOUN
visst/ADJ,socialt/ADJ,system/NOUN
annat/ADJ,skriftligt/ADJ,bevis/NOUN
andra/ADJ,legaliserade/ADJ,samlevnadsformer/NOUN
Tidigare/ADJ,inskränkande/ADJ,regler/NOUN
ursprungliga/ADJ,protestantiska/ADJ,uppfattningen/NOUN
profan/ADJ,västerländsk/ADJ,äktenskapsuppfattning/NOUN
vanlig/ADJ,kristen/ADJ,uppfattning/NOUN
största/ADJ,möjliga/ADJ,lycka/NOUN
andra/ADJ,kristna/ADJ,svaret/NOUN
olika/ADJ,emotionella/ADJ,värden/NOUN
totala/ADJ,genomsnittliga/ADJ,verkningsgraden/NOUN
viktigaste/ADJ,konventionella/ADJ,energikällorna/NOUN
annan/ADJ,betydelsefull/ADJ,faktor/NOUN
visst/ADJ,förväntat/ADJ,beteende/NOUN
flera/ADJ,olika/ADJ,roller/NOUN
högre/ADJ,taxerad/ADJ,inkomst/NOUN
allmänna/ADJ,kulturella/ADJ,miljö/NOUN
många/ADJ,olika/ADJ,sammanhang/NOUN
obetydliga/ADJ,ekonomiska/ADJ,påfrestningar/NOUN
vissa/ADJ,långväga/ADJ,förbindelser/NOUN
viss/ADJ,garanterad/ADJ,minimistandard/NOUN
omfattande/ADJ,socialpolitiskt/ADJ,program/NOUN
olika/ADJ,politiska/ADJ,rörelser/NOUN
vissa/ADJ,långväga/ADJ,förbindelser/NOUN
intensifierad/ADJ,samhällsvetenskaplig/ADJ,forskning/NOUN
modernt/ADJ,socialpolitiskt/ADJ,program/NOUN
många/ADJ,olika/ADJ,sätt/NOUN
känd/ADJ,amerikansk/ADJ,familjesociolog/NOUN
stora/ADJ,vackra/ADJ,hem/NOUN
välbeställda/ADJ,kvalificerade/ADJ,yrkesmänniskor/NOUN
snabbast/ADJ,möjliga/ADJ,sätt/NOUN
eget/ADJ,blomstrande/ADJ,företag/NOUN
ständige/ADJ,lille/ADJ,hemförbättraren/NOUN
sådan/ADJ,temporär/ADJ,flockbildning/NOUN
andra/ADJ,ärftliga/ADJ,egenskaper/NOUN
stark/ADJ,morfologisk/ADJ,differentiering/NOUN
olika/ADJ,sociala/ADJ,utlösningsmekanismer/NOUN
tropiska/ADJ,plana/ADJ,sand-/NOUN
många/ADJ,olika/ADJ,typer/NOUN
naturvuxna/ADJ,medeltida/ADJ,stadens/NOUN
agrara/ADJ,svenska/ADJ,småstaden/NOUN
flera/ADJ,äkta/ADJ,män/NOUN
enda/ADJ,godtagbara/ADJ,familjeformen/NOUN
ordnat/ADJ,monogamt/ADJ,äktenskap/NOUN
nutida/ADJ,svensk/ADJ,debatt/NOUN
andra/ADJ,etiska/ADJ,regler/NOUN
annat/ADJ,mänskligt/ADJ,umgänge/NOUN
bästa/ADJ,tänkbara/ADJ,möjligheter/NOUN
enorma/ADJ,trista/ADJ,förorter/NOUN
små/ADJ,separata/ADJ,kuber/NOUN
främmande/ADJ,trötta/ADJ,kvällspappafåglar/NOUN
andra/ADJ,mänskliga/ADJ,relationer/NOUN
vissa/ADJ,fastställda/ADJ,former/NOUN
speciell/ADJ,liturgisk/ADJ,akt/NOUN
gällande/ADJ,svensk/ADJ,rättsordning/NOUN
speciellt/ADJ,kyrkligt/ADJ,själavårdsfall/NOUN
andra/ADJ,mänskliga/ADJ,aktiviteter/NOUN
yttre/ADJ,sådana/ADJ,faktorer/NOUN
stark/ADJ,social/ADJ,kontroll/NOUN
rigorös/ADJ,social/ADJ,kontroll/NOUN
förhärskande/ADJ,social/ADJ,kontroll/NOUN
oansvarig/ADJ,sexuell/ADJ,lössläppthet/NOUN
skiftande/ADJ,individuella/ADJ,betingelserna/NOUN
sådan/ADJ,nyanserad/ADJ,information/NOUN
förslutet/ADJ,neutralt/ADJ,kuvert/NOUN
yttre/ADJ,formella/ADJ,hinder/NOUN
tidigare/ADJ,borgerliga/ADJ,privilegiet/NOUN
befintliga/ADJ,sociala/ADJ,villkoren/NOUN
underförstådd/ADJ,negativ/ADJ,uppfattning/NOUN
egna/ADJ,privata/ADJ,kretsen/NOUN
organiskt/ADJ,socialt/ADJ,sammanhang/NOUN
kapitalistiskt/ADJ,industriella/ADJ,samhället/NOUN
andra/ADJ,sekundära/ADJ,grupprelationer/NOUN
omständlig/ADJ,historisk/ADJ,expose/NOUN
olika/ADJ,kristna/ADJ,konfessionerna/NOUN
klara/ADJ,sociala/ADJ,konsekvenser/NOUN
allmän/ADJ,samhällelig/ADJ,etik/NOUN
realistisk/ADJ,sexuell/ADJ,rådgivning/NOUN
reell/ADJ,livsåskådningsmässig/ADJ,motsättning/NOUN
bra/ADJ,manlig/ADJ,identifiering/NOUN
seriös/ADJ,modern/ADJ,forskare/NOUN
extra/ADJ,skattefri/ADJ,sparpremie/NOUN
Mer/ADJ,ekonomisk/ADJ,hjälp/NOUN
ökat/ADJ,pedagogiskt/ADJ,ansvar/NOUN
vissa/ADJ,pedagogiska/ADJ,frågor/NOUN
ogift/ADJ,blivande/ADJ,mor/NOUN
koncentrerade/ADJ,militära/ADJ,utbildning/NOUN
särskild/ADJ,kommunal/ADJ,bostadsförmedling/NOUN
annat/ADJ,kommunalt/ADJ,organ/NOUN
viss/ADJ,ekonomisk/ADJ,ram/NOUN
flesta/ADJ,andra/ADJ,områden/NOUN
nya/ADJ,statliga/ADJ,hyresnämnderna/NOUN
nya/ADJ,statliga/ADJ,hyresnämnderna/NOUN
vissa/ADJ,privata/ADJ,pensionsavtal/NOUN
kyliga/ADJ,svenska/ADJ,vattnen/NOUN
sådan/ADJ,heldragen/ADJ,linje/NOUN
Heldragna/ADJ,vita/ADJ,linjer/NOUN
streckad/ADJ,vit/ADJ,linje/NOUN
