count,awf,nwf
1,andere,dracheriter
1,andere,siite
1,anonymä,oschtschwizer
1,beschtimmtä,chemikaliä
1,bestehende,schtandort
1,bärner,sennähund
1,damalig,schloss-heer
1,ehmalige,trainer
1,erste,wältchrieg
1,flache,hang
1,gfasste,baguetteschliff-diamante
1,grade,gedanke
1,gross,erfolg
1,gueti,klass
1,guäts,gfüül
1,gwüsse,lohnklass
1,halbe,sätz
1,hartä,wuchä
1,huerä,schiss
1,humanitääre,ufgoobe
1,individuelle,schmuckstück
1,kapazitiivi,funktioonä
1,knappi,geografiilektion
2,letscht,wuchä
1,liächtä,ghirnerschütterig
1,neuän,Òrt
1,nächschte,ziischtig
1,nöii,marktsegmänt
1,richtige,mord
1,riesige,brunne
1,schwiizer,natsi-spiler
1,schwiizerische,departemänt
1,starchs,bier
1,wachsend,Äfolg
1,wideruferschtandäni,sankt
1,wärmscht,region
