count,awf,nwf
1,asul,kulay
1,bukod,tao
1,endangered,species
1,geothermal,power
2,hot,springs
1,hydroelectric,power
1,iba,anyong
1,iba,pasahero
1,iba,tao
1,iba,uri
1,isa,pagsabog
1,kakaiba,araw
1,kakaiba,mama
1,kakaiba,tao
1,kilala,bukal
1,kulot,buhok
1,luwang,pantalon
1,mahaba,lobo
1,maiinit,bato
2,mainit,tubig
1,makulay,bulaklak
1,makulay,kamiseta
1,malaki,bato
1,malalaki,anyong
1,marami,anyong
1,marami,isla
1,marami,kabutihan
1,ngayon,araw
1,opisyal,tagakolekta
1,pangunahin,pinagmumulan
1,payaso,pasahero
1,philippine,eagle
1,pinakamahaba,baybayin
2,pinakamahaba,ilog
1,pinakamaliit,anyong
1,pula,paborito
1,pula,sapatos
