count,awf,nwf
1,1-ம்,தேதி
1,1-ம்,தேதிய்
1,1-ம்,பேச்சுகள்
1,11வது,இடத்தைய்
1,11வது,பேச்சுவார்த்தை
1,11வது,முதல்வர்
1,12-ம்,தேதிக்க்
1,12-ம்,தேதியன்றே
1,125-ம்,ஆண்டு
1,125-ம்,விழா
1,12வது,இடத்தைய்
1,12வது,தலைவர்
1,14வது,இடத்தைய்
1,14வது,காரணம்
2,15-ம்,தேதி
1,1954-ம்,ஆண்டு
1,1977-ம்,ஆண்டு
1,1977-ம்,புலிகள்
1,1987-ம்,ஆண்டில்
1,1987-ம்,நிலையில்
1,1992-ம்,ஆண்டில்
2,1992-ம்,ஆண்டு
1,1992-ம்,நிலை
1,1996-ம்,ஆண்டில்
1,1996-ம்,சட்டத்துக்கு
1,2001-ம்,அரசியல்
1,2001-ம்,ஆண்ட்
1,2005-வது,சட்டத்தின்
1,2006-ம்,அமைப்பில்
1,2006-ம்,ஆண்டின்
1,2008-ம்,ஆண்டு
1,2009-2010ஆம்,ஆண்டிற்க்
1,2022-ம்,ஆண்டில்
1,2022-ம்,நீட்டிப்பு
2,21-ம்,தேதி
1,28-ம்,தேதி
1,50வது,விழாவுக்க்
1,59வது,இடத்தைய்
1,59வது,நிர்வாகிகள்
1,6-ம்,கட்சியின்
1,6-ம்,தேதி
1,66வது,இடத்தைய்
1,78வது,இடம்
1,9ம்,தேதி
1,அங்குள்ள,மக்களிடம்
1,அடங்கிய,ஜாக்கெட்டுகள்
1,அடங்கிய,பெஞ்ச்
1,அடுத்த,அலுவலகம்
2,அடுத்த,ஆண்டு
1,அடுத்த,நாட்கள்
1,அடுத்த,பட்டியலில்
3,அடுத்த,மாதம்
2,அடுத்த,வாரம்
1,அடுத்தடுத்த,ஆண்டில்
1,அடுத்தடுத்த,ஆண்டு
1,அண்டை,நாடுகள்
1,அதற்கடுத்த,ஆண்டு
1,அதற்கான,பணிகள்
1,அதற்குரிய,உத்திகளை
1,அதிகமான,தொகை
1,அனைத்து,அணுஉலைக்
1,அனைத்து,இடம்
1,அனைத்து,உதவிகளைய்
1,அனைத்து,ஏற்பாடுகள்
1,அனைத்து,நற்காரியங்கள்
1,அனைத்து,நாளிதழ்களில்
1,அனைத்து,மக்கள்
1,அனைத்து,மோசடிகள்
1,அனைத்துத்,ஒப்பந்தம்
1,அனைத்துத்,திட்டங்கள்
1,அனைத்துத்,துறைகளில்
1,அனைத்துத்,துறைகளைய்
1,அனைத்துத்,தொகுதிகளில்
1,அப்புறப்படுத்தும்,பணிகளை
1,அப்புறப்படுத்தும்,பணியில்
1,அமைக்கும்,திட்டத்துக்க்
1,அருள்மிகு,திருக்கோயிலில்
1,அல்லாத,அந்தஸ்தைப்
1,அல்லாத,உறுப்பினர்
1,அல்லாத,நாட்
1,அளவிலான,உயிரிழப்புகள்
1,அளிக்கும்,கணவன்
1,அளிக்கும்,சேவை
1,அளிக்கும்,நிறுவனங்கள்
1,அளிக்கும்,மீனவர்கள்
1,அளித்த,பூங்கொத்துகளை
1,அளித்த,பேட்டியில்
1,அளித்த,ராணுவம்
1,அழைக்கும்,முடிவை
1,அவமானப்படுத்தும்,விதத்தில்
1,ஆகிய,அமைச்சர்
1,ஆகிய,அமைப்புகளைய்
1,ஆகிய,அம்சங்களை
1,ஆகிய,இடங்களில்
1,ஆகிய,செயற்குழு
1,ஆகிய,செய்திக்குறிப்பு
1,ஆகிய,நகரங்களில்
2,ஆகிய,நாடுகள்
1,ஆகிய,நிலையங்களை
1,ஆகிய,பகுதிகளில்
1,ஆகிய,பிரிவுகளின்
1,ஆகிய,முயற்சி
1,ஆகிய,மொழிகளில்
1,ஆக்க,பணிகளில்
1,ஆஜரான,வழக்கறிஞர்
1,ஆம்,ஆண்டுக்க்
1,ஆளும்,அரசு
1,ஆளும்,உபகரணங்களை
1,ஆளும்,கட்சி
1,ஆளும்,கூட்டணிய்
1,ஆளும்,புள்ளியியல்
1,இதற்கான,உத்தரவை
1,இதற்கான,ஏற்பாடுகளை
1,இதற்கான,தேர்தல்
1,இதற்கான,வாரம்
1,இதுபோன்ற,காரியங்களில்
1,இன,ரீதிய்
1,இயல்பு,வாழ்க்கை
1,இரண்டாம்,வகுப்பு
1,இரண்டாவது,இடத்துக்கு
1,இரண்டாவது,செயலாளார்
1,இருக்கின்ற,நிதிய்
1,இருக்கிற,செவிலியர்கள்
1,இருக்கிற,மருத்துவமனையின்
2,இருக்கும்,அரசைக்
1,இருக்கும்,வீரர்களைய்
1,இருந்த,ஆதரவாளர்கள்
1,இருந்த,காலத்தில்
1,இருந்த,நிறுவனங்கள்
1,இருந்த,நிலையில்
1,இருந்த,பயிலரங்கில்
1,இருந்த,மீனவர்களை
1,இருந்த,மீனவர்கள்
1,இருந்த,வெடிகளை
1,ஈடுபடும்,சூதாட்டத்தில்
1,ஈடுபடும்,வாய்ப்பு
1,உண்டாக்கிய,அவமானம்
1,உதிரி,அரசை
1,உதிரி,பாகங்களை
1,உத்தரவிட்ட,நிலையில்
1,உயர்,அதிகாரிகள்
1,உயர்,பதவிகளில்
1,உரிய,ஆண்டுக்கு
3,உரிய,நடவடிக்கை
1,உருவெடுக்கும்,அச்சுறுத்தல்
1,உறுதியான,அரசியல்
1,உறுதியான,பகுதிகளில்
1,உள்பட,பேரை
1,உள்பட,பேர்
1,உள்ள,அமைப்பைச்
1,உள்ள,அறிக்கை
3,உள்ள,அறிக்கையில்
1,உள்ள,அவர்களில்
1,உள்ள,ஆலயத்தில்
1,உள்ள,ஆலயம்
1,உள்ள,இடங்களில்
1,உள்ள,உரிமைகளைப்
1,உள்ள,கட்சிக்கு
1,உள்ள,குழிகளை
1,உள்ள,குழுவினரைத்
1,உள்ள,கூடங்களைய்
1,உள்ள,கூட்டறிக்கையில்
1,உள்ள,சட்டத்தைய்
1,உள்ள,சட்டம்
1,உள்ள,சமூகம்
2,உள்ள,செய்திக்குறிப்பில்
1,உள்ள,தகவல்
1,உள்ள,தளத்தின்
1,உள்ள,தூதரகம்
1,உள்ள,தொகையை
1,உள்ள,நகரில்
1,உள்ள,நடவடிக்கைகள்
1,உள்ள,நடைமுறைகளை
1,உள்ள,நபர்களில்
1,உள்ள,நம்பிக்கை
1,உள்ள,நாடுகள்
1,உள்ள,நிலையத்துக்கு
1,உள்ள,பகுதிகளில்
1,உள்ள,பிரதிநிதிய்
1,உள்ள,பொறுப்பை
1,உள்ள,மசோதா
1,உள்ள,மசோதாவால்
1,உள்ள,மரத்தில்
1,உள்ள,மருத்துவமனையில்
1,உள்ள,மாவட்டத்தில்
1,உள்ள,முகாமை
1,உள்ள,வயதை
1,உள்ள,வாக்குகளில்
1,உள்ள,விதிமுறைகள்
1,உள்ள,விழாவில்
1,உள்ள,விவரங்கள்
1,உள்ள,வீரர்களை
1,உள்ளிட்ட,இருவர்
1,உள்ளிட்ட,குழுக்கள்
1,உள்ளிட்ட,நண்பர்கள்
1,உள்ளிட்ட,நாடுகளின்
1,உள்ளிட்ட,நாடுகளுக்க்
3,உள்ளிட்ட,நாடுகள்
1,உள்ளிட்ட,நூற்றுக்க்
1,உள்ளிட்ட,பணியாளர்கள்
1,உள்ளிட்ட,பலர்
1,உள்ளிட்ட,பேர்
1,உள்ளிட்ட,பொருள்கள்
1,உள்ளிட்ட,மாதம்
1,உள்ளிட்ட,மேற்பட்டோர்
1,உள்ளிட்ட,மொழிகளில்
1,உள்ளிட்ட,வாழ்ந்தவர்கள்
1,எஞ்சிய,நிபந்தனைகளைய்
1,எடுத்த,கருத்தில்
1,எடுத்த,முயற்சிகளுக்கு
1,எதிர்,விளைவுகள்
1,எந்தவிதத்,தாக்குதலையும்
1,எந்தவிதத்,நிதி
1,எனப்படும்,மோசடியுடன்
1,என்கிற,முடிவுக்கு
1,என்கிற,முறையில்
1,எல்லா,நலன்களைய்
1,எல்லா,முயற்சிகளை
1,எவ்வித,நடவடிக்கைய்
1,ஏராளமான,இளைஞர்கள்
1,ஏற்படுத்தப்பட்ட,அமைப்பின்
1,ஏற்படுத்தப்பட்ட,பேரவை
1,ஏற்படும்,நிகழ்வுகள்
1,ஏற்படும்,நிலையில்
1,ஏற்படும்,வகையில்
1,ஏற்பட்ட,நெருக்கடியைத்
1,ஏற்ற,தகுதிகள்
1,ஏற்ற,வகையில்
1,ஐக்கிய,ஆய்வில்
1,ஐக்கிய,சபை
1,ஐக்கிய,சபையின்
1,ஒதுக்குகின்ற,பணம்
1,ஒரு,அமெரிக்கர்
1,ஒரு,அரசியல்
1,ஒரு,ஆடவனின்
1,ஒரு,ஆண்
1,ஒரு,ஆண்டு
1,ஒரு,கடமை
1,ஒரு,கட்சி
1,ஒரு,காரணம்
1,ஒரு,குற்றவாளிக்கு
1,ஒரு,சட்டத்தைக்
1,ஒரு,தலைவர்
1,ஒரு,நாடு
1,ஒரு,நாள்
1,ஒரு,நிகழ்ச்சியில்
1,ஒரு,பிரிவினர்
1,ஒரு,மாதத்தில்
1,ஒரு,மாநிலத்தை
1,ஒரு,முஸ்லீம்
1,ஒரு,வழக்கில்
1,ஒரு,வாக்கு
1,ஒருமித்த,கருத்தை
1,ஒரே,நாடு
1,ஒரே,வீட்டில்
1,கடந்த,அதிபர்
1,கடந்த,அமைப்பில்
1,கடந்த,ஆண்டில்
3,கடந்த,ஆண்டு
2,கடந்த,ஆண்டுகள்
1,கடந்த,உத்தரவை
1,கடந்த,ஓராண்ட்
1,கடந்த,காரணத்தால்
1,கடந்த,சட்டப்பேரவைத்
1,கடந்த,சிலருடன்
1,கடந்த,செப்டம்பரில்
1,கடந்த,தொல்பொருள்
1,கடந்த,நிலை
1,கடந்த,மாதங்களுக்கு
1,கடந்த,மாதங்கள்
1,கடந்த,மாதத்தில்
3,கடந்த,வாரம்
1,கடுமையான,முறையில்
1,கடும்,எதிர்ப்பு
1,கடும்,துப்பாக்கிச்சண்டையில்
1,கடைசி,நாட்கள்
1,கட்டப்பட்ட,கட்டடங்களின்
1,கட்டும்,பணிகளில்
1,கண்டிக்கும்,வகையில்
1,கருதும்,நாட்டில்
1,கலந்த,நீரை
1,காக்கும்,கணிப்பொறியில்
1,காக்கும்,பணிகளில்
1,காணும்,வன்மம்
1,கிடக்கும்,குண்டுகள்
1,கிடக்கும்,வளர்ச்சியை
1,கிடந்த,வெடிகுண்டு
1,குறித்த,நாட்கள்
1,குறித்த,பரிமாற்றம்
1,குறித்த,பேச்சுவார்த்தை
1,குறிப்பிட்ட,சிலருக்கு
1,குறைந்த,எண்ணிக்கையில்
1,கூடிய,பாதகம்
1,கூடுதல்,அறைய்
1,கூடுதல்,கவனம்
1,கூட்டப்பட்ட,கூட்டத்தை
1,கூட்டுக்,குழு
1,கூறப்பட்ட,நிலையில்
1,கூறிய,நீதிபதிகள்
1,கொடுத்திடும்,வேண்டுகோள்
1,கொடூர,வன்மம்
1,கொண்ட,சேர்ந்தவர்கள்
1,கொண்ட,துணைவர்கள்
1,கொண்ட,மணிக்கு
1,கொண்டாடும்,மக்களுக்கு
1,கொண்டுவரும்,செயலாளர்
1,கொண்டுவரும்,விஷயத்தில்
1,கோரும்,தீர்மானம்
1,கோரும்,மனைவியர்
2,சதவீத,உயிரிழப்புகள்
1,சதவீத,மக்கள்
1,சந்தேகமான,நிலை
1,சமமான,வளர்ச்சியைய்
1,சம்பந்தப்பட்ட,அதிகாரிகள்
1,சரியில்லாத,ஆண்டுகள்
1,சரியில்லாத,காரணத்தால்
1,சரியில்லாத,தொல்பொருள்
1,சர்ச்சைக்குரிய,கருத்தைத்
1,சர்வதேச,அச்சுறுத்தல்
1,சர்வதேச,ஒப்பந்தம்
1,சர்வதேச,கிரிக்கெட்டில்
1,சர்வதேச,நாடுகள்
1,சர்வதேச,நிலையங்களை
1,சாகும்,வரை
1,சாதாரண,மக்களுக்கு
1,சாதாரண,வேலை
1,சாராத,இளைஞர்கள்
1,சார்பிலான,உடல்நிலை
1,சார்பிலான,தொழிற்சங்கத்த்
1,சிறந்த,அதிகாரிகள்
1,சிறந்த,நாடுகள்
1,சிறப்பான,வரவேற்பு
1,சிறப்பு,அதிரடிப்படையைச்
1,சிறப்பு,ஆணையர்
2,சிறப்பு,விருந்தினர்
1,சில,காலம்
1,சில,குழுக்கள்
1,சில,சங்கடங்கள்
1,சில,சிலருடன்
1,சில,சிலைகள்
2,சில,நிமிடங்களில்
1,சில,நிமிடங்களுக்க்
1,சில,மாதங்களுக்கு
1,சில,ரயில்களில்
1,சீர்திருத்த,விஷயத்தில்
1,சுமூக,தீர்வு
1,சூடிய,நாள்
1,சென்ற,குழுவினரை
1,சென்ற,சிலையை
1,செப்.15-ம்,தேதி
1,செயல்படும்,துறைகளைக்
1,செயல்படும்,மனைவிய்
1,செய்த,வர்ணனையாளர்
1,செய்த,வாகனம்
1,செய்யப்பட்ட,விவகாரம்
2,செய்யாத,குற்றத்துக்க்
1,செய்யும்,தலைமையில்
1,செய்யும்,நிறுவனங்கள்
1,செய்யும்,பெண்களைப்
1,செல்லும்,திட்டம்
1,செல்லும்,ரயில்களுக்க்
1,சேகரித்த,பாக்கெட்டுகளைய்
1,சேதமடைந்த,வீடுகளை
1,சேர்க்கும்,விதம்
1,சேர்ந்த,இருவர்
1,சேர்ந்த,உறுப்பினர்கள்
1,சேர்ந்த,கைதிகள்
1,சொந்த,இடங்களில்
1,சொந்த,ஊருக்குப்
1,சொந்த,ஊர்களுக்குச்
1,சொந்தப்,பணத்த்
1,தகுந்த,நாட்
1,தந்த,தங்கப்பதக்கத்துடன்
1,தனி,விமானம்
1,தனிச்,சட்டங்கள்
1,தயாரித்த,அதிபர்
1,தயாரித்த,அறிக்கையில்
1,தயாரித்த,தீர்மானத்தைய்
1,தலா,அட்டவணை
1,தலா,பேர்
1,திருடப்பட்ட,சிலைகள்
1,திருநாளாம்,சட்டத்தை
1,தீர்மானிக்கும்,மோசடியுடன்
1,தெரிவித்த,காவல்
1,தெரிவித்த,படிகளை
1,தெரிவித்த,மாளிகை
1,தேசிய,கட்டுப்பாட்டுக்
1,தேசிய,படையின்
1,தேடும்,பணியில்
1,தேடும்,வியாழக்கிழமை
1,தேர்ந்தெடுக்கப்பட்ட,நாடுகளின்
1,தொடங்கும்,நற்காரியங்கள்
1,தொடங்கும்,மக்கள்
1,தொடர்பான,ஆலோசனைகளைய்
1,தொடர்பான,பகுதியில்
1,தொடர்பான,வழக்கை
1,தொடர்பான,விசாரணை
1,தொடர்பான,விவரங்களை
1,தோற்கடிக்கப்பட்ட,தலைவர்கள்
1,தோற்கடிக்கப்பட்ட,விலங்கியல்
1,நடக்கும்,கொடுமைகள்
1,நடக்கும்,பேச்சுவார்த்தையைய்
1,நடத்தாத,காரணத்தால்
1,நடத்திய,ஆய்வில்
1,நடந்த,ஆட்சியர்
1,நடந்த,ஆர்ப்பாட்டத்தில்
1,நடந்த,போட்டியில்
1,நடந்த,போரில்
1,நடந்த,போருக்குப்
2,நடைபெறும்,தேர்தலில்
1,நடைபெறும்,நகருக்கு
1,நடைபெறும்,நிகழ்ச்சியில்
1,நடைபெறும்,பேச்சுவார்த்தையைய்
1,நடைபெறும்,மாநாடு
1,நடைபெறும்,மாநாட்டில்
1,நடைபெற்ற,அமளி
2,நடைபெற்ற,கூட்டத்தில்
1,நடைபெற்ற,சந்திப்பில்
1,நடைபெற்ற,தலைவர்
1,நடைபெற்ற,தொடரின்
1,நடைபெற்ற,நடவடிக்கையை
1,நடைபெற்ற,பணிகளுக்க்
1,நடைபெற்ற,பிரசாரத்தில்
1,நடைபெற்ற,மாநாட்டில்
2,நடைபெற்ற,வாக்கெடுப்பில்
1,நடைபெற்ற,விழாவில்
1,நடைபெற்ற,விவாதத்தில்
1,நல்ல,காரியத்துக்க்
1,நல்ல,பணிகளுக்கு
1,நல்ல,முறையில்
1,நல்லெண்ண,நடவடிக்கைய்
1,நவீன,மனசாட்சிக்கு
2,நிகழ்ந்த,துப்பாக்கிச்சண்டையில்
1,நிரந்தர,உறுப்பினர்
1,நிறைந்த,வக்கிரபுத்தியை
1,நிறைவேற்றப்பட்ட,புகார்
1,நிறைவேற்றப்பட்ட,மசோதா
1,நிறைவேற்றப்பட்ட,மசோதாவில்
1,நிலவும்,ஊராட்சித்
1,நிலவும்,சூழல்
1,நிலவும்,தடைகளை
1,படுகிற,நிலைய்
1,படுகிற,பணத்தை
1,படும்,தலைவர்கள்
1,படும்,நிலையில்
1,படும்,விபத்து
1,பட்ட,சின்னத்த்
1,பட்ட,செயலாளர்
1,பட்ட,வரவேற்புகளில்
1,பட்ட,வாழ்த்து
1,பணியாற்றுகிற,மருத்துவர்கள்
1,பயங்கர,வேகத்தில்
1,பயனடையும்,விஷயங்களில்
1,பயன்பெறும்,வகையில்
2,பறிக்கும்,வகையில்
1,பல,ஆண்டுகள்
1,பல,இடங்களில்
1,பலியாகும்,சம்பவங்கள்
1,பல்வேறு,இடம்
1,பல்வேறு,குழுக்கள்
1,பல்வேறு,கைது
1,பல்வேறு,சிறைகளில்
1,பல்வேறு,சீர்திருத்தங்கள்
1,பல்வேறு,செயலாளர்
1,பல்வேறு,திட்டங்களுக்க்
1,பல்வேறு,நாடுகளின்
1,பல்வேறு,நாளிதழ்களில்
1,பல்வேறு,பிரச்னையைத்
1,பல்வேறு,மோசடிகள்
1,பல்வேறு,வளர்ச்சித்
1,பழமைவாய்ந்த,ஆலயத்தில்
1,பாடுபடும்,கட்சி
1,பாதுகாக்கும்,சட்டத்தின்
1,பாதுகாத்த,மக்களை
1,பிடிக்கும்,மீனவர்கள்
1,பிடிக்கும்,ஹிந்து
1,பிடித்த,நாடுகள்
1,பிற,பரவல்
1,பிற,வளர்ச்சிக்கு
1,பிறந்த,நாளை
3,புதிய,அணை
1,புதிய,அத்தியாயத்தை
1,புதிய,சட்டத்தின்
1,புதிய,சட்டம்
1,புதிய,செயலாளர்
1,புதிய,தலைமைச்
1,புதிய,திட்டங்கள்
1,புதிய,பரிமாணம்
1,புதிய,பிரிவு
1,புதிய,பெருமை
1,புதிய,முறைகள்
1,புரட்சிகர,முன்னணி
1,புறப்பட்ட,நிமிடங்களுக்க்
1,பெரிய,தொகை
1,பெரு,முயற்சியால்
1,பெரும்,அச்சுறுத்தல்
1,பெரும்,அதிர்ச்சியைய்
1,பெரும்,தாக்கத்தை
1,பெரும்,விரிசலை
1,பெரும்,விரிசல்
1,பெரும்பான்மையான,இடங்களில்
1,பெறும்,அரசை
1,பெறும்,பாகங்களை
1,பெற்ற,பதக்கங்களின்
1,பெற்ற,முரளிதரன்
1,பெற்ற,வரைவு
1,பேசும்,வகையில்
2,பொது,வேலைநிறுத்தத்துக்கு
1,பொது,வேலைநிறுத்தத்தைய்
1,பொதுப்,பணிகளுக்கு
1,போகும்,சாமிக்கும்
1,போராட்ட,அறிவிப்பை
1,மடிகின்ற,சூழ்நிலை
1,மத,அரசியலை
1,மதிப்பளிக்கும்,விதம்
1,மத்திய,அனுமதி
1,மத்திய,அமைச்சகம்
1,மத்திய,அமைச்சரவைக்
1,மத்திய,அமைச்சரின்
3,மத்திய,அமைச்சர்
1,மத்திய,அரசினுடைய
3,மத்திய,அரசின்
5,மத்திய,அரசு
1,மத்திய,குற்றம்
1,மத்திய,கூட்டத்தில்
1,மத்திய,கைது
1,மத்திய,திட்டங்களுக்க்
2,மத்திய,திட்டங்கள்
1,மத்திய,துறைகளைய்
1,மத்திய,நிலையங்களை
1,மத்திய,பிரச்னையைத்
1,மத்திய,பிரிவுக்கு
1,மத்திய,போலீஸார்
1,மத்திய,விதம்
1,மத்தியக்,குழு
1,மறு,குடியமர்வு
1,மறு,குடியமர்வுக்க்
1,மறு,சீரமைப்பு
1,மற்ற,காலங்கள்
1,மற்ற,மருத்துவத்துறை
1,மாசுபடுத்திய,தொழிற்சாலைகள்
1,மாற்று,யோசனைகளைய்
1,மாற்றுகின்ற,வகையில்
1,மாற்றுக்,ஆண்டு
1,மிகப்பெரிய,களங்கத்தை
1,மிகுந்த,எதிர்பார்ப்பை
1,மிகுந்த,தீவிரம்
1,மிகுந்த,நம்பிக்கை
1,முக்கிய,இடத்தைப்
1,முக்கிய,நகரங்களில்
1,முக்கிய,பணிகளை
1,முக்கிய,பொறுப்புகளில்
1,முக்கியமான,ஒப்பந்தம்
1,முக்கியமான,பதவிகளில்
1,முக்கியமான,மேலாளர்
1,முதன்,முதலில்
1,முதல்,உடல்நிலை
1,முதல்,குரல்
1,முதல்,தொல்பொருள்
1,முதல்,தொழிற்சங்கத்த்
1,முதல்,தொழிலாளர்கள்
1,முதல்,நாட்கள்
1,முதல்,பட்டியலில்
1,முதல்,மனைவி
1,முதல்,வாரத்தில்
1,முதல்,வீரர்
1,முந்தைய,முதல்நாள்
1,முன்னாள்,அதிபர்
2,முன்னாள்,அமைச்சர்
1,முன்னாள்,அமைப்பு
1,முன்னாள்,அரசியல்
1,முன்னாள்,ஆணையர்
1,முன்னாள்,இடத்தைய்
1,முன்னாள்,கட்சி
1,முன்னாள்,தளபதி
1,முன்னாள்,பேச்சுவார்த்தை
1,முன்னாள்,பேட்ஸ்மேன்
2,முன்னாள்,முதல்வர்
1,முன்னாள்,முஸ்லீம்
1,முன்னாள்,வெளியுறவுத்துறை
1,முன்வந்த,நிதியை
1,முன்வந்த,மின்
1,முழு,விவரம்
1,முழுப்பக்க,அளவில்
1,முழுப்பக்க,புகார்
1,மூத்த,இடத்தைய்
3,மூத்த,தலைவர்
1,மூன்றாவது,இடத்தில்
1,மேற்கண்ட,தகவலை
1,மேற்கொள்ளப்பட்ட,ஒப்பந்தம்
1,மேற்கொள்ளப்பட்ட,மேலாளர்
1,மேற்பட்ட,கடிதங்கள்
1,மேற்பட்ட,பொதுமக்கள்
1,மேற்பட்ட,மக்கள்
1,மேற்பட்ட,வாக்காளர்களில்
1,மொத்தம்,கைதிகளை
1,மொத்தம்,பேர்
1,வகுப்புவாத,அரசியலுக்கு
1,வசிக்கும்,சேர்ந்தவர்கள்
2,வசிக்கும்,மக்கள்
1,வந்த,குற்றச்சாட்டில்
1,வந்த,சீக்கியர்
1,வந்த,ஜாக்கெட்டுகள்
1,வந்த,தலைவர்கள்
1,வந்த,தொழிற்சாலைகள்
1,வந்த,ரயில்
1,வந்த,விவாதத்தில்
1,வன்முறைச்,சம்பவங்கள்
1,வருகிற,நிலையில்
1,வரும்,ஆண்டுகளில்
1,வரும்,ஒப்பந்தத்தை
1,வரும்,தலைவர்களின்
3,வரும்,தேதி
1,வரும்,நேயத்தோடு
1,வரும்,பதவி
1,வரும்,பேச்சுகள்
1,வரும்,மோசடி
1,வரும்,வளர்ச்சியைக்
1,வரும்,வழியில்
1,வரும்,வீடுகள்
1,வளரும்,நாடுகள்
1,வழக்காடிய,செலாவணி
1,வாக்களித்த,பின்னர்
1,வாழும்,மக்களுக்கு
1,வாழ்ந்த,வீட்டை
1,விசாரிக்கும்,அமைச்சர்
1,விதமான,சிகிச்சைய்
1,விதமான,துணைவேந்தர்
1,விபரீத,விளைவுகள்
1,விரிவாக்க,தொடரின்
1,விரிவாக்க,நடவடிக்கையை
1,விரும்பும்,அரசின்
1,விரோத,நடவடிக்கைகளைக்
1,வீசிய,ராக்கெட்
1,வீழ்த்திய,வீரர்
1,வெடிக்காத,வெடிகள்
1,வென்ற,பதக்கங்களின்
1,வெளி,மாநிலங்களுக்கு
1,வெளிப்படுத்தும்,வகையில்
1,வெளியான,கணிப்பு
1,வெளியிட்ட,அறிக்கை
1,வெளியிட்ட,துறை
1,வெளியேற்றப்படும்,நீரை
1,வெளிவரும்,பத்திரிகை
1,வெள்ளை,ஆர்ப்பாட்டம்
1,வெள்ளை,காவல்
1,வெள்ளை,படிகளை
3,வெள்ளை,மாளிகை
1,வேண்டிய,நடவடிக்கைகள்
1,வேண்டுமென்ற,காரணத்துக்க்
