count,awf,nwf
1,ఆలాటి,పని
1,ఇటువంటి,గొడవ
1,ఇరవయో,యేట
1,ఎక్కువ,డబ్బు
1,ఎడమ,చేతితో
1,ఎనిమిదో,నెల
1,ఎనిమిదో,రోజున
1,ఒకే,కొడుకు
1,ఒకే,బళ్ళో
1,కొత్త,ఇల్లు
1,కొత్త,బట్టలు
1,కోట్లకొలది,రూపాయిలు
1,గంపెడు,సంసారం
1,గడుసు,మనిషి
1,గొప్ప,గాయకుడు
1,గొప్ప,భక్తుడు
1,గొప్ప,వక్త
1,చిన్న,ఇంట్లో
1,చిన్న,ఇల్లు
1,చెరి,రూపాయి
1,చేరెడు,బియ్యం
2,తక్కువ,పని
1,తలా,రూపాయిలు
1,తొమ్మిదిగంటల,బండికి
1,నలుగురం,అన్నాదమ్ములం
1,నాలుగో,రోజున
1,పక్క,ఇంటివాళ్ళు
1,పక్క,తెలివి
1,పదహారో,ఏటనే
1,పిచ్చి,పిల్లా
1,పెద్ద,ఇల్లు
1,పెద్ద,ఇళ్ళ
2,పెద్ద,చెట్టు
1,పెద్ద,పులి
1,పెద్ద,పుస్తకం
1,పెద్ద,మనుషులు
1,ప్రతి,ఇంటా
1,భారీ,వర్షాలు
1,మంచి,అబ్బాయి
1,మంచి,తోట
1,మంచి,పుస్తకం
1,మంచి,ప్రభుత్వం
1,మంచి,మనిషి
1,మంచి,మనిషే
1,మరొక,వీథిలో
1,మామూలు,స్థితిలోకి
1,ముగ్గురు,అక్కాచెల్లెళ్ళు
3,ముగ్గురు,పిల్లలు
1,మూడో,నాడే
2,మొగ,పిల్లవాడా
1,మొదటి,సారి
