count,awf,nwf
1,กลาง,ตอน
3,กลาง,ยุค
1,กว้างใหญ่,ซาก
1,กี่,ข้อ
1,กี่,ช่วง
1,กี่,ตอน
1,กี่,ปี
1,กี่,เดือน
1,กี่,แห่ง
1,กึ่ง,ทหาร
1,ก็ตาม,ผู้
1,ก่อน,วาทกรรม
1,ก่อน,เดือน
1,ก่อนหน้า,ปี
1,ขวา,ปอด
1,ขาว,ทำเนียบ
2,ขาว,ผิว
1,ข้างเคียง,ประเทศ
1,ข้างเคียง,ผล
1,ครึ่ง,ปี
1,คร่าว,ข้อมูล
1,คลาสสิก,ยุค
1,คลาสสิก,วรรณกรรม
1,ง่าย,เรื่อง
1,จริง,ขนาด
2,จริง,เรื่อง
1,จริง,เวลา
1,จำลอง,ท้องฟ้า
1,จำลอง,แบบ
1,จำเป็น,ธาตุ
1,จำเป็น,สิ่ง
1,จำเป็น,แร่ธาตุ
1,จิ๋ว,ขนาด
2,จืด,น้ำ
1,ฉกรรจ์,ชาย
1,ฉุกเฉิน,สภาวะ
1,ชรา,โรค
1,ซ้าย,ฝั่ง
1,ดัง,คน
1,ดัง,ชุด
2,ดั้งเดิม,ตลาด
1,ดั้งเดิม,ที่มา
1,ดั้งเดิม,ประเพณี
1,ดำ,เส้น
1,ดิจิตัล,ระบบ
1,ดิจิทัล,สภา
1,ดิจิทัล,เทคโนโลยี
1,ดี,ชื่อเสียง
1,ดี,ผล
1,ดี,ฝ่าย
1,ดี,สิ่ง
1,ดี,สุขภาพ
1,ดี,เงิน
1,ดี,เวลา
1,ตรง,สาย
1,ตรงข้าม,ฝ่าย
1,ตลก,ตัว
1,ตลก,ภาพยนตร์
1,ตื้น,น้ำ
2,ต่อมา,ปี
1,ต่อไป,จุด
1,ต่าง,กระทรวง
1,ต่าง,ค่า
1,ต่าง,ชาติ
1,ต่าง,ตลาด
1,ต่าง,ธุรกิจ
1,ต่าง,นคร
3,ต่าง,บริษัท
4,ต่าง,ประเทศ
1,ต่าง,มาตรการ
1,ต่าง,ราก
1,ต่าง,รูปแบบ
1,ต่าง,วัฒนธรรม
1,ต่าง,สติกเกอร์
1,ต่าง,สถาบัน
1,ต่าง,สหภาพ
1,ต่าง,สายพันธุ์
1,ต่าง,สิ่ง
1,ต่าง,สิ่งของ
1,ต่าง,องค์กร
1,ต่าง,อีเมล
1,ต่าง,เนื้อเยื่อ
1,ต่าง,เมือง
1,ต่าง,เรื่อง
1,ต่าง,แผน
1,ต่าง,แผนที่
1,ต่ำ,ขั้น
1,ต้น,ขั้น
1,ต้น,ตอน
2,ถัดมา,ปี
1,ถัดมา,เดือน
1,ถัดไป,ครั้ง
1,ถัดไป,ส่วน
1,ทอล์กกิ้ง,เดด
5,ทั่ว,โลก
1,ทั่วไป,ชื่อ
1,ทั่วไป,บัญชี
1,ทั่วไป,ผู้
1,ทางการ,ชีวประวัติ
2,ที่สุด,ท้าย
4,ที่แล้ว,ปี
1,ที่แล้ว,เดือน
1,ทื่อ,คำ
1,ธรรมชาติ,ทรัพยากร
1,ธรรมดา,เรื่อง
2,นอก,ชั้น
3,นอก,ภาย
3,นาน,เวลา
6,นานา,ชาติ
1,นิว,เอิร์ธ
1,น้อย,กลุ่ม
1,น้อย,ตัว
1,น้อย,แนว
1,บรรดา,ชาติ
1,บรรดา,ทูต
1,บรรดา,นัก
3,บรรดา,ผู้
1,บรรดา,รูปถ่าย
1,บ่อย,ครั้ง
1,บ้า,คน
1,ปกติ,วิธี
1,ปัจเจก,ชาตินิยม
1,ปานกลาง,โชค
1,พรีเมียร์,กอล์ฟ
1,พิเศษ,ผู้
1,พิเศษ,พลัง
1,พิเศษ,รายการ
1,พิเศษ,หน่วย
1,พิเศษ,อำนาจ
1,พิเศษ,เขต
1,พื้นบ้าน,ยา
1,พื้นเมือง,กลุ่ม
1,พื้นเมือง,ชน
1,พื้นเมือง,ชาว
1,พื้นเมือง,เขต
1,ฟรี,แวนเทจ
1,ฟุ่มเฟือย,สิ่ง
1,มหาศาล,ข้อมูล
1,มหาศาล,ค่า
1,มหาศาล,ประโยชน์
1,มหาศาล,สัดส่วน
1,มาก,ข้าง
11,มาก,จำนวน
4,มาก,ส่วน
1,มากมาย,ที่
1,มากมาย,ผู้
1,มากมาย,ผู้คน
1,มากมาย,ยุทโธปกรณ์
2,มากมาย,สิ่ง
1,มากมาย,โต๊ะ
1,มาย,ฮาร์ต
1,มาย,เฮด
1,มืด,ยุค
1,ยักษ์,แท่ง
1,ยัม,แบรนด์ส
1,ยาก,เรื่อง
1,ยาว,ระยะ
1,ยิ่งใหญ่,ผล
1,ย่ำแย่,สภาพ
1,รวย,คน
1,รอง,ปลัด
1,รอง,อันดับ
1,รอง,เป้าหมาย
3,ราบ,ที่
1,รุนแรง,หัว
8,ร้อน,ฤดู
1,ร้อน,เขต
1,ร้อน,เรื่อง
1,ร้อน,โลก
1,ร้าย,การ
1,ร้าย,ตัว
1,ร้าย,สัตว์
1,ละเอียด,อณู
1,ละเอียด,อนุภาค
1,ลับ,ข้อมูล
1,ลับ,ราชการ
1,ลับ,สาย
1,ลึก,ระดับ
2,ลุ่ม,ที่
1,ล่าง,ด้าน
2,ล่าง,ตอน
1,ล่าสุด,ตัว
1,ล่าสุด,เรื่อง
1,วิรูป,เนื้อ
1,วิเศษ,เรื่อง
1,สนิท,คน
1,สนุกสนาน,เรื่อง
4,สั้น,ช่วง
1,สากล,องค์การ
1,สาธารณะ,ชีวิต
1,สาธารณะ,บุคคล
1,สาธารณะ,สวน
1,สำคัญ,กลุ่ม
1,สำคัญ,ข้อ
1,สำคัญ,ดินแดน
1,สำคัญ,นัย
2,สำคัญ,บทบาท
1,สำคัญ,ผล
1,สำคัญ,รายงาน
1,สำคัญ,สนาม
1,สำคัญ,ส่วน
1,สำคัญ,ใจความ
1,สำราญ,เจ้า
1,สุดท้าย,ขั้น
1,สุดท้าย,คน
3,สุดท้าย,ครั้ง
1,สุดท้าย,คำ
1,สุดท้าย,ตอน
1,สุดท้าย,ทศวรรษ
1,สุดท้าย,ที่
1,สุดท้าย,ปี
1,สุดท้าย,วัน
1,สุดท้าย,วาระ
1,สุดท้าย,วิธี
1,สุดท้าย,สิ่ง
1,สุดท้าย,อัลบั้ม
1,สุดท้าย,เกม
1,สูง,ขั้น
1,สูง,ค่า
1,สูง,จุด
2,สูง,ชั้น
1,สูง,ตำแหน่ง
1,สูง,มุม
1,สูง,รั้ว
2,สูง,ราคา
4,สูง,ศาล
1,สูง,อุณหภูมิ
1,สูง,เดคลิเนชัน
1,สูง,ไฟ
1,ส่วนตัว,งาน
1,ส่วนตัว,แบบ
1,หนัก,ปืน
1,หนัก,เกม
1,หนัก,แบบ
5,หนาว,ฤดู
1,หนาว,หน้า
2,หน้า,ข้าง
1,หน้า,ทศวรรษ
1,หน้า,แถว
1,หน้า,แนว
3,หลวง,นคร
1,หลวง,ปศุสัตว์
1,หลัก,กลุ่ม
1,หลัก,จุด
2,หลัก,ตัว
1,หลัก,บทบาท
1,หลัก,สาย
1,หลัง,ฝ่าย
3,หลัง,ภาย
1,หลัง,ยุค
1,หลัง,วัน
1,หลัง,ส่วน
1,หลัง,เบื้อง
1,หลากหลาย,ชาติพันธุ์
2,อดีต,รัฐมนตรี
1,อบอุ่น,ภูมิอากาศ
1,อบอุ่น,เขต
1,อมตะ,ชีวิต
1,ออนไลน์,โลก
1,อาวุโส,ผู้
1,อิสระ,ตำรวจ
1,อิสระ,รัฐ
1,อื่น,กลุ่ม
4,อื่น,คน
1,อื่น,ชนิด
1,อื่น,ทาง
1,อื่น,บัญชี
1,อื่น,ประเทศ
1,อื่น,ปัญญาชน
1,อื่น,ยุทโธปกรณ์
1,อื่น,อนุภาค
1,อื่น,อาหาร
1,อื่น,เครื่องมือ
1,อื่น,เทศกาล
2,อื่น,เรื่อง
2,อื้อฉาว,เรื่อง
1,อ้วน,ภาวะ
2,ฮิต,เพลง
1,เก่า,ค่าย
2,เก่า,อาณานิคม
2,เก่า,อาราม
1,เก่า,เรื่อง
1,เก่า,โรง
1,เขียว,สี
1,เค็ม,ดิน
1,เฉพาะ,รูปแบบ
3,เฉลี่ย,ค่า
2,เฉลี่ย,ระดับ
1,เฉลี่ย,ราคา
1,เฉลี่ย,อุณหภูมิ
1,เชกกี้,กราวด์
6,เชี่ยวชาญ,ผู้
1,เดิม,พื้นที่
6,เดียว,ขณะ
3,เดียว,คน
1,เดียว,คอ
1,เดียว,ค่า
1,เดียว,ตัว
1,เดียว,ที่
2,เดียว,ปี
1,เดียว,ภูมิภาค
1,เดียว,มือ
1,เดียว,ยุคสมัย
1,เดียว,ระดับ
1,เดียว,รูปแบบ
1,เดียว,วัน
1,เดียว,สตูดิโอ
1,เดียว,สถานที่
5,เดียว,เช่น
1,เดียว,เวลา
3,เดียว,แบบ
1,เดียว,โอกาส
1,เด็ด,ของ
2,เต็ม,ดวง
1,เทา,สี
3,เท็จจริง,ข้อ
1,เบา,เกม
1,เปลือยเปล่า,สภาพ
2,เป็น,คน
1,เป็น,คางคก
1,เพียงแค่,หยิบ
1,เพี้ยน,พล
1,เฟื่องฟู,เศรษฐกิจ
1,เยือก,จุด
1,เย็น,สงคราม
3,เล็ก,ขนาด
1,เล็ก,ชุมชน
1,เล็ก,ตำแหน่ง
1,เล็ก,ลำ
1,เล็ก,เกาะ
1,เล็ก,เมือง
1,เล็ก,แถบ
1,เล็ก,แผ่น
1,เสรี,ประชาธิปไตย
1,เสรี,รัฐ
1,เสีย,ผล
1,เสื่อมทราม,ผล
1,เหนือ,ตอน
1,เอกชน,บริษัท
1,เอกชน,องค์กร
1,เฮอร์,ฟาเธอร์
1,แข็ง,ดิน
1,แคบ,ช่อง
1,แค่,ขบวน
1,แค่,เครื่องมือ
1,แดง,สี
1,แดง,เลือด
1,แท้จริง,สภาวะ
1,แพง,ราคา
1,แรก,ข้อความ
4,แรก,คน
9,แรก,ครั้ง
1,แรก,ฉบับ
1,แรก,ชั่วโมง
3,แรก,ช่วง
3,แรก,ตอน
1,แรก,บริษัท
1,แรก,ปี
1,แรก,พระองค์
1,แรก,ระยะ
1,แรก,สมัย
2,แรก,อย่าง
3,แรก,อันดับ
1,แรง,ชนิด
1,แล้ง,ภัย
1,แวดล้อม,สภาพ
2,แวดล้อม,สิ่ง
1,แห้ง,ภูมิอากาศ
1,แห้งแล้ง,พื้นที่
1,แห้งแล้ง,เขต
1,โกลเด้น,เกต
1,โง่เง่า,รัฐมนตรี
2,โซเชียล,มีเดีย
1,โดยตรง,คำ
1,โดยตรง,แหล่ง
1,โต,กอง
1,โบราณ,วรรณกรรม
1,โบราณ,อารยธรรม
1,โพ้น,ทะเล
1,โสด,ชาย
1,ใกล้เคียง,ชุมชน
2,ใน,ข้าง
1,ใน,ชั้น
1,ใน,ภาย
1,ใหญ่,กลุ่ม
5,ใหญ่,ขนาด
1,ใหญ่,ข้าหลวง
2,ใหญ่,ครั้ง
2,ใหญ่,ปืน
1,ใหญ่,สำนัก
16,ใหญ่,ส่วน
1,ใหญ่,เรือ
1,ใหญ่,เหตุผล
1,ใหม่,กฎหมาย
2,ใหม่,ข้อ
1,ใหม่,คน
1,ใหม่,ครั้ง
1,ใหม่,คอนโด
1,ใหม่,คอลเล็กชัน
1,ใหม่,คำ
2,ใหม่,ฉบับ
1,ใหม่,ตอน
2,ใหม่,ตัว
1,ใหม่,ท่า
1,ใหม่,ธรรมเนียม
1,ใหม่,นาย
1,ใหม่,พันธสัญญา
1,ใหม่,พันธุ์
1,ใหม่,ภาระ
2,ใหม่,ยุค
1,ใหม่,ราย
2,ใหม่,รุ่น
1,ใหม่,รูปแบบ
5,ใหม่,สมัย
1,ใหม่,สาธารณรัฐ
1,ใหม่,หน่วย
1,ใหม่,เขต
1,ใหม่,เครื่องมือ
1,ใหม่,เป้า
1,ใหม่,เรื่อง
1,ใหม่,เวอร์ชัน
1,ใหม่,แบบ
1,ไกล,ตะวัน
1,ไวลด์,เวสต์
