count,awf,nwf
1,1'lik,düşüşe
1,18.,kongresi
1,18.,makinen
1,1990'lı,yıllarda
1,1990'lı,yılların
1,1990'lı,öğrenci
1,2000'li,birliği
1,2000'li,yaş
1,2000'li,yılların
1,60'lı,babam
1,60'lı,yıllarda
1,60'lı,yılların
1,63'üncü,maddesinde
1,abartılı,harcamaları
1,abartılı,çocuk
1,abd'li,ajansı
1,acele,hüküm
1,acele,uçağıyla
1,acemi,vücutlarının
1,acı,haberi
1,acı,kadınlar
1,acı,nüfus
1,acı,oyuna
1,acı,su
1,acı,tablo
1,acı,tekne
1,acıdan,bebeklerini
1,acılarla,korkusu
1,acılı,ablanın
1,acımasız,parktan
1,adlı,kardeşi
1,agresif,müzakereler
1,ahlaki,eğitim
1,ahlaki,tutum
1,ahşap,balkon
1,ak,cumartesileri
1,ak,saç
1,ak,ten
1,akademik,özgürlüklerle
1,aktif,savunma
1,akıllı,insan
1,akıllı,insanlar
1,akıllı,kasım
1,akıllı,miktar
1,akıllı,oyun
3,akıllı,telefon
1,akıllı,telefonunuza
1,akıllı,çelişkiler
2,akıllı,çocuğun
1,alaca,boğa
2,alaca,boğayı
1,alaca,zamanlarda
1,alakasız,eriklerle
1,alakasız,haberin
1,alakasız,yapmak
1,algısal,bilgiden
1,algısal,halk
1,algısal,reddi
1,alkollü,içecekler
1,alkolsüz,hayat
1,alman,hükümetine
1,alt,yapı
1,alternatif,isim
1,alternatifli,hazırlık
1,altın,benekler
1,altın,bilezik
1,altın,makine
1,altın,çağını
1,altın,ışıklar
1,altına,bölgeler
1,altına,zamanda
1,altıncı,katta
1,altıncı,ortasından
1,altında,devam
1,altında,durum
1,altında,idealizme
1,altında,kişi
1,altından,gündüzleri
1,altından,seçmenlerin
1,alçak,insanlar
1,alışık,durum
1,amaçlı,akademisyenler
1,amaçlı,değişikliği
1,amaçlı,e-postaları
1,amaçlı,hibe
1,amaçsız,yaşam
1,amerikalı,işçilere
1,amerikalı,kurdele
1,amerikalı,seçmenden
1,amerikalı,şirket
1,amerikalı,şirketin
1,ana,casa
1,ana,iniş
1,ana,kategoriye
1,ana,mektup
1,ana,muhalefet
1,ana,takımı
1,ana,yemek
1,ana,çıkartma
1,ani,değişikliği
1,ani,değişime
1,anlamlı,bağlantı
1,anlamlı,evler
1,anlamlı,habercilikle
1,anlamlı,resimler
1,anlamsız,etmek
1,anlamsız,gözlerini
1,anlamsız,yutulmasıyla
1,anlayışlı,ihtiyacı
1,anlayışlı,politikasında
1,anlayışlı,tonuyla
1,ansiklopedik,biçimde
1,antik,değeri
1,antik,dönemin
1,antik,edebiyat
1,antik,tapınaklar
1,antik,ufaklığa
1,antik,uygarlık
1,apayrı,konu
1,apayrı,takipsizlik
1,aptalca,durumun
1,aptalca,düşüncelerinizi
1,aptalca,hesaplarınız
1,ara,göz
1,ara,seçim
1,ara,seçimi
1,ara,seçimler
1,ara,sokaklara
1,ara,sokaklardan
1,ara,tehlike
1,ara,yol
1,ara,yola
1,arada,bağımlılıkları
1,arada,beni
1,arada,firmaya
1,arada,günah
1,arada,çıkar
1,arada,İmparatorluğu
1,aralarında,sandığı
1,aralarında,uçurumunu
1,aramızda,metni
1,aramızda,söz
1,aranızda,ilişki
1,aranızda,süresinin
1,aranızda,tarihinden
1,arasında,33'üne
1,arasında,alış
1,arasında,ayrım
1,arasında,bağlantının
1,arasında,blog
1,arasında,bölümünde
1,arasında,denetimi
1,arasında,denklemin
1,arasında,değiştirmesinden
1,arasında,dönüşümü
1,arasında,dönüşümün
1,arasında,evi
1,arasında,fark
1,arasında,hapis
1,arasında,hoşgörü
3,arasında,ilişki
1,arasında,kişi
1,arasında,kredi
1,arasında,l
1,arasında,mücadele
1,arasında,mücadelenin
1,arasında,savaşının
1,arasında,sır
1,arasında,sığınmacı
1,arasında,terk
1,arasında,uzaklıklara
1,arasında,yer
1,arasında,yol
1,arasında,çelişkiyi
1,arasında,öldüğünde
1,arasından,ilgisi
1,arasından,roman
1,arka,aile
1,arka,ağabey
1,arka,bahçede
1,arka,başkanlığı
1,arka,dışişleri
1,arka,eğitim
1,arka,kıraathaneye
1,arka,sabah
1,arka,sırada
2,arka,sıralarda
1,arka,tarafta
1,arka,tarafın
1,arka,yanlısı
1,arka,çelişki
1,arkada,kızağı
1,arkada,odayı
1,arkamdan,af
1,arkamdan,bakıma
1,arkamdan,oy
1,arkasına,gelmeye
1,arkasında,aracınız
1,arkasında,ormandan
1,arkasında,yolu
1,arkasında,zamanın
1,arkasından,uçağın
1,arkaya,gün
1,artık,alkol
1,artık,ay
1,arızalı,kıraathanesi'nden
1,arızalı,pilden
1,asgari,aşk
1,asgari,düşüşleri
2,asgari,garanti
1,asgari,retorik
1,asgari,ücret
1,askeri,alanlarda
1,askeri,araçların
1,askeri,aylık
1,askeri,ağrı
1,askeri,cumhurbaşkanının
2,askeri,darbelerin
1,askeri,donanımı
1,askeri,elinde
1,askeri,fallacies
1,askeri,genetik
1,askeri,güce
1,askeri,hakim
1,askeri,hakimiyetini
1,askeri,harekattan
1,askeri,kanadın
1,askeri,künyesinden
1,askeri,mahkemede
1,askeri,makamlarca
1,askeri,makamlarda
1,askeri,minyatür
1,askeri,operasyon
1,askeri,programında
1,askeri,resimleri
1,askeri,ruh
2,askeri,savcılık
2,askeri,savcılıktan
2,askeri,savcılığın
1,askeri,savcının
1,askeri,teknolojide
2,askeri,uçak
1,askeri,yolculuğunu
1,askeri,üniversite
1,askeri,ütü
1,asma,katı
1,asıl,amacım
1,asıl,amacımızın
1,asıl,amaç
1,asıl,düğümü
1,asıl,gün
1,asıl,konu
1,asıl,metre
1,asıl,odaya
1,asıl,takipsizlik
1,asıl,tanığı
1,asıllı,soyun
1,ateşli,kampanyalar
1,ateşli,çözümü
1,ateşli,şarkıcılar
1,atık,ayakkabıları
1,atık,geceyi
1,atık,suları
1,atık,zirvelerinden
1,atıl,istihdam
1,atıl,istihdamda
1,avantajlı,besteci
1,avantajlı,konuma
1,avrupalı,köklerine
1,avrupalılara,kabul
1,avustralyalı,para
1,avustralyalı,uzmanlar
1,avustralyalı,özlemle
1,ayaklı,taş
1,aydınlarda,tepki
1,aykırı,parçası
1,aykırı,sesler
1,aynı,amcam
2,aynı,anda
1,aynı,ağacı
1,aynı,bahçesinde
1,aynı,başının
1,aynı,bileti
1,aynı,bitki
1,aynı,cevabı
1,aynı,cevap
1,aynı,cimrilikleri
1,aynı,coğrafyada
1,aynı,dede
1,aynı,desteğini
1,aynı,dindarlığı
1,aynı,dizlerine
1,aynı,doğurganlık
1,aynı,durumda
2,aynı,dönemde
1,aynı,dünyasından
1,aynı,elbiseleri
1,aynı,eğitim
1,aynı,gönül
1,aynı,görev
4,aynı,gün
1,aynı,günde
1,aynı,halde
1,aynı,haltı
1,aynı,harekete
1,aynı,heyecanla
1,aynı,hoca
1,aynı,ilişki
1,aynı,insanlar
1,aynı,kadınların
1,aynı,kanalın
1,aynı,mahallede
1,aynı,miktar
1,aynı,mimar
1,aynı,nedenden
1,aynı,nedenle
1,aynı,noktası
1,aynı,okullar
1,aynı,okulları
1,aynı,ortamı
1,aynı,ovalar
1,aynı,oyun
1,aynı,parkı'na
1,aynı,parmaklarının
1,aynı,politikacıların
1,aynı,ritüel
2,aynı,seviyede
1,aynı,soruların
1,aynı,sterlin
1,aynı,sınıflar
1,aynı,sınıflarda
1,aynı,sıralar
1,aynı,taburcu
1,aynı,tadı
1,aynı,tarih
1,aynı,tarihe
1,aynı,telefon
1,aynı,telefonun
1,aynı,yapı
3,aynı,yerde
1,aynı,yere
1,aynı,yokuşun
1,aynı,yıl
12,aynı,zamanda
1,aynı,çeyrek
1,aynı,çizgiyi
1,aynı,öğretmenler
1,aynı,şarkının
1,aynı,şarkıyı
1,aynı,şartları
2,aynı,şekilde
1,aynı,şeklinde
1,aynı,şey
4,aynı,şeyi
1,aynı,şeyleri
1,ayrı,adam
1,ayrı,alanına
1,ayrı,cümbüş
1,ayrı,defa
1,ayrı,gelişim
1,ayrı,halini
1,ayrı,hikayeler
1,ayrı,isim
2,ayrı,iş
1,ayrı,kolondan
1,ayrı,komisyonlar
1,ayrı,kompartımanlara
1,ayrı,kıtalar
1,ayrı,mazereti
1,ayrı,sigarasından
1,ayrı,zevkle
1,ayrı,çocuklar
1,ayrı,ünite
1,ayrıcalıklı,erişim
1,ayrıcalıklı,erişimi
1,ayrıntılı,hikaye
1,ayrıntılı,müzikaller
1,ayrıntılı,planlama
1,az,ada
1,az,bilgi
1,az,kadınlar
1,az,kelime
1,az,nüfus
1,az,olayı
1,az,savaşı
1,az,sert
1,az,vergi
1,az,yere
1,az,yiyecek
1,az,zaman
1,azami,miktarı
1,azla,yetinme
1,aç,kurbanı
1,açık,1952'den
1,açık,abla
1,açık,alan
1,açık,alanda
1,açık,altyapıları
1,açık,ayrılınır
1,açık,batı
1,açık,başarısının
1,açık,başrol
1,açık,bıçakla
1,açık,duman
1,açık,farklılığı
1,açık,hale
2,açık,hava
1,açık,hesap
1,açık,kalple
1,açık,kanalizasyon
1,açık,kanallardan
1,açık,kapıları
1,açık,kulüplere
1,açık,mağazasından
1,açık,moda
1,açık,nedenle
2,açık,pencere
1,açık,ruh
1,açık,subay
1,açık,terör
1,açık,tüketici
1,açık,yurt
1,açık,ışık
1,açık,şarkı
1,açısal,arama
1,açısal,çözünürlük
1,ağır,gülüşle
1,ağır,gün
1,ağır,havası
1,ağır,kıpırtılarla
1,ağır,parçalarının
1,ağır,süvari
1,ağır,türkünün
1,ağır,yenilgiye
1,ağır,yük
1,ağır,yükünü
1,ağırbaşlı,adımlarla
1,ağırbaşlı,pabuç
1,ağırbaşlı,Şehri'nin
1,ağırdan,bebeleri
1,ağırdan,sırasında
1,aşağıda,marangoz
2,aşağıda,satırlarda
1,aşağıda,vadiyi
1,aşağılayıcı,yorumları
1,aşağıya,nisan
1,aşık,adamı
1,aşık,dünyada
1,aşık,kaş
1,aşık,müziği'ni
1,aşık,reklam
1,aşırı,aga
1,aşırı,arasında
1,aşırı,durumunda
1,aşırı,düşkünlüğün
1,aşırı,enerji
1,aşırı,görüntüsünün
1,aşırı,güven
1,aşırı,ilgisiyle
1,bambaşka,anlamda
1,basit,alış
1,basit,meta
1,basit,prensibi
1,basit,soru
1,basit,ütüyü
1,baskın,durumda
1,baskın,konuma
1,baskın,konumu
1,basmakalıp,tasvirinden
1,basmakalıp,tiradlarının
1,batı,demokrasisinin
1,bayağı,espriler
1,bayağı,ihtimal
1,bayağı,seviye
1,bayağı,soruların
1,baygın,halde
1,bağlantılı,ifadelerin
1,bağlı,beldesinde
1,bağlı,birime
1,bağlı,ortaklıkları
1,bağlı,ziyaret
1,bağımlı,kar
1,bağımlı,kişilerde
1,bağımlı,kişinin
1,bağımlı,maddeye
1,bağımlı,toplum
1,bağımlı,çocuklar
1,bağımlı,öğretmen
1,bağımlısı,arasında
1,bağımlısı,şair
1,bağımsız,direktörü
1,bağımsız,kimseye
1,bağımsız,kompozisyon
1,bağımsız,milletvekili
1,bağımsız,niyet
1,bağımsız,seferlerine
1,bağımsız,yasaların
1,başarılı,ay
1,başarılı,başlangıç
1,başarılı,düzeneğine
1,başarılı,film
1,başarılı,gitarcı
1,başarılı,harcamaları
1,başarılı,mağaza
1,başarılı,vazo
1,başarılı,yayınları
3,başarılı,çocuk
1,başka,azı
1,başka,başarı
1,başka,başkanı
1,başka,biçimde
1,başka,bölümün
1,başka,deyişle
1,başka,doğruluğu
1,başka,dünyaya
1,başka,elinden
1,başka,eşya
1,başka,görülmesi
1,başka,güne
1,başka,kadarıyla
1,başka,karşısına
1,başka,kentte
1,başka,korkuyla
1,başka,kurmay
1,başka,maddelerle
1,başka,makineler
1,başka,okullar
1,başka,olayda
1,başka,oyunları'nda
1,başka,restoranlarını
1,başka,siyasetçiler
1,başka,sokağa
1,başka,sırada
1,başka,tatile
1,başka,terk
1,başka,toplumlar
1,başka,turizmi
1,başka,tutumlarına
1,başka,uluslar
1,başka,vuruşuyla
1,başka,yapılar
1,başka,yere
1,başka,yerlere
1,başka,yol
1,başka,yıl
1,başka,yıldönümünü
1,başka,zirvesinde
1,başka,Ödülü
1,başka,çare
1,başka,çocuk
1,başka,öykünü
1,başka,üyesi
1,başka,İmparator
1,başka,şarkı
2,başka,şeyler
1,başkalarına,pilot
1,başkalarına,sahibi
1,başkası,sıkıntı
1,başkasına,heyetin
1,başlıca,kategoriye
1,başlıca,mobilyası
1,başlıca,nehirleri
1,başlıca,çıkartma
1,başörtülü,kız
1,başörtülü,öğün
1,bedava,rakıyla
1,bekar,evine
1,belirgin,alkole
1,belirgin,biçimde
1,belirgin,hale
1,belirgin,hızla
1,belirgin,özellik
1,belirgin,özellikleri
1,belirgin,şekilde
1,belirli,takip
1,belirli,yüzdesi
1,belli,başında
1,belli,can
1,belli,chp
1,belli,eğilimleri
1,belli,güne
1,belli,güzeli
1,belli,iş
1,belli,kazanç
1,belli,kongresinden
1,belli,programında
1,belli,saatte
1,belli,tarih
1,belli,tarihe
1,belli,uzaklıklara
1,belli,yere
1,belli,yerleri
1,belli,yılından
1,belli,zihinle
1,belli,şekilde
1,belçikalı,sanatçı
1,bembeyaz,elbisesi
1,benzer,ellerini
1,benzer,ikilem
1,benzeri,göstergeler
1,benzeri,madde
1,benzeri,peynirleri
1,beyaz,abla
1,beyaz,başından
1,beyaz,danışmalar
1,beyaz,dertte
1,beyaz,devlet
1,beyaz,donunun
1,beyaz,elbisem
1,beyaz,erkek
1,beyaz,evi
1,beyaz,gelecekte
1,beyaz,görüş
1,beyaz,göğüsleri
1,beyaz,kale’yi
1,beyaz,kişi
1,beyaz,kuzey
1,beyaz,mücadele
1,beyaz,nokta
1,beyaz,odayı
1,beyaz,parmak
1,beyaz,perdeleri
7,beyaz,peynir
1,beyaz,tıbbı
1,beyaz,zarf
1,beyaz,şarap
1,beyaz,şekilde
1,beyaza,yakın
1,bezgin,ses
1,bilgece,hoşgörüyü
1,bilimdışı,tavır
1,bilimsel,1916'da
1,bilimsel,araştırmalar
1,bilimsel,aygıtlar
1,bilimsel,başlangıçta
1,bilimsel,bilgi
2,bilimsel,bilgiler
1,bilimsel,bulguların
1,bilimsel,bölümleri
1,bilimsel,dayanışma
5,bilimsel,devrim
1,bilimsel,gün
1,bilimsel,ilan
2,bilimsel,kuram
1,bilimsel,kuramların
1,bilimsel,makale
1,bilimsel,makinenin
1,bilimsel,maliyet
1,bilimsel,mektubu
1,bilimsel,oyuncular
1,bilimsel,piyanist
1,bilimsel,piyaniste
1,bilimsel,platformlara
1,bilimsel,rapor
1,bilimsel,sorunlarımıza
1,bilimsel,teori
1,bilimsel,teorilerin
1,bilimsel,tepeye
1,bilimsel,torunlarının
1,bilimsel,uyduğumuz
1,bilimsel,yemek
1,bilimsel,yetişkinden
1,bilimsel,yılın
1,bilimsel,Ölçüt
1,bilimsel,ölçütü
1,bilimsel,öğrenciler
1,binbir,meşakkatle
1,binlerce,yıl
1,biraz,hapis
1,biraz,rapor
1,biraz,tuz
1,biraz,zaman
1,biraz,şey
1,bireysel,kullanma
1,bireysel,marka
1,birinci,sınıf
1,birincil,modeli
1,birleşmiş,milletler'in
1,birleşmiş,yüzüme
1,biçimli,elleriyle
1,biçimli,yumurta
1,bol,bütçesine
1,bol,komşu
1,bol,misafirimiz
1,bol,nüfusu
1,bol,süre
1,bol,yağ
1,bol,yılın
1,boylu,kız
1,boyutlu,konuda
1,boyutlu,modellerinin
1,boz,gün
1,boz,ineğin
1,boz,işlemi
1,boz,saat
1,boş,anda
1,boş,boyutta
1,boş,cumartesi
1,boş,dairesi
1,boş,kızakları
1,boş,lokantada
1,boş,oda
1,boş,raporların
1,boş,sandalyeye
1,boş,sokakta
1,boş,vaktin
1,boş,yağmur
1,boş,yaşında
2,boş,yere
1,boş,zamanlarımda
1,boş,çocuklar
1,bulanık,etmek
1,bulanık,gözlerini
1,bulanık,su
1,bulanık,tablo
1,bunca,düşmanlarını
1,bunca,hatıraların
1,bunca,kişiyi
1,bunca,resimlerin
1,bunca,sayfa
1,bunca,süre
1,bunca,tarzında
1,bunca,yıl
1,bunca,çaba
1,bunca,öğretmenleri
1,buçuk,yıl
1,böyle,adamlar
1,böyle,antlaşması'na
1,böyle,b-29
1,böyle,başlık
1,böyle,bölgesinin
1,böyle,cumhuriyeti
1,böyle,davranış
1,böyle,durumlarda
1,böyle,efendi
1,böyle,efsanesi
1,böyle,firmasının
1,böyle,hikayeler
1,böyle,kuruluş
1,böyle,lira
1,böyle,perhiz
1,böyle,problemleri
1,böyle,saldırıyla
1,böyle,vaziyeti
1,böyle,yardımıyla
1,böyle,şovun
1,böylesi,durumda
1,bütün,adam
1,bütün,aklı
1,bütün,alanı
1,bütün,arabası
1,bütün,askerleri
1,bütün,bulaşık
1,bütün,dükkanlar
1,bütün,eğilimleri
1,bütün,gazeteleri
1,bütün,gece
1,bütün,görkemiyle
2,bütün,gün
1,bütün,hayal
1,bütün,hayvanları
1,bütün,ihtiyaçları
1,bütün,içeriye
1,bütün,kozaları
1,bütün,kupasında
1,bütün,kural
1,bütün,kütlesi
1,bütün,nitelikleri
1,bütün,noktası
1,bütün,paranı
1,bütün,patırtılar
1,bütün,restoran
1,bütün,seviye
2,bütün,soruların
1,bütün,sınıf
1,bütün,tapınaklar
1,bütün,tavsiye
1,bütün,vücudunu
1,bütün,yerde
1,bütün,yollar
1,bütün,yönleriyle
1,bütün,yüzde
1,bütün,çatısı
1,bütün,öncesinde
1,bütünsel,olgu
1,büyük,abileri
4,büyük,ablam
3,büyük,adam
1,büyük,adaylığını
1,büyük,alay
1,büyük,altından
1,büyük,amacıyla
1,büyük,amcalarına
3,büyük,amcam
1,büyük,amcama
1,büyük,amcamı
3,büyük,amcan
3,büyük,araba
2,büyük,arabamız
1,büyük,arkadaşı
1,büyük,artışlara
1,büyük,atılım
1,büyük,açıklama
1,büyük,ağacı
1,büyük,aşkı
1,büyük,bakkaldan
1,büyük,bakışta
2,büyük,başarılarımızdan
1,büyük,başbakan
1,büyük,bekletildiğini
1,büyük,bilim
1,büyük,birlikteliklerine
1,büyük,biyografisi
1,büyük,bölümünde
1,büyük,canım
1,büyük,ciddiyetle
1,büyük,dayın
1,büyük,dayının
1,büyük,deniz
1,büyük,depremden
1,büyük,devleti
1,büyük,değerine
1,büyük,dolunayın
1,büyük,doğum
1,büyük,dr.
1,büyük,döneminde
1,büyük,eleştiri
1,büyük,elma
1,büyük,etkilere
1,büyük,etkisi
1,büyük,etkiyi
1,büyük,ev
1,büyük,evimin
1,büyük,eğilimin
1,büyük,gelişme
1,büyük,gemi
1,büyük,gemiler
1,büyük,grubun
1,büyük,gündeme
1,büyük,gürültü
1,büyük,güç'ün
2,büyük,güçler
1,büyük,hata
1,büyük,hayali
1,büyük,hayranlıkla
1,büyük,hedefi
1,büyük,heyecana
1,büyük,hüznünden
1,büyük,iddialarına
1,büyük,ihtiyaç
1,büyük,isteklerinden
1,büyük,iyilik
1,büyük,iç
1,büyük,işini
1,büyük,kabileleri
1,büyük,kanallara
1,büyük,kapının
1,büyük,kardeşim
1,büyük,katılma
1,büyük,kelam
1,büyük,kentin
1,büyük,kentlerde
1,büyük,kentlerden
1,büyük,koltuğa
1,büyük,kolundan
1,büyük,korkular
1,büyük,korkunuz
1,büyük,korkunuzu
1,büyük,korkunuzun
1,büyük,kumaştan
1,büyük,kuruluşu
1,büyük,kültür
1,büyük,kütük
3,büyük,kısmı
1,büyük,kısıtlamalar
1,büyük,maske
1,büyük,meclisi
1,büyük,metre
1,büyük,miktarda
1,büyük,miktarlarda
1,büyük,milletvekilliği
1,büyük,mimar
1,büyük,miras
1,büyük,misafirlerimizden
1,büyük,nedeni
1,büyük,nimetlerden
1,büyük,oda
4,büyük,olasılıkla
1,büyük,olay
3,büyük,oranda
1,büyük,oranı
1,büyük,ordusu
1,büyük,orduya
1,büyük,orkestra
2,büyük,para
1,büyük,paralar
1,büyük,parayı
1,büyük,parçası
1,büyük,pazar
1,büyük,pazarı
1,büyük,pilotlar
1,büyük,pişmanlıklarla
1,büyük,planının
1,büyük,raporun
1,büyük,resimler
1,büyük,risk
1,büyük,saygım
1,büyük,seviye
1,büyük,soruların
1,büyük,sorumluluk
1,büyük,sorununu
1,büyük,sözleri
1,büyük,sıkıntısı
1,büyük,sır
1,büyük,sırasında
1,büyük,tane
1,büyük,tarihleri
1,büyük,tavırların
1,büyük,taş
1,büyük,temmuz
1,büyük,teslim
1,büyük,tutku
1,büyük,vakfı
1,büyük,yatı
1,büyük,yatırımcının
1,büyük,yer
1,büyük,yeğen
1,büyük,yüzünden
1,büyük,yıllar
1,büyük,zararlarla
1,büyük,zevkle
1,büyük,çoğunluğunu
1,büyük,öldüğünde
3,büyük,ölçüde
1,büyük,ömür
1,büyük,önce
1,büyük,örgütün
2,büyük,üreticisi
1,büyük,şehir
1,büyük,şeyler
1,büyüklerine,laf
1,bıktırıcı,hafta
1,bıktırıcı,işaretler
1,bıktırıcı,masa
1,bıngıl,makineyi
1,bıngıl,ordu
1,cam,gözlüklerinin
1,cam,kapısı
1,cam,kapıya
1,cam,kaseye
1,cam,nedeniyle
1,cam,sineması
1,candan,insan
1,canlı,anlatımı
1,canlı,katkısında
1,canlı,kurbağalar
1,canlı,müzik
1,canlı,yardım
1,canlı,yayına
1,canlı,yayında
1,canlı,yeri
1,canlı,yerini
2,cari,faizin
1,ciddi,anlamda
1,ciddi,dehşet
1,ciddi,dezavantajlar
1,ciddi,getiri
1,ciddi,geçiş
1,ciddi,gün
1,ciddi,kolu
1,ciddi,ruh
1,ciddi,sınırlamalar
1,ciddi,tehdit
1,ciddi,zammında
1,ciddi,şeyler
1,cinsel,bağımlılığa
1,cinsel,bugün
1,cinsel,ihtiyaçları
1,cinsel,nüfusunu
1,cinsel,oğlundan
1,cinsel,sopayı
1,cinsel,tahvillere
1,cinsel,çekim
1,cinsi,tahvil
1,cinsinden,deneycilere
1,cılız,siluet
1,dahiyane,ameliyat
1,dahiyane,haberi
1,daim,daire
1,daimi,kaynağı
1,daimi,kokularından
1,dar,alana
1,dar,işte
1,dar,merdiven
1,dar,pabuçların
1,dar,sokak
1,dar,yemiş
1,dar,yollarda
1,dar,çubuğunu
1,dar,şeyi
1,dayalı,daire
1,dayalı,enerjiden
1,dejeneratif,etkilerini
1,deli,çağıma
1,delikanlıya,ilgi
1,demir,gün
1,demir,hüznünden
1,demir,kapı
1,demir,kapının
1,demir,korkulukların
1,demokratik,derviş
1,demokratik,devrimlerin
1,demokratik,gebeliği
1,demokratik,güçler
1,demokratik,çözüm
1,demokratik,şekilde
1,deneyimli,evde
1,deneyimli,psikiyatrist
1,deneysel,içerikten
1,denizaşırı,çatışma
1,denk,görüntüler
1,deri,koltuğa
1,derin,adam
1,derin,atıkları
1,derin,banliyö
1,derin,büyüme
1,derin,civarında
1,derin,devletin
1,derin,eti
1,derin,hırsız
1,derin,imgeler
1,derin,iz
1,derin,manastırı
1,derin,uyarıyı
1,derin,çizgi
1,derinden,hüküm
1,derinden,izini
1,derisi,anında
1,derisi,çizmelerime
1,derisinden,paltoyu
1,derisinden,çizmeleri
1,dev,adam
1,dev,birşeye
1,dev,boruların
1,dev,pazarlarıyla
1,devasa,sorunlarına
1,devasa,yığına
1,değerli,anlaşması'nın
1,değişik,bey
1,değişik,görüş
1,değişik,hastanelerde
1,değişik,kız
1,değişik,m.Ö.
2,değişik,peynir
1,değişik,rengi
1,değişik,renkler
1,değişik,renkleri
1,değişik,yasalarda
1,değişken,faiz
1,değişken,önlemler
1,değişmez,ilkeleri
1,dijital,dönüşümün
1,dijital,kişi
1,dijital,parasını
1,dijital,teknolojiyle
1,dijital,veriler
1,dijital,yanıtları
1,dik,yönde
1,dikkatli,şekilde
1,dini,inancın
1,dini,inançlara
1,dini,nesneler
1,dini,santim
1,dinsel,anlatım
1,dinsel,anlatımlara
1,dinsel,kitabı
1,diplomatik,kanallardan
1,dipol,antenini
1,dipol,espri
1,dipol,laboratuarlarda
2,diğer,adayları
1,diğer,bankalarla
1,diğer,davalar
1,diğer,geçişi
1,diğer,halkları
1,diğer,halklarının
1,diğer,ilin
1,diğer,kimya
1,diğer,kitaplarda
1,diğer,kuruluşlardan
1,diğer,maddelerde
1,diğer,oğlu
1,diğer,pilotların
1,diğer,siliciler
1,diğer,tarafta
1,diğer,taraftan
1,diğer,üyesi
1,dokunmatik,çubuğunu
1,dokunsal,eğilim
1,dokunsal,lordlardan
1,dolarlık,karar
1,dolarlık,pay
1,dolarlık,tutar
1,dolarlık,yatırım
1,dolgun,bacakları
1,dolgun,devlet
1,dolgun,göğüsleri
1,dolu,kovalar
1,dolu,sıralamasında
1,dolu,uykuya
1,dolu,çizgimi
1,dolusu,evraklar
1,dolusu,mukaddesatçı
1,dominikli,günlerde
1,dominikli,papaz
1,donuk,aydınlığı
1,donuk,bakışlarla
1,donuk,dışarda
1,donuk,ekim
1,donuk,gözlerinde
1,dostu,plak
1,dostu,yaklaşım
1,dostun,boğayı
1,doğal,annem
1,doğal,canavar
1,doğal,felaketlere
1,doğal,ilaç
1,doğal,kaynaklar
1,doğal,maddesinden
1,doğal,mağaraların
1,doğal,mağaralarında
1,doğal,mirası
1,doğal,olaylar
1,doğal,sevginin
1,doğal,sığınak
1,doğru,ahçı
1,doğru,baskı
1,doğru,başlık
1,doğru,biçem
2,doğru,biçimde
1,doğru,gazetesi
1,doğru,girmesine
1,doğru,günümüzdeki
1,doğru,inancın
1,doğru,ismin
1,doğru,kabul
1,doğru,kombinasyonu
1,doğru,meydan
1,doğru,polis
1,doğru,santim
2,doğru,yemek
1,doğru,yol
1,doğru,yolda
1,doğru,çocuğa
1,doğru,öğrenci
1,doğrudan,ilişki
1,doğrudan,kaynağı
1,doğrudan,kullanımını
1,doğrudan,müdahale
1,doğrudan,sınavı
1,doğrudan,torunu
1,doğrusu,kararı
1,doğrusu,sabahın
1,doğrusu,telefon
1,doğrusu,televizyonda
1,doğu,bölgesi
1,doğu,ev
1,dul,hemşire
1,dul,trene
1,durağan,dünyasının
1,durgun,lira
1,durgun,sulara
1,duru,amaç
1,duru,gün
1,duygulu,anlar
1,duygulu,insanlarla
1,duygulu,lise
1,duygulu,mead
1,duygusal,boşluklarını
1,duygusal,boşluğu
1,duygusal,devrimi'nden
1,duygusal,dokulara
1,duygusal,halde
1,duygusal,yaklaşıma
1,duygusal,zaman
1,duyusal,dünyaya
1,dönük,yönlerinde
1,dördüncü,bölümün
1,döşeli,caddelerinde
1,döşeli,sınıftan
1,dümdüz,sesle
1,düz,adlar
1,düz,alanda
1,düz,amacımız
1,düz,bölgelerde
1,düz,bölgelerine
1,düz,günü
1,düz,seçimlerinde
1,düz,yılda
1,düz,yıllarda
1,düzenli,direniş
1,düzenli,duygularını
1,düzenli,tıraş
2,düzenli,yapıların
1,düzlemde,boşlukları
1,düzlemde,yolunu
1,düzlemlere,aracını
1,düzlemlere,matematik
1,düşük,gelişim
1,düşük,kazanç
1,düşük,maaşı
2,düşük,oran
1,düşük,paltolar
1,düşük,vergi
1,dış,anda
1,dış,dünyada
1,dış,faktörlerden
1,dış,ilişkilerden
1,dış,sınıra
1,dış,tarih
1,dış,yüzeylerde
1,dışı,faaliyetlerin
1,dışında,depoda
1,dışında,dernek
1,dışında,halatlar
1,dışında,nedenle
1,dışında,tanımazlığı
1,dışında,tepki
1,dışında,yol
1,dışında,yıllardan
1,dışında,çobanlar
1,dışında,şey
1,ebedi,istirahatgahı
1,edebi,başarı
1,edebi,dünyada
1,edebi,hikayeleriyle
1,edebi,meslek
2,ek,finansman
1,ek,yılda
1,ekonomik,açıdan
2,ekonomik,büyüme
1,ekonomik,gelişme
1,ekonomik,hediyeyi
1,ekonomik,kilisesi
1,ekonomik,kriz
1,ekonomik,mallarında
1,ekonomik,paketim
1,ekonomik,politikada
1,ekonomik,programa
1,ekonomik,reformlara
1,ekonomik,reformları
1,ekonomik,sorunlarımızı
1,ekonomik,türlü
1,ekonomik,uyarıyı
1,ekonomik,verilerle
1,ekonomik,yapı
1,eksi,derecede
1,eksi,dereceye
1,eksi,dereceyi
1,eksi,dizinin
1,eksi,köyde
1,eksik,gruplar
1,eksik,isim
1,eksik,sayfaları
1,ekşimtırak,anahtarlarını
1,ekşimtırak,lezzetiyle
1,elektrikli,cihazları
1,elektrikli,işin
1,elektrikli,motosikletlerini
1,elektronik,aygıtlara
1,elektronik,banyo
1,elektronik,cihazlara
1,elektronik,eve
1,elektronik,gündemde
1,elektronik,ortamda
1,elverişli,ortam
1,emaye,bobin
1,emekli,açıklamayı
1,emekli,büyükelçi
1,emekli,ev
1,emekli,memurunun
1,emin,biçimde
1,emin,elit
1,emin,evler
1,emin,şekilde
1,engelli,sorun
1,engelli,çocuklara
1,entelektüel,akrabalar
1,entelektüel,performans
1,entelektüel,yetilerde
1,entellektüel,hayal
1,entellektüel,kütlesi
1,epik,şarjlarını
1,erdemli,sebze
1,erkek,geyiklere
1,erkek,günü
1,erkek,kongresi
2,erkek,makine
1,erkek,makinen
1,erkek,terk
1,erkek,uygulamayla
1,erkek,öğretmen
1,erkek,şişe
1,erkekler,geriye
1,erkekler,müzisyen
1,erkeklere,boşluğu
1,erkeklere,ekonomisini
1,erkeklere,sırada
1,erkeksi,biçimde
1,erkeksi,olduğu
1,erken,bankanın
2,erken,emeklilik
1,erken,kullanma
1,erken,parmak
1,erken,tarihte
1,ertesi,amacından
1,ertesi,dersi
1,ertesi,gün
1,ertesi,günleri
1,ertesi,insanı
1,ertesi,sabah
1,ertesi,yıl
1,ertesi,şampiyon
1,esas,fotoğraf
1,esas,hasta
2,esas,katsayılar
1,esas,paragrafın
1,esas,unsuru
1,esas,yol
1,esas,zaman
1,eski,abajurun
1,eski,albümü
1,eski,an
1,eski,arkadaşımla
1,eski,ayağı
1,eski,açıdan
1,eski,ağırlık
1,eski,babası
4,eski,bakanı
1,eski,bakanın
1,eski,bilgisayarını
1,eski,bilimini
1,eski,bugün
1,eski,bürokrat
1,eski,ceviz
1,eski,cumhurbaşkanı
1,eski,dalgasına
1,eski,dinin
1,eski,dostluk
2,eski,ev
1,eski,eğlence
2,eski,eşyayla
1,eski,fasulyesi
1,eski,fikirlerle
1,eski,futbol
1,eski,gazete
1,eski,gazeteleri
1,eski,gemi
1,eski,güçlerinin
1,eski,halılarını
1,eski,hesabı
1,eski,hocamın
1,eski,icatları
1,eski,insanlar
1,eski,internet
1,eski,kardeşliği
1,eski,kavramlardan
1,eski,kaynağı
1,eski,kayığın
1,eski,kaza
1,eski,kentleri
1,eski,kesimlerinde
1,eski,kitaplar
1,eski,koltuğu
1,eski,komünistler
1,eski,krizi
1,eski,kulübeyi
1,eski,kuramın
1,eski,kuşaktan
2,eski,manastır
1,eski,masraflarını
1,eski,mevzilerini
1,eski,meyve
1,eski,ofisimizde
1,eski,olgu
1,eski,oğlunun
1,eski,paketinin
1,eski,patlıcanı
1,eski,programın
1,eski,referans
1,eski,rekabetin
1,eski,resimlerde
1,eski,sebzeler
1,eski,sefer
1,eski,sessizliğini
1,eski,seti
1,eski,silika
1,eski,sömürgeleri
1,eski,tarz
1,eski,tenis
1,eski,tiyatrosunun
1,eski,türküsünü
1,eski,yapılar
1,eski,yazılarından
1,eski,yürüyüş
1,eski,çamlar
1,eski,çağ
1,eski,çocuk
1,eski,örnekleri
1,eskiden,abanoz
1,eskiden,fiyat
1,eskiden,çocuklar
1,etkili,ailenin
1,etkili,başkanı
1,etkili,isimleri
1,etkili,otomobili
1,etkili,savunmanın
1,etkin,azaltma
1,etkin,denetim
1,etkin,hasadı
1,etkin,hikayeler
1,etkin,kuruluş
1,etnik,duyarlılıklara
1,etnik,gruplardan
1,etnisiteli,mektubu
1,etnisiteli,ordusunda
1,evli,dikkat
1,eğitimli,finansmanla
1,eğitimli,muhafızlara
1,eğitimli,tatile
1,eğlenceli,kimsenin
1,eğlenceli,şamatası
1,eş,miktarda
1,eşi,düzeylere
1,eşi,şarabı
1,eşit,muamele
1,eşit,muameleye
1,eşiyle,görev
1,eşiyle,yemek
1,eşsiz,örneklerini
1,fakir,anne
1,falan,sınavları
1,farklı,adamlar
1,farklı,açıdan
1,farklı,gruplardan
1,farklı,ifadeler
1,farklı,inşa
1,farklı,iznini
1,farklı,menhir
1,farklı,tarihine
1,farklı,teoriler
1,farklı,şekilde
1,farklı,şey
1,farklı,şeyler
1,farsçasının,kökeni
1,farsçasının,üyelerinin
1,favori,kişiyi
1,favori,maddesine
1,fazla,amerikalının
1,fazla,ampul
1,fazla,anlayış
1,fazla,artırma
1,fazla,artış
1,fazla,bağışçıya
1,fazla,cinayet
1,fazla,danışmanı
1,fazla,detayına
1,fazla,doğanın
1,fazla,floridalı
1,fazla,fona
1,fazla,insan
1,fazla,itibar
1,fazla,kişiyi
1,fazla,mürettebat
1,fazla,müzik
1,fazla,para
1,fazla,rekabete
1,fazla,risk
1,fazla,sabah
1,fazla,santralde
1,fazla,sayıda
1,fazla,sivil
1,fazla,soruları
1,fazla,sorumluluk
1,fazla,sırada
1,fazla,tecrübeye
1,fazla,tepki
1,fazla,yetkisi
1,fazla,önem
1,fazlası,faizi
1,feci,boyutta
1,feci,oda
1,fedakar,anne
1,fedakar,kişi
1,federal,ayı
1,federal,dahil
1,federal,harcamalarda
1,federal,hükumet
1,federal,sponsorluk
2,felsefi,anlamda
1,felsefi,dizgelere
1,felsefi,dizgesiyle
1,felsefi,yerlerde
1,fena,halde
1,fena,oluşturmasına
1,fena,radar
1,feodal,dönemle
1,fersiz,gözleri
1,fersiz,ikisi
1,filan,günah
1,filan,söz
1,finansal,cevabı
1,first,lady
1,first,tasarılar
1,fiziksel,güvenlik
2,fiziksel,süreci
1,fiziksel,yoksunluk
1,fiziksel,şiddete
1,fransız,eleştirmenleri
1,fransız,müşterilerinin
1,garip,hisler
1,garip,kişi
1,garip,rüya
1,gayrisafi,hasıla
1,gecelik,ev
1,gecelik,gösteri
1,gelecek,ardından
1,gelecek,cumhurbaşkanı'nca
1,gelecek,dayızadem
3,gelecek,hafta
1,gelecek,oylama
2,gelecek,yıl
1,gelecek,öğretmeni
1,geleceğe,kestirimlerde
1,geleceğe,mastıralar
1,geleceğe,projelerinin
1,geleceğimizin,insanlığın
1,geleceğimizin,rehberi
1,geleceğin,devlet
1,geleceğin,ismi
1,geleceğini,teknikle
1,geleneksel,günleri
1,geleneksel,pazar
1,geleneksel,savaş
1,geleneksel,önem
1,gencecik,oğlunun
1,genel,alanda
1,genel,amacımız
1,genel,anahtarım
1,genel,antlaşmasına
4,genel,başkan
1,genel,başkanlığa
3,genel,başkanı
1,genel,bilgiler
1,genel,direktörü
1,genel,durumu
1,genel,düşünce
1,genel,ekonomi
1,genel,fark
1,genel,görüşü
1,genel,günü
1,genel,hatlarıyla
1,genel,havayı
1,genel,kabul
1,genel,kararının
1,genel,kendimin
1,genel,kurallarının
1,genel,merkezinden
1,genel,merkezini
1,genel,mutabakat
1,genel,müdür
1,genel,müdürlüğüne
2,genel,müdürü
1,genel,nüfusa
1,genel,okulun
1,genel,sekreteri
1,genel,seviye
1,genel,seçim
1,genel,seçimleri
1,genel,seçimlerinde
1,genel,sözleşmesine
1,genel,yılda
1,genel,çalışmayı
1,genel,şarap
1,genetik,anlayış
1,genetik,hastalık
1,geniş,alana
1,geniş,alanı
1,geniş,araba
1,geniş,araştırmacısı
1,geniş,burun
1,geniş,coğrafyada
1,geniş,daire
1,geniş,düzlüğe
1,geniş,hafta
1,geniş,işler
1,geniş,kapsam
1,geniş,kesiminin
1,geniş,koltuğun
1,geniş,konu
1,geniş,sigara
1,geniş,tutumu
1,geniş,yapı
1,geniş,çapta
1,geniş,öğrenme
2,genç,adam
1,genç,araba
1,genç,babamın
1,genç,bıçaklarla
1,genç,dul
1,genç,erkeklerin
1,genç,evde
1,genç,görevde
1,genç,kadın
1,genç,kadının
1,genç,kızla
1,genç,kızların
1,genç,kızı
1,genç,meydan
1,genç,monarşisinin
1,genç,subaya
1,genç,yayınlara
1,genç,yıllarda
1,genç,çevreme
2,genç,çoban
1,genç,çobanlar
1,genç,şairlerinden
1,gençlerle,sohbet
1,gençten,defter
1,gerekli,aygıtları
1,gerekli,bilgilerin
1,gerekli,dakikadan
1,gerekli,darbe
1,gerekli,izinleri
1,gerekli,paketlerinin
1,gerekli,sağlamak
1,gerekli,yer
1,gereksiz,hakkında
1,gereksiz,soruların
1,gereksiz,yere
1,gergin,anlar
1,gergin,gözlemlerden
1,gergin,meslek
1,geri,bürosu'na
1,geri,noktalarda
1,geri,plana
1,geri,satırlarını
1,geri,sırada
1,geride,kişi
1,geride,magma
1,geriden,sayıda
1,gerçek,bronz
1,gerçek,deney
1,gerçek,edebiyatçı
2,gerçek,hayatta
1,gerçek,kadavra
1,gerçek,korkularınızı
4,gerçek,parçacıklar
1,gerçek,samimiyete
1,gerçek,yerden
1,gerçek,yönlerini
1,gevşek,harekatı
1,gevşek,tutum
1,geç,saatte
1,geç,vakit
1,geç,vakte
1,geçen,akşam
1,geçen,ay
1,geçen,bakanlığı'nda
1,geçen,cuma
1,geçen,dişi
2,geçen,gece
1,geçen,gün
1,geçen,makine
1,geçen,miktar
1,geçen,ortalamasını
1,geçen,savaş
1,geçen,sene
1,geçen,yıla
1,geçersiz,lideri
1,geçersiz,yıl
2,geçici,bütçe
1,geçici,bütçede
1,geçici,dışarı
1,geçici,hepsinden
1,geçici,kamu
1,geçici,toplumunun
1,geçmiş,anketleri
1,geçmiş,enflasyona
1,geçmiş,enflasyonlara
1,geçmiş,enflasyonu
1,geçmiş,rüya
1,geçmiş,tezini
1,geçmişe,yol
1,geçmişe,yıllardan
1,geçmişiyle,gerektiğini
1,geçmişle,bağlarını
1,geçmişle,eroin
1,geçmişle,suyu
1,geçmişte,beis
1,geçmişte,gölge
1,geçmişten,kilisesine
1,girift,bağlantının
1,gizli,ajan
1,gizli,bilgiler
1,gizli,cemiyet
1,gizli,davranışları
1,gizli,dünyası
1,gizli,heyecanımı
1,gizli,ilişkilerimi
1,gizli,oyunların
1,gizli,servisi
1,gizli,yayılması
1,gizli,zaman
1,gizli,şekilde
1,grisi,gökler
1,gönüllü,beyan
1,görevli,ayrıntı
1,görevli,binbaşı
1,görevli,hissine
1,görevli,kurmay
1,görevli,köpeğini
1,görevlisi,kişiden
1,görsel,assolist
1,görsel,sanatlar
1,görünüşlü,adam
1,görünüşlü,fotoğrafı
1,gösterişli,kişi
1,gözde,salonlarından
1,göçmen,işçi
1,göçmen,şeylerimi
1,güdük,anlaşmayı
1,gümüş,kabın
1,güncel,olaylarda
1,gündelik,hayatlarının
1,gündelik,hayatın
1,güneye,gün
1,güneye,saat
1,güneye,öfke
1,günlük,adamlar
1,günlük,azığı
1,günlük,ekmek
1,günlük,günah
1,günlük,iznini
1,günlük,kapı
1,günlük,menhir
1,günlük,noktası
1,günlük,olaylardan
1,günlük,yaşamımız
1,günlük,yaşamın
1,günlük,yaşantı
1,gürültülü,kıraathaneye
1,gürültülü,sokak
1,güzel,arasında
1,güzel,avukat
1,güzel,baba
1,güzel,babam
1,güzel,cebine
1,güzel,cümleler
1,güzel,dahil
1,güzel,dünyasının
2,güzel,ev
3,güzel,film
1,güzel,gözleri
1,güzel,güney
1,güzel,günler
1,güzel,hayaller
1,güzel,heyetin
1,güzel,isim
1,güzel,kahveye
1,güzel,kanepe
2,güzel,kokuları
1,güzel,konforu
1,güzel,kütüklerden
2,güzel,kız
1,güzel,lokantalara
1,güzel,memleketimin
1,güzel,mezeleri
1,güzel,numarası
1,güzel,oda
1,güzel,odalarımızı
1,güzel,ordusu'nun
1,güzel,piknik
1,güzel,pirinç
1,güzel,profesör
1,güzel,raporlar
1,güzel,tarama
1,güzel,yemekleriyle
1,güzel,yer
1,güzel,çocukluk
1,güzel,örtüsü
1,güzel,şaraplar
2,güzel,şey
1,güzel,şeyin
2,güzel,şeyler
1,güzelim,göbeği
1,güç,duygular
1,güç,dün
1,güç,keder
1,güç,ortaya
1,güç,oy
1,güç,şey
1,güçle,yerine
1,güçlere,sahip
1,güçlü,arkadaşı
1,güçlü,düzeylere
1,güçlü,evrenin
1,güçlü,inançlara
1,güçlü,oyuna
1,güçlü,ses
1,güçlü,sima
1,güçlü,şarabı
1,güçlü,şekilde
1,güçlü,şiddette
1,habersiz,tedavi
1,hafif,ev
1,hafif,iklimine
1,hafif,topuk
1,hafif,şok
1,haftalık,kurs
1,haksız,rekabet
1,halis,öneri
1,hamarat,elleriyle
1,hamarat,subayların
1,hantal,varoluş
1,harama,ele
1,harama,numaralarını
1,harama,su
1,harap,ellerine
1,harap,kışlayla
1,hararetli,tüketici
1,harbiden,işçileri
1,harbiden,yüzü
1,harika,ekibimiz
1,harika,tarafından
1,hassas,adamı
1,hassas,ekranlar
1,hassas,sistemler
1,hasta,annesini
1,hasta,başta
1,hasta,öğretmenimiz
1,hayali,çizgi
1,hayati,araç
1,hayati,önem
1,hayati,önemi
1,hayvanların,dağları
1,hazır,duruş
1,hazır,erişim
1,hazır,meze
1,hazır,paketleri
1,hazır,öfkelerini
1,hektarlık,sahası
1,herhangi,bölgeye
1,herhangi,duygularının
1,herhangi,parçaya
1,herhangi,sorunum
1,herhangi,vaktin
1,herhangi,öğesiyle
1,hevesli,kontesi
1,hevesli,üye
1,heyecanlı,arkadaşımı
1,heyecanlı,işçilerin
1,heyecanlı,liderler
1,heyecanlı,zaman
1,heykelsi,görünüme
1,hidroelektrik,enerji
1,hidroelektrik,yerde
1,hintli,ekipleri
1,hintli,mistik
1,hollandalı,piyaniste
1,hollandalı,sorunlarımıza
1,hollandalı,öğrenciler
2,hormonsal,kontrolü
1,hukuki,dahil
1,hukuki,problem
1,hukuki,sahip
1,hukuki,yapı
1,hukuksal,fotoğraf
1,hukuksal,yapıyı
1,hukuksal,yol
1,huysuz,2013'te
1,huysuz,azınlık
1,huysuz,boya
1,huzurlu,insanlar
1,huzursuz,vermeye
1,hızlı,adımlarla
1,hızlı,artışı
1,hızlı,eşi
1,hızlı,hareket
1,hızlı,planjonlarla
1,hızlı,sözcüğü
2,hızlı,şekilde
1,ideal,yer
1,idealist,dizgede
1,idealist,dizgeler
1,ideolojik,boyutunun
1,ideolojik,bütçesinin
1,ideolojik,cumhuriyet
1,ideolojik,devrim
1,ideolojik,düzeyinin
1,ideolojik,eylemler
1,ideolojik,eğilimleri
1,ideolojik,kavrayış
1,ideolojik,ortam
1,ideolojik,planda
1,ikinci,kazayla
1,ikinci,sürpriz
1,ikinci,tura
1,ikinci,öneri
1,ileri,planları
1,ileri,sonucu
1,ileri,yöntem
1,ileri,yıllarda
1,ileri,çağlar
1,ilerici,hattın
1,ilerici,kesimin
1,ileride,alana
1,ilgili,1998'de
1,ilgili,aile
1,ilgili,avro
1,ilgili,açıklamalar
1,ilgili,beklentisi
1,ilgili,bilgiler
1,ilgili,bilgilerin
1,ilgili,dava
1,ilgili,davalarda
1,ilgili,değişiklik
1,ilgili,dün
1,ilgili,düşüncelerimi
1,ilgili,endişelerin
1,ilgili,endişeye
1,ilgili,garanti
1,ilgili,görüşleri
1,ilgili,gösterme
1,ilgili,gözlüklerini
1,ilgili,haberi
1,ilgili,ihtimalin
1,ilgili,izlenimlerini
1,ilgili,kahvaltıdan
1,ilgili,kişilerce
1,ilgili,konu
1,ilgili,lady
1,ilgili,maddesi
1,ilgili,okulu
1,ilgili,olayın
1,ilgili,oğlu
1,ilgili,partiler
1,ilgili,raporları
1,ilgili,referanslar
1,ilgili,single
1,ilgili,tasarılar
1,ilgili,temaslarla
1,ilgili,yazı
1,ilgili,yer
1,ilgili,yolunu
1,ilgili,yorum
1,ilgili,yıkılışının
1,ilgili,yıl
1,ilgili,çaresizliği
1,ilgili,önem
1,ilgili,önerileri
1,ilgili,ütopyam
1,ilgili,şanssızlık
1,ilgili,şüphelerini
1,ilginç,amacı
1,ilginç,cinayet
1,ilginç,düşünce
1,ilginç,fikirleri
1,ilginç,hal
1,ilginç,kitapları
1,ilginç,konuyu
1,ilginç,mevzuatta
1,ilginç,sorulara
1,ilginç,şey
2,ilginç,şeyler
1,ilgisiz,doktorla
1,ilk,50'ye
1,ilk,adım
1,ilk,adıma
1,ilk,anda
1,ilk,anlara
1,ilk,anlatımı
1,ilk,annem
1,ilk,aşamalarında
1,ilk,barınağı
1,ilk,başkanı
1,ilk,başkanını
1,ilk,başlarda
1,ilk,bulguları
1,ilk,bölümü
1,ilk,davet
1,ilk,dedikoduları
3,ilk,defa
1,ilk,ellerinde
1,ilk,ev
1,ilk,görev
3,ilk,gün
1,ilk,günlerde
1,ilk,günlerinde
2,ilk,günü
1,ilk,haberi
1,ilk,hakkında
1,ilk,hazine
1,ilk,haziran
1,ilk,hızla
1,ilk,ifadesine
1,ilk,ilkelerden
1,ilk,ilkelerin
1,ilk,kaplama
6,ilk,kez
1,ilk,metinler
2,ilk,milliyetçilerinden
1,ilk,notasında
1,ilk,pilot
1,ilk,polisi
1,ilk,prensesi
1,ilk,rapor
1,ilk,raporda
1,ilk,sahibi
1,ilk,saçların
1,ilk,sebebi
1,ilk,seçimler
1,ilk,sokağa
1,ilk,tasarlamak
1,ilk,teknoloji
1,ilk,valisi
2,ilk,villa
1,ilk,yüzyılda
1,ilk,yüzyılı
1,ilk,yılında
1,ilk,çiçek
1,ilk,çobanların
1,ilk,çocukları
1,ilk,öğretmen
1,ilk,şarjlarını
1,ilk,şey
1,ilk,şirketi
1,ilık,ayakkabı
1,ilık,et
1,imkansız,aptallıkla
1,imkansız,beyin
1,imkansız,hale
1,inandırıcı,birliği'nin
1,inandırıcı,soğukkanlılığım
1,inatçı,makine
1,inatçı,şekilde
2,ince,ayrıntısına
1,ince,bedenini
1,ince,dünyasında
1,ince,hırkalarının
1,ince,ironi
1,ince,kazaklar
1,ince,kere
1,ince,materyallerin
1,ince,parçacıklar
1,ince,sınava
1,ince,ucunu
1,ince,yemek
1,insanca,hayatlara
1,insani,anlayış
1,insani,yardım
1,insani,yeri
1,insansı,robot
1,insansız,araçlarını
1,ipek,bluzundan
1,ipek,gömleğim
1,ipek,işte
1,iri,elleri
1,iri,gözleri
1,iri,gözlerini
1,istatistiksel,analizi
1,isteksiz,katılımcılar
1,istikrarlı,utancından
1,istikrarlı,şekilde
1,istikrarsız,çabası
1,ithal,şaraplar
1,iyi,adam
1,iyi,anda
1,iyi,arazisine
1,iyi,arkadaş
1,iyi,bölgelerini
1,iyi,cevap
1,iyi,dans
1,iyi,devlet
1,iyi,doktor
1,iyi,durum
1,iyi,durumda
1,iyi,dönemlerinde
1,iyi,dışarı
1,iyi,etkisi
1,iyi,evimizden
1,iyi,evin
1,iyi,gazetesi
1,iyi,gece
1,iyi,göz
1,iyi,haber
2,iyi,ihtimalle
1,iyi,işte
1,iyi,kavramının
2,iyi,kitap
1,iyi,konu
1,iyi,kış
1,iyi,mart
1,iyi,mecalsizlikten
1,iyi,miktar
2,iyi,mimar
1,iyi,model
1,iyi,modelle
1,iyi,okullara
1,iyi,okullarda
1,iyi,oyun
1,iyi,oyuncusu
1,iyi,oyunlarından
1,iyi,para
1,iyi,performans
1,iyi,performanslarından
1,iyi,pilot
1,iyi,piyanist
1,iyi,rakamlar
1,iyi,resim
2,iyi,ressamlarından
1,iyi,senaryoda
1,iyi,seyahate
1,iyi,sonuçlar
1,iyi,söylence
1,iyi,süre
1,iyi,takipsizlik
1,iyi,tarafı
1,iyi,tatiller
1,iyi,tehlikesiyle
1,iyi,telefon
1,iyi,teoriler
1,iyi,trençkota
1,iyi,uygulamalarından
1,iyi,uçaktan
1,iyi,yemek
1,iyi,yeteneği
1,iyi,yönetim
1,iyi,yüzde
1,iyi,yüzyılda
1,iyi,yıl
1,iyi,yılında
1,iyi,zaman
1,iyi,çağrısını
1,iyi,çocuklar
1,iyi,ördeklerden
1,iyi,özgürlüğüm
1,iyi,öğrenci
1,iyi,öğretmen
1,iyi,üniversite
1,iyi,ünü
3,iyi,şekilde
1,iyi,şeyler
1,iç,başkan
1,iç,borç
1,iç,cerrahların
1,iç,dönemini
1,iç,faktörlerin
1,iç,karışıklık
1,iç,karışıklıklara
1,iç,mekanlara
1,iç,savaş
1,iç,sonraları
1,iç,sorunları
1,iç,tarafında
1,iç,çamaşırları
1,içgüdüsel,tepkiyle
1,içinde,alanlarla
1,içinde,antenini
1,içinde,babam
1,içinde,bebeğin
1,içinde,direktörü
1,içinde,dizel
1,içinde,doğum
1,içinde,duruşu
1,içinde,ellerinden
1,içinde,espri
1,içinde,evinde
1,içinde,evine
1,içinde,fikirler
1,içinde,günü
1,içinde,gününde
1,içinde,güzeli
1,içinde,hatlarından
1,içinde,ihtiyaç
1,içinde,kavramlarla
1,içinde,kişi
1,içinde,kokunun
1,içinde,köle
1,içinde,laboratuarlarda
1,içinde,marangoz
1,içinde,mektubu
1,içinde,payını
1,içinde,polis
1,içinde,resimler
1,içinde,saçım
1,içinde,seçimlerde
1,içinde,usulü
1,içinde,veda
1,içinde,zıkkımın
1,içinden,dersler
1,içine,ayında
1,içine,batıdan
1,içine,başarı
1,içine,kapsam
1,içine,kapsaması
1,içine,konusunda
1,içine,kültürler
1,içine,çiçek
1,içine,çocuk
1,kabarık,hesabından
1,kabarık,sözleşme
1,kablosuz,erişimi
1,kablosuz,sent
1,kadarlık,kısmını
1,kadife,elbisem
1,kadına,ayağa
1,kadına,kardeş
1,kadına,kokuları
1,kadına,polis
1,kadına,üzerinde
1,kadınla,ablasının
1,kadınla,anneleriyle
1,kadınla,kişi
1,kadınlar,bulunduğu
1,kadınlara,göz
1,kadınlara,şey
1,kadınlardan,sistemini
1,kadınların,alışveriş
1,kadınların,ofis
1,kafalı,fahişe
1,kalite,1993'te
1,kalite,darbuka
1,kaliteli,film
1,kaliteli,kimya
1,kaliteli,pilotların
1,kalın,adamlar
1,kalın,duvar
1,kalın,giysilerle
1,kalın,ucunu
1,kalın,örtüsü
1,kambur,2015'ten
1,kanadalı,araştırmacısı
1,kaotik,sistem
1,kapalı,alana
1,kapalı,işler
1,kapalı,odalarla
1,kapalı,tutumu
1,kapkara,deneyde
1,kapkara,gözleri
1,kaplı,sokaklar
1,kapsamlı,etkilere
1,kapsamlı,kredi
1,kapsamlı,müdahale
1,kapsamlı,tartışması
1,kapsamlı,şekilde
1,kara,albayın
1,kara,an
1,kara,durumların
1,kara,ekmekle
1,kara,kapısında
1,kara,konumu
1,kara,kutular
1,kara,sevda
1,kara,sorun
1,karanlık,devam
1,karanlık,dünyanın
1,karanlık,gecesi
1,karanlık,vadiyi
1,karanlık,Çağ'dan
1,karanlık,Çağlardan
1,karanlık,şadırvana
1,karbonatlı,içecek
1,kare,ev
1,kare,gömlekler
1,karizmatik,tarafı
2,karma,fonlar
1,karmaşık,duygular
1,karmaşık,hal
1,karmaşık,intikam
1,karmaşık,İmparatorluğu
1,kart,ses
1,kartlarında,alışveriş
1,kartona,kalorifer
1,kartona,raketi
1,karıncalı,döngülerinden
1,karıncalı,rahip
1,karşı,dairede
1,karşı,mücadelede
1,karşı,tarafı
1,karşı,örgütün
1,karşıda,amir
1,karşıda,iktidarı
1,karşıdan,dehşet
1,karşıdan,getiri
1,karşıdan,geçiş
1,karşıdan,zammında
1,karşımda,yardımcı
1,karşında,yemek
1,karşınızda,mülkiyet
1,karşısına,bölgesinden
1,karşısında,anlatımı
1,karşısında,birimlerine
2,karşısında,davranışları
1,karşısında,diz
1,karşısında,dış
1,karşısında,halkın
1,karşısında,koltuğa
1,karşısında,sorumlulukları
1,karşısında,tasarılarına
1,karşısında,villa
1,karşıtı,gösterilerin
1,kaskatı,örneğindeki
1,katilin,yerine
1,katilin,yıl
1,katlı,binaların
1,katı,başkanı
1,katı,doktorla
1,katı,maddelerle
1,katı,tutumlarına
1,kavramsal,sanat
1,kavramsal,yapının
1,kayalık,adalarla
1,kaybından,işe
1,kaybından,çoğunluk
1,kaygısız,playboy
1,kayıpla,yükselişini
1,kayıtlı,seçmen
1,kayıtsız,sıra
1,kaçak,çocuklar
2,kaçamak,bakış
1,kağıda,dahil
1,kağıda,vade
1,kağıt,mendil
1,kenar,masa
1,kenara,güneyde
1,kenarda,gözleri
1,kenarda,tarhlarının
1,kenarda,ziyaret
1,kenardan,köşeden
1,kenarlarına,kimya
1,kenarlarına,pilotların
1,kenarında,duvara
1,kenarında,konudan
1,kenarında,sandalyeye
1,kenarında,suyunun
1,kenarında,yapmak
1,kentsel,gelişim
1,kentsel,yayılma
1,kentsel,yerimize
1,keseye,zarar
1,kesin,amacı
1,kesin,ayrım
1,kesin,bağımlılığa
1,kesin,hedefi
1,kesin,kabul
1,kesin,oluşmadan
1,kesin,sözleri
2,kesin,vakfı
1,kesin,üstünlüğe
1,kesin,şekilde
1,keskin,başarısının
1,keskin,bıçakla
1,keskin,eleştirisi
1,keskin,suların
1,keyfi,gerilimi
1,keyfi,iradeden
1,keçe,çorapla
1,kibirli,kişinin
1,kimyasal,bileşimin
1,kimyasal,devletin
1,kimyasal,çözeltide
1,kirli,ders
1,kişilik,konseyine
1,kişilik,şey
1,kişisel,bağlantılarından
1,kişisel,cezasını
1,kişisel,erkekler
1,kişisel,hayatların
1,kişisel,tarihin
1,klasik,dansı
1,klasik,dönem
1,klasik,dönemin
1,klasik,edemeyeceğimiz
1,klasik,ekmeği
1,klasik,partisi
1,klasik,süreç
1,klasik,ufaklığa
2,klasik,şube
1,koca,atölye
1,koca,ağaçları
1,koca,yere
1,kocaman,göbeği
1,kocaman,gözleri
1,kocaman,kafası
1,kocaman,kafasına
1,kocaman,kitap
1,kocaman,üniversiteyi
1,kocaman,şekilde
1,kolay,ev
1,kolay,evi
1,kolay,gerektiğini
1,kolay,meydana
1,kolay,saat
1,kolay,tarihte
1,kolay,uçakla
1,kolejli,ad
1,kolektif,güçlük
1,kolektif,sürecin
1,komik,perukla
1,komik,resim
1,komşu,balkonundan
1,komşu,teyzelerin
1,kontrollü,yaklaşım
1,kopuk,yerinde
1,koreli,döneminde
1,koreli,şirket
1,korkunç,adam
1,korkunç,düşlerle
1,korkunç,gürültüyle
1,korkunç,orgun
1,korkunç,sahne
1,korkunç,yol
1,korsikalı,subaya
1,koskocaman,binalarının
1,kot,anahtarı
1,kot,dizleri
1,kot,günde
1,kot,pantolonla
1,kot,paskalya
1,koyu,aşka
1,koyu,göz
1,koyu,hali
1,koyu,kelle
1,koyu,su
1,koşa,lafını
1,koşa,şeklinde
1,krem,rengi
1,kritik,ittifaklar
1,krizmatik,arkadaşımı
1,krizmatik,liderler
1,kucağına,stilini
1,kumral,saçları
1,kumsala,balkon
1,kumsala,sorun
1,kumsala,yazarlığı
1,kurak,bölgelerde
1,kurak,turizme
1,kurak,yerlere
1,kuru,ekmek
1,kuru,karın
1,kuru,leblebiyi
1,kurucu,bütçeyi
1,kurucu,kanunu
1,kurulu,barınağına
1,kurumsal,gelişmeler
1,kurşun,asker
1,kurşun,tarif
1,kusursuz,kar
1,kusursuz,yapısı
1,kusursuz,yuvarlaklık
1,kutsal,deneyimlerimiz
1,kutsal,hakları
1,kutsal,kitap'a
1,kutsal,kitaplarda
1,kutsal,İmparatoru
1,kuvvetli,dayanışma
1,kuzey,duygu
1,kuzey,tapınağı
1,kuzey,tarafından
1,kuzeydoğu,bölgelerinde
1,kuşkusuz,merak
1,kârlı,kararı
1,kârlı,yollarının
1,köklü,değişiklik
1,köklü,tamirat
1,kömürlü,anda
1,kömürlü,santrali
1,kötü,baba
1,kötü,bedelini
1,kötü,bilim
1,kötü,biçimleriyle
1,kötü,din
1,kötü,ellerde
1,kötü,etrafında
1,kötü,gelmek
1,kötü,gündüz
1,kötü,hakkında
1,kötü,halde
1,kötü,hava
1,kötü,ihracat
1,kötü,ihtimalle
1,kötü,insan
1,kötü,kullanım
1,kötü,ne
1,kötü,olaylar
1,kötü,senaryo
1,kötü,söz
1,kötü,yatırım
1,kötü,yeri
1,kötü,yönde
1,kötü,şartlarında
1,kötü,şey
1,kötü,şeyler
1,köylü,ağzı
1,köylülere,tümör
1,kücük,evler
1,kücük,süvari
1,küflü,peyniri
1,küflü,ürünleri
1,kültürel,bölgenin
1,kültürel,gelişimine
1,kültürel,yaşamına
1,kültürel,çoğulculuk
1,küresel,büyükelçiliği
1,küresel,ekonomide
1,küresel,kitap
1,küresel,konuyu
1,küresel,kuvvetleri
1,küresel,müşteri
1,küresel,sokağı'nda
1,küresel,sıcaklıklarında
1,küresel,ısınma
1,küstah,hale
1,küçücük,babam
1,küçücük,başının
1,küçücük,eğitim
1,küçücük,sınıflarda
1,küçücük,şarkıyı
1,küçücük,şeye
1,küçük,1911'de
1,küçük,adalar
1,küçük,alana
2,küçük,bar
1,küçük,bardaklar
1,küçük,beyin
1,küçük,birlikteliğimiz
1,küçük,boy
1,küçük,dalga
1,küçük,dersi
1,küçük,devrinde
1,küçük,değerinde
1,küçük,değişiklikler
1,küçük,diski
1,küçük,dolap
1,küçük,gruplar
1,küçük,hafta
1,küçük,halkların
1,küçük,kadek
1,küçük,kadınlardan
1,küçük,kamuya
1,küçük,kano
1,küçük,kardeşi
2,küçük,kasaba
1,küçük,kaza
1,küçük,kiremit
1,küçük,kişi
1,küçük,koltuğa
1,küçük,kutularından
1,küçük,köyler
1,küçük,köşk
5,küçük,kız
1,küçük,lagün
1,küçük,masada
1,küçük,masanın
1,küçük,masaya
1,küçük,mutluluğun
1,küçük,mızrap
1,küçük,niyetine
1,küçük,oğlumun
1,küçük,parkı
1,küçük,pürtüklerin
1,küçük,rakıyla
1,küçük,roller
1,küçük,sahne
1,küçük,sürprizler
1,küçük,sınıfta
1,küçük,uçakla
1,küçük,yanıbaşımda
1,küçük,yayınlara
1,küçük,yaşta
1,küçük,çay
1,küçük,çocuk
1,küçük,çocuklar
1,küçük,özür
1,küçük,ülkede
1,küçük,üzerinde
1,küçük,şairlerinden
1,küçük,şansları
1,kırgın,hali
1,kırgın,jeoloji
1,kırmızı,araba
1,kırmızı,badem
1,kırmızı,batıdan
1,kırmızı,boyalarla
1,kırmızı,kan
1,kırmızı,lahana
1,kırmızı,tarafında
1,kırmızı,yamaları
2,kırmızı,çiçek
1,kırmızı,öngörüsü
1,kırsal,bölgelerde
1,kırık,ağustos
2,kırık,iskemle
1,kırık,not
1,kırık,tabbule
1,kısa,ateş
1,kısa,dolusu
1,kısa,doğum
1,kısa,el
1,kısa,güney
1,kısa,hattı
1,kısa,hedeflerde
1,kısa,konuşmanın
1,kısa,müşaviri
1,kısa,saat
1,kısa,sevecenliğiyle
9,kısa,süre
3,kısa,sürede
1,kısa,tarihinde
1,kısa,topuk
1,kısa,vade
1,kısa,yemekler
3,kısa,zamanda
1,kısa,öykücükler
1,kısmetsiz,adam
1,kısmetsiz,dersi
1,kısıtlayıcı,dışişleri
1,kısıtlayıcı,kanununu
1,kısıtlı,zaman
1,kıtalı,bebeleri
1,kıtalı,modelde
1,kıvrak,göbek
1,kıvrak,oyun
1,kıymetli,arkadaş
1,kız,arkadaşını
1,kız,kardeşim
1,kız,köpek
1,kıza,yapmasına
1,kızlara,savaşı
1,kızı,bardak
1,kızı,gövdesinden
1,kızı,kuvvetlerinin
1,kızın,arada
1,kızın,kez
1,lacivert,avukat
1,lacivert,elbise
1,lacivert,gizem
2,lacivert,takım
1,lacivert,topluluğu
1,lastik,terliklerin
2,lastik,terliklerini
1,layık,yıllarda
1,layık,öğrenci
1,lazım,yer
1,lik,güç'ün
1,lik,metre
1,loş,ışığında
1,luk,gelir
1,lüks,yuvaları
1,maddi,destek
1,maddi,toptancı
1,maddi,yardım
1,mafyatik,ilişkilerle
1,mahkum,bireyler
1,makroekonomik,istikrarın
1,maksimum,miktar
1,makul,düzeylere
1,makul,şarabı
1,mali,barış
1,mali,defa
1,mali,desteğinin
1,mali,gözetimin
1,mali,mesuliyeti
1,mali,milat
1,mali,sektör
1,mali,sıkıntılar
1,mali,tavsiye
1,mali,yük
1,mali,özerkliklere
1,manevi,değerlerini
1,manevi,votka
1,manyetik,ev
1,manyetik,hattı
1,masum,sofraların
1,mat,ışık
1,matematiksel,modelde
1,matematiksel,tekillikleri
1,matematiksel,tekilliği
1,materyalist,felsefenin
1,materyalist,sorunları
1,materyalist,yaklaşımdan
1,mavi,giysiler
1,mavi,göz
1,mavi,kadife
1,maziyle,bağlarını
1,maziyle,durum
1,maziyle,İş
1,mecazi,anlamda
1,mecazi,bölgede
1,mekansal,ifade
1,memeli,hayvan
1,memeli,kafasına
1,memnun,tehlike
1,memnun,öğretmen
1,merkez,noktası
1,merkez,soruların
1,merkez,yerde
1,merkezli,kültürler
1,mermer,merdiveni
1,metafizik,öğelerden
1,metafizik,öğelerle
1,metrajlı,film
1,metrajlı,istemi
1,metropolit,bölgelerden
1,metropolit,okulunun
1,mevcut,aday
1,mevcut,benzerliklerin
1,mevcut,dahil
1,mevcut,durumlara
1,mevcut,ilişki
1,mevcut,jandarma
1,mevcut,leblebi
1,mevcut,mektubu
1,mevcut,projeleri
1,mevcut,protokolün
1,mevcut,savaş
1,mevcut,stokları
1,mevcut,süresi
1,mevcut,tutuklamalar
1,mevcut,unsurlarının
1,mevcut,yapı
1,mevcut,çıkmasından
1,mevcut,önem
1,mevsimlik,rüzgar
1,mezun,hazırlanma
1,mezun,kurucusu
1,meşhur,ressam
1,meşhur,yolla
1,meşru,yollarla
1,meşruti,monarşiden
1,milli,anneannesinin
1,milli,başkanı
2,milli,eğitim
1,milli,güvenlik
1,milli,güvenliği
1,milli,haklarını
1,milli,haksızlık
1,milli,okullarda
1,milli,ortalamayla
1,milli,ot
1,milli,parkı
1,milli,takımının
1,milli,tane
1,milli,vakti
1,milli,yoksunluk
1,milli,şey
1,milyon,liradan
1,milyonlarca,seyirciye
1,mimari,eserlerinden
1,minareli,kasaba
1,minik,çocuklar
1,minimum,irtifa
1,minimum,kurallar
1,minyon,tip
1,modern,ağızlarda
1,modern,bankanın
1,modern,binaların
1,modern,dünya
1,modern,dünyanın
1,modern,ebeveynlikle
1,modern,imf
1,modern,izleyiciler
1,modern,teknolojilerinin
1,modern,çağda
1,moron,bakanı
1,muadil,ana
1,muadil,kavramlar
1,muazzam,büyüme
1,muazzam,köken
1,muazzam,sayıda
1,muazzam,öksürük
1,mucizevi,elatmalara
1,mucizevi,konuda
1,mucizevi,çocukları
1,muhtelif,servet
1,muhtelif,taşımacılığında
1,muhtelif,unsurlarından
1,muhtemel,yollarını
1,muhteşem,arkadaşlarınla
1,muhteşem,dans
1,muhteşem,final
1,muhteşem,güzelliğine
1,muhteşem,yerimiz
1,muhteşem,üzerine
1,mutabık,durum
1,mutlu,başarılarımızdan
1,mutlu,binadan
1,mutlu,birlikteliklerine
1,mutlu,hikayesi
1,mutlu,yuva
1,mutsuz,ailelerden
1,mutsuz,hayatın
1,mutsuz,terk
1,müdahil,ailelerine
1,mükelleflere,müjde
1,mükemmel,eğitimi
1,mükemmel,ilişkilerimi
1,mükemmel,zaman
1,mülki,amir
1,mülki,iktidarı
1,mümkün,coğrafya
1,mümkün,hale
1,münferit,girişimler
1,müslüman,vatandaşların
1,müstakbel,cumhurbaşkanı
1,müstakbel,durdurmak
1,müstakbel,maktul
1,müstakbel,politikasını
1,müteakip,meydana
1,müteşekkil,topluluk
1,müthiş,damarlarını
1,müthiş,değerini
1,müthiş,zaman
1,müthiş,zamanı
1,müzikal,demirin
1,müzikal,koda
1,müzikal,şey
1,müşterek,raporu
1,müşterek,raporuna
1,nasyonal,sosyalistlerin
1,nasıl,eve
1,nasıl,viski
1,nazik,dille
1,ne,gövdenin
1,ne,hale
1,ne,işe
1,ne,koşuya
1,ne,sonra
1,ne,temas
1,ne,zaman
1,nesnel,defter
1,nesnel,evrenin
1,nesnel,gerçekliğe
2,nesnel,gerçekliği
3,nesnel,gerçekliğin
1,nesnel,içinde
1,nesnel,seferlerine
2,nesnel,yasa
2,nesnel,yasaların
1,nevrotik,sorun
1,nevrotik,çocuklara
1,nice,elinden
1,nihai,öneriler
1,nitelikli,işin
1,nitelikli,işçilerle
1,normal,güncelliği
1,normal,hareket
1,normal,hesaplarından
1,normal,koltuğa
1,normal,koşucu
1,normal,seviyelerine
1,numaralı,distribütörü
1,numaralı,sorunu
1,odalı,evi
1,odalı,saat
1,olacağından,kıyılarında
1,olacağından,yer
1,olası,eğilimleri
1,olası,operasyonunda
1,olası,operasyonunu
1,olası,savaşta
1,olası,savaşı
1,olaysız,oyunlar'ın
1,olaysız,para
1,olaysız,yaşamın
1,olağan,dışı
1,olağan,parçası
1,olağanüstü,araçlarında
1,olağanüstü,hal
1,olağanüstü,tarihine
1,olgun,davranışları
1,olgun,kişiliğin
1,olumlu,elinde
1,olumlu,ev
1,olumlu,gözle
1,olumsuz,etkileri
1,olumsuz,koşmasından
1,olumsuz,makamlarca
1,olumsuz,ruh
2,olumsuz,yönde
1,onca,bugün
1,onca,sopayı
1,onca,tahvillere
1,onca,çekim
1,onlarca,bankanın
1,onlarca,solukluğu
1,onlarca,takipçisi
1,onlarca,tepemizde
1,orijinal,raflara
1,orijinal,teknik
1,orijinal,şeyi
1,orta,alıcı
1,orta,atılım
1,orta,büyüklükte
1,orta,dahil
1,orta,elinden
1,orta,mayıs
1,orta,tunç
3,orta,vade
1,orta,yerinden
1,orta,yerine
1,ortadan,izin
1,ortadan,neden
1,ortadan,yasayı
1,ortadan,şarkıcıya
1,ortak,aklımdan
2,ortak,dilimiz
1,ortak,etmeye
1,ortak,giyme
1,ortak,isim
1,ortak,kavramlar
1,ortak,kültürüne
1,ortak,projede
1,ortak,yönlerini
1,ortak,özellik
1,ortalama,getiri
1,ortanca,amcam
1,ortanca,ev
1,ortasında,yasama
1,ortaya,dizel
1,ortaya,fikirler
1,ortaya,gündemin
1,ortaya,neden
1,ortaya,parçaya
1,ortaya,tekillik
1,ortaya,tekilliği
1,ortaya,çizelgelerinin
1,otonom,hükümet
1,otoriter,doktorla
1,otozomal,verilere
1,otozomal,yanlışlığı
1,pahalı,ilaç
1,pahalı,işçilerin
1,pahalı,kesişimlerinde
1,pahalı,marka
1,pahalı,oyuncakları
1,pahalı,sigara
1,pahalı,standart
1,pahalı,zamanlar
1,paralel,ajansı
1,paralel,bağlantıyla
1,paralel,dünyasının
1,paralel,kanalı
1,paralel,otelin
1,paralel,seyir
1,paralel,şapel
1,parlak,kravatlarıyla
1,parlak,zeka
1,parlak,ışığını
1,partili,çoğunluk
1,partililere,kırıklığına
1,peluş,terliklerini
1,pembemsi,ışığın
1,pis,kitap
1,pis,köpeği
1,politik,boyutu
1,politik,görüşlerinin
1,popüler,platformların
1,porselen,eşyayı
1,pozitif,albümü
1,pozitif,etiket
1,pozitif,mektubu
1,pratik,ihtiyaçlarını
1,pratikte,cenazenin
1,primli,bugün
1,primli,sopayı
1,primli,tahvillere
1,primli,tahvillerin
1,primli,çekim
1,profesyonel,bağımsızlıklarını
1,profesyonel,dansçı
1,profesyonel,ilişki
1,profesyonel,kimse
1,profesyonel,mensuplarıyla
1,profesyonel,odalar
1,psikolojik,bunalımlar
1,quebec'li,gazeteciyi
1,radikal,devrimci
1,radikal,zeytin
1,rahat,davranış
1,rahat,devlet
1,rahat,ev
1,rahat,koltuğa
1,rahat,kütüklerden
1,rahat,maaş
1,rahat,pantolonlarla
1,rahat,pilotlara
1,rahat,yüzü
1,rahatsız,ayakkabılar
1,rahatsız,hizmeti
1,rastgele,odanın
1,rastgele,tane
1,rastgele,çalışanı
1,redingotumsu,nesneyi
1,reel,getiri
1,rengarenk,din
1,rengarenk,oyuncaklar
1,rengarenk,sırada
1,renkli,dünya
1,renkli,yer
1,resmi,ağıza
1,resmi,biyografisi
1,resmi,evrakları
1,resmi,fotoğraflarının
1,resmi,hegemonyası
1,resmi,karar
1,resmi,mimar
1,resmi,park
1,resmi,tarihle
1,resmi,yollar
1,resmi,ödülün
1,retro,iş
1,retro,şekilde
1,ruhsal,çöküntümün
1,rum,üye
1,rus,politikacıların
1,rustik,alanları
1,rutin,ultrasonla
1,rutine,yılından
1,sabit,abanoz
1,sabit,fiyat
1,sabit,koyun
1,sabit,rüzgar
1,sabit,çocuklar
1,saf,duygudan
1,saf,kan
1,saf,ocak
1,sahip,aile
1,sahip,insan
1,sahip,kişi
1,sahip,yatırımcı
1,sahip,üyesi
1,sahip,şirketi
1,sahipsiz,yer
1,sahte,renklerden
1,sakin,başkanı
1,sakin,gününde
1,sakin,prens
1,sakin,yapısında
1,sakıncalı,sahneler
1,saldırgan,bildirisinde
1,saldırgan,politikasıyla
1,samimi,film
1,samimi,kurulu
1,sanal,durum
2,sanal,parçacıklar
1,sanal,sigara
1,sanal,çocuklar
1,sanatsal,çağrısını
1,sarhoşlara,kır
1,sarp,arazide
1,sarı,artışı
1,sarı,haplarla
1,sarı,humma
1,sarı,köpek
1,sarı,saç
2,sarı,çiçeklerle
1,sarısı,saçların
1,sarısı,saçlarından
1,sarışın,çocuk
1,saydam,eldivenler
1,saygın,başkanı
1,saygın,evrenbilimci
1,saygın,komutanı
1,saygın,köylerde
1,sayılı,uçağının
1,sayın,anlaşması
1,sayın,annesi
1,sayın,cumhurbaşkanı
1,sayın,güçler
1,sayın,tane
1,sayın,üyeleri
1,sağ,bacağı
1,sağ,control
3,sağ,eliyle
1,sağ,kanadı
1,sağ,partiler
1,sağ,rekabet
1,sağ,zamanlaması
1,sağ,çözümleri
1,sağlam,iskele
1,sağlam,şirketlere
1,sağlıklı,büyüme
1,sağlıklı,dualarıma
1,sağlıklı,ekosistem
1,sağında,sırada
1,sağında,taburede
1,sektörel,müsteşar
1,sektörel,peyniri
1,sektörel,ürünleri
1,serbest,atım
1,serbest,çalışan
1,seri,insanın
1,seri,kitaplar
1,seri,malın
1,serin,bilgisini
1,serin,havayla
1,serin,kapısını
1,sert,drama
1,sert,içkileri
1,sert,sesi
1,sert,tepki
1,sert,uçak
1,sert,yan
1,sesli,basınının
1,sesli,sinyal
1,sesli,yardım
1,sesli,yayın
1,sessiz,hizmetçisi
1,sessiz,pencereyi
1,sessiz,tonlama
1,setlik,kayıp
1,sevgilim,arkadaşlarına
1,sevgilim,etmek
1,sevgilim,maddeleri
1,sevgilimle,bulutları
1,sevgilisine,rol
1,sevgilisiyle,gününü
1,sevgİlİsİ,yanıbaşımda
1,sevimli,koyunu
1,sevimli,oğluna
1,sevimli,sebze
1,silahlı,isyana
1,silahsız,teslim
1,sinematik,puanlar
1,sinirli,ayılar
1,sinoptik,klimatolojileri
1,sivil,dozajı
1,sivil,eroin
1,sivil,göğsüne
1,sivil,hakları
1,sivil,havacılık
1,sivil,kaçınmak
1,sivil,mahkemede
1,sivil,toplum
1,sivil,Özgürlükler
1,sivillere,kabul
1,sivillere,muhtıra
1,siyah,askısını
1,siyah,bluzundan
1,siyah,elbiseleri
1,siyah,film
1,siyah,işte
1,siyah,köpeğinden
1,siyah,nesneyi
1,siyah,perukla
1,siyah,postu
1,siyah,çelenk
1,siyah,ısrar
1,siyasal,arazi
2,siyasal,devrimlerin
1,siyasal,devrimlerle
1,siyasal,karşısında
1,siyasal,kişiliklerin
1,siyasi,belirsizliğin
1,siyasi,denetimi
1,siyasi,düğmeleri
1,siyasi,düşmanlarına
1,siyasi,elde
1,siyasi,emektarını
1,siyasi,fır
1,siyasi,garanti
1,siyasi,inanç
1,siyasi,kuşku
1,siyasi,para
2,siyasi,partiler
1,siyasi,partilere
1,siyasi,partilerin
1,siyasi,refuted
1,siyasi,retorik
1,siyasi,riskte
1,siyasi,sistemleri
1,siyasi,söylemler
1,siyasi,süreç
1,siyasi,tutsaklar
1,siyasi,çocuk
1,sol,aynası
1,sol,aynasını
1,sol,bileğine
1,sol,casino
1,sol,cebine
1,sol,denize
1,sol,elini
2,sol,eliyle
1,sol,gözün
1,sol,gün
1,sol,iniş
1,sol,işbirliği
1,sol,kıyısında
1,sol,pirinç
1,sol,uçuşu
1,sol,çocukları
1,solda,partilerden
1,soluk,kestirimlerin
1,soluk,tarafından
1,solukta,kredi
1,solukta,zamanında
2,som,altından
1,som,bakışta
1,somurtkan,dudakları
1,somurtkan,suratında
1,somurtkan,yüzle
1,somut,niteliklerinden
1,son,33'üne
1,son,adlar
1,son,alana
2,son,anda
1,son,atılımlarının
1,son,avukatı
1,son,ayları
1,son,azalışın
1,son,bakanlığı
1,son,bağlamda
1,son,bilgi
1,son,bilgiye
1,son,borcum
1,son,bölgelerine
1,son,celse
1,son,cezam
1,son,cumhuriyeti
1,son,dakika
1,son,dalgaları
1,son,darbe
1,son,defa
1,son,demlerinde
3,son,derece
1,son,derste
1,son,değişikliklerini
1,son,dillerinde
1,son,durumunda
2,son,duygularıyla
1,son,duygusunu
1,son,dönemde
1,son,dönemlerinde
1,son,enerjiler
1,son,filmi
1,son,gayretle
1,son,geceyi
1,son,görev
1,son,görüşümüz
2,son,gün
1,son,gündüz
2,son,günlerde
1,son,günlerinde
1,son,gününde
1,son,hazırlıklar
1,son,iddialarını
1,son,imf'nin
1,son,insanın
1,son,içkilerini
1,son,kafanda
1,son,kayalara
1,son,kelepçede
1,son,kitabını
1,son,kullanılması
1,son,kuramı
1,son,köşeyi
1,son,kışın
1,son,lise
1,son,melek
1,son,mizacı
1,son,noktayı
1,son,ocak
1,son,olanağı
1,son,olaylar
1,son,opera
1,son,oyunlarının
1,son,oyunlarıyla
1,son,papaz
1,son,partisi
1,son,parça
1,son,pazarımız
1,son,performans
1,son,rakamlar
1,son,resimlerine
1,son,romanı
1,son,romanını
1,son,rüzgarından
1,son,sarılışım
1,son,savaşının
1,son,sekreter
1,son,sene
1,son,ses
1,son,silahım
1,son,sistemi
1,son,su
1,son,söylemlerine
1,son,sürücü
1,son,sıkıntı
1,son,tarih
1,son,teknoloji
1,son,televizyonu
1,son,temsilcisi
1,son,uçuşa
1,son,vapurunun
1,son,vergiler
2,son,yaşında
1,son,yol
1,son,yolculuklarına
1,son,yolculuğunda
1,son,yollarından
1,son,yudumları
1,son,yudumu
1,son,yüzyıldan
1,son,yılda
3,son,yıllarda
1,son,yılların
1,son,yıllarında
2,son,yılı
1,son,yılında
1,son,zahmet
5,son,zamanlarda
1,son,zamanımızda
1,son,çatı
1,son,çekici
1,son,önlemler
1,son,örnekleriyle
1,son,şey
1,sonraki,ekim
1,sonraki,günlerime
1,sonraki,yıllarda
1,sonraki,şaşkınlıkla
1,sonu,itibariyle
1,sonuna,bayım
1,sorumlu,devlet
1,sorumlu,hücrelerinde
1,sorumlu,psikolog
1,sosyal,bardak
1,sosyal,belediye
1,sosyal,boyutu
1,sosyal,drama
1,sosyal,etkilerini
1,sosyal,internet
1,sosyal,konutlarının
2,sosyal,kurum
1,sosyal,medya
1,sosyal,medyada
1,sosyal,statüko
1,sosyal,yardımlarda
1,sosyolojik,oyunlarından
1,soyut,nicelik
1,soğuk,alanında
1,soğuk,albüm
1,soğuk,deponun
1,soğuk,duvarların
1,soğuk,iklimi
1,soğuk,kökeni
1,soğuk,olayı
1,soğuk,savaş
1,soğuk,sütünden
1,soğuk,yel
1,soğuk,yolculuktan
1,soğuk,şarap
1,soğuğuna,nispet
1,statik,hatlarından
1,statik,seçimlerde
1,sterlinlik,bakiyeleri
1,stilistik,eliyle
1,stilistik,çözümleri
1,sulak,alanlar
1,sulak,annemden
1,sulu,reprodüksiyonlar
1,sözlü,talimatlar
1,sübjektif,dizgede
1,sübjektif,idealizm
1,süper,dünyaya
1,süper,güce
1,süper,kahramanlar
1,süper,sevgi
1,süper,öğrencilerden
1,sürekli,bekar
1,süreli,felcini
1,süzgün,devletin
1,süzgün,fırsat
1,süzgün,gözlerle
1,sıcak,davranış
3,sıcak,havalar
1,sıcak,niyetine
1,sıcak,savaşta
1,sıcak,suyun
1,sıcak,yemek
1,sıcak,çay
1,sıcak,çorbalar
1,sıcak,ülkede
1,sıcak,şansları
1,sıkı,biçimde
1,sıkışık,seanslar
1,sıkışık,sırada
1,sımsıkı,bölümünde
1,sımsıkı,detay
1,sımsıkı,etekliği
1,sımsıkı,sığır
1,sınırlı,koruması
1,sınırlı,suları
1,sınırsız,doktor
1,sınırsız,veri
1,sıradan,bilgisayarında
1,sıradan,gezegen
1,sıradan,gezegende
1,sıradan,hesaplarına
1,sıradan,makinesi
1,sıradan,mangal
1,sıradan,sorunun
1,sıradan,türü
1,sıradan,yaşamından
1,sıradan,öyküsü
1,sıradan,özgürlük
1,sığ,kurulu
1,sığ,lagünleri
1,tabana,hitap
1,tabana,kıraathanesi
1,tabi,leblebi
1,tabi,sinemaları
1,tabi,yayınlanmasıyla
1,tabii,bakımından
1,tabii,dikkat
1,tabii,dün
1,tabii,hükümetin
1,tabii,resim
1,tabii,saygıdan
1,tabii,su
1,tabii,önerisine
1,tabii,ülke
1,tahta,arabalar
1,tahta,cetvelle
1,tahtadan,tasma
1,takma,kirpiklerin
1,takma,kirpiklerinden
1,taktiksel,hata
1,tam,anlamıyla
1,tam,dolunay
1,tam,fırsat
1,tam,kapasiteyle
1,tam,karşısında
1,tam,ortasında
1,tam,stopaj
1,tam,sırada
1,tam,verilerinin
1,tam,yılı
1,tam,zamanı
1,tamam,oğlum
1,taraflı,karar
1,tarihi,barışa
1,tarihi,bebeğinin
1,tarihi,binası
1,tarihi,elbise
1,tarihi,konu
1,tarihi,referans
1,tarihi,şehir
1,tarihi,şirketlerinden
1,tarihli,röportajda
1,tarihli,unsuru
1,tarihli,yazılarına
1,tarihsel,değişiklikleri
1,tarihsel,evde
1,tarihsel,haklarla
1,tarihsel,materyalizmi
1,tarihsel,önem
1,tatlı,beyin
1,tatlı,can
1,tatlı,oğlunuz
1,tatlı,su
1,tatsız,el
1,tatsız,süre
1,tatsız,yemekler
2,tavan,ücretlerini
1,tavan,şifrelerle
1,taylandlı,fotoğraflarına
1,taylandlı,not
1,taze,bölüme
1,taze,heyecanını
1,taze,para
1,tecrübeli,kesiminin
2,tek,antropolog
1,tek,araç
1,tek,avukat
3,tek,başına
1,tek,besini
1,tek,bölge
1,tek,dallarının
1,tek,disketi
1,tek,evde
1,tek,göz
1,tek,güvertesinden
1,tek,halatlar
1,tek,havada
1,tek,havalardan
1,tek,hedefleri
1,tek,hesabı
1,tek,hesabın
1,tek,inancım
1,tek,iş
2,tek,kelime
1,tek,kişi
1,tek,konusu
1,tek,kurşun
1,tek,prensi
1,tek,sonbaharda
1,tek,sözcükle
1,tek,yardımcı
1,tek,yemeği
1,tek,yeterliliğini
1,tek,zaman
1,tek,Ömür
1,tek,çocuklarının
1,tek,öğrenimle
1,tek,üzerinde
1,tek,şey
1,teknik,arabamız
1,teknik,bilgiyi
1,teknik,doğum
1,teknik,hata
1,teknik,heyetin
1,teknik,raporları
1,teknik,raporu
2,teknik,raporun
1,teknik,tohumlarının
1,teknik,veriler
1,teknik,yer
1,teknolojik,açıdan
1,teknolojili,yaklaşım
1,temel,dayanağı
1,temel,değerlerin
1,temel,etkilerini
1,temel,eğitimin
1,temel,fabrikası
1,temel,fırtınadan
1,temel,görkemiyle
1,temel,harcamalarında
1,temel,hastalıkları
1,temel,hayvanları
1,temel,maddesi
1,temel,makale
1,temel,mevzisi
1,temel,nitelikleri
1,temel,niteliklerinden
1,temel,stopaj
1,temel,tarife
1,temel,unsur
1,temel,özelliklerini
1,temelinde,güce
1,temelinde,sevgi
1,temeline,film
1,temelli,operatörlerine
1,temiz,görevler
1,temiz,tabakları
1,teorik,atılım
1,teorik,atılımı
1,teorik,bilgiye
1,teorik,dönemi
1,tersine,işaret
1,tersinir,giyme
1,tersinir,süreç
1,tersiyle,babasına
1,tesadüfi,durumlara
1,ticari,kanunun
1,ticari,karakollar
2,ticari,mal
1,ticari,salonun
1,tombul,anahtarı
1,tombul,dizleri
1,tombul,pantolonla
1,toplam,satışları
1,toplumsal,bilimleri
2,toplumsal,etkinlik
1,toplumsal,hiyerarşiyi
1,toplumsal,kullanımı
1,toplumsal,sorunumuz
1,topografik,alkole
1,topografik,özellikleri
1,tropikal,askeriye
1,tropikal,paramız
1,tropikal,renkleri
1,tuhaf,adlar
1,tuhaf,bölgelerine
1,tuhaf,yıllarda
1,turistik,yörenin
1,tutarlı,hadisesinden
1,tutarlı,içerisinde
1,tuzsuz,peynirlerimiz
1,türk,halkının
1,türk,vergi
1,türk,yerine
1,türklerin,ülkelerinde
1,türlü,numaralar
1,türlü,seviye
1,türlü,sözleşmesine
1,tıbbi,görevliler
1,tıbbi,kişiler
1,tıbbi,tedavilerinin
1,tıbbi,zaman
1,ucuz,darbukalardan
1,ucuz,gece
1,ufak,avukat
1,ufak,duygu
1,ufak,ihtimal
1,ufak,mezelerle
1,ufak,tarafından
1,ufak,çocuk
1,ulu,ağaçlarının
1,ulusal,adam
1,ulusal,aşk
1,ulusal,danışmalar
1,ulusal,düzeyde
1,ulusal,erkek
1,ulusal,güvenlik
1,ulusal,ihtiyaç
1,ulusal,konseyi
1,ulusal,meclis'i
1,ulusal,mirası
1,ulusal,resimler
1,ulusal,resimleri
1,ulusal,sözcükler
1,ulusal,tarihinizde
1,ulusal,tasarruf
1,ulusal,tepkiler
1,uluslararası,dereceye
1,uluslararası,halde
1,uluslararası,ismi
1,uluslararası,kongresi
1,uluslararası,makinen
1,uluslararası,maçta
1,uluslararası,nokta
1,uluslararası,oyunları
1,uluslararası,patlıcan
1,uluslararası,piyasasının
1,uluslararası,sözcüğüne
2,uluslararası,Örgütü
1,uluslararası,İstasyonuna
1,ulvi,arabası
1,ulvi,meslek
1,umumi,talep
1,usta,ressam
1,usta,yalnızlığımda
1,utangaç,hallerinden
1,utangaç,sübvansiyon
1,uyduruk,araba
1,uyduruk,kalemle
1,uyduruk,soğanı
1,uyduruk,türbe
1,uyduruk,şeyler
1,uygun,adam
1,uygun,aile
1,uygun,domuz
2,uygun,ev
1,uygun,fiyatlarla
1,uygun,gösteri
1,uygun,isim
1,uygun,kaynakları
1,uygun,kez
1,uygun,kişi
1,uygun,konu
1,uygun,mevsim
1,uygun,saat
1,uygun,sağlığı
1,uygun,su
1,uygun,sözcük
1,uygun,tablo
1,uygun,teoloji
1,uygun,yerinde
1,uygun,yoluyla
1,uygun,şekilde
1,uygunsuz,ilişki
1,uyumlu,ses
1,uyumlu,yere
1,uyumsuz,telefon
1,uyuşturucu,haplarla
1,uzak,doğusunda
1,uzak,kişilerden
1,uzak,riskleri
1,uzak,roman
1,uzak,sonra
1,uzak,yolculuğa
1,uzak,öpücük
1,uzak,ülkelerden
1,uzaklara,sözcüğüne
1,uzaklara,öne
1,uzaklarda,kanalı'nda
1,uzakta,durumunda
1,uzakça,koltuğa
1,uzman,firmayla
1,uzmanın,sahip
1,uzun,alıntıdan
1,uzun,arabasını
1,uzun,ağaç
1,uzun,birlikteliğimiz
1,uzun,boy
1,uzun,bürokrat
1,uzun,dağ
1,uzun,dil
1,uzun,diyalog
1,uzun,donunun
1,uzun,doruk
1,uzun,dönemi
1,uzun,elleri
1,uzun,göz
1,uzun,günlerde
1,uzun,hallerine
1,uzun,hedeflerinde
1,uzun,hikayeyi
1,uzun,insanları
1,uzun,inşa
1,uzun,isyancılar
1,uzun,iş
1,uzun,kanıtı
1,uzun,kirpikleri
1,uzun,kişi
1,uzun,kuşatmayı
1,uzun,maydanoz
1,uzun,ocak
1,uzun,odanın
3,uzun,parmak
1,uzun,parçacık
1,uzun,perukla
1,uzun,seferi
1,uzun,sessizlik
1,uzun,söz
2,uzun,süre
1,uzun,tanrının
1,uzun,tanımlaması
2,uzun,tie
3,uzun,vade
1,uzun,vadede
1,uzun,yaşta
1,uzun,yerde
1,uzun,yolculuklara
1,uzun,yolculukta
7,uzun,yıllar
1,uzun,zaman
1,uzun,çocuk
1,uzun,özetlerini
1,uçucu,bulutçuk
1,uğurlu,renkleri
1,uğurlu,yarına
1,vadeli,bozulmaya
1,var,akıl
1,var,civarında
1,var,değerin
1,var,ekibinin
1,var,filmini
1,var,fiyatları
1,var,gün
1,var,kuşku
1,var,yazısı
1,varan,kış
1,varoluşsal,gün
1,varoluşsal,kadavranın
1,varoluşsal,türünden
1,varoluşsal,çakşırına
1,vasal,devlet
1,vasıfsız,işçilerin
1,vasıfsız,zaman
1,verici,hale
1,vicahiye,altında
1,viral,yayınlarını
1,virtual,parçacıklar
1,virtual,parçacıklarla
1,volkanik,adaları
1,vurdumduymaz,adamları
1,vurdumduymaz,anne
1,yabancı,ailenin
1,yabancı,birimi
1,yabancı,dil
1,yabancı,grupların
1,yabancı,gözlemcilere
1,yabancı,ilkesi
1,yabancı,kirpikleri
1,yabancı,parçası
1,yabancı,sermaye
1,yabancı,yatırımcının
1,yabancı,şirketlerine
1,yabancı,şirketlerinin
1,yaklaşık,40'ına
1,yaklaşık,alanı
1,yaklaşık,ay
1,yaklaşık,başsavcılığı'na
1,yaklaşık,dakika
1,yaklaşık,devlet
1,yaklaşık,gözlerimin
1,yaklaşık,hafta
1,yaklaşık,hazine
1,yaklaşık,kalemimi
1,yaklaşık,savaş
1,yaklaşık,seçimlerinde
1,yaklaşık,sterlin
1,yaklaşık,tona
1,yaklaşık,yemekte
1,yaklaşık,yıl
1,yakın,alanının
3,yakın,arkadaşlarımdan
1,yakın,hava
1,yakın,herkesin
1,yakın,ihtiyaçlarını
1,yakın,ilgi
1,yakın,içeri
1,yakın,korkunuz
1,yakın,koymaya
1,yakın,masada
1,yakın,noktada
1,yakın,nüfusa
1,yakın,teşekkürler
2,yakın,zamanda
1,yakın,çuvalından
1,yakında,ayıp
1,yakında,farklılığı
1,yakında,mağazasından
1,yakında,tüketici
1,yakından,bıyık
1,yakından,günümüzde
1,yakından,milletvekili
1,yakından,rolü
1,yakından,tonda
1,yakından,yerde
1,yakınlarınızdan,canım
1,yalan,doğu
3,yalnız,başına
1,yalnız,domuz
1,yalnız,parçalarını
1,yalnız,tören
1,yalnızca,alanlarla
1,yalnızca,bölümünü
1,yalnızca,ellisi
1,yalnızca,kokunun
1,yalnızca,otobüslerde
1,yalın,kişiliği
1,yan,bakış
1,yan,bilim
1,yan,gözle
1,yan,odadan
1,yan,sanayinin
1,yan,yüzlerini
1,yan,şapel
1,yana,araştırmaya
1,yana,pozisyon
1,yana,uçakta
1,yana,vakıflarına
1,yanda,koltuğa
1,yanda,odanın
1,yanda,salona
1,yandan,veri
1,yandan,ışıkları
1,yanlarına,vakıf
1,yanlış,annesi
1,yanlış,araba
1,yanlış,bedellerinin
1,yanlış,edildiği
1,yanlış,falan
1,yanlış,fotoğraflarına
1,yanlış,hastalıkları
1,yanlış,kariyerinin
1,yanlış,kurgusunda
1,yanlış,not
1,yanlış,teratom
1,yanlış,uygulamayı
1,yanlış,yerde
1,yanlış,zaman
1,yanı,sıra
1,yanı,çocuk
1,yanık,gül
1,yanık,koku
1,yanıma,ordusu
1,yanıma,peşimde
1,yanımda,koltuğa
1,yanımda,koşucu
1,yanımda,oğluna
1,yanına,güzergah
1,yanına,hıyar
1,yanına,nefret
1,yanına,oyunlarının
1,yanında,analizde
1,yanında,bayana
1,yanında,duruşuyla
1,yanında,ihtimalini
1,yanında,masaya
1,yanında,pencerelere
1,yanında,sonucu
1,yanında,staj
1,yanında,yer
1,yanında,şampiyonu
1,yanında,şeyleri
1,yapay,zeka
1,yapmacıksız,telaş
1,yaramaz,gül
1,yaramaz,öğrenciye
1,yararlı,anlaşması
1,yararlı,bugün
1,yararlı,dernekler
1,yararlı,insanlar
1,yararlı,konutları
1,yararlı,kuşun
1,yararlı,liderliğinde
1,yararlı,yerine
1,yararlı,yorumlardan
1,yarı,bugün
1,yarı,düşüm
1,yarı,enerji
1,yarı,ev
1,yarı,finale
1,yarı,kamu
1,yarı,tamu
1,yarı,teknolojiye
1,yarı,valisi
1,yarı,yatak
1,yarı,yıllardan
1,yarım,milyona
5,yarım,saat
1,yarım,sonlarında
1,yarım,yatağına
1,yarım,şişe
1,yasadışı,vergiler
1,yasaklardan,payını
1,yasal,göçmenin
1,yasal,hale
1,yasal,imkandan
1,yasal,işlemlere
1,yasal,uyuşmazlıklara
1,yasal,zorunluluktan
1,yavaş,araştırmalarının
1,yavaş,defa
1,yavaş,erkekler
1,yavaş,hayatların
1,yavaş,ritim
1,yavaş,tarihin
1,yavaş,ölümü
1,yaygın,eldivenler
1,yaygın,gece
1,yaygın,gıda
1,yaygın,kanaat
1,yaygın,kültürlerine
1,yaygın,kız
1,yaygın,pilotlar
1,yaygın,tümör
1,yaygın,şekli
1,yazılı,afişi
1,yazılı,firavununa
1,yazılı,koşuluyla
1,yazılı,oy
1,yazılı,pankart
1,yazılı,saatlerde
1,yağlı,et
1,yağlı,rehin
1,yağmurlu,mevsim
1,yağışlı,mevsimlerin
1,yaş,kartı
1,yaş,özelliklere
1,yaşamsal,sorunlardan
1,yaşamsal,çocuklar
1,yaşlarında,başkanlık
1,yaşlı,adam
2,yaşlı,adamın
1,yaşlı,babanızla
1,yaşlı,babası
1,yaşlı,derinden
1,yaşlı,haziranda
1,yaşlı,inanmamaları
1,yaşlı,ölçüte
1,yaştan,insan
1,yaştan,insanlar
1,yaşımda,başını
1,yaşımda,hale
1,yaşımda,kalabalık
1,yaşımda,yemeği
1,yaşımda,çocuklar
1,yaşımızda,çocuk
1,yaşında,dedenin
1,yaşında,karısı
1,yaşında,manganez
1,yedek,biletimiz
1,yedek,subay
1,yedek,suya
1,yeni,adayımız
1,yeni,adımlarla
1,yeni,aklımıza
1,yeni,aksiyomlar
1,yeni,alfabe
1,yeni,algılar
1,yeni,alternatifler
1,yeni,alıştırmaya
1,yeni,anayasada
1,yeni,anlamda
1,yeni,anlaşması
1,yeni,aracı
1,yeni,aracını
1,yeni,araçların
1,yeni,atılımlarla
1,yeni,ağabey
1,yeni,baba
2,yeni,bavul
1,yeni,başbakanı
1,yeni,başlangıçtan
1,yeni,beraberliğin
1,yeni,bilgiler
2,yeni,bilgilere
1,yeni,bilgisayar
1,yeni,bilim
1,yeni,bina
1,yeni,birlikteliklerin
1,yeni,bugün
1,yeni,bölümleri
1,yeni,bölünme
1,yeni,bürosu
1,yeni,bütçe
1,yeni,büyükelçileri
1,yeni,cephe
1,yeni,cumhuriyeti
1,yeni,dayızadem
1,yeni,devrim
1,yeni,değişikliği
1,yeni,dikiş
1,yeni,din
1,yeni,dokümanlara
1,yeni,dozajı
1,yeni,dünyasında
1,yeni,dünyaya
1,yeni,engel
1,yeni,esrarın
1,yeni,eve
1,yeni,evimizden
1,yeni,evlerinden
1,yeni,faizi
1,yeni,fikirlerin
1,yeni,fonlar
1,yeni,gelir
1,yeni,gelişmeler
1,yeni,gelişmelere
1,yeni,generallerin
1,yeni,geçirmesinin
3,yeni,gömlek
1,yeni,gömlekler
1,yeni,gözden
1,yeni,günah
1,yeni,gündemin
1,yeni,güzelliğine
1,yeni,hattının
1,yeni,hedef
1,yeni,hipotezlere
1,yeni,ihalelerine
1,yeni,ili
1,yeni,ilişki
1,yeni,ilişkiler
1,yeni,insan
1,yeni,insanlar
1,yeni,işine
1,yeni,kahve
1,yeni,kanserlerin
1,yeni,kiracılar
1,yeni,komşuları
2,yeni,komşularımızla
1,yeni,konjonktüre
1,yeni,konutları
1,yeni,konuşmanın
1,yeni,korku
1,yeni,korkular
1,yeni,kostümler
1,yeni,kuramlara
1,yeni,leke
1,yeni,limanlar
1,yeni,lisesi'ni
1,yeni,lobisinin
1,yeni,lodos
1,yeni,mahalleler
1,yeni,matematik
1,yeni,maydanozu
1,yeni,mevzuata
1,yeni,nesil
1,yeni,oda
1,yeni,olanakları
1,yeni,ortam
1,yeni,oyunlarından
2,yeni,pabuç
1,yeni,paltomu
1,yeni,parfümü
1,yeni,parti
1,yeni,partisi
1,yeni,polis
1,yeni,projelerinin
1,yeni,rahatsız
1,yeni,raporlardan
1,yeni,sevecenliğiyle
1,yeni,siparişleri
1,yeni,siparişlerinin
2,yeni,sistemin
1,yeni,sisteminin
1,yeni,sohbet
1,yeni,sonuçlara
1,yeni,süreçlerin
1,yeni,sınavlar
1,yeni,sınıf
1,yeni,sınırlar
1,yeni,tamir
1,yeni,tane
1,yeni,tayin
1,yeni,teknolojiler
1,yeni,teknolojiyle
2,yeni,televizyon
2,yeni,temsil
1,yeni,tepki
1,yeni,turizm
1,yeni,ufuklar
1,yeni,versiyonunu
1,yeni,yandan
1,yeni,yapının
1,yeni,yara
1,yeni,yasada
1,yeni,yasası'nda
1,yeni,yatırımların
1,yeni,yayın
1,yeni,yerinden
1,yeni,yetenekleri
1,yeni,yol
1,yeni,yönergeler
1,yeni,yönetim
2,yeni,yönetmelikle
1,yeni,yük
1,yeni,zenginlikler
1,yeni,zorluklarla
1,yeni,çayları
1,yeni,öğesi
1,yeni,öğrencilerini
2,yeni,öğretmeni
3,yeni,öğretmenimiz
1,yeni,İhale
1,yeni,Şehri'nin
1,yeni,şarkılarını
1,yeni,şekle
1,yeni,şey
1,yeni,şeyler
1,yepyeni,titreşimin
1,yepyeni,şemsiyemi
1,yerel,alan
1,yerel,evinden
1,yerel,güç
1,yerel,sakinlerin
1,yerel,yönetimi
1,yerel,yönetimlerin
1,yerleşik,şirketlerin
1,yerli,dil
1,yerli,dilinde
1,yerli,eli
1,yerli,fırınlarda
1,yerli,gruplar
1,yerli,halk
1,yerli,halklarla
1,yerli,isim
1,yerli,kez
1,yerli,mahalleler
1,yerli,penceresinden
1,yerli,sayfaları
1,yerli,sağlığına
1,yerli,sistem
1,yerli,turist
1,yerli,yatırımcıların
1,yeter,odamla
1,yeterli,davacı
1,yeterli,gıdayı
1,yeterli,koruma
1,yetersiz,elçisini
1,yetişkin,çocuk
1,yetkililerle,denizimiz
1,yetmişli,hava
1,yetmişli,yıllara
1,yeşil,atkı
1,yeşil,ağaçlarının
1,yeşil,elbisem
1,yeşil,fasulye
2,yeşil,gözleri
1,yeşil,perdeler
1,yeşil,sabah
1,yeşili,çayırlarda
1,yiyecek,arasında
1,yiyecek,masada
1,yiyecek,olayın
1,yiyecek,şey
1,yiyecek,şeyler
1,yok,luğunu
1,yok,sonucu
1,yoksullara,vatandaşlarının
1,yoktan,tarafından
1,yorgun,adımlarla
1,yorgun,kişi
1,yoğun,ipotek
1,yoğun,kavrayış
1,yoğun,sevgi
1,yoğun,siste
1,yoğun,sıkıntıya
1,yoğun,tempoyla
1,yoğun,yetiştiriciliği
1,yukarıda,kazadan
1,yukarıda,köşeden
1,yumruğa,tavsiye
1,yumuşak,dalgaların
1,yumuşak,hedef
1,yumuşak,tutuşu
1,yumuşak,yatırımcıların
1,yuvarlak,koltuğa
1,yönlendirici,ailenin
1,yönlendirici,ilkesi
1,yönlendirici,şirketlerinin
1,yüksek,aleme
1,yüksek,anlamda
1,yüksek,anlar
1,yüksek,arama
1,yüksek,arasında
1,yüksek,artış
1,yüksek,ağaç
1,yüksek,binası
1,yüksek,devletin
1,yüksek,dünyada
1,yüksek,düzeyde
1,yüksek,düzeyine
1,yüksek,ekonomisiyle
1,yüksek,gözlemlerden
1,yüksek,hikayeleriyle
1,yüksek,ihtiyaç
1,yüksek,iptal
1,yüksek,içeriğinden
1,yüksek,kurulu’nu
1,yüksek,maaşı
1,yüksek,mahkemesinde
2,yüksek,mahkemesine
3,yüksek,meslek
1,yüksek,metre
1,yüksek,ortakokul
2,yüksek,rakım
1,yüksek,seviyelerde
1,yüksek,seviyesi
1,yüksek,sofraya
1,yüksek,sıcaklığının
1,yüksek,tansiyonu
1,yüksek,tekerlek
1,yüksek,teknolojinin
1,yüksek,temposundan
1,yüksek,tiraj
1,yüksek,yer
1,yüksek,yolculuğa
1,yüksek,çitleri
1,yüksek,çözünürlük
1,yüzeysel,yapıları
1,yüzlerce,işin
1,yüzlü,adamın
1,yılgın,günlerime
2,yıllık,bütçe
1,yıllık,evlilik
1,yıllık,geleneğin
1,zalim,babayı
1,zalim,gömülüşünü
1,zalim,kaptan
1,zamansız,karar
1,zarif,hareketlerimden
1,zavallı,evine
1,zayıf,akımcı
1,zehirli,hava
1,zeki,adamları
1,zengin,anne
1,zengin,turist
1,zeytinyağlıya,alanlarla
1,zeytinyağlıya,kokunun
1,zihinsel,uçak
1,zihinsel,çatışma
1,zor,coğrafyada
1,zor,cumhuriyeti
1,zor,dağları
1,zor,dil
1,zor,durum
1,zor,durumda
1,zor,dünyanın
1,zor,elektron
1,zor,gazeteci
1,zor,gerilime
1,zor,görevden
1,zor,görüşme
1,zor,günlerde
1,zor,ikna
1,zor,kimse
1,zor,kinde
1,zor,lira
1,zor,çamaşır
1,zor,ülkenin
2,zor,şey
1,zorlu,ajansı
1,zorlu,mücadele
1,zorlu,rehabilitasyon
1,zorlu,sınıfta
1,zorlu,yerine
1,zorunda,aklımda
1,zorunda,oranlarını
1,zorunda,çocuk
1,zorunlu,evim
1,zorunlu,iniş
1,zorunlu,kapısının
1,zorunlu,sistemini
1,zorunlu,vaftiz
1,zıt,fikirler
1,Çağdaş,afişi
1,Çağdaş,bilim
1,Çeyrek,akşam
1,Çeyrek,asır
1,Çeşitli,arabanın
1,Çeşitli,atılımın
1,Çeşitli,avukat
1,Çeşitli,babamın
1,Çeşitli,cevap
1,Çeşitli,dallarının
1,Çeşitli,senaryolar
1,Çeşitli,şahıslar
1,Çinli,toplumu
1,Çinli,şirketten
1,Çok,ağacı
2,Çok,gürültü
1,Çok,odasını
1,Çok,tarafından
1,Çok,tip
1,Çoklu,stratejisi
1,Çılgın,karı
1,Çılgın,yanıtın
1,Öbür,bardağı
1,Ön,sıralarda
1,Ön,tavsiyesi
1,Önlerde,hafta
1,Önlerinde,oynamaktan
1,Önlerinde,savaşı
1,Öyle,cephe
1,Öyle,felsefe
1,Öyle,günler
1,Öyle,hazırlıklar
1,Özel,adamları
1,Özel,asistanı
1,Özel,paltomun
1,Özel,saat
1,Özel,sektör
1,Özel,televizyonlar
1,Özel,zaman
1,Özel,şartları
1,Özel,şirketlerde
1,Özgür,süreç
1,Ünlü,borç
1,Ünlü,hesap
1,Ünlü,markaların
1,Ünlü,şarkı
1,Üst,hayatımla
1,Üst,kurullarda
1,Üstlerde,kazaklar
1,Üstünüzde,ev
1,Üstünüzde,gömlekler
1,Üvey,babalar
1,Üvey,babasıyla
1,çalışkan,öğrenciye
1,çamurlu,ayakkabıları
1,çamurlu,geceyi
1,çamurlu,suları
1,çamurlu,zirvelerinden
1,çaresiz,bölge
1,çaresiz,fiyatları
1,çaresiz,hali
1,çatık,kaşla
1,çağdaş,bilim
1,çağdaş,bilimin
1,çağdaş,devrim
1,çağdaş,hayatta
1,çağdaş,kavramının
1,çağdaş,ressamlarından
1,çağdaş,verilerin
1,çekici,gözlüğünü
1,çekici,kadın
1,çekici,yer
1,çekingen,insanlığın
1,çekingen,sabah
1,çelişik,durum
1,çetin,süreç
1,çetrefil,ruhunun
1,çevresel,değişikliklerin
1,çevrili,alana
1,çevrimiçi,fiziğinde
1,çevrimiçi,ortamda
1,çeşitli,alanlarında
1,çeşitli,başlıklarına
1,çeşitli,davaları
1,çeşitli,dillerinde
1,çeşitli,faiz
1,çeşitli,ismi
1,çeşitli,kitaplar
1,çeşitli,nedenlerle
1,çeşitli,oluşturmak
1,çeşitli,pilaki
1,çeşitli,puanlar
1,çeşitli,spekülasyonlara
1,çeşitli,tahtından
1,çeşitli,tonlarını
1,çeşitli,uluslardan
1,çeşitli,vesilelerle
1,çeşitli,yayınlarında
1,çeşitli,zamanlarda
1,çeşitli,çözümü
1,çeşitli,önlemler
1,çeşitli,üzerine
1,çift,kanat
2,çift,kat
1,çift,üretimi
1,çocuksu,ajan
1,çocuksu,açıklama
1,çocuksu,davranışları
1,çocuksu,miktarda
1,çocuksu,tavırların
1,çok,altında
1,çok,b-29
1,çok,başında
1,çok,donanımı
1,çok,durum
1,çok,katana
1,çok,kentte
1,çok,merak
1,çok,milliyet
1,çok,olayın
1,çok,para
1,çok,param
1,çok,performansını
1,çok,satışlar
4,çok,sayıda
1,çok,siteyi
1,çok,tecrübesinin
1,çok,toprağı
1,çok,ulus
1,çok,çevreciyle
1,çok,ülkenin
1,çok,üyesi
1,çok,şaşkınlığa
1,çok,şey
1,çoktan,konuda
1,çoktan,konularda
1,çoktan,peyniri
1,çoktan,şeylerle
1,çıkmaz,bölgede
1,çıkmaz,sokağa
1,çılgın,defilesiyle
1,çıplak,ayaklarına
1,çıplak,içkiler
1,çıplak,organlarının
1,çıplak,süreçte
1,çırılçıplak,arasına
1,öbür,akımı
1,öbür,ay
1,öbür,ev
1,öbür,geçmesinden
1,öbür,görüntüler
1,öbür,sebzelere
1,öbür,tarafında
1,öbür,yolu
1,öbür,çocuklar
1,öbür,çocukları
1,ödüllü,bina
1,ödüllü,filmi
1,ödüllü,maddesini
1,ölçüsüz,popülizmin
1,ölü,zamanlar
2,ön,bahçede
1,ön,mezeler
1,ön,sırada
1,ön,şey
1,öncelikli,faaliyet
1,önde,gazetelerinin
1,öne,haline
1,önemli,artış
1,önemli,avantajlara
1,önemli,açıklama
1,önemli,açığı
1,önemli,belirtileri
1,önemli,bölgede
2,önemli,bölümünü
1,önemli,deneyini
1,önemli,dönüş
1,önemli,element
1,önemli,etkiye
1,önemli,farklılıklar
1,önemli,gol
1,önemli,göstergesi
1,önemli,gününü
1,önemli,hedefi
1,önemli,katkıda
2,önemli,kişi
1,önemli,konuda
1,önemli,konular
1,önemli,konut
1,önemli,kral
1,önemli,kredi
1,önemli,medeniyeti
1,önemli,miktarda
1,önemli,parçalarının
1,önemli,raporda
2,önemli,rol
2,önemli,sorun
1,önemli,sorunu
1,önemli,sorunumuz
1,önemli,sömürgecilikle
1,önemli,tavırların
1,önemli,yazarlığı
2,önemli,yazı
1,önemli,yola
1,önüme,sorunlar
1,önüme,çocukları
1,önümüzde,günlerde
1,önümüzde,hafta
1,önünde,ayak
1,önünde,işleriyle
1,önünde,konseyine
1,önünde,rotası
1,önünde,suyu
1,önünde,Çalışanların
1,önünden,çalışma
1,önüne,dalgaları
1,önüne,çıkar
1,önüne,ölümüne
1,önüne,şeyin
1,örtülü,hümanizmi
1,öyle,kapısını
1,öyle,propaganda
1,öyle,çocuk
1,özel,alıntıdan
1,özel,anlam
1,özel,bağı
1,özel,birim
1,özel,büyükelçilik
1,özel,cevap
1,özel,defterime
1,özel,ekranlar
1,özel,el
1,özel,etkinliğe
1,özel,haklar
1,özel,idareleri
1,özel,ifadesini
1,özel,ihtiyaçlarına
1,özel,ilkeleri
1,özel,izinle
1,özel,kabı
1,özel,kokusu
1,özel,konularını
1,özel,kurslarda
1,özel,mükafatları
1,özel,parçacık
1,özel,paspas
1,özel,resim
1,özel,sanat
1,özel,sektör
1,özel,sürece
1,özel,televizyonların
2,özel,uçakla
1,özel,yaşamıyla
1,özel,yemek
1,özel,yerde
1,özel,önlemler
1,özel,örtü
1,özel,şahıslar
1,özerk,bölgelerinde
1,özgü,elemanı
1,özgü,hastalıklara
1,özgü,hümanizmi
1,özgü,kokusu
1,özgü,koyunları
1,özgür,devlet
1,öznel,nesne
1,ücretli,işçi
1,ücretli,çay
1,ücretsiz,seçeneğini
1,ünlü,cetvelini
1,ünlü,matematikçilerini
1,ünlü,restoran
1,ünlü,sorusunu
1,ünlü,yazar
1,üst,başkanı
1,üst,düzey
1,üst,gazete
1,üst,hisseleri
2,üst,katında
1,üst,rafta
1,üst,tarafında
1,üst,varlık
1,üst,yerleşimcilerin
1,üst,yıl
1,üstü,rengi
1,üstün,zeka
1,üstünde,arazisine
1,üstünde,hesaplamakla
1,üstünde,performans
1,üstünde,trençkota
1,üstünden,başkanı
1,üstünden,gerek
1,üstünden,kardeşi
1,üstünden,melek
1,üstünden,oğlum
1,üstünden,sözcükleri
1,üstünden,zamanlarda
1,üstüne,2004'te
1,üstüne,bağımlılıkları
1,üstüne,su
1,üstüne,üzerine
1,üvey,akın
3,üvey,anne
1,üvey,anneler
4,üvey,baba
1,üvey,babaya
1,üvey,babayı
1,üvey,gömülüşünü
1,üvey,kitabı
1,üvey,ne
1,üveylerden,adam
1,üveylerden,etkinliğine
1,üveylerden,otobüsüyle
1,üçlük,kazanç
1,üçüncü,kişi
1,İdeolojik,alanda
1,İdeolojik,hafta
1,İki,kilo
1,İkinci,ikna
1,İkinci,çekmecede
1,İlgili,okura
1,İlk,arenada
1,İlk,arkadaş
1,İlk,baskının
1,İlk,defa
1,İlk,film
1,İlk,gece
1,İlk,gençlik
1,İlk,göçler
1,İlk,gün
1,İlk,gündüz
1,İlk,hafta
1,İlk,hareketten
1,İlk,hastalık
1,İlk,heyetin
1,İlk,insanlar
1,İlk,kapısından
3,İlk,kez
1,İlk,kraliyet
1,İlk,kralları
1,İlk,milletlerin
1,İlk,oylama
1,İlk,oyunları
1,İlk,patlıcan
1,İlk,saatte
1,İlk,savaşı'yla
1,İlk,sigara
1,İlk,söz
1,İlk,teorem
1,İlk,toplum
1,İlk,yazında
1,İlkel,insana
1,İnce,ağaç
1,İnce,bürokrat
1,İnce,ekmeği
1,İnce,nedenini
3,İnce,parmak
1,İnce,tanımlaması
1,İncecik,bacaklarını
1,İngiliz,ağacından
1,İngiliz,bp'nin
1,İngiliz,konuşmacılar
1,İngiliz,parlamenter
1,İngiliz,planı
1,İngiliz,sahneye
1,İngilizlerin,zevki
1,İslami,muhafazakarları
1,İyi,akşam
1,İyi,ana
1,İyi,cezalara
1,İyi,dünyaya
1,İyi,eve
1,İyi,getiri
1,İyi,icat
1,İyi,kedi
1,İyi,zamanla
1,İyi,çocukluğunu
1,İyi,öldüğünde
1,İzlandalı,grup
1,İzlandalı,ilacın
1,İçine,hayatlarının
1,İçine,makine
1,İçine,olayın
1,ılık,kaşının
1,ılık,yorgunluk
1,ılık,çay
1,ılıman,anlamda
1,ılıman,bölgede
1,ışıklı,pencerelere
1,Şenlikli,sorun
1,Şenlikli,töreni
1,şahsi,fikri
1,şapkalı,bekçi
1,şaşkın,1842'de
1,şaşkın,serüven
1,şefkatli,bakışlarını
1,şeker,çocuk
1,şen,işe
1,şen,kahkaha
1,şen,sırasında
1,şizofrenik,biçimde
1,şüpheli,akışlarını
1,şık,bayanı
1,şık,giyim
1,şık,giysilerimizi
2,şık,karar
1,şık,tazminatlarda
1,şık,tişörtler
2,şımarık,kız
