count,awf,nwf
1,1990ych,lět
1,50tych,lět
1,ablawtowu,grupu
1,ablawtowy,rjad
1,ablawtowych,grupow
1,ablawtowych,rjadach
2,ablawtowych,rjadow
1,ablawtowych,schodźenkow
1,ablawtowym,fenomenam
1,absolutne,daty
1,akcesoriske,pigmenty
1,akkadska,rěč
1,aktualne,połoženje
1,aktualne,přepytownja
1,aktualnej,systematice
1,aktualnych,projektach
1,aktualnych,titlow
1,alkoholiski,napoj
1,amerikanska,dźiwadźelnica
1,ameriski,časopis
1,arabska,pusćina
1,arabskeho,morja
1,aramejske,města
1,aramejskich,kmjenow
1,archeologiske,dokłady
1,archeologiske,mócnarstwa
1,archeologiske,sćěhi
1,architektoniski,pokrok
1,assyriskeho,luda
1,assyriski,stat
1,assyriski,wobwod
1,assyrisku,lisćinu
1,atlantiskim,brjóze
1,audiowizuelne,medije
1,awtochtona,rěč
1,awtorskeho,prawa
1,awtorskich,prawow
1,aziske,rěče
1,babylonskej,dobje
1,babylonskich,kralow
1,baltiskeho,morja
1,baltiskim,morjom
1,barbjene,kćenje
1,barokowu,architekturu
1,bazalne,ćělesa
1,bańkowa,biologija
1,bańkowe,membrany
1,bańkowe,sćěny
1,bengaliskej,nižiny
1,bipolarneho,porjada
1,bjezbarbny,płun
1,bliske,města
1,bliskeho,wuchoda
1,bliski,wuchod
1,bohatu,zeleninu
1,bohatu,žratwu
1,botaniska,zahroda
1,braniborsku,bibliografiju
1,brjohowy,winowc
1,bronzoweje,doby
1,budyskim,měrje
1,burmaske,rěče
1,bywša,doktorandka
1,byče,nopy
1,běžace,masy
2,centralna,biblioteka
1,centralneje,biblioteki
1,charakerizowana,epocha
1,charakteristisku,strukturu
1,charakteristisku,wikisłownik
1,chemiska,wjazba
1,chemiske,skutkowanje
1,chemiskich,substancach
1,chemiskimi,wěcami
1,chłostanske,prawo
1,ciwilneho,prawa
1,coologiskej,systematice
1,cygomorfnych,kćenjow
1,cyrkwinski,swjedźeń
1,cyrobowy,srědk
1,cyrusowym,cylindrje
1,cyła,aglomeracija
1,cyłe,sady
1,cyłe,słowa
1,cyłeje,literatury
1,cyłkowna,redakcija
1,cyłym,měsačku
1,cyłym,region
1,cyłym,swěće
1,dalokosahace,poćahi
1,dalša,rěč
1,dalše,dźěle
1,dalše,namakanki
1,dalše,pokiwy
1,dalše,wědomosće
1,dalše,znamjenja
1,dalšej,měsacaj
1,dalši,lud
1,dalšich,disciplin
1,definowanym,kónčinam
2,delnjeho,kapitla
1,detailowa,systematika
1,detailowych,krokach
1,deuteriumowy,oksid
1,dešćoweho,časa
1,dešćowy,čas
1,diplomatiskich,archiwach
1,diskusijnej,stronje
1,dlěši,tekst
1,dobra,rozpušćadło
1,dobre,rozpušćadło
1,dobreho,winowca
1,dobywanska,žadosć
1,dobywanske,wuprawy
1,dotalnych,projektow
1,dołhe,wobstaće
1,dołhe,zasydlowanje
1,dołhi,proces
1,dołhodobne,požćonki
2,drawidske,rěče
1,drawidsku,rěč
1,drjewjaneho,kuska
1,drobnych,mnóstwach
1,druhe,družiny
1,druhe,knježerstwa
1,druhe,lěto
1,druhe,medije
1,druhe,pomjenowanje
1,druhe,posłužby
1,druhe,rěče
1,druhe,wobłuki
1,druhej,połojcy
1,druhej,wójnje
1,druheje,wójny
1,druhi,stat
1,druhi,čas
1,druhich,ludow
1,druhich,planetow
2,druhich,rěčow
1,druhich,zarjadowanjow
1,druhich,zastupjerjow
1,druhim,boku
1,druhimi,mikroorganizmami
1,druhimi,zarjadnišćemi
1,druhorěčnych,publikacijach
1,druhu,wójnu
1,duchowneje,mocy
1,duchowno,wobłuka
1,dwanate,město
1,dwudźělne,pěsty
1,dwulětnym,rytmusu
1,dwójnu,masu
1,dwójny,dypk
1,dwórnišćowej,instituće
1,dólne,kónčiny
1,dólnych,runinach
1,dólnych,runinow
1,dźensniše,kónčiny
1,dźensnišich,krajach
1,dźesaty,měsac
1,dźiwjej,morchwi
1,dźiwjeje,morchwje
1,dźěłaćerskeho,hibanja
1,dźěłowa,rozprawa
1,dźěłowych,rumnosćach
1,efektiwniše,powodźenje
1,ekonomiskeho,wuwića
2,ekscelentnych,nastawkow
1,ekspandowaceho,mócnarstwa
1,eksternymi,wěcami
1,elektroniska,kniha
1,elektroniske,zwjazanje
1,encyklopediske,artikle
1,esperantsku,hudźbu
1,eteriske,wolije
1,etnisku,swojoraznosć
1,europske,města
1,europskeho,hibanja
1,europskeho,winowca
1,europskeje,unije
1,ewoluciska,biologija
1,fachowe,zapřijeće
1,fachowu,konferencu
1,fachowu,literaturu
1,florěrowace,wikowanje
1,fotografisku,reprodukciju
1,fotosynteizskej,pigmentaj
1,fotowy,model
1,francoske,słowo
1,francoskemu,knjejstwu
1,francoski,protektorat
1,fylogenetiskich,spóznaćach
1,fyzikalnych,kajkosćach
1,geografiske,eksonymy
1,geografiskich,objektow
1,geografiskim,kónčinam
1,germanskich,werbow
1,gilgamešowym,eposu
1,gižkojskim,kuble
1,gramatiskeho,čisła
1,guerillowy,wjednik
1,hieroglyfowe,pismo
1,hinaše,skupiny
1,historiske,mjeno
1,historiske,zapřijeće
1,historiske,časopisy
1,historiskich,knihow
1,historiskim,zmysle
1,historiskim,času
1,hlinjanej,tafli
1,hlinjaneje,tafle
1,hlinjanych,cyhelow
1,hlinjanych,taflow
1,horceje,wójny
1,horjewotwołowany,wobraz
1,horni,běh
1,hornim,běhu
1,hornjej,němčinje
1,hornjoserbskeho,słownika
1,hornjoserbskeje,rěče
1,hornjołužiskej,zjawnosći
2,hornčerska,tačel
1,hornčerskeje,tačele
1,hospodarska,hałza
1,hospodarskemu,rozmachej
1,hospodarski,centrum
1,hospodarski,system
1,hospodarskim,zwiskam
1,hotowe,dynastije
1,hybridologiskeho,wida
1,hydrofobnych,substancow
1,hydrologiskeho,systema
1,hórski,lud
1,hłowne,město
1,hłowne,twarjenje
1,hłownu,přičinu
1,hłownych,awtorow
1,hłownych,wobstatkow
1,hłuboka,woda
1,iberskeje,połkupy
1,idealneho,nuhela
1,idealnym,padźe
1,indiska,republika
1,indiskeje,połkupy
1,indiskich,centrow
2,indoariske,rěče
1,indoeuropskeho,ablawta
1,indoeuropski,ablawt
1,indoeuropski,přechad
1,indoeuropskich,rěčach
1,indusowej,delće
1,informaciske,žórła
1,informaciskeje,technologije
1,institutny,dźeń
1,interdisciplinarne,slědźenja
1,internetowa,wersija
1,internetowych,protokolow
1,izotopowy,efekt
1,jadrowych,krajow
1,jatrowe,mochi
1,jazykowych,kćenjow
1,jednora,kajkosć
1,jednotliwe,symbole
1,jednotliwe,znamješka
1,jednotliwych,padow
1,jednotliwym,wotrjadam
2,jednotliwymi,ličakami
1,jednotna,kultura
1,jenakorazny,system
1,jendźelske,słowo
1,jendźelskej,rěči
1,jenički,idiom
1,jeničku,rěč
1,južnoafriscy,wuměłcy
1,južnoafriskich,rěčow
1,kanalowy,system
1,kapalna,woda
2,kaspiske,morjo
2,kaspiskeho,morja
1,keramikowych,formow
1,kinetiski,efekt
1,kislikoweho,atoma
1,kićojtych,pakićach
1,klemenowa,baseń
1,klemenowa,kniha
1,klemenowe,basnje
1,klemenowu,stawiznu
1,klemenowu,zběrkow
1,klemenowych,basnjow
4,klinowe,pismo
1,klinoweho,pisma
1,klinowemu,pismu
1,klóšterska,cyrkej
1,knižna,premjera
1,knižneho,scannera
1,knižnych,zwjazkow
1,knježerstwowe,sydło
1,kolonialnemu,knjejstwu
1,kompleksne,matabolizmy
1,kompletny,wobsah
1,komunikaciske,procesy
1,koncentrowany,dohlad
1,korjenjowu,zeleninu
1,krajny,bibliotekar
1,krajowe,hranicy
1,krajowych,mjenow
1,kralowskich,rowow
1,kruta,faza
1,kruta,forma
1,kruta,maćizna
1,krute,zarjadnistwo
1,kruty,dypk
1,krutym,prawidle
1,krónowych,kćenjow
1,krótka,diskusija
1,krótkodobnu,koordinaciju
1,kubikowych,kilometrow
1,kulojte,bydlišća
1,kulojtych,domach
1,kulowatych,idioblastach
1,kulturelne,zjeće
1,kulturelny,centrum
1,kulturelny,kontinent
1,kulturne,formy
1,kulturnu,praksu
1,kulturnu,rostlinu
1,kulturny,archiw
1,kupoweho,swěta
1,kwadratnych,kilometrow
1,kwadratnym,kilometru
2,kwadratowych,kilometrow
1,kwalitatiwnym,ablawtom
1,kwantitatiwnym,ablawtom
1,kćenjowych,organow
1,leidenska,uniwersita
2,listowany,namjet
1,listowe,přećelstwa
1,lisćowe,mochi
1,litawska,dźiwadźelnica
1,literarne,tworjenje
1,literarny,dokument
1,ličakowymi,syćemi
1,ličenske,kamuški
1,ličenske,nadawki
1,lodowe,wumjenja
1,lodowy,powjerch
1,lokalne,adwerby
1,ludowemu,zwjazkej
1,ludowy,srědk
1,ludowym,nakładnistwje
1,lěkařske,discipliny
1,lětne,bibliografije
1,maksimalnu,wysokosć
1,marxistiski,rewolucionar
1,masoweje,diferency
1,materialowa,zběrka
1,maćerskej,rostlinje
1,małke,kćenja
1,małych,mnóstwach
1,małych,ratarjow
1,małych,rěkami
1,małych,rěčow
1,mezopotamiskich,krajow
1,minimalnu,hódnotu
1,mjechkeje,tafle
1,mjenowana,woda
1,mjenowaneje,móžnosće
1,mjenowanych,njedostatkow
1,mjezykrajowe,konflikty
1,mjezynarodny,kurs
1,mjezynarodny,model
1,mnohich,statach
1,mnoholičbne,dobywanja
1,mnoholičbne,zběžki
1,molekularna,biologija
1,molekularnej,formje
1,molekularnobiologiske,studije
1,monarchistiske,rěč
1,monarchistiske,staty
1,monofyletiski,takson
1,morfologiske,studije
1,morfologiske,wosebitosće
1,morfologiskich,studijach
1,multietniski,kraj
1,murna,łočica
1,muske,organy
1,mócnarskemu,wobwodej
1,mócnarski,narok
1,mócnarski,wobwod
1,mócnarstwowa,aramejšćina
1,mócnarstwowa,rěč
1,mórske,wikowanje
1,mórskej,hładźinu
1,mórskim,teritoriju
1,měnjace,motiwy
1,měnjacych,počasow
1,měrny,stadij
1,měsačkoweho,kalendra
1,městnych,skupinach
1,měšniscy,wjerchojo
2,měšniskich,wjerchow
2,měšćanske,staty
2,měšćanskich,statow
1,młodokamjentneje,doby
1,młódši,zjaw
1,nadporjadowanym,skupinam
1,nadrjadowanych,taksonow
1,nahladnej,wosobu
1,najnuzniša,substanca
1,najrjeńšim,kanalu
1,najrozdźělnišich,kmjenow
1,najstarša,uniwersita
1,najstarše,dokłady
1,najstarše,sćěhi
1,najstarši,dokument
1,najwažniša,hałza
1,najwažniše,město
1,najwažniši,centrum
1,najwjetša,kupa
6,najwjetše,město
1,najwjetše,přitoki
1,najwjetši,dźěl
1,najwjetši,jězor
1,najwjetši,stat
1,najwjetšimi,družinami
1,najwjetšu,encyklopediju
1,najwuznamniše,městnosće
1,najwyšich,institucijow
1,najčasćiše,wjazby
1,nakromne,kónčiny
1,namakane,brjenki
1,namakane,dokumenty
1,namjetowaceho,wužiwarja
1,narodne,wědomje
1,narodneho,wozrodźenja
1,narodnostnych,statow
1,naslědny,stat
1,naslědnych,generacijow
1,naspomnjenej,definiciji
1,nastajeneho,kopěraka
1,nastatych,kašćikow
1,nawodnej,rěči
1,nazhonity,politikar
1,načasneho,hladanja
1,niskich,temperaturach
1,njedemokratiska,ideologija
1,njepřizjewjene,wužiwarjo
1,njerozpušćomny,powjerch
1,njewotwisnych,statow
1,njeznate,słowo
1,nomadny,lud
1,normalneje,woda
1,normalneje,wody
1,normalny,atom
1,normalnymi,wuměnjenjemi
1,normowanych,protokolow
1,nowa,epocha
1,noweje,leksiki
1,nowoassyriskeho,mócnarstwa
1,nowowbabylonskeho,dokłady
1,nowowbabylonskeho,mócnarstwa
1,nowy,alfabet
1,nowych,spóznaćach
1,nowymi,susodami
1,nowymi,wutworami
1,nutřkownych,wadźeńcach
1,něhdyšej,protyce
1,něhdyši,wjednik
1,němske,pomjenowanje
1,němskeho,reicha
1,němskej,akademiji
1,němskej,rěči
1,němskej,wyšnosći
1,němskeje,nastawka
1,němskim,kejžorom
1,němskim,reichu
1,nětčiša,serbšćina
1,obejdskej,dobje
1,obsidianowe,brjenki
1,oficialni,zastupnicy
1,oficijalnych,rěčow
1,oikosowe,hospodarstwo
1,online,encyklopediju
1,opoziciske,strony
1,orientaliskeho,kraja
1,padorune,linije
1,palena,hlina
1,parafyletiski,takson
2,persiske,mócnarstwo
1,persiskeho,golfa
1,persiskeho,knjejstwa
1,persiskeho,mócnarstwa
1,persiskemu,golfej
1,persiskim,golfom
1,picowansku,rostlinu
1,pisane,słowo
1,pismikowe,pismo
1,pismowy,wobraz
1,pisomne,dopokazy
1,pisomne,mjezy
1,pitnej,wodźe
1,pjaty,město
1,pjenježne,wobchody
1,pobrjóžna,kónčina
1,pochadowe,linije
1,pochowane,nopy
1,podobne,poměry
1,podćisnjenymi,ludami
1,politiska,jednota
1,politiske,poćahi
1,politiske,přećiwnicy
1,politiski,centrum
1,politiski,konstrukt
1,politiskich,institucijow
1,politiskimi,wutworami
1,politisku,móc
1,pomjenowany,kolega
1,pomocnych,srědkow
1,pomocnym,systemje
1,popłatkowemu,porjadej
1,posledni,dźeń
1,posledni,knježićel
1,posledni,rozmach
1,poslednja,epocha
1,potrjecheny,parameter
2,powjerchoweje,napjatosće
1,powjerchowu,napjatosć
1,pozadkowu,hudźbu
1,pozdźiše,poćahi
1,poćahowy,dypk
1,połny,schodźenk
1,połobskosłowjanskich,wjerchow
1,połobskosłowjanskim,kmjenam
1,połćežka,woda
1,połćežkej,wodźe
1,pralěsowej,kónčiny
1,prawdźepodobne,poměry
1,prawicarskeje,jednotki
1,prawidłowneje,změny
1,prawniskej,formje
1,prawniskich,wukazow
1,prehistoriskimi,modelemi
1,prezenčna,knihownja
2,priwatne,swójstwo
1,profesionalny,rewolucionar
1,proletariska,internacionalistka
1,proste,wulkosće
1,prostej,wulkosću
1,protoindoeuropsku,prarěč
1,protykowemu,tydźenju
1,prózdninski,kurs
1,prěna,kniha
1,prěni,króć
3,prěni,raz
1,prěni,stat
1,prěnich,zběrkow
1,prěnim,rjedźe
1,prěnje,cikuraty
1,prěnje,dopokazy
1,prěnje,mjezy
2,prěnje,mócnarstwo
1,prěnje,organizmy
1,prěnje,ratarstwo
1,prěnje,činitosće
1,prěnjej,połojcy
1,prěnjemu,tydźenju
1,prěnjotna,přičina
1,prěnju,bibliografiju
1,pytansku,funkciju
1,pódlanska,mapa
1,pódlanske,łopješko
1,pólskej,rěču
1,pólskemu,wjerchej
1,pólskimi,pismikami
1,pózdnja,doba
1,pěskojte,dno
1,płaćiwym,postajenjam
1,płodowe,łopješka
1,płone,symjenja
1,płódnym,měsačku
1,předaziske,mócnarstwo
1,předstajeneho,tetraedra
1,předstajenej,wersiji
1,předźěłaneje,brěčki
1,přestajowana,systematika
1,přećežka,woda
1,přiběrace,žadanja
2,přiběracu,temperaturu
1,přichodneho,lěta
1,přichodneho,měsaca
1,přihódnych,wutkow
1,přirodna,hranica
1,přirodne,dopokazy
1,přirodne,mjezy
1,přiručne,knihownje
1,přistupnu,encyklopediju
1,přisłušnym,pismje
1,přizjewjene,wužiwarjo
1,přupućowacy,lud
1,radijowe,wusyłanja
1,ratarkse,činitosće
1,realne,wukonjenje
1,recentne,zastupnicy
1,regionalneho,zarjadnistwa
1,regionalnohistoriske,wobłuki
1,religiozne,skupiny
1,rezerwny,polysaccharid
1,rjanu,rostlinarnju
1,rohowe,mochi
2,romaniskich,rěčow
1,romske,mócnarstwo
1,romskej,protyce
1,rostlinowe,žiwjenje
1,rostlinowu,transpiraciju
1,rostlinska,skupina
1,rostlinske,maćizny
1,rosćenskich,procesow
1,rotaciska,wóska
1,rozdźělene,skupiny
1,rozdźělnych,formach
1,rozdźělnymi,morfami
1,rozhałžkowany,system
1,rozrostowace,wikowanje
1,rozsudna,internacionalistka
1,rozsudny,wuznam
1,rozšerjeny,přezwuk
1,rozšěrjene,funkcije
1,rozšěrjene,pomjenowanje
1,rozšěrjeny,nakł
1,rozšěrjenych,rěčow
1,runowahowe,reakcije
1,ruske,słowo
1,ruskej,federaciju
1,rólniskeho,wužiwanja
1,róžkaty,stil
1,róžkatych,domow
1,rědke,kajkosće
1,rědke,rostliny
1,rěčanej,rěči
1,rěčanu,rěč
1,rěčnych,stawiznow
1,rěčnym,centrumom
1,rěčnym,kontakće
1,sakralnu,rěc
1,sakskich,šulach
1,saksku,bibliografiju
1,salzburgske,město
1,sami,wužiwarjo
1,samostatne,zarjadnišćo
1,samsneho,pochada
1,samsny,morphem
1,samsnych,werbow
1,samsnym,dnjom
1,samsnym,mjenom
1,seksualne,organy
1,seksuelna,generacija
1,sekundarneje,literatury
1,semitiskich,mjenow
1,separatnu,lisćinu
2,serbska,biblioteka
2,serbska,wikipedija
1,serbske,periodika
1,serbske,wopřijeće
1,serbskeho,insituta
5,serbskeho,instituta
1,serbskej,kmjenaj
1,serbskej,rěči
1,serbskej,tematiku
1,serbskeje,bibliografije
1,serbskeje,biblioteki
1,serbskeje,kultury
2,serbskeje,literatury
1,serbskemu,rumej
1,serbski,archiw
6,serbski,institut
1,serbski,ludospyt
1,serbski,słowoskład
1,serbski,wobydlerstwa
1,serbskich,ćišćow
1,serbskim,domje
1,serbskim,instituće
1,serbskim,muzeju
1,serbskim,wosobinam
1,serbskorěčne,title
1,serbskorěčneje,literatury
1,serbsku,bibliografiju
1,serbsku,inteligencu
1,serbsku,rěč
1,serbsku,staty
1,sewjernej,kromje
1,sewjernej,němčinje
1,sewjerowuchodnym,směrje
1,sewjerozapadneho,monsuna
1,skótnu,žratwu
1,slědowace,epochi
1,slědowacy,kladogram
1,slědowacym,wotkazom
1,slědźerske,wuslědki
1,slědźerskim,předewzaćam
1,snadnej,měrje
1,socialnych,přičinow
1,sociusku,wažnosć
1,sonantnej,likwidaj
1,sorabistiskich,titlow
1,specialny,porjad
1,specielne,organy
1,specifisku,ćopłotu
1,spowědnym,stole
1,srjedźneho,morja
1,srjedźnu,hódnotu
1,srjedźnymi,horinami
1,srjedźoassyriske,mócnarstwo
1,stabilny,molekul
1,standardizowany,załožk
1,stare,město
1,stari,gramatikarjo
1,staroassyriske,mócnarstwo
1,starobabylonskej,periodźe
1,starobabylonskich,sydlišćow
1,starych,kulturach
1,starše,formy
1,statna,stolica
1,statnu,móc
1,statny,lud
1,statnymi,wutworami
1,stawizniske,zapřijeće
1,stejace,porjady
1,sterilnymi,bańkami
1,sumeriska,lisćina
2,sumeriska,rěč
1,sumeriske,staty
1,sumeriskej,lisćinje
1,sumeriskej,rěči
1,sumeriskemu,pismu
1,susodnych,regionach
1,susodnych,regionow
1,susodnym,krajam
1,susodnymi,krajemi
1,swjatkowna,póndźela
2,swjaty,dźeń
1,swobodneho,stata
1,swobodny,dźeń
1,swobodnych,porow
1,swójbna,rěč
1,swětoweho,porjada
1,swětowej,wójnje
1,swětoweje,wójny
1,swětowemu,namrěwstwu
1,swětowu,wójnu
1,swětowych,mišterstwow
1,swětowych,rěčow
1,sydlenskeje,hórki
1,sydlenskemu,rumej
1,sylneje,napjatosće
1,sylnemu,nanjesenju
1,sylnu,napjatosć
1,sylny,preteritum
1,sylny,werb
1,sylnych,werbow
1,sylnych,wjazbow
1,systematiska,pozicija
1,systematiski,zwisk
1,syćoweho,wobhladowaka
1,syćowym,wobhladowakach
1,sćěhowace,konsonanty
1,sćěhowacej,złóžce
1,sćěhowacu,adresu
1,sćěhowacy,kladogram
1,słaby,werb
1,słowjanske,dialekty
2,słowjanske,kmjeny
1,słowjanski,idiom
1,słowjanskich,kmjenow
1,słowjanskich,ludow
1,słowjanskich,rěčow
1,słowjenskeho,molerja
1,słowjenskich,krótkopowědančkow
1,słownikarskich,projektow
1,słušacy,lud
1,tamnišich,awtorow
1,tehdyšich,podawkow
2,templowe,hospodarstwo
1,tetraedroweho,nuhela
1,titlowej,stronje
1,tradicionelny,dźeń
1,traděrowanych,zběrkow
1,trajaceho,kalendra
1,tritiumowy,oksid
1,tropiski,stat
1,trěbne,materialije
1,trěbne,žiwidła
1,twjerdźowej,masy
1,twjerdźowu,přestrjeń
1,twjerdźowymi,rostlinami
1,typiske,znamjenja
1,třeće,město
1,třećeho,oktobra
2,třećeho,reicha
1,třećej,wersiji
1,třeću,zběrkow
1,třiličbnych,kružkach
1,třiróžkatym,kónčkom
1,ultrawioletneho,promjenjenja
1,urukoweje,doby
1,vatikanske,město
1,versailloweho,zrěčenja
1,waliziske,słowo
1,wapnowy,winowc
1,warjenski,dypk
1,warjenskim,dypkom
1,wažne,institucije
1,wažne,title
1,wažnu,rólu
1,wažny,swjedźeń
1,wažnych,pućach
1,wažnym,podawkom
1,weimarskeje,republiki
1,wikowanske,poćahi
2,wikowanske,předewzaća
1,wikowanske,twory
1,wikowanskej,formje
1,wikowanskich,pućach
1,winowej,šmicy
1,winowych,jahodow
1,winowym,pruće
1,wjacebańkowe,organy
1,wjacebańkowy,embryo
1,wjacelětnych,zwjazkach
1,wjacore,kajkosće
1,wjacore,linije
1,wjacore,lětstotki
1,wjacore,symbole
1,wjacorych,eksemplarach
1,wjacorych,rěčach
1,wjacorymi,rumnosćemi
1,wjelerěčnu,encyklopediju
1,wjeleworštowu,strukturu
1,wjeleworštowu,wikisłownik
1,wjetše,mócnarstwo
1,wjetšim,rozměrje
1,wjetšimi,symjenjemi
1,wliwapołni,překupcy
1,wobchowany,dokument
1,wobhladany,kontinent
1,wobmjezowany,fundus
1,wobnowjeneje,wody
1,wobrazowe,pismo
1,wobrazowych,symbolow
1,wobrysowane,zapřijeće
1,wobsahowe,maćizny
1,wobsahowe,mjezoty
1,wobsahowym,poćahom
1,wobsydlenske,sćěhi
1,wobšěrniše,nastawki
1,wodowe,kapki
1,wodowe,masy
1,wodowe,organizmy
1,wodowe,zastaranje
2,wodowy,molekul
1,wodrjewjane,rostliny
1,wodźikoweju,atomow
2,wodźikowy,atom
1,wodźikowych,wjazbow
1,wojerowskeho,zwjazka
1,wokalisku,funkciju
1,wokaloweje,dołhosće
1,wosebitu,rólu
1,wosme,lěto
1,wosomdźesatlětneje,wójny
1,wotewrjenske,časy
1,wotewrjenych,duri
4,wotpowědne,dataje
1,wotpowědne,hesło
1,wotpowědny,podawk
1,wotpowědowacy,popłatk
1,wuběrkowe,bibliografije
1,wuchadźace,dźěła
1,wuchodnosakska,wjes
1,wuchodny,přibrjóh
1,wuhlowych,hydratach
1,wulke,mócnarstwa
2,wulke,mócnarstwo
1,wulke,města
2,wulke,předewzaća
1,wulkeje,diferency
1,wulkeje,potrjeby
1,wulki,aparat
1,wulki,stopjeń
1,wulki,słownik
1,wulki,čłowjek
1,wulkich,dźělach
1,wulkich,skupinach
1,wulkimi,změnami
1,wulku,kopicu
1,wulku,krutosć
2,wulku,lěpšinu
1,wulku,móc
1,wulku,wažnosć
1,wumodelowane,figuriny
1,wuměłskeho,zwjazka
1,wupožčene,žórła
1,wupožčenske,wobmjezowanja
3,wupožčenskeho,časa
1,wupožčenski,čas
1,wutrusowa,sćěna
1,wuvojowa,biologija
1,wuwiwanski,proces
1,wuznamna,zastupjerka
2,wuznamne,města
1,wuznamne,žórło
1,wuznamny,knježićel
1,wućišćana,rozprawa
1,wučbne,nadawki
2,wušłe,knihi
1,wužitych,rěčow
1,wužiwane,rěče
1,wužiwaneho,wobhladowaka
1,wužiwanej,systematice
1,wužiwanskeje,knihi
1,wužiwanski,porjad
1,wužiwarske,nastajenja
1,wužiwarski,porjad
1,wysokich,šulach
1,wysokoněmske,słowo
1,wysoku,ćopłotu
1,wyši,dypk
1,wyšich,cycakach
2,wzajomne,skutkowanje
1,wójnske,wuprawy
1,wójnski,wjednik
1,wólnoručne,wužiwanje
1,wěcownu,informaciju
1,wědomostna,konferenca
1,wědomostne,slědźenje
1,wědomostne,zaměry
1,wědomostny,wobłuk
1,wědomostnych,debatow
1,wědomostnych,disciplin
1,wědomostnych,sobudźěłaćerjow
1,wědomostnych,srědkow
1,wědomostnymi,zarjadnišćemi
1,wěstych,padach
1,wěstym,niwowje
1,wšelake,přesunjenja
1,wšelake,sele
1,wšelakim,temam
1,wšelakorych,městach
1,wšědne,wěcy
1,wšědneje,wody
1,z,t
1,zachowany,idiom
1,zajimawa,swojoraznosć
1,zakitowanskeho,ministerstwa
1,zakónske,postajenja
1,zakładny,schodźenk
1,zapadnosłowjanskich,rěčow
1,zapisane,towarstwo
1,započinaca,pusćina
1,zapřijatemu,rumej
1,zarjadniska,rěč
1,zarjadniske,prawo
1,zarjadniskeho,zjednoćenstwa
1,zarjadniski,aparat
1,zarjadnisku,rěč
1,zastupowany,nahlad
1,zažne,mócnarstwo
1,zažneho,wikowanja
1,zažnišich,bibliografijow
1,zažnodynastisku,periodu
1,zažnym,lětstotku
1,zdónkowy,wokal
1,zdónkowym,wokalu
1,zdźěłanych,ludźi
1,zelene,rostliny
1,zelenych,algow
2,zemjanske,swójby
1,zemjanskich,swójbow
1,zemskeje,atmosfery
1,zestajenkowe,rostliny
1,zhromadneho,pochada
1,zhromadny,teritorij
1,zhubjenskeho,schodźenka
1,zhubjenski,schodźenk
1,zjawny,přednošk
1,zjednoćeneho,kralestwa
1,zjednoćenych,narodow
2,zjednoćenych,statow
1,znatych,stawiznow
1,znatymi,družinami
1,znutřkowna,cona
1,znutřkowna,systematika
3,zwjazkoweho,kraja
1,zwjazkowu,republiku
1,zwjazkowy,stat
1,zwjazkowych,statach
2,zwjazkowych,statow
1,zwonkauniwersitne,slědźenišćo
1,zwukowe,přesunjenja
1,Ćežka,woda
1,ćeńkeho,kuska
1,ćežka,woda
1,ćežkej,izotopaj
1,ćežkej,wodźe
1,ćežkim,powodźenjam
1,ćežku,wodu
1,ćišćanej,formje
1,Časte,maćizny
1,Čerstwa,woda
1,čerwjene,wotkazy
1,čerwjenu,barbu
1,čerwjenych,algow
1,čłowjekowym,ćěle
1,čłowjeske,nopy
1,łaćonske,słowo
1,łaćonskeho,słowa
1,škrějny,dypk
1,škrějnym,dypkom
2,šleski,alfabet
1,šleskich,pismow
1,štwórta,kupa
1,šwikacych,prućikow
1,Žitne,zbytki
1,Žołta,barba
1,Žórłowe,regiony
1,Žórłowe,rěčespytnicy
1,žiwe,organizmy
1,žiwjenskich,wokruhach
1,žiwy,swět
1,žiwych,rjapnikow
1,žiwych,rostlinow
1,žiłkowe,rostliny
2,žiłowe,rostliny
1,žołtych,kćenjow
1,žónske,figuriny
