اقلیتی/ADJ,مالیاتی/ADJ,کارپوریشن/NOUN
دوسری/ADJ,سرکاری/ADJ,زبان/NOUN
خصوصی/ADJ,تحقیقاتی/ADJ,ٹیم/NOUN
سینئیر/ADJ,کانگریسی/ADJ,قائدین/NOUN
جاریہ/ADJ,ضمنی/ADJ,انتخابات/NOUN
دوسری/ADJ,فرقہ_پرست/ADJ,جماعتوں/NOUN
مکمل/ADJ,تعلیمی/ADJ,فیس/NOUN
مرکزی/ADJ,سیکوریٹی/ADJ,اداروں/NOUN
تازہ_ترین/ADJ,رہنما/ADJ,خطوط/NOUN
مرکزی/ADJ,سیکوریٹی/ADJ,اداروں/NOUN
خصوصی/ADJ,معاشی/ADJ,زون/NOUN
گھنے/ADJ,جنگلاتی/ADJ,علاقوں/NOUN
فضائی/ADJ,تلاشی/ADJ,مہم/NOUN
فضائی/ADJ,تلاشی/ADJ,مہم/NOUN
خصوصی/ADJ,راڈر/ADJ,نظام/NOUN
گھنے/ADJ,جنگلاتی/ADJ,علاقوں/NOUN
بیشتر/ADJ,غیرضروری/ADJ,اخراجات/NOUN
باضابطہ/ADJ,سرکاری/ADJ,موقف/NOUN
درجنوں/ADJ,باغی/ADJ,کارکن/NOUN
بدترین/ADJ,معاشی/ADJ,بحران/NOUN
تمام/ADJ,مغرب_نواز/ADJ,ڈکٹیٹرس/NOUN
ماتم_کناں/ADJ,مسلم/ADJ,قوم/NOUN
بااثر/ADJ,سیاسی/ADJ,شخصیتوں/NOUN
حریف/ADJ,فلسطینی/ADJ,گروہوں/NOUN
سرکاری/ADJ,خبررساں/ADJ,ادارہ/NOUN
دیگر/ADJ,ضروری/ADJ,امور/NOUN
ہندوستانی/ADJ,تجارتی/ADJ,وفد/NOUN
باہمی/ADJ,دوستانہ/ADJ,روابط/NOUN
مشرقی/ADJ,صحرائی/ADJ,شہر/NOUN
اہم/ADJ,اتحادی/ADJ,ممالک/NOUN
نیم/ADJ,طبی/ADJ,عملہ/NOUN
ہنگامی/ADJ,مرکزی/ADJ,امداد/NOUN
مسلسل/ADJ,دوسرا/ADJ,سال/NOUN
ہندوستانی/ADJ,قومی/ADJ,حکومت/NOUN
متعلقہ/ADJ,انسانی/ADJ,حقوق/NOUN
نئے/ADJ,خصوصی/ADJ,نمائندے/NOUN
سخت/ADJ,ناموافق/ADJ,حالات/NOUN
سابق/ADJ,ہندوستانی/ADJ,کپتان/NOUN
ہندوستانی/ADJ,صنعت_کار/ADJ,شوہر/NOUN
سابق/ADJ,سری_لنکائی/ADJ,کپتان/NOUN
بےشمار/ADJ,بہترین/ADJ,کرکٹرس/NOUN
خصوصی/ADJ,مکمل/ADJ,بینچ/NOUN
غیرامتیازی/ADJ,تجارتی/ADJ,دور/NOUN
گرمائی/ADJ,دینی/ADJ,کلاسیس/NOUN
ریگولر/ADJ,سرکاری/ADJ,ٹیچر/NOUN
حریف/ADJ,سیاسی/ADJ,جماعت/NOUN
بالکلیہ/ADJ,عوامی/ADJ,مسئلہ/NOUN
امریکی/ADJ,فوجی/ADJ,انٹلیجنس/NOUN
غیرقانونی/ADJ,طویل/ADJ,مدت/NOUN
دیگر/ADJ,خارجی/ADJ,پالیسیوں/NOUN
امریکی/ADJ,بدنام/ADJ,جیلوں/NOUN
مجوزہ/ADJ,پارلیمانی/ADJ,انتخابات/NOUN
مختلف/ADJ,کیمیکل/ADJ,اجزاء/NOUN
خصوصی/ADJ,امتحانی/ADJ,نتائج/NOUN
امریکی/ADJ,فوجی/ADJ,امداد/NOUN
سابق/ADJ,زرعی/ADJ,مارکٹ/NOUN
دیگر/ADJ,غریب/ADJ,افراد/NOUN
ممکنہ/ADJ,جانی/ADJ,نقصان/NOUN
مخالف/ADJ,تلنگانہ/ADJ,قائدین/NOUN
واحد/ADJ,مواصلاتی/ADJ,رابطہ/NOUN
سخت/ADJ,عملی/ADJ,محنت/NOUN
ہارے/ADJ,جیتے/ADJ,امیدواروں/NOUN
فوت_شدہ/ADJ,منتخبہ/ADJ,فہرست/NOUN
ریاستی/ADJ,چینی/ADJ,امور/NOUN
سابق/ADJ,عالمی/ADJ,نمبر/NOUN
غیر_اخلاقی/ADJ,انسانی/ADJ,تجارت/NOUN
علاقائی/ADJ,صیانتی/ADJ,مسائل/NOUN
تیزرفتار/ADJ,متحرک/ADJ,چیزوں/NOUN
آٹھویں/ADJ,قانون۔ساز/ADJ,اسمبلی/NOUN
دوسری/ADJ,بڑی/ADJ,لعنت/NOUN
قیمتی/ADJ,انسانی/ADJ,جانوں/NOUN
منعقدہ/ADJ,ضمنی/ADJ,چناؤ/NOUN
قائم/ADJ,دیہی/ADJ,علاقوں/NOUN
دیگر/ADJ,اہم/ADJ,عہدوں/NOUN
پہلے/ADJ,سکھ/ADJ,وزیر/NOUN
دیگر/ADJ,اہم/ADJ,عہدوں/NOUN
لڑاکا/ADJ,بغیر/ADJ,پائلٹ/NOUN
پاکستانی/ADJ,فوجی/ADJ,کارروائی/NOUN
اعلیٰ/ADJ,سطحی/ADJ,قائدین/NOUN
قدیم/ADJ,سرکاری/ADJ,دواخانہ/NOUN
مذکورہ/ADJ,نئی/ADJ,بس/NOUN
سابق/ADJ,مرکزی/ADJ,وزیر/NOUN
سابق/ADJ,مرکزی/ADJ,وزیر/NOUN
سابق/ADJ,مرکزی/ADJ,وزیر/NOUN
علیحدہ/ADJ,سیاسی/ADJ,جماعت/NOUN
ضمنی/ADJ,انتخابی/ADJ,نتائج/NOUN
ہر/ADJ,ممکن/ADJ,کوشش/NOUN
چاروں/ADJ,میزبان/ADJ,ملکوں/NOUN
خودساختہ/ADJ,علاقائی/ADJ,کمانڈر/NOUN
لاپتہ/ADJ,کشمیری/ADJ,پنڈت/NOUN
سہ_فریقی/ADJ,مصالحتی/ADJ,مذاکرات/NOUN
عام/ADJ,نوجوان/ADJ,لڑکیوں/NOUN
دوسرا/ADJ,بڑا/ADJ,شعبہ/NOUN
دوسرے/ADJ,بڑے/ADJ,شعبہ/NOUN
دوسرا/ADJ,بڑا/ADJ,شعبہ/NOUN
واحد/ADJ,مشترک/ADJ,بات/NOUN
سابق/ADJ,عالمی/ADJ,نمبر/NOUN
پہلے/ADJ,بھائی/ADJ,بہن/NOUN
پچھلے/ADJ,مالی/ADJ,سال/NOUN
مشہور/ADJ,غیرمسلم/ADJ,شخصیتوں/NOUN
بےشمار/ADJ,نامور/ADJ,فنکار/NOUN
متعدد/ADJ,دیگر/ADJ,افراد/NOUN
پہلے/ADJ,فوجی/ADJ,سٹیلائیٹ/NOUN
تمام/ADJ,سیاسی/ADJ,قائدین/NOUN
قومی/ADJ,ترقیاتی/ADJ,کونسل/NOUN
پنچ/ADJ,سالہ/ADJ,منصوبہ/NOUN
شدید/ADJ,زخمی/ADJ,حالت/NOUN
تمام/ADJ,گندی/ADJ,بدبو/NOUN
جیتی/ADJ,جاگتی/ADJ,مثال/NOUN
مقدور/ADJ,بھر/ADJ,حصہ/NOUN
ہر/ADJ,ممکن/ADJ,کوشش/NOUN
نئے/ADJ,منتخبہ/ADJ,ارکان/NOUN
بحری/ADJ,جنگی/ADJ,جہاز/NOUN
جنگی/ADJ,بحری/ADJ,جہاز/NOUN
تازہ_ترین/ADJ,عالمی/ADJ,درجہ_بندی/NOUN
تمام/ADJ,سرکاری/ADJ,کالجس/NOUN
دیگر/ADJ,ضلعی/ADJ,قائدین/NOUN
اعلیٰ_سطحی/ADJ,سری_لنکائی/ADJ,عہدیداروں/NOUN
تمام/ADJ,دوزخی/ADJ,کام/NOUN
عوامی/ADJ,حکومتی/ADJ,تائید/NOUN
دیگر/ADJ,عوامی/ADJ,نمائندے/NOUN
دوسرا/ADJ,مسلم/ADJ,کمسن/NOUN
قیمتی/ADJ,الیکٹرانک/ADJ,اشیاء/NOUN
سینیر/ADJ,کانگریسی/ADJ,قائد/NOUN
پورے/ADJ,سیاسی/ADJ,طبقہ/NOUN
مختلف/ADJ,سیاسی/ADJ,جماعتوں/NOUN
اصل/ADJ,اپوزیشن/ADJ,جماعت/NOUN
بہترین/ADJ,تعلیمی/ADJ,مظاہرہ/NOUN
فرانسیسی/ADJ,تعزیری/ADJ,فیصلے/NOUN
گرفتار/ADJ,نقلی/ADJ,پولیس/NOUN
چھوٹے/ADJ,بڑے/ADJ,پتھروں/NOUN
بلند/ADJ,برف_پوش/ADJ,پہاڑوں/NOUN
اکا/ADJ,دکا/ADJ,ٹورسٹ/NOUN
ننھی/ADJ,منی/ADJ,موجوں/NOUN
چھوٹے/ADJ,بڑے/ADJ,پتھروں/NOUN
اجتماعی/ADJ,پارلیمانی/ADJ,تجربہ/NOUN
پہلے/ADJ,مشترکہ/ADJ,سیشن/NOUN
مسلسل/ADJ,تیسری/ADJ,میعاد/NOUN
ضامن/ADJ,روزگار/ADJ,مزدوروں/NOUN
جاب/ADJ,کارڈ/ADJ,کنندگان/NOUN
جملہ/ADJ,انعامی/ADJ,رقم/NOUN
پاکستانی/ADJ,فوجی/ADJ,کمانڈرس/NOUN
بہتر/ADJ,زرعی/ADJ,پیداوار/NOUN
مختلف/ADJ,ترقیاتی/ADJ,کاموں/NOUN
مقامی/ADJ,سیاسی/ADJ,جماعت/NOUN
کئی/ADJ,اہم/ADJ,ایونٹس/NOUN
کئی/ADJ,اہم/ADJ,ایونٹس/NOUN
غیرملکی/ADJ,خبررساں/ADJ,ادارے/NOUN
پاکستانی/ADJ,نوجوان/ADJ,کھلاڑیوں/NOUN
مقامی/ADJ,اخباری/ADJ,نمائندوں/NOUN
مکمل/ADJ,تعمیرشدہ/ADJ,مکانوں/NOUN
خراب/ADJ,مالیتی/ADJ,موقف/NOUN
سرکاری/ADJ,خبررساں/ADJ,ایجنسی/NOUN
نو/ADJ,منتخب/ADJ,ارکان/NOUN
اکثریتی/ADJ,شیعہ/ADJ,اضلاع/NOUN
ڈپازٹ/ADJ,ہندوستانی/ADJ,پیسے/NOUN
دوسری/ADJ,سرکاری/ADJ,زبان/NOUN
آسٹریلین/ADJ,اوپن/ADJ,چیمپین/NOUN
سابق/ADJ,عالمی/ADJ,نمبر/NOUN
متواتر/ADJ,پانچواں/ADJ,خطاب/NOUN
کھلے/ADJ,عام/ADJ,سربراہی/NOUN
فیصلہ_کن/ADJ,جارحانہ/ADJ,کارروائی/NOUN
ریاستی/ADJ,اقلیتی/ADJ,صدر/NOUN
علیحدہ/ADJ,اقلیتی/ADJ,اُمور/NOUN
راست/ADJ,امریکی/ADJ,رسائی/NOUN
دوسرے/ADJ,ریاستی/ADJ,وزیر/NOUN
مسلم/ADJ,مطلقہ/ADJ,خاتون/NOUN
مشترکہ/ADJ,پارلیمانی/ADJ,کمیٹی/NOUN
دیگر/ADJ,ترقیاتی/ADJ,کام/NOUN
سرکاری/ADJ,جنگی/ADJ,طیاروں/NOUN
روانہ_کردہ/ADJ,احتجاجی/ADJ,نمائندگی/NOUN
متعدد/ADJ,تقرراتی/ADJ,اعلامیوں/NOUN
کامیاب/ADJ,مذموم/ADJ,سازش/NOUN
دیگر/ADJ,مشتبہ/ADJ,افراد/NOUN
ناکام/ADJ,قاتلانہ/ADJ,حملہ/NOUN
سرکاری/ADJ,خبررساں/ADJ,ادارے/NOUN
دوسرا/ADJ,نیوکلیئر/ADJ,تجربہ/NOUN
دوسرا/ADJ,نیوکلیئر/ADJ,تجربہ/NOUN
حقیقی/ADJ,جارحانہ/ADJ,رویے/NOUN
گرمائی/ADJ,میقاتی/ADJ,تعطیلات/NOUN
کچھ/ADJ,قانونی/ADJ,مدد/NOUN
غیرقانونی/ADJ,انہدامی/ADJ,کارروائیوں/NOUN
آسٹریلیائی/ADJ,فاسٹ/ADJ,بولر/NOUN
قدیم/ADJ,ایمرجنسی/ADJ,قانون/NOUN
سرکاری/ADJ,خبررساں/ADJ,ادارے/NOUN
سرکاری/ADJ,خبررساں/ADJ,ادارہ/NOUN
سرکاری/ADJ,خبررساں/ADJ,ایجنسی/NOUN
اقلیتی/ADJ,تعلیمی/ADJ,اداروں/NOUN
