كىچىك/ADJ,ئىجادىي/ADJ,ئىستەك/NOUN
جاپالىق/ADJ,ئۇزۇن/ADJ,سەپەر/NOUN
مۇنەۋۋەر/ADJ,ئەدەبىي/ADJ,ئەسەرلەرنى/NOUN
بىپايان/ADJ,گۈزەل/ADJ,دۇنياغا/NOUN
بۇرۇنقىدەك/ADJ,ياخشى/ADJ,دوست/NOUN
رەڭگارەڭ/ADJ,ئۇششاق/ADJ,گۈللەر/NOUN
ئەرزان/ADJ,خام/ADJ,ماتېرىيالغا/NOUN
كەڭ/ADJ,بوغما/ADJ,چاپان/NOUN
رەڭگارەڭ/ADJ,ياۋا/ADJ,گۈللەرنى/NOUN
قويۇق/ADJ,مېۋىلىك/ADJ,دەرەخلەر/NOUN
