count,awf,nwf
1,ئائىلىۋى,تۇرمۇشقا
1,ئاجايىپ,ئالاھىدىلىككە
1,ئاجايىپ,ئىشقۇ
1,ئاجايىپ,ئىلھام
1,ئاجايىپ,ئىلھامغا
1,ئاجايىپ,ئېقىن
1,ئاجايىپ,باتۇرلىقىغا
1,ئاجايىپ,بالا
1,ئاجايىپ,بالىلىرىدەك
1,ئاجايىپ,خىسلەتكە
1,ئاجايىپ,خىياللارنى
1,ئاجايىپ,سىنىپ
1,ئاجايىپ,سەييارىلەر
1,ئاجايىپ,قولىدىن
1,ئاجايىپ,لەززەت
2,ئاجايىپ,مەنزىرىلەر
1,ئاجايىپ,چاغدا
1,ئاجايىپ,ھۇزۇر
1,ئاددى,نەرسىلەرگىچە
1,ئاددى,يۈزىگە
1,ئازابلىق,قىياپەتتە
1,ئازادە,ئارقا
1,ئازادە,ئىنسان
1,ئازادە,ئۆي
1,ئازراق,جان
1,ئازراق,سۇ
1,ئازراقلا,ۋاقىت
1,ئاسما,ئەينەككە
1,ئاسما,بوۋاي
1,ئاغرىقچان,ئانىسىنىڭ
1,ئاغرىقچان,تاپشۇرۇقلىرىنى
1,ئاكىلىق,مەسئۇلىيەت
1,ئالدىراش,ئاياللىرى
1,ئالدىنقى,ئاخشىمى
1,ئالدىنقى,رەتتىكى
1,ئالدىنقى,قاتاردىكى
1,ئالدىنقى,كۈنى
1,ئالىي,ئەقىلگە
1,ئالىي,پىياز
1,ئالەمشۇمۇل,تەتقىقاتىنىڭ
1,ئالەمشۇمۇل,كەشپىياتلارنى
1,ئاممىۋى,پائالىيەت
1,ئايان,ھەقىقەت
1,ئوتتۇرانچى,ئوغلىمىزنى
1,ئوخشاش,ئىشلار
1,ئوخشاش,ئۇزۇنلۇقتىكى
1,ئوخشاش,ئېغىرلىقتىكى
1,ئوخشاش,ئېگىزلىكتىن
1,ئوخشاش,بالىلىرىغا
1,ئوخشاش,جايلاردا
1,ئوخشاش,سۇ
1,ئوخشاش,قوغۇشۇن
1,ئوخشاش,كەچقۇرۇن
1,ئوخشاش,نۇقتىغا
1,ئوخشاش,پاراخوتلىرىنىڭ
1,ئوخشاش,ۋاقىتتا
1,ئورتاق,ئائىلىسى
1,ئورتاق,ئارزۇسى
1,ئورتاق,ئارزۇيىمىز
1,ئورتاق,ئېتىقادىغا
1,ئورتاق,كۆچىتى
1,ئويناق,ئېقىنلار
1,ئوچۇق,چىراي
1,ئوڭ,تەرىپىگە
1,ئوڭ,قولى
1,ئوڭ,يېنىمدىكى
1,ئوڭ,ۋاقىت
1,ئوڭغۇل-دوڭغۇل,يول
1,ئىجادىي,ئارىدىن
1,ئىجادىي,ئاپتوبۇستىن
1,ئىجادىي,ئاۋازى
1,ئىجادىي,ئىستەك
1,ئىجادىي,بالاساغۇن
1,ئىجادىي,تەپەككۇر
1,ئىجادىي,تەپەككۇردا
1,ئىجادىي,تەپەككۇرغا
1,ئىجادىي,تەپەككۇرنى
1,ئىجادىي,خىزمەت
1,ئىجادىي,دادا
1,ئىجادىي,سىنىپنىڭكى
1,ئىجادىي,قابىلىيەتنىڭ
1,ئىجادىي,قابىليىتى
1,ئىجادىي,قابىليەت
6,ئىجادىي,قابىليەتكە
1,ئىجادىي,قەغەز
1,ئىجادىي,كۈچنى
1,ئىجادىي,مېھرىڭلارغا
2,ئىجادىي,مەھمۇد
1,ئىجادىي,مەھەللىدە
1,ئىجادىي,يىراقتىن
1,ئىجادىي,پىكىرلەرنى
1,ئىجادىي,پىكىرنى
1,ئىجادىي,ۋاقىت
1,ئىجتىمائىي,«مۇقىمسىزلىق»نى
1,ئىجتىمائىي,ئەخلاق
1,ئىجتىمائىي,راست
1,ئىجتىمائىي,شەكلى
1,ئىجتىمائىي,مەخلۇقات
1,ئىجتىھاتلىق,ئادەم
1,ئىجتىھاتلىق,پەرۋىشكار
1,ئىسسىق,ئەلگە
1,ئىسسىق,تاماقنى
1,ئىسسىق,تۇيغۇلاردا
1,ئىسسىق,رايونلارغا
1,ئىسسىق,مۇھاكىمە
1,ئىسسىق,نەپەسلىرىم
1,ئىسسىق,ياش
1,ئىسسىق,يۈزى
1,ئىسسىق,ھاۋا
1,ئىسىملىك,ئالۋاستىنى
1,ئىسىملىك,بالا
1,ئىسىملىك,بالىنى
1,ئىسىملىك,تاش
1,ئىسىملىك,قارلىغاچلارنى
1,ئىسىملىك,قىز
1,ئىسىملىك,قىزى
1,ئىسىملىك,قىزچاقمۇ
1,ئىسىملىك,قەلبىڭنى
1,ئىسىملىك,يىلدا
1,ئىسىملىك,يىگىت
1,ئىسىملىك,يېقىملىق
1,ئىسىملىك,پەرىزاتنى
1,ئىشەنچلىك,ئىشلەمچىلەردىن
1,ئىشەنچلىك,پەيت
1,ئىقتىسادىي,جەھەتتىكى
1,ئىقتىسادىي,مەنپەئەت
1,ئىلغار,پەن-تېخنىكا
1,ئىللىق,شامال
1,ئىللىق,قىپقىزىل
1,ئىللىق,نۇرى
1,ئىلھامبەخش,سۆزلىرى
1,ئىنسانىي,خاراكتېرىنى
1,ئىنسانىي,قېتىق
1,ئىنسانىي,پەزىلەت
1,ئىنسانىي,ھوزۇر
1,ئىنچىكە,قاشلىرى
1,ئىنچىكە,ياغاچ
1,ئىنچىكە,يىپەك
1,ئىپتىدائىي,جامائەت
1,ئىپتىدائىي,جەريانىڭ
1,ئىپتىدائىي,خىيالى
1,ئىچكى,ئۆلكىلەردىكى
1,ئىچكى,بالىنىڭ
1,ئىچكى,تۈزۈمى
3,ئىچكى,قۇرۇقلۇق
1,ئىچكى,قۇرۇقلۇقىنىڭ
1,ئۆزگىچە,قەسرەڭدىكى
1,ئۆزگىچە,مىھمان
1,ئۆلكىلىك,ئىشخانىسىنىڭ
1,ئۆلكىلىك,چېيى
1,ئۇزاق,ئۆتمۈش
1,ئۇزاق,ئېغىز
1,ئۇزاق,تارىخنى
1,ئۇزاق,توغرۇل
1,ئۇزاق,دەرەخلەر
1,ئۇزاق,سەپەرگە
1,ئۇزاق,قۇشقىچى
1,ئۇزاق,كۆچىتى
1,ئۇزاق,مەنسۇپ
1,ئۇزاق,يول
1,ئۇزاق,يىراق
1,ئۇزاق,يىل
1,ئۇزاق,يىللار
1,ئۇزاق,يۈز
1,ئۇزۇن,تانىسىنى
1,ئۇزۇن,سەپەر
1,ئۇزۇن,كۆڭلەك
1,ئۇزۇن,چاپان
1,ئۇششاق,ئويۇنچۇقلارنى
1,ئۇششاق,تامچىلارغا
1,ئۇششاق,تامچىلىرىغا
1,ئۇششاق,كۆپۈكچىلەر
1,ئۇششاق,گۈللەر
1,ئۇششاقچۈششەك,نەرسىلەرنى
1,ئۇششاق–چۈششەك,ئىشلار
1,ئۇنتۇلغۇسىز,دەقىقىنى
1,ئۇياتچان,قىزچاقتەك
1,ئۈنۈملۈك,ئۇسۇل
1,ئېغىر,ئاپەت
1,ئېغىر,ئسمى
1,ئېغىر,تاش
1,ئېغىر,دەرىجىدە
1,ئېغىر,سۇ
1,ئېغىر,سۈكۈت
1,ئېغىر,قوغۇشۇن
1,ئېغىر,قۇرۇلمىسى
1,ئېغىر,كېسەل
1,ئېغىر,لوڭقىسى
1,ئېغىر,يۈكنى
1,ئېلېكترونلۇق,ئويۇنچۇق
1,ئېلېكترونلۇق,مىسرالارنى
1,ئېگىز-پەس,يولدا
1,ئەتىۋارلىق,بالىڭىز
1,ئەتىۋارلىق,بۇيۇملىرىنى
3,ئەدەبىي,ئەسەرلەرنى
1,ئەدەبىي,تەخەللۇسى
1,ئەدەبىي,كىيىملىرىنى
1,ئەرزان,ئېنىرگىيە
1,ئەرزان,باھادا
1,ئەرزان,تورغا
1,ئەرزان,ماتېرىيالغا
1,ئەرزان,نەرسىمۇ
1,ئەرزىمەس,نەرسە
1,ئەستايىدىل,رەۋىشتە
1,ئەقىللىق,بالا
1,ئەقىللىق,بالىغا
1,ئەقىللىق,مۇمكىن
1,ئەمەلىي,تېخنىكىسى
1,ئەمەلىي,كەشپىياتىڭ
1,ئەنئەنىۋى,ئۆرپ–ئادەتلىرىنىڭ
1,ئەنئەنىۋى,سۇلار
1,ئەنئەنىۋى,مەدەنىيىتى
1,ئەنئەنىۋى,مەدەنىيىتىمىزنىڭ
1,ئەنئەنىۋى,مەدەنىيىتىمۇ
1,ئەنئەنىۋى,چېچەك
1,ئەپلىك,يەرنى
1,ئەپچىل,ئۇۋا
1,بار,ئاياغ
1,بار,ئاۋازى
1,بار,دەريادىن
1,بار,قىزلار
1,بار,يىگىت
1,باراقسان,خەينەن
2,باراقسان,دەرەخلەر
1,باراقسان,كۆڭۈلنى
1,باراقسان,مېۋەزارلىقتا
2,باشقا,ئادەم
1,باشقا,ئادەمنى
1,باشقا,ئاۋازى
1,باشقا,بازارلار
1,باشقا,بالىلارمۇ
1,باشقا,بۆرىلەر
1,باشقا,تېلېفونىسىت
1,باشقا,شەيئىلەر
1,باشقا,قىزىمنى
1,باشقا,قەۋەت
1,باشقا,كىشىدىن
1,باشقا,كۇڭچيۇ
1,باشقا,كەشپىياتلىرىنى
1,باشقا,مەكتەپكە
1,باشقا,يوللىرى
1,باشقا,پونكىتلىرىنىمۇ
1,باشقا,چاغلاردا
1,باشقا,ھويلىغا
1,باشقا,ھىچنىمە
1,باشلانغۇچ,مەكتەپتە
1,باشلانغۇچ,مەكتەپنى
1,باشلانغۇچ,مەكتەپنىڭ
1,بايىقى,ئايالىم
1,بايىقى,ئىزادا
1,بايىقى,ئىش
1,بايىقى,ئىشلىرىنىڭ
1,بايىقى,بالىلىق
1,بايىقى,تاشقىنلىققا
1,بايىقى,ساتىراشخانا
1,بايىقى,كاۋىلىرىنى
1,بايىقى,كۈلدۈرىدىغان
1,بايىقى,پارە
1,بوغما,چاپان
1,بويلۇق,يىگىت
1,بىتەلەي,بالىلارنىڭ
1,بىپايان,ئويۇنچۇق
1,بىپايان,دۇنياغا
1,بىپايان,دېڭىز
1,بىپايان,زېمىن
1,بىپايان,سۇ
1,بىپايان,شورلۇق
1,بىپايان,يېزىدا
1,بۇرۇنقى,بۆلەكتىكى
1,بۇرۇنقى,تاش
2,بۇرۇنقى,زاماندا
1,بۇرۇنقى,سۈيىدەك
1,بۇرۇنقىدەك,دوست
1,بۇزۇق,كانايدەك
1,بەختىيار,بالىلار
1,بەدىئىي,دىتىنىڭ
1,بەلگىلىك,ئەھۋالغا
1,بەلگىلىك,شەتلەرنى
1,بەلەن,گەپ
1,تاقاق,ئىشىكلەر
1,تاقاق,ئەگلەكتىن
1,تالاي,مۇشەققەتلەرنى
1,تالاي,ۋاقىتنى
1,تاملىق,قورۇقلىرى
1,تورۇق,ئېتىمىزنى
1,تولا,توپا
1,تولا,دانىمۇ
1,تىرىشچان,ئوقۇغۇچىلاردىن
1,تىرىشچان,تەنزە
1,تىرىشچان,كۈنى
1,تىرىشچان,كەشپىياتچىمىزنىڭ
1,تىرىشچان,ماكان
1,تىرىك,ئاقىۋىتىنىڭ
1,تىرىك,جان
1,تىرەن,يىلتىز
1,تىگىشلىك,ئىشلىرىمۇ
1,تۇغقان,قېرىنداشلىرىڭنى
1,تۈنۈگۈنكى,پائالىيىتىمىزدىن
1,تېتىقسىز,يۇمۇردىن
1,تېگىشلىك,ئۇنۋان
1,تەبىئىي,دېڭىز
1,تەبىئىي,يوسۇندا
1,تەرەققى_تاپقان,دۆلەتلەرنىڭ
1,تەسىرلىك,ئاۋاز
1,تەسىرلىك,ئىزھارى
1,تەسىرلىك,ئىشئىزلىرى
1,تەسىرلىك,تەقەززاسى
1,تەسىرلىك,يولنىڭ
1,تەسىرلىك,ھېكايىلەر
1,تەشكىلىي,قۇرۇلمىسى
1,تەشكىلىي,يۈكنى
1,تەييار,ئۇۋىدا
1,جانلىق,ھېكايىلەر
1,جاپالىق,ئائىلەمدىكىلەرنىڭ
1,جاپالىق,ئەمگىكىدىن
1,جاپالىق,تۇرمۇشنى
1,جاپالىق,تەتقىقاتلارنى
1,جاپالىق,سەپەر
1,جاپالىق,چاغدا
1,جاپالىق,ھۆسنى
1,جىگەررەڭ,سىرلىرى
1,جەزبىدار,مەنزىرلەرنى
1,خالىس,ئىشلارنى
1,خام,ماتېرىيالغا
1,خام,نەرسىمۇ
1,خوشال,كەيپىياتقا
1,خوشال,گۈللەردىن
1,خىرەلەشكەن,ئېرىقتىكى
1,خىرەلەشكەن,كۆزلىرىنى
1,خۇش,ئادەمنى
1,خۇش,ئاۋاز
1,خۇش,تەبەسسۇم
1,خۇش,خەتچىلەپ
1,خۇش,سىگۇاڭ
1,خۇش,پۇراقلار
1,خۇش,پۇرىقى
1,خۇش,پۇرىقىڭ
1,خۇش,چىراي
2,خۇش,ھىدى
1,خۇشال,كەيپىيات
1,خۇشال,ھاياتنىڭ
1,خۇشبۇي,جايلارغا
1,خۇشبۇي,پۇراقلار
1,داڭلىق,ئورۇنلار
1,داڭلىق,جايلارنىڭ
1,داڭلىق,دەريالاردا
1,داڭلىق,رەسسام
3,داڭلىق,يازغۇچى
1,داڭلىق,چوڭقۇر
1,دولقۇنلۇق,ئاجىز
1,دىمىق,كېيىن
1,دىمىق,ھاۋاسى
1,دۇرۇس,ئاياللىرىنىڭ
1,دۇرۇس,بالىدەك
1,دەرىجىلىك,تورىدا
1,دەرىجىلىك,دىپلومات
1,دەھشەتلىك,گۈلدۈرمامىدەك
1,روھىي,قۇۋۋىتىڭنى
1,روھىي,كېسەل
1,روھىي,ماھىيىتى
1,رەڭدار,باي
1,رەڭدار,بوشلۇقىدا
1,رەڭدار,رەسىملەر
1,رەڭدار,قەلىمىڭ
1,رەڭدار,كۆۋرۈك
1,رەڭدار,مارجانلارغا
1,رەڭدار,پۇلنى
1,رەڭلىك,ئاتا
1,رەڭلىك,ئاۋازىمدا
1,رەڭلىك,ئىزلىرى
1,رەڭلىك,ئەپەندىم
1,رەڭلىك,بەرگلىرىنى
3,رەڭلىك,بەرگنى
1,رەڭلىك,جاراھەتلەرگە
1,رەڭلىك,خەۋەر
1,رەڭلىك,دوست
1,رەڭلىك,رەخت
1,رەڭلىك,نۇرلار
1,رەڭلىك,يىپ
1,رەڭلىك,پاختا
1,رەڭلىك,چوققىدا
1,رەڭلىك,ھەيكەلنىڭ
1,رەڭلىك,ۋاپادار
1,رەڭگارەڭ,تۇرمۇش
1,رەڭگارەڭ,خادىملارنى
1,رەڭگارەڭ,رەسىملەرگە
1,رەڭگارەڭ,مەنزىرىسىگە
2,رەڭگارەڭ,گۈللەر
1,رەڭگارەڭ,گۈللەرنى
1,رەڭگارەڭ,گۈللەرگە
1,رەھمەتلىك,بوۋام
1,رەھمەتلىك,قاينام
1,زامانىۋى,ئاپتوبۇسلارغا
1,زامانىۋى,ئوغلى
1,زامانىۋى,بىنالار
1,زىل,ئاۋازى
1,زىل,تارىلارنى
1,زىل,سۇندۇرىۋېلىپ
1,زىيانلىق,قۇرت
1,زىيانلىق,قۇرۇتلارنى
1,زۆرۈر,ئامىللار
1,زۆرۈر,شەرت
1,زۆرۈر,مىسرالارنى
1,زەھەرلىك,ئۇرۇلۇشىدىن
2,زەھەرلىك,يىلاندەك
1,زەھەرلىك,يىلاننى
1,ساختا,ئالەم
1,ساختا,تېرىقچىلىقىنى
1,ساختا,دىھقانچىلىق
1,ساختا,سىيەككە
1,ساختا,سۈپەت
1,ساختا,شەكلىم
1,ساختا,شەكلىمنى
2,ساختا,شەكىل
1,ساختا,شەكىلنى
1,ساختا,شەكىلنىڭ
1,ساختا,شەكىلگە
1,ساختا,يىلدىن
1,ساددا,تەپەككۇرۇم
1,ساددا,مىجەز
1,سادىق,ئەمەلدار
1,سادىق,ئەمەلدارنى
1,سادىق,ياش
1,سادىق,ۋەزىرىمىنى
1,سادىق,ۋەزىرىمۇ
1,ساراڭ,بۆرىكەندە
1,سارغۇچ,ياپراقتەك
1,ساغلام,بالا
1,ساق,پايدىغا
1,ساق,چوڭقۇر
1,سالاپەتلىك,بوۋاي
1,ساناقسىز,لايدا
1,ساناقسىز,يۇلتۇزلار
1,ساناقسىز,يۇلتۇزلارنىڭ
1,سانسىزلىغان,تامچىلىرىغا
1,ساپال,قاچىدا
1,ساپال,قاچىسىمۇ
1,ساپسېرىق,نەشپۈتلەر
1,ساپسېرىق,يوپۇرماقلار
1,ساپسېرىق,ۋەزىيەت
1,سورتلۇق,شال
1,سوغۇق,ئارغامچىلارنىمۇ
1,سوغۇق,شامال
1,سوغۇق,شامالغا
1,سوغۇق,كۆپچىلىككە
1,سوغۇق,كۈنلەر
1,سول,ئانىسى
1,سول,تەرىپىدە
1,سول,تەرىپىگە
1,سول,ساۋاقداشلىرىنى
1,سول,قولىدا
1,سول,پۇتى
1,سىرلىق,ئىشىك
1,سىرلىق,تۈسكە
1,سۆلەتلىك,ئوغۇللارغا
1,سۆلەتلىك,ئېتىنى
1,سۇس,قاراڭغۇلۇققا
1,سۇس,قەيسەر
2,سۇس,كۈلكە
1,سۇس,نەرسىلەر
1,سۇس,يېشىل
1,سۇسىز,چۆل-باياۋان
1,سۈزۈك,ئاكا
1,سۈزۈك,بوشلۇقتا
2,سۈزۈك,بوشلۇقۇڭغا
1,سۈزۈك,تامچىلىرىنى
1,سۈزۈك,تېخنىكا
1,سۈزۈك,خەتەر
1,سۈزۈك,سۇلار
1,سۈزۈك,سۈيىنى
1,سۈزۈك,غايىپ
1,سۈزۈك,كىشىگە
2,سۈزۈك,كۆكسىدە
1,سۈزۈك,كۆپۈكچىلىرى
1,سېرىق,تونىنىنى
1,سېرىق,رەڭنى
1,سېرىق,قوڭغۇز
1,سېرىق,قوڭغۇزنى
1,سېرىق,قىزغا
1,سېرىق,چۆل
1,سېسىق,تىللار
1,سېھرىي,كۈچى
1,سېھرىي,مۇز
1,سەمىمىي,ئاۋازدا
1,سەمىمىي,دوسىت
1,سەمىمىي,سەركار
1,سەمىمىي,ھاسىراپ–ھۆمۈدەپ
1,شانلىق,غەلبە
1,شوخ,ئويناۋاتقان
1,شوخ,بالىلار
1,شوخ,خەلقئارانى
1,شوخ,سايراشلىرى
1,شوخ,قىزلارنىڭ
1,شوخ,كۈلكىلەر
1,شوخ,كەيپىياتقا
1,شوخ,گۈللەردىن
1,شوخ,ھايۋاننى
1,شىمالىي,ئاددىي
1,شېرىن,ئۇيقۇ
1,شېرىن,ئۇيقۇدا
1,شېرىن,ئەسلىمە
1,شېرىن,خاتىرىلىرىم
1,شېرىن,مىسلىقى
1,شېرىن,پۇراق
1,شېرىن,ھالدا
1,شەرتلىك,مۇناسىۋەتكە
1,شەرقىي,جەنۇبقا
1,شەرەپلىك,نامنى
3,شەھەرلىك,بالىلار
1,غالجىرانە,ھەركەتنى
1,غەزەپلىك,ئاۋازى
1,غەلىتە,بۆرىكەن
1,غەلىتە,سوئالنى
1,غەلىتە,كۆزلىرىڭ
1,غەلىتە,مەنزىرە
1,غەلىتە,چۈشلەرنى
1,غەلىتە,ھادىسىلەرنى
1,فوتو,ئاپپارات
1,فوتو,سۈرەت
1,قابىلىيەتلىك,ئادەمدىن
1,قاتتىق,خەۋەر
1,قاتتىق,دوستلىرى
1,قاتتىق,دەرەخلىكنى
1,قاتتىق,ساراسىمىگە
1,قاتتىق,سوقۇلۇشتىن
1,قاتتىق,سۆز
1,قاتتىق,سۇغا
1,قاتتىق,قاتنىشىشنى
1,قاتتىق,قاپقا
1,قاتتىق,كۈتكۈچىلىرى
1,قاتتىق,كۈلكە
1,قاتتىق,يامغۇر
1,قارا,ئامپېر
1,قارا,ئاپئاق
1,قارا,ئاھالىلەر
1,قارا,بوران
1,قارا,بورانغا
2,قارا,بۇلۇتلار
1,قارا,تورغاي
1,قارا,تونىنى
1,قارا,تۈزۈمىنىڭ
1,قارا,تەسىرىدىن
2,قارا,خىزمەتچى
1,قارا,قانىتىم
1,قارا,قىسمەت
1,قارا,قۇشقاچتەك
1,قارا,قەلبىم
1,قارا,قەۋەت
1,قارا,كىيىنسەممۇ
1,قارا,كۆلەڭگە
1,قارا,كەپكە
1,قارا,مۇنچاقتەك
1,قارا,مۈشۈك
1,قارا,يامغۇر
1,قارا,يىراقلارغا
1,قارا,پەرىشتىگە
1,قارا,پەرىشتە
1,قارا,چوڭقۇر
1,قارا,چىراق
1,قالتىس,خەقنىڭ
1,قالتىس,رايونىدا
1,قالتىس,سەۋىيىدىن
1,قالتىس,ھالاۋەتكە
1,قالتىس,ۋەقەمۇ
1,قايرىما,ئارقا
1,قايرىما,ئۆستەڭ
1,قايرىما,جايلارغا
1,قايغۇلۇق,بەس
1,قايغۇلۇق,كۈنلەر
1,قايناق,كۈنى
1,قوراللىق,پالوبىغا
2,قورقۇنچلۇق,ئالۋاستى
1,قورقۇنچلۇق,بوشلۇقتىن
1,قورقۇنچلۇق,شەكلىم
1,قويۇق,ئورمان
1,قويۇق,ئورمانلارنى
1,قويۇق,ئوقلاردەك
1,قويۇق,ئۆيى
1,قويۇق,ئەپەندىم
1,قويۇق,تاغ
1,قويۇق,دەرەخلەر
1,قويۇق,سەنئەت
1,قويۇق,قوناقلىق
1,قويۇق,لاينى
1,قويۇق,لۇتپۇللانىڭ
1,قويۇق,يوپۇرماقلاردىن
1,قويۇق,پايدىلنىپ
1,قويۇق,چاچلىرىڭ
1,قوپال,گەپ
1,قوڭۇر,تاشلار
1,قوڭۇر,رەڭ
1,قىرتاق,سۇيۇقلۇقنىڭ
1,قىزغىن,ئالقىش
1,قىزغىن,چاۋاك
1,قىزىق,ئىش
1,قىزىق,خىلمۇخىل
1,قىزىق,سېنى
1,قىزىق,كاككۇك
1,قىزىق,پاراڭ
1,قىزىق,ھارارەتتەك
1,قىزىقارلىق,بالىلار
1,قىزىقارلىق,بايقاش
1,قىزىقارلىق,تۇغان
1,قىزىقارلىق,ھېكايىلەرنى
1,قىزىقارلىق,ھەرىكەتلەرنى
2,قىزىل,تۆشلۈك
1,قىزىل,جەينىكى
2,قىزىل,رەڭلەردە
1,قىزىل,رەڭنى
1,قىزىل,شار
1,قىزىل,قان
1,قىزىل,قېنىنى
1,قىزىل,لېنتا
1,قىزىل,يىپلەر
1,قىزىل,پۆپۈكلۈك
1,قىزىل,چوغدىن
1,قىزىل,چوغدەك
1,قىزىل,چىرىغى
1,قىزىل,گۈللۈك
1,قىشلىق,نۇقتىغا
1,قىشلىق,چاپانلىرىنى
1,قىممەتلىك,ئۆسۈملۈكلەر
1,قىممەتلىك,نەرسىنى
1,قىممەتلىك,نەرسە
1,قىيسىق,مۇنارغا
1,قىيسىق,مۇنارى
1,قىيىن,ئەھۋالغا
1,قىيىن,شەتلەرنى
1,قىيىن,مەسىلىنى
1,قىيىن,مەسىلە
1,قىيىن,مەشرەپكە
1,قۇرۇق,ئىسكىلىت
1,قۇرۇق,ئەۋلادقا
1,قۇرۇق,جازىسى
3,قۇرۇق,دەستىگاھتا
1,قۇرۇق,دەستىگاھلارنى
1,قۇرۇق,دەستىگاھنى
1,قۇرۇق,قوللىرىنى
1,قۇرۇق,قۇم
1,قۇرۇق,مەكتەپكە
1,قۇرۇق,ناننى
1,قۇرۇق,پاراڭ
1,قۇرۇق,گەپ
1,قۇرۇق,گەپنى
1,قۇيۇق,ئومۇملىشىش
2,قۇيۇق,تۇمان
1,قۇپقۇرۇق,خىلمۇخىل
1,قۇپقۇرۇق,چۆللۈكتە
1,قۇپقۇرۇق,ھەدە
1,قېتىمقى,ئورنى
1,قېتىملىق,قورشاۋىغا
1,قېتىملىق,مۇلاھىزىدە
1,قېتىملىق,ۋاقتى
1,قەدىردان,ئوقۇتقۇچىلىرىمىزغا
1,قەدىردان,كەينىگە
1,قەدىرلىك,ئاغىنە
1,قەدىرلىك,بۇلدۇق
1,قەدىرلىك,تاغ
1,قەدىرلىك,ساياھەتچىلەر
1,قەدىرلىك,لالە
1,قەدىرلىك,مەيدانى
1,قەدىرلىك,يولداش
1,قەدىمكى,ئارام
1,قەدىمكى,دەۋرلەردىلا
1,قەدىمكى,زاماندا
1,قەدىمكى,قۇرۇلۇشنىڭ
1,قەدىمكى,كارۋانلارنىڭ
1,قەدىمكى,مۇتەپەككۇرلار
1,قەدىمكى,يولىنىڭ
1,قەدىمكى,چاچلىرى
1,قەدىمىي,ئاددىي
1,قەدىمىي,زامان
1,قەدىمىي,شەھەر
1,قەدىمىي,كىشىلەرنىڭ
1,قەدىمىي,كېمىسى
1,كاۋكازچە,بۇرۇت
1,كىشلىك,تۇرمۇشنى
1,كىچىك,ئادەمنىڭ
1,كىچىك,ئارالغا
1,كىچىك,ئاسترونوم
1,كىچىك,ئشىكنىڭ
1,كىچىك,ئوغلى
1,كىچىك,ئوغلىنى
2,كىچىك,ئوغۇل
2,كىچىك,ئوغۇلنىڭ
1,كىچىك,ئىستەك
1,كىچىك,ئەۋەتكىنىنى
1,كىچىك,بازاردىن
5,كىچىك,بالا
1,كىچىك,بالىدەك
1,كىچىك,بالىلاردەك
1,كىچىك,بىلەكلىرىگە
1,كىچىك,بېلىق
1,كىچىك,بېلىقنىڭ
1,كىچىك,تاغ
1,كىچىك,تامچىلارغا
1,كىچىك,خۇشاللىقتىن
1,كىچىك,دائىرىگە
1,كىچىك,دەرياغا
1,كىچىك,دەقىقىنى
1,كىچىك,سودىگەردەك
1,كىچىك,قارلىغاچلا
1,كىچىك,قىزچاققا
1,كىچىك,قۇت
1,كىچىك,قۇرۇتنى
1,كىچىك,كىيىممۇ
1,كىچىك,كەنتكە
1,كىچىك,مەنزىرە
1,كىچىك,نىكودىموۋىچ
1,كىچىك,نەرسىلەرگىچە
1,كىچىك,يامغۇرى
1,كىچىك,يىپەك
2,كىچىك,پاراۋۇزلارنى
1,كىچىك,چاغلىرىدىمۇ
1,كىچىك,چېغىدا
1,كىچىك,چېچەككە
1,كىچىك,گۈل
1,كىچىك,ۋاقتىمدا
1,كىچىك,ۋاقتىمدىمۇ
1,كىچىك,ۋىلايىتىنىڭ
1,كىچىككىنە,ئادەم
1,كىچىككىنە,ئاغزىلىرىنى
1,كىچىككىنە,ئايالىم
1,كىچىككىنە,ئىزادا
1,كىچىككىنە,ئىش
1,كىچىككىنە,ئىشىكلەرنى
1,كىچىككىنە,ئىلھام
1,كىچىككىنە,باغچىسى
1,كىچىككىنە,بالىنى
1,كىچىككىنە,بويى
1,كىچىككىنە,بىكاردىن-بىكارغا
1,كىچىككىنە,تېنىڭدىكى
1,كىچىككىنە,خىياللىرىغىمۇ
1,كىچىككىنە,دەۋرىدىكى
1,كىچىككىنە,سالقىن
1,كىچىككىنە,سۆرۈن
1,كىچىككىنە,قول
1,كىچىككىنە,قېرىنداشلىق
1,كىچىككىنە,مۇشتۇمىنى
1,كىچىككىنە,مېڭەم
1,كىچىككىنە,نۇرغۇن
1,كىچىككىنە,يېرى
1,كىچىككىنە,يېزىدا
1,كىچىككىنە,چىلىم
1,كىچىككىنە,چېلىكىمنى
1,كىچىككىنە,ھالەتتە
1,كىچىككىنە,ۋوگزال
1,كۆرۈشىدىغان,بوۋاي
1,كۆنۈككەن,ئادەت
1,كۆپ,ئالتىمىز
1,كۆپ,ئۆيگە
1,كۆپ,ئەقىل
1,كۆپ,جايغا
1,كۆپ,خىل
1,كۆپ,رەڭگە
1,كۆپ,ساندىكى
1,كۆپ,قولىدىن
1,كۆپ,قىزىم
1,كۆپ,قىسمىنى
1,كۆپ,كىيىملىرى
1,كۆپ,مىقداردا
1,كۆپ,مۇئامىلە
2,كۆپ,ھاللاردا
1,كۆڭۈللۈك,ئائىلىمىز
1,كۆڭۈللۈك,ئاخشاملىرى
1,كۆڭۈللۈك,ئاينىڭ
1,كۆڭۈللۈك,تۇرمۇش
1,كۆڭۈللۈك,تېرىسىنى
1,كۆڭۈللۈك,دۇنياسىغا
1,كۆڭۈللۈك,ساقلىغۇچى
1,كۆڭۈللۈك,پاراڭغا
1,كۈلكىلىك,نېمىلەرنى
1,كۈنكى,سەپىرىگە
1,كۈچلۈك,ئىشخانىسىنىڭ
1,كۈچلۈك,ئېقىمى
1,كۈچلۈك,بوران
1,كۈچلۈك,قانىتى
1,كۈچلۈك,پەرقى
1,كېرەكلىك,پاختا
1,كېچىلىك,لىباسلىرىنى
1,كەچكى,شەپەق
1,كەچلىك,تامىقىنى
1,كەڭ,ئارقا
1,كەڭ,ئىنسان
1,كەڭ,ئۆي
1,كەڭ,خاس
1,كەڭ,دائىردە
1,كەڭ,دەرۋازىدىن
1,كەڭ,چاپان
1,لايىق,ئالدىمغا
1,لايىق,ھەق
1,لەززەتلىك,تەمىنى
1,ماتېماتىكىلىق,مەسلە
1,ماھىر,سەنئەتكارلار
1,مول,لاينى
1,مويسىپىت,ئادەمنى
1,مۇئاۋىن,باشلىقى
1,مۇئەييەن,ئۇرۇق
1,مۇئەييەن,توپى
1,مۇئەييەن,نىشانغا
1,مۇتلەق,پادىشاھنىڭ
1,مۇقەددەس,گۈزەللىكنى
1,مۇكەممەل,ئىشەنچ
1,مۇكەممەل,بۇرۇن
1,مۇكەممەل,شەكىل
1,مۇكەممەل,ھالغا
1,مۇناسىۋەتلىك,ئىشلىرى
1,مۇناسىۋەتلىك,ماتىرياللارنى
1,مۇناسىۋەتلىك,ۋەزىپە
1,مۇنبەت,تۇپراق
1,مۇنەۋۋەر,ئورمانغا
1,مۇنەۋۋەر,ئەدەبىيئەسەرلەر
1,مۇنەۋۋەر,ئەدەبىيئەسەرلەرنى
1,مۇنەۋۋەر,ئەسەرلىرى
1,مۇنەۋۋەر,ئەسەرلەرنى
1,مۇنەۋۋەر,شەمنەم
1,مۇنەۋۋەر,يىقىنلا
1,مۇھىم,ئاساسلارنىڭ
1,مۇھىم,ئامىلدۇر
1,مۇھىم,ئورۇندا
1,مۇھىم,ئىشىك
1,مۇھىم,ئىشىنىڭ
1,مۇھىم,تۈگۈنى
1,مۇھىم,رول
1,مۇھىم,قىسمى
1,مۇھىم,پادىشاھ
1,مۇھىم,پۇت
1,مۇھىم,ھاجىتى
1,مۇھىم,ۋەزىپە
1,مۈشكۈل,ئىشىمىزنى
2,مۈڭگۈزلۈك,ھايۋانلارنىڭ
1,مېھرىبان,ئانا
1,مېھرىبان,چىرايى
1,مېھماندوست,يىگىتى
1,مېۋىلىك,ئالدىمدا
1,مېۋىلىك,باغ
1,مېۋىلىك,تېمپىراتۇرا
2,مېۋىلىك,دەرەخلەر
1,مېۋىلىك,دەرەخلەردە
1,مەخسۇس,پويىز
1,مەدەنىي,كۆڭۈل
1,مەدەنىيەتلىك,ئادەم
1,مەدەنىيەتلىك,ئانا
1,مەزگىللىك,ئەمەلىيىتىدە
1,مەشھۇر,ئالىملىرىمىزنىڭ
1,مەشھۇر,ئەربابى
1,مەشھۇر,ئەسەرلىرى
1,مەشھۇر,قوشاقچى
1,مەشھۇر,كۆزلىرىنى
1,مەشھۇر,مائارىپچىمىز
1,مەشھۇر,ماتېماتىكلار
1,مەغرۇر,قىياپەتكە
1,مەغرۇر,ھاجىپ
1,مەلۇم,ئۆتكەنلەر
1,مەلۇم,بارا
1,مەلۇم,جاۋابنى
2,مەلۇم,كۈنى
2,مەلۇم,كۈچنىڭ
1,مەلۇم,يىلى
1,مەلۇم,پسىخولوگىيمۇتەخەسسىسلىرى
1,مەلۇم,پەرقى
1,مەلۇماتلىق,ئادەملەرنىڭ
1,مەنزىرلىك,جايلارنىڭ
1,ناتونۇش,دۇنيا
1,نازۇك,زايا
1,نازۇك,كىشىلەرنىڭ
1,نازۇك,يەرگە
1,نازۇك,ھېسسىياتلىرىنىڭ
1,ناھىيىلىك,مەكتەپنىڭ
1,نۇرلۇق,ئاي
1,نۇرلۇق,قۇياشنىڭ
1,نۇرلۇق,مەشئەلگە
1,نۇرلۇق,يۇلتۇزدەك
1,نېرىقى,ئۆيگە
1,نېپىز,ئامال
1,نېپىز,توكارېپنى
2,نېپىز,تۇمان
1,نېپىز,ۋاراقلاردىن
1,ياخشى,ئاقلىرى
1,ياخشى,ئالتۇنلارنى
1,ياخشى,ئايال
1,ياخشى,ئش
1,ياخشى,ئىشقا
1,ياخشى,ئىشلارنىمۇ
1,ياخشى,ئۇۋا
1,ياخشى,بالا
1,ياخشى,تاقەت
1,ياخشى,تايانچىغا
1,ياخشى,تۆگىسىنى
1,ياخشى,تەجرىبىلەرنى
1,ياخشى,دوست
1,ياخشى,دوستۇڭغا
1,ياخشى,قىسقا
1,ياخشى,كۈن
1,ياخشى,چارە
1,يارقىن,ئوبرازىم
1,يارقىن,قارلىغاچلار
1,يارقىن,قۇياش
1,يامان,ئىشتىن
1,يامان,ئىشلارمۇ
1,يامان,كىشى
1,يامغۇرلۇق,ئوقۇش
1,يامغۇرلۇق,ئېيىدا
2,يامغۇرلۇق,چاپاننى
1,ياپيېشىل,ئورمانلارنى
1,ياپيېشىل,تون
1,ياپيېشىل,ياپراقلىرىڭغا
1,ياۋا,ئازغان
1,ياۋا,ئازغاننىڭ
1,ياۋا,باندىتلار
1,ياۋا,توڭگۇز
1,ياۋا,قومارغىلى
1,ياۋا,ماھىيەتتە
1,ياۋا,يېزا
2,ياۋا,گۈللەر
1,ياۋا,گۈللەرنى
1,ياۋاش,قىز
1,ياۋاش,قەۋەتلىرى
1,ياۋايى,ئادەم
1,يوغان,ئىچىدە
1,يوغان,كۆزلىرى
1,يوغان,گۈرزە
1,يوق,ئىسكىلىت
1,يوق,بوشلۇقىغا
1,يوق,سوئاللار
2,يوق,سەۋەبلەرنى
1,يوق,شەھەردىن
2,يوق,كىشىلەر
1,يوق,كەلگۈسى
1,يوق,چۆل-باياۋان
1,يوق,ھاشاراتلارنى
1,يوللۇق,بەلۋېغىغا
1,يىرتقۇچ,بۆرە
1,يىرتقۇچ,ھەيران
1,يۇقىرى,ئادەم
1,يۇقىرى,ئالدىمدا
1,يۇقىرى,ئاۋاز
1,يۇقىرى,باھادا
1,يۇقىرى,تېمپىراتۇرا
1,يۇقىرى,دەرەخلەردە
1,يۇقىرى,ماھارەت
1,يۇقىرى,نامى
1,يۇقىرى,ۋەقە
1,يۇقىرىدىكى,سىرتىدىكى
1,يۇقىرىدىكى,مەسىلىگە
1,يۇقۇملۇق,كېسەلگە
1,يۇمشاق,بىلەكلىرىڭ
1,يۇمشاق,گۆش
1,يۇڭلۇق,قوزا
1,يۇڭلۇق,پۇتلىرىنى
1,يۈكسەك,ئايخان
1,يۈكسەك,ئشەنچ
1,يۈكسەك,تومشۇقىنى
1,يۈكسەك,دۇنيا
1,يۈكسەك,قارشى
1,يۈكسەك,پاراسىتىنىڭ
1,يۈكسەك,چىرايىمدىن
1,يۈەنلىك,پۇلنى
1,يېزىلىق,ئاغىنىسى
1,يېزىلىق,لۇتپۇللا
1,يېقىمسىز,ئاۋازدا
1,يېقىمسىز,يەرمەنكسىىنى
1,يېقىن,ئەتراپتىكى
1,يېقىن,تىرىشچانلىقلىرىمنى
1,يېقىن,تىنىق
1,يېقىن,خەت
2,يېقىن,دوست
1,يېقىن,دوستىغا
1,يېقىن,يەردىلا
1,يېقىنقى,ئالەم
1,يېقىنقى,ئۈنۈمسىز
1,يېقىنقى,ئەسىر
1,يېقىنقى,جاپا
1,يېقىنقى,شەكىلنى
1,يېقىنقى,يىل
1,يېقىنقى,يىلدىن
1,يېنىك,دولقۇنلار
1,يېپىشقاق,لاي
1,يېپىشقاق,پۇرسەتنى
1,يېپىقلىق,ئىشىك
1,يېپىقلىق,قەتئىينەزەر
1,يەتكۈسىز,كۆككە
1,يەككە,ئىگىلىكتىكى
1,يەككە,ھاۋا
1,پاجىئەلىك,گەپ
1,پاجىئەلىك,ھالاكىتىمنى
1,پاختىلىق,كىيملىرىمىزنى
1,پاراسەتلىك,مەخلۇق
1,پارلاق,ئىشنى
1,پارلاق,مەدەنىيەت
1,پاك,ئۇيغۇرچە
1,پاك,ئەقىدىمىزگە
1,پاك,دەۋرىمنى
1,پاك,قەلبگە
1,پاك,چاشقان
1,پاك,ۋىجدانىڭىز
1,پاكار,ئۆيلەر
1,پاكار,تېز
1,پاكار,يىغلىغىڭىز
1,پاكارراق,ۋاكولىنكو
1,پايانسىز,ئاسماندا
1,پايانسىز,بالا
1,پايانسىز,بالىلىرىنىڭ
1,پايانسىز,دېڭىزغا
1,پايانسىز,كۆك
1,پايانسىز,يايلاق
1,پۇختا,ئۇۋا
1,پۈتكۈل,بوۋاينى
1,پۈتكۈل,دۇنياغا
1,پۈتۈن,ئارغامچا
1,پۈتۈن,ئاسمان
1,پۈتۈن,ئاكا
1,پۈتۈن,ئۆمرۈم
1,پۈتۈن,ئېكسكۇرسىيە
1,پۈتۈن,ئەس-يادى
1,پۈتۈن,بەدىنى
1,پۈتۈن,تۈنۈگۈنىمىزنى
1,پۈتۈن,جەريانىنى
2,پۈتۈن,جەمئىيەت
2,پۈتۈن,دىققىتى
1,پۈتۈن,دۇنيادا
1,پۈتۈن,دۇنيادىكى
1,پۈتۈن,دۇنيانى
1,پۈتۈن,دەرياسى
1,پۈتۈن,زىھنى
3,پۈتۈن,زېھنى
1,پۈتۈن,زېھنىنى
1,پۈتۈن,شارىنى
1,پۈتۈن,شەپەق
1,پۈتۈن,شەھەردىكى
1,پۈتۈن,قوڭغۇز
1,پۈتۈن,كۈچى
1,پۈتۈن,كېيىن
1,پۈتۈن,چۆل
1,پۈتۈن,ھىنگان
1,پۈتۈن,ۋۇجۇدۇم
1,پەرىشان,ھالىتىنى
1,پەزىلەتلىك,بويتاقلاردىن
1,پەزىلەتلىك,كاۋىلىرىنىڭ
1,پەننىي,مەكتەپتە
1,چاققانغىنا,ئۆيىدە
1,چاقلىق,غالتەكنى
1,چوڭ,ئاكاڭ
1,چوڭ,ئامال
1,چوڭ,ئوغلىغا
1,چوڭ,ئوغلىمىزنى
1,چوڭ,ئوغۇل
1,چوڭ,ئوغۇلمۇ
2,چوڭ,ئوغۇلنىڭ
1,چوڭ,ئويدا
1,چوڭ,ئىلىنانىڭ
1,چوڭ,ئۇرۇق-تۇغقانلىق
1,چوڭ,ئەپچىللىك
1,چوڭ,بالىلار
1,چوڭ,بېرىڭ
3,چوڭ,تاش
1,چوڭ,تاشنىڭ
1,چوڭ,تىمساھ
1,چوڭ,تۆشۈك
1,چوڭ,جەنۇپتا
1,چوڭ,دۇنياسىغا
1,چوڭ,دەريا
1,چوڭ,دەريادىن
1,چوڭ,دەرەخ
1,چوڭ,سەھرادا
1,چوڭ,شىركەتنىڭ
1,چوڭ,شەھەردە
1,چوڭ,قۇرۇلۇشنىڭ
1,چوڭ,كوچىغا
1,چوڭ,كىتابلارنى
1,چوڭ,كۆزلىرى
1,چوڭ,كۆككە
1,چوڭ,مەركىزىگە
1,چوڭ,مەكتەپ
1,چوڭ,مەيلى
1,چوڭ,پاراخوت
1,چوڭ,پاراخوتلىرىنىڭ
1,چوڭ,پارنىك
1,چوڭ,ھاشاراتلار
1,چوڭ,ھالدا
2,چوڭراق,ئېقىنلىرى
1,چىرايلىق,ئاستىدا
1,چىرايلىق,ئامپېر
1,چىرايلىق,ئاۋام
1,چىرايلىق,ئىنشالىرىنى
1,چىرايلىق,ئۆي
1,چىرايلىق,باشلىرىنى
1,چىرايلىق,تاش
1,چىرايلىق,تاشنىڭ
1,چىرايلىق,تورغاي
1,چىرايلىق,خەتنىڭ
1,چىرايلىق,قىزىڭلارنى
1,چىرايلىق,قۇشقاچتەك
1,چىرايلىق,كىيىمنى
1,چىرايلىق,كەنت
1,چىرايلىق,مەسىلىلەرگە
1,چىرايلىق,پويىز
1,چۈشلۈك,تالاش
2,چۈشلۈك,تاماق
1,چېچەن,ئۈجمىنىڭ
2,چېچەن,بالا
1,چېچەن,سەزگۈلىرى
1,گىياھسىز,جونسۇنگودىنبېرك
1,گىياھسىز,قاقاسلىقنى
1,گىياھسىز,قەلەمنى
1,گۈزەل,ئارمانلار
1,گۈزەل,ئويۇنچۇق
1,گۈزەل,باغقىلا
1,گۈزەل,بوستانلىقتا
1,گۈزەل,تېكىستلەرنى
1,گۈزەل,خاتىرىلىرىم
1,گۈزەل,دۇنياغا
1,گۈزەل,دۇنيايىمىزمۇ
1,گۈزەل,كۈز
1,گۈزەل,مىسلىقى
1,گۈزەل,مەنزىرىسىنى
1,گۈزەل,مەنزىرىلىرىنى
1,گۈزەل,مەنزىرىلىرىگە
1,گۈزەل,مەنزىرىلەر
1,گۈزەل,مەنزىرە
1,گۈزەل,نۇسخىلار
1,گۈزەل,پەزىلەتتۇر
1,گۈلسىز,كۈنلەر
1,ھاۋارەڭ,دېڭىزنى
1,ھاۋارەڭ,شايىگە
1,ھاۋارەڭ,كونا
1,ھۆر,دۆلەتتە
1,ھۆر,قىزلارنىڭ
1,ھۆر,كەينىگە
1,ھۆرمەتلىك,نام
1,ھەرىكەتچان,كۆرۈنۈشلەرنى
1,ھەسرەتلىك,ئاۋازنىڭ
1,ھەشەمەتلىك,سايىۋەن
1,ھەللىك,كۆڭلەك
1,ھەيۋەتلىك,ئوغلى
1,ھەيۋەتلىك,بىنالار
1,ھەيۋەتلىك,تېخنىكا
1,ھەيۋەتلىك,نەرسىلەردىن
1,ۋاق,تاماق
1,ۋاق,سەمىمىيتىگە
1,ۋىجىك,ئانىسى
1,ۋىجىك,چاشقان
1,ۋەھشىي,ئىنساننىڭ
1,ۋەھشىي,ئەر
1,ۋەھشىي,يالماۋۇزغا
2,ۋەھشىي,ھايۋان
1,ۋەھشىي,ھايۋاندىنمۇ
1,ۋەھشىي,ھايۋانلاردەك
