count,awf,nwf
1,buồn,chuyện
1,buồn,kim
2,buồn,nỗi
1,bèo,giá
1,bé,hồi
1,béo,áo
1,bạc,tóc
1,bằng,nvƠnn
1,bằng,trẻ
1,bổ,rượu
1,cao,bề
1,cao,chiều
1,cao,cô
2,cao,giá
1,cao,hùng
1,cao,khi
1,cao,mức
1,cao,phố
1,cao,thứ
1,cao,ông
1,cao,điểm
1,cao,độ
1,chung,chuyện
1,chung,minsk
1,chung,vinh
1,chung,việc
1,chung,điểm
1,chung,đường
1,chuyên,người
1,chuyên,nhà
1,chuẩn,hạnh
1,chính,lần
1,chậm,khi
1,chậm,vốn
3,con,heo
1,cuối,anh
2,cuối,ngày
1,cuối,năm
1,cuối,trang
1,cuối,đêm
1,câm,con
1,câm,xã
1,còng,lưng
1,cùn,lưỡi
1,cùng,bạn
1,cùng,g
1,cùng,lúc
1,cùng,lđ
1,cùng,lớp
1,cùng,miền
5,cùng,ngày
5,cùng,người
1,cùng,nvƠnn
1,cùng,ông
1,cùng,đáy
1,cùng,đời
1,cũ,chỗ
1,cũ,lợn
1,cũ,nghề
1,cũ,ngày
1,cũ,số
1,cũ,đoạn
1,cạnh,bên
1,cả,anh
1,cả,kcn
1,cứng,khuôn
1,cứng,lời
1,cứng,nhau
1,dài,chiều
1,dài,dân
4,dài,kéo
1,dài,sắt
1,dài,việc
1,dễ,móng
1,dễ,nơi
1,dễ,thùng
1,dễ,Đại
1,dọc,mé
1,dọc,vụ
1,dọc,ông
1,dọc,đường
1,dữ,hổ
1,ghê,tiếng
2,già,bà
1,già,cường
1,già,cụ
2,già,mẹ
4,già,người
1,già,Đức
1,giàu,máy
1,giàu,nhà
1,giàu,năm
1,giả,cột
1,giả,hải
1,giả,mũ
5,giả,tb
1,giả,vị
1,giỏi,nơi
1,giống,nhà
1,gạt,mìn
1,gấp,trẻ
1,gấp,việc
1,gần,nền
1,gần,tt
1,gần,ông
1,gốc,vốn
1,hay,chuyện
1,hay,thọ
1,hiếm,chuyện
1,hiếm,nỗi
1,hiếm,súng
1,héo,mướp
1,hơn,tháng
1,khoẻ,bà
1,khuya,kim
1,khuya,đêm
1,khác,bên
1,khác,bạn
1,khác,chiếc
3,khác,chuyện
1,khác,chương
1,khác,con
1,khác,cái
1,khác,giấy
2,khác,hàng
1,khác,khâu
1,khác,kim
1,khác,kinh
1,khác,ktx
3,khác,kẻ
1,khác,lđ
14,khác,người
2,khác,nước
1,khác,nấc
1,khác,phía
2,khác,phòng
1,khác,tên
1,khác,tết
2,khác,tỉnh
1,khác,xe
1,khác,đường
1,khét,mùi
1,khó,anh
1,khó,cái
1,khó,em
1,khó,gánh
1,khó,hàng
1,khó,vn
1,khó,điều
1,khó,đoạn
1,khô,long
1,khô,mùa
1,khắp,bìa
1,khắp,ngả
1,khắp,nhà
1,khắp,nơi
1,khắp,phố
1,khắp,ụ
2,khổ,nỗi
1,kém,khách
1,kém,mũ
1,kém,người
1,liền,ngày
1,liền,năm
1,loãng,chén
1,lâu,năm
1,lạ,anh
2,lạ,bản
2,lạ,chuyện
1,lạ,máu
1,lạ,người
1,lạ,số
1,lạ,tết
1,lạ,xóm
1,lạnh,dòng
1,lạnh,giọng
1,lầy,tp
1,lậu,bọn
1,lậu,cái
5,lậu,hàng
1,lậu,kho
1,lắm,khi
1,lớn,bò
1,lớn,cỡ
1,lớn,hải
1,lớn,số
1,lớn,thứ
1,lớn,tp
1,lớn,đất
1,lớn,độ
1,lớn,đứa
1,ma,thư
1,muộn,tối
2,mù,gái
1,mù,trường
1,mù,vn
1,mượt,khi
1,mượt,vằn
1,mạnh,số
1,mạnh,đứa
1,mềm,khăn
1,mộng,bò
1,mới,cha
2,mới,chuyện
1,mới,cháu
1,mới,chủ
1,mới,con
1,mới,cuộc
1,mới,cách
1,mới,cấp
1,mới,hình
1,mới,hướng
1,mới,khu
1,mới,nghề
1,mới,ngõ
1,mới,trang
1,mới,trận
1,mới,tên
1,mới,tội
1,mới,vật
1,mừng,hùng
1,ngang,chiều
1,ngang,ông
1,ngang,đà
1,ngang,đường
1,nghèo,chú
1,nghèo,cái
1,nghèo,hạng
1,nghèo,người
1,nghèo,nước
1,nghèo,đoàn
1,nghèo,đất
1,nghèo,đời
1,ngoài,bên
1,ngoài,bọc
1,ngoài,kẻ
1,ngược,sáng
1,ngược,ông
1,ngược,đèn
1,ngắn,cán
1,ngọt,quả
1,ngửa,bài
1,nhanh,khi
1,nhanh,tên
1,nhanh,ông
1,nhiều,anh
1,nhiều,bà
2,nhiều,bài
1,nhiều,chuyện
1,nhiều,cháu
1,nhiều,chương
1,nhiều,cách
1,nhiều,cô
1,nhiều,công
1,nhiều,dân
1,nhiều,giấy
1,nhiều,giờ
1,nhiều,hùm
1,nhiều,khoa
1,nhiều,khâu
1,nhiều,kinh
1,nhiều,kiểu
1,nhiều,loài
1,nhiều,loại
1,nhiều,lúc
2,nhiều,lần
1,nhiều,lộc
1,nhiều,lời
1,nhiều,miếng
1,nhiều,máy
3,nhiều,ngày
8,nhiều,người
1,nhiều,ngọc
1,nhiều,nhau
1,nhiều,nvơnn
3,nhiều,năm
1,nhiều,nơi
1,nhiều,nữ
1,nhiều,rượu
1,nhiều,số
1,nhiều,sức
1,nhiều,tay
1,nhiều,trận
3,nhiều,trẻ
1,nhiều,tên
1,nhiều,việc
1,nhiều,việt
1,nhiều,vn
1,nhiều,vách
1,nhiều,vòng
1,nhiều,vốn
1,nhiều,website
1,nhiều,xe
1,nhiều,xóm
2,nhiều,điều
1,nhiều,đoàn
2,nhiều,đoạn
3,nhiều,đêm
1,nhiều,ống
1,nhì,giải
1,như,cha
1,như,trang
1,như,tùng
1,nhạt,lúc
1,nhạt,pháp
1,nhất,chuyện
1,nhất,cuộc
1,nhất,giải
1,nhất,lúc
1,nhất,tính
1,nhất,điều
1,nhẹ,gió
1,nhẹ,người
1,nhỏ,anh
1,nhỏ,bao
4,nhỏ,chuyện
1,nhỏ,chủ
1,nhỏ,con
1,nhỏ,csgt
1,nhỏ,em
1,nhỏ,giấy
1,nhỏ,giờ
1,nhỏ,hùng
1,nhỏ,mưa
1,nhỏ,nhà
3,nhỏ,nàng
1,nhỏ,trẻ
1,nhỏ,tùng
1,nhỏ,vẽ
1,nhỏ,xóm
1,nhỏ,đoạn
1,nhỏ,đứa
1,nóng,ông
1,nóng,đất
1,nặng,dân
2,nặng,gánh
1,nặng,kéo
1,nặng,miếng
1,nội,bên
1,oan,hải
1,oan,nỗi
1,phó,viện
1,phải,hàng
1,phải,mé
1,phải,nhà
1,phải,ông
3,quen,người
1,quí,bùn
1,quí,mồi
1,quí,nhau
1,quý,chuyện
1,quý,người
2,riêng,chuyện
1,riêng,con
1,riêng,cách
1,riêng,huyện
1,riêng,nàng
1,riêng,quán
1,riêng,việc
1,riêng,đất
1,ruột,dì
1,ruột,giấy
2,rạng,sáng
1,rạng,thứ
1,rảnh,ban
1,rảnh,hoa
1,rậm,rừng
1,rẻ,giá
1,rẻ,miền
1,rền,tiếng
1,rộng,bên
1,rộng,chiều
1,rộng,cái
1,rộng,diện
1,rực,cái
1,rực,tùng
1,rực,xã
1,sang,hạng
1,sau,bà
9,sau,hôm
2,sau,khi
1,sau,kim
1,sau,lúc
2,sau,lần
2,sau,ngày
2,sau,người
1,sau,năm
3,sau,phía
4,sau,phút
1,sau,quà
1,sau,quê
2,sau,tháng
1,sau,thọ
1,sau,tuổi
8,sau,đằng
1,suốt,buổi
1,suốt,ngày
1,suốt,đêm
2,sáng,mắt
1,sáng,quầng
1,sáng,đốm
1,sâu,m
1,sâu,mưu
1,sần,nốt
1,sớm,chị
1,sớm,sáng
1,thiện,bánh
1,thiện,cái
1,thiện,việc
1,thâm,quầng
1,thân,bao
2,thân,bạn
1,thân,người
1,thấp,cấp
1,thật,giá
1,thật,hàng
1,thật,phạm
1,thật,tb
1,thật,tên
1,thật,ông
1,thừa,tiền
1,tinh,nghệ
1,tiếc,điều
2,to,cỡ
1,to,thùng
1,to,thằng
1,to,xe
1,to,xương
1,to,ông
1,to,đầu
1,to,độ
1,toàn,nhà
1,toàn,tuyến
1,trong,bên
1,trong,vẽ
1,trái,bên
1,trái,tay
1,trên,buồng
1,trên,bà
3,trên,bên
2,trên,cấp
1,trên,hùng
1,trên,kg
2,trên,m
1,trên,địch
1,trên,đồng
1,tròn,khi
1,trơ,lộc
1,trơ,ống
1,trước,chuyện
1,trước,con
1,trước,cái
1,trước,cường
1,trước,hôm
1,trước,khoản
5,trước,lần
1,trước,ngày
2,trước,người
4,trước,năm
1,trước,phía
1,trước,thuở
1,trước,tháng
1,trước,trước
2,trắng,cọc
1,trắng,hùng
2,trắng,áo
1,trẻ,bạn
1,trẻ,cam
1,trẻ,cô
1,trẻ,dòng
1,trẻ,giữa
3,trẻ,gái
3,trẻ,lính
2,trẻ,mẹ
1,trẻ,tên
1,trẻ,đĩa
1,trọn,đời
1,trống,phòng
1,tuần,ngày
1,tím,mặt
1,tư,anh
2,tư,đời
1,tươi,cái
1,tươi,hoa
1,tươi,hổ
1,tươi,Đu
1,tươi,đường
4,tạm,đường
1,tắt,ngõ
1,tối,góc
1,tối,khoảng
1,tối,trời
1,tốt,cái
1,tốt,cây
1,tốt,hướng
1,tốt,nguồn
2,tốt,người
1,tốt,nhau
1,tốt,thanh
1,tốt,tí
1,u,gốc
1,vuông,mét
1,vàng,cái
1,vàng,tùng
1,vàng,xã
1,vắng,lúc
1,vụn,giấy
1,xa,lòng
1,xa,người
1,xa,quê
1,xanh,màu
1,xanh,mái
1,xanh,rêu
1,xanh,trục
1,xuôi,bàn
1,xuôi,miền
1,xuôi,người
1,xuôi,ông
2,xưa,năm
1,xưa,tấc
1,xấu,thói
1,yên,tp
1,yếu,buổi
2,ít,người
3,út,con
3,đau,nỗi
1,đau,sách
1,đen,bóng
1,đen,cặp
1,đen,khi
1,đen,kính
1,đen,lần
1,đen,muội
1,đen,mũ
1,đen,trong
1,đen,túi
1,đen,vườn
1,đen,vằn
1,đen,áo
1,đen,ông
1,đen,điểm
1,điếc,con
1,điếc,xã
2,đông,người
1,đông,thọ
1,đông,vùng
3,đông,đám
1,đúng,%
1,đúng,bắc
1,đúng,chuyện
1,đúng,hùng
1,đúng,lần
1,đầu,lúc
1,đầu,ngày
1,đầy,lời
1,đầy,người
1,đầy,nhà
1,đầy,nỗi
1,đầy,vùng
1,đầy,điểm
1,đầy,đèn
1,đậm,độ
1,đẹp,chiều
1,đẹp,ngày
1,đẹp,người
1,đẹp,nhà
1,đỏ,mặt
1,đỏ,ngói
1,đỏ,trang
1,độc,khí
1,độc,kế
1,đủ,chuyện
1,đủ,kiểu
1,đủ,loại
1,đủ,năm
1,đủ,ông
1,đủ,điều
1,đủ,đất
1,đủ,đời
2,ầm,khi
1,ố,ảnh
