count,awf,nwf
1,15fed,bataliwn
1,19ed,ganrif
1,3ydd,barwn
1,academaidd,aelod
1,academaidd,antur
1,academaidd,chyfleusterau
1,academaidd,cynnydd
1,academaidd,llafur
1,addas,dillad
1,addysgol,deunyddiau
1,addysgol,unedau
1,adeiladol,rhan
1,adnabyddus,chwaraewr
1,adnabyddus,wynebau
1,afiach,straeon
2,agored,awyr
1,agos,cysylltiad
1,ail,broblem
1,ail,flwyddyn
2,ail,gartrefi
1,ail,gwybod
5,ail,iaith
1,ail,refferendwm
1,ail,wynt
1,aildrydanadwy,fatris
1,allan,llefaru
1,allan,tu
1,allanol,archwilwyr
1,allweddol,chynulleidfaoedd
1,allweddol,gyfnod
2,allweddol,rhan
1,amddiffynnol,chyn-hyfforddwr
2,americanaidd,arlywydd
1,amgylcheddol,gwaith
1,amhenodol,lefel
1,amlwg,gwelliannau
1,amlycaf,gwasanaethau
1,amlycaf,lenorion
1,amlycaf,nodweddion
1,amryddawn,talentau
1,amryw,sefydliadau
1,amrywiol,dir
1,amrywiol,eitemau
1,amrywiol,gosodiad
1,amrywiol,llwyfannu
1,amrywiol,plentyn
1,amrywiol,sylfaen
1,amrywiol,thirlun
1,amrywiol,weithgareddau
1,anabl,blant
1,anabl,plentyn
1,anffodus,profiad
1,anghenus,wledydd
1,anghredadwy,gwbwl
1,anghyffredin,ddigwyddiad
1,anhygoel,byd
1,anhygoel,niwed
1,anhygoel,nosi
1,anhygoel,staff
1,annibynnol,arswyd
1,annibynnol,gwasg
1,anodd,adeg
1,anodd,blynyddoedd
1,anodd,cyfnod
1,anodd,geiriau
1,anodd,hinsawdd
1,anodd,peth
1,anodd,ymateb
1,anodd,ôl
1,anserchog,hogan
1,arabeg,cherdded
1,arabeg,teitlau
1,arall,aelod
1,arall,bobl
1,arall,bont
1,arall,broblem
1,arall,dwsin
1,arall,eglurhad
1,arall,eisteddfod
1,arall,etholiad
1,arall,fardd
1,arall,gymraeg
1,arall,gŵr
4,arall,llaw
1,arall,ochor
1,arall,oglau
1,arall,rhywun
1,arall,wythnos
1,arall,ystafell
1,arbenigol,cyd-destunau
1,arbenigol,cymorth
1,arbenigol,meddalwedd
1,arbenigol,meysydd
1,arbenigol,peiriannau
1,arbennig,chyfarfod
1,arbennig,darpariaethau
1,arbennig,eisteddfod
1,arbennig,gyflwyniad
1,arbennig,lle
1,arbennig,maeth
1,arbennig,mis
1,arbennig,nodweddion
1,arbennig,rhywogaeth
1,arbennig,wledydd
1,archaeolegol,tystiolaeth
1,ardderchog,niferoedd
1,ardderchog,ymdrech
1,arfordirol,dir
1,arfordirol,llwybrau
1,arfordirol,mannau
1,ariannol,chwarae
1,ariannol,colledion
1,ariannol,dystiolaeth
1,ariannol,golled
1,ariannol,gwobr
1,ariannol,hinsawdd
1,arlein,dyn
1,arlein,gwasanaethau
1,arloesol,grŵp
1,arloesol,waith
1,aruthrol,llwyddiannau
1,arweinyddol,etholiad
1,arweinyddol,ras
1,atodol,elfen
1,atodol,elfennau
1,bach,bitw
2,bach,blentyn
1,bach,broblem
1,bach,chwarae
1,bach,darluniau
1,bach,darn
1,bach,fflat
1,bach,gair
1,bach,gymraeg
1,bach,llyfr
1,bach,mhentref
1,bach,newid
1,bach,siopau
1,bach,tamaid
1,bach,tiwbinau
1,bach,torri
1,bach,trên
1,barddol,athrawon
1,barddol,dim
1,barddol,disgyblion
1,barddol,draddodiad
2,barddol,gyfeillion
1,bendigedig,golygfeydd
1,bennaf,cystadleuaeth
1,benodol,sgwrs
1,bersonol,gwybodaeth
1,bersonol,serennu
1,bersonol,wybodaeth
1,beunyddiol,fywyd
3,blynyddol,cyfarfod
1,blynyddol,grant
1,blynyddol,gyfarfod
1,blynyddol,nghyfarfodydd
1,blynyddol,wefan
1,bob,amser
6,bob,blwyddyn
1,bob,blynedd
1,bob,bont
1,bob,cornel
4,bob,cwr
1,bob,cysgu
1,bob,dir
2,bob,disgybl
1,bob,dosbarth
3,bob,dydd
1,bob,economi
1,bob,eglwys
2,bob,gallu
1,bob,glasfyfyriwr
1,bob,gwmpas
1,bob,gwyliau
1,bob,gyrraedd
1,bob,lleoliad
1,bob,math
1,bob,myfyriwr
3,bob,nos
1,bob,ochr
1,bob,plaid
1,bob,plentyn
1,bob,punt
1,bob,pwrpas
1,bob,rhan
3,bob,tro
1,bob,urdd
1,bob,wythnos
1,bob,ymgyrchu
1,boeth,heulwen
1,boeth,siopau
1,bosib,dewisiadau
1,bosib,gerdd
1,braidd,anfantais
1,braidd,brofiad
1,brenhinol,dyletswyddau
1,brenhinol,teulu
1,bresennol,ffin
1,brif,actorion
1,brif,elfen
1,brif,gestyll
1,brif,grib
1,brif,gynhwysion
1,brif,iaith
2,brif,ran
1,brif,sefydliadau
1,brif,weinidog
1,briod,nyrsys
1,briod,pâr
1,brodorol,genhadon
1,brown,marbled
1,brycheiniog,addysg
1,brycheiniog,bannau
2,brydeinig,ymerodraeth
1,brysur,ganolfan
1,buddiol,enghreifftiau
1,bwysig,cynnal
1,bwysig,ran
1,bwysig,rhan
1,bychain,cymraeg
1,bychain,detholiad
1,bychain,pethau
1,bychain,ymchwil
1,bychan,busnesau
1,bychan,draeth
2,bynnag,beth
1,bynnag,fodd
1,bynnag,hybu
1,byr,amser
1,byr,gyfnod
2,bywiog,digwyddiad
1,cadwedig,siroedd
1,caeth,amodau
1,caeth,parc
1,caeth,pholisi
1,caeth,terfyn
1,caled,dweud
1,caled,termau
2,caled,waith
1,call,cymro
1,callach,chymry
1,calonogol,ystadegau
1,canfyddadwy,cyfle
1,canfyddadwy,cyfnodau
1,canlynol,israniadau
1,canlynol,meysydd
1,canol,fywyd
1,canol,oesoedd
1,canol,strydoedd
1,canoloesol,lawysgrifau
1,canolog,ymgyrchoedd
1,carismatig,adran
1,carismatig,arweinyddion
1,catalonia,wleidyddion
1,ceidwadol,castell
1,ceidwadol,ymgeisydd
1,celt,athro
1,celt,iberiad
4,celtaidd,astudiaethau
1,celtaidd,gwledydd
3,celtaidd,ieithoedd
1,celtaidd,pobloedd
1,celtaidd,tarddiad
1,cenedlaethol,arolygiadau
1,cenedlaethol,casgliad
1,cenedlaethol,cwricwlwm
2,cenedlaethol,cynulliad
1,cenedlaethol,gwledydd
1,cenedlaethol,heulwen
1,cenedlaethol,mudiad
6,cenedlaethol,parc
1,cenedlaethol,pharc
1,cenedlaethol,siopau
1,cenedlaethol,terfyn
1,chwaith,gymeriad
1,chweched,ganrif
1,chweched,ornest
1,chwith,asgell
1,chwyldroadol,celf
1,cleisiog,crwbach
1,clir,afonydd
1,clir,ddiwrnod
1,clir,ddŵr
1,clir,ymrwymiadau
1,condita,urbe
2,craff,gasglwyr
1,craffach,llawer
1,creadigol,syniadau
1,croesawgar,ysgol
1,cryf,llais
1,cryf,neges
1,cryf,unedau
1,cryfion,dod
3,cryfion,gwyntoedd
1,cryfion,llywodraeth
1,cryn,dipyn
1,cryn,gasglu
1,cuddiedig,lynnoedd
1,cychwynnol,eiliad
1,cychwynnol,gwaith
1,cydnabyddiedig,dywysog
1,cydweithredol,cwmnïau
1,cydweithredol,gwmnïau
1,cyffredinol,cyfarfod
1,cyffredinol,etholiad
1,cyffrous,cyfnod
1,cyffrous,cynllun
1,cyffrous,gyfnod
1,cyflawn,dinasyddion
1,cyfleus,trefniant
1,cyflym,bwriad
1,cyflym,elw
1,cyflym,tŵf
1,cyfoethog,draddodiad
1,cyfreithiol,bwerau
1,cyfyngedig,nifer
1,cyfyngedig,swm
1,cyhoeddus,barn
1,cyhoeddus,bywyd
1,cyhoeddus,cyfarfodydd
1,cyhoeddus,fynegiadau
1,cyhoeddus,gludiant
1,cyhoeddus,gofodau
1,cyhoeddus,gwasanaethau
1,cymdeithasol,egwyddorion
1,cymdeithasol,gwasanaeth
2,cymdeithasol,gwasanaethau
1,cymdeithasol,lenorion
1,cymraeg,athro
1,cymraeg,bapur
1,cymraeg,berson
1,cymraeg,bro
1,cymraeg,chyfundrefn
1,cymraeg,coleg
1,cymraeg,crynodeb
4,cymraeg,cyfrwng
2,cymraeg,cymhwyster
1,cymraeg,cymro
1,cymraeg,cymunedau
1,cymraeg,diwylliant
2,cymraeg,dysgu
1,cymraeg,elfennau
1,cymraeg,flog
1,cymraeg,fod
1,cymraeg,gair
2,cymraeg,gwasanaeth
1,cymraeg,gwasanaethau
1,cymraeg,gwneud
1,cymraeg,gyhoeddwyr
1,cymraeg,gymry
1,cymraeg,gymunedau
1,cymraeg,gynllunio
1,cymraeg,ieuenctid
1,cymraeg,lawysgrifau
2,cymraeg,llyfr
2,cymraeg,lyfrau
1,cymraeg,marn
1,cymraeg,myfyrwyr
1,cymraeg,rhaglenni
1,cymraeg,sgrifennu
1,cymraeg,sgwennwr
1,cymraeg,siaradwr
5,cymraeg,siaradwyr
1,cymraeg,statws
1,cymraeg,theledu
1,cymraeg,trydarfyd
1,cymraeg,wobrwyo
1,cymreig,astudiaethau
1,cymreig,ffiwsilwyr
1,cymreig,gwladfawyr
1,cymreig,siarad
1,cymreig,traddodiad
1,cymreig,uwchefrydiau
1,cymunedol,ddatblygu
1,cymysg,gwersyll
1,cynhanesyddol,amserau
1,cynhanesyddol,dileu
1,cynharach,castell
1,cynhwysol,credyd
1,cynnar,blynyddoedd
1,cynnar,dringwyr
1,cynnar,ffynonellau
1,cynnar,oriau
1,cynnar,syniadau
1,cynnes,dillad
3,cynradd,ysgolion
1,cynta,sadwrn
1,cyntaf,aelodau
1,cyntaf,amddiffynfa
1,cyntaf,blynyddoedd
1,cyntaf,cael
1,cyntaf,camau
1,cyntaf,cyfarwyddwr
2,cyntaf,cymorth
1,cyntaf,cynnig
1,cyntaf,ddatganiad
1,cyntaf,ddosbarth
1,cyntaf,diwrnod
1,cyntaf,dosbarth
1,cyntaf,gwersyll
1,cyntaf,mis
1,cyntaf,semester
1,cyntaf,sul
1,cyntaf,trefnwyr
5,cyntaf,tro
1,cyntaf,ymarfer
1,cyntaf,ymateb
1,cyntafanedig,mab
1,cyntafanedig,nghwmni
1,cynyddol,brwdfrydedd
1,cyrff,gwasanaethau
1,cyrff,wobrwyo
1,cyson,angen
1,cystal,chwaraewyr
1,cywir,cariad
1,cywir,du
1,da,amaeth
1,da,beth
1,da,cynhadledd
2,da,ewyllys
1,da,fargen
1,da,gwaith
1,da,gymhwyster
1,da,henw
1,da,syniad
1,da,wi-ffi
1,da,ymchwilio
1,dadleuol,sylw
1,danteithiol,fin
1,danteithiol,nhaith
1,dda,berthynas
1,dda,syniad
1,ddadleuol,chwestiwn
1,dde,gyfleusterau
1,dde,sbectrwm
1,ddefnyddiol,techneg
1,ddiddorol,chwedl
1,ddisgo,gerddoriaeth
1,ddisgo,wneud
1,ddiwydiannol,sylfaen
1,ddiwylliannol,dreftadaeth
1,ddiwylliannol,gwasanaeth
1,ddiwylliannol,threftadaeth
1,ddwethaf,ganrif
1,ddwyieithog,taflen
1,ddwyreiniol,ddrama
1,ddwyreiniol,digwydd
2,ddwyreiniol,ochr
1,ddynol,hil
1,de-ddwyreiniol,bwynt
1,dealladwy,crynodeb
1,dealladwy,sgwennwr
1,deheuol,arfordir
1,deheuol,flaen
1,deheuol,hamdden
1,dewisol,maes
1,di-ben-draw,cymhelliant
1,di-ben-draw,posibiliadau
1,difrifol,diffygion
1,difrodus,gosod
1,difrodus,welliant
1,difyr,brosiectau
1,difyr,storiau
1,digidol,cyfryngau
1,digidol,diwylliant
1,digywilydd,werthwyr
1,dilynol,blynyddoedd
1,dilynol,porthladd
1,dirprwy,is-gangellor
1,dirprwy,weinidog
1,dirwystr,mynediad
1,diweddar,graddedig
1,diweddar,gynllunio
1,diweddar,hanes
1,diweddar,llifogydd
1,diweddar,lyfrau
1,diweddaraf,ymchwil
1,diwetha,nos
1,diwethaf,blynedd
1,diwethaf,penwythnos
2,diwethaf,wythnos
2,diwethaf,wythnosau
1,diwyd,gwaith
1,diwydiannol,chwyldro
1,diwydiannol,raddfa
1,diwylliedig,teulu
1,dramatig,dirlun
1,dramor,swyddi
1,drawiadol,oriel
1,drosodd,etholiad
1,drwg,oglau
1,drychinebus,goblygiadau
1,drydedd,bae
1,drydedd,blaned
1,drydedd,flwyddyn
1,drydedd,frwydr
1,drydedd,mynd
1,drydydd,parti
1,drydydd,tymor
2,du,helgi
1,dwp,gysyniad
1,dwys,dysgu
1,dwys,gofal
1,dwys,ymchwil
1,dychanol,gerdyn
1,dyngedfennol,frwydr
1,dynol,olion
1,dywyll,cof
1,dywyll,hynod
1,eang,blaned
1,eang,broblem
1,eang,cefnogaeth
1,eang,feysydd
1,eang,ymwybyddiaeth
1,eang,ystod
1,economaidd,budd
1,economaidd,cyfleoedd
1,economaidd,cysyniad
1,economaidd,datblygu
1,economaidd,ddatblygu
1,economaidd,ddifrif
1,economaidd,galedi
1,economaidd,lles
1,effeithiol,ffordd
1,effeithiol,threfniant
1,egwyddorol,hamcanion
1,egwyddorol,wrach
1,ehangach,adroddiad
1,ehangach,ardal
1,ehangach,bod
1,ehangach,gymuned
1,eiconig,rhan
1,eironig,ffordd
1,eithriadol,mannau
1,eithriadol,phrofiad
1,eithriadol,sgets
1,eithriadol,ysbyty
1,electronig,adnodd
1,electronig,ffurf
1,electronig,offeryn
1,en-suite,ystafelloedd
1,entrepreneuraidd,rhinweddau
1,enwedig,deimlad
1,enwocaf,gerdd
1,enwocaf,lenorion
1,enwog,ardal
1,enwog,graffiti
1,enwog,selebs
1,eraill,annibyniaeth
1,eraill,arlunwyr
1,eraill,beirdd
1,eraill,bethau
1,eraill,blant
1,eraill,bobl
1,eraill,caneuon
1,eraill,chymeriadau
2,eraill,chyrff
1,eraill,cylchoedd
1,eraill,darparu
1,eraill,ddydd
1,eraill,debyg
2,eraill,ffynonellau
1,eraill,gwirionedd
2,eraill,gwledydd
1,eraill,gynfyfyrwyr
1,eraill,gyrff
1,eraill,ieithoedd
1,eraill,nodweddion
1,eraill,phobl
1,eraill,prifysgolion
2,eraill,sefydliadau
1,eraill,siopau
1,eraill,swyddogion
2,eraill,syniadau
1,eraill,weithgareddau
1,estron,iaith
1,etholedig,aelodau
1,etholedig,llyn
1,etholiadol,coleg
1,evans,caradoc
1,ewropaidd,ddramâu
5,ewropeaidd,undeb
1,fach,dinas
1,fach,nifer
1,fanwl,wybodaeth
1,fanwl,ysgrifennu
1,fawr,amser
1,fawr,beth
1,fawr,cynulleidfa
1,fawr,ddim
1,fawr,dinas
1,fawr,joban
1,fawr,orymdaith
3,fawr,stryd
1,fawreddog,ysgoloriaeth
1,fechan,dref
1,fechan,gymuned
1,fechan,raddfa
2,fechan,ynys
1,fenywaidd,chynrychiolaeth
1,fer,cerdded
1,fer,llinell
1,fesul,cam
1,fetropolitanaidd,ffrainc
1,fetropolitanaidd,ynys
1,ffasgaidd,blaid
1,ffisegol,olion
1,fforddiadwy,eiddo
1,ffrengig,bonheddwr
1,ffug,gymeriad
1,ffwrdd-a-hi,agwedd
1,fodern,eisteddfod
1,frythonaidd,gangen
1,fwy,gryfderau
1,fwy,hyderus
1,fwy,ollwng
1,fwy,wendidau
1,fwyaf,ddadl
3,fwyaf,rhan
1,fyrach,taith
1,fyw,ardal
1,fyw,iaith
1,fywiog,gymuned
1,fywiog,sir
1,gadarnhaol,ffordd
1,gaeleg,cyfrwng
1,gaeleg,uniaith
1,ganiataol,gymryd
1,ganolbwyntiol,dadl
1,ganolog,thema
1,garw,dywydd
1,garw,economi
1,garw,fynyddoedd
1,geidwadol,llywodraeth
1,geiriol,ddosbarthiadau
1,gelfyddydol,canolfan
1,genedlaethol,adran
1,genedlaethol,cymdeithas
1,genedlaethol,dysgu
12,genedlaethol,eisteddfod
1,genedlaethol,ganolfan
2,genedlaethol,llyfrgell
1,genedlaethol,mabolgamp
1,genedlaethol,prifysgolion
1,genedlaethol,theatr
1,genedlaethol,wledydd
1,genedlaethol,ymgyrch
1,gerllaw,gwryd
1,glas,gorwel
1,glas,rhywfaint
1,glir,neges
1,goch,rhestr
2,godidog,golygfeydd
1,gofynnol,ystod
1,gorau,addysg
1,gorau,bachgen
1,gorau,ddychanwyr
1,gorau,gymeriadau
1,gorau,offerynwyr
1,gorau,profiad
1,gorau,timau
1,gorllewinol,arfordir
1,goruchafiaethol,plaid
1,goruchel,lys
1,grai,ddynodi
1,grai,ffurf
1,gramadegol,dermau
1,gramadegol,nodweddion
1,gref,fyddin
1,gristnogol,wlad
1,gryn,gynnwrf
1,guddiedig,gwaith
1,guddiedig,llynnoedd
1,gwael,tywydd
1,gwaethaf,tywydd
1,gwahanol,allweddeiriau
1,gwahanol,bobl
1,gwahanol,ddosbarthiadau
1,gwahanol,dref
1,gwahanol,ffyrdd
1,gwahanol,gynlluniau
1,gwahanol,rannau
1,gweinyddol,brosesau
1,gweinyddol,gwaith
1,gweithrediadol,trefniadau
1,gweithrediadol,urdd
1,gweithredol,fudiad
1,gweithredol,fwrdd
1,gweladwy,lynnoedd
1,gweledol,wead
1,gwell,brofiad
1,gwell,ddyfodol
1,gwell,jobyn
1,gwell,pethau
1,gwelw,crwbach
1,gwerin,arddulliau
1,gwerin,caneuon
1,gwerin,cymdeithasau
1,gwerin,grwpiau
1,gwerthfawr,adnoddau
1,gwerthfawr,offeryn
1,gwerthfawr,pwyntiau
1,gwir,bod
1,gwir,werth
1,gwirfoddol,ddiswyddiadau
1,gwirfoddol,rheoli
1,gwledig,ffyrdd
1,gwledig,gymunedau
1,gwledig,ysgolion
1,gwleidyddol,byd
1,gwleidyddol,cyfnod
1,gwleidyddol,maes
1,gwleidyddol,plaid
1,gwleidyddol,pwynt
1,gwleidyddol,system
1,gwreiddiol,bwriad
1,gwreiddiol,cyd-destunau
1,gwreiddiol,geiriau
1,gwreiddiol,gwladfawyr
1,gwreiddiol,siaradwr
1,gwrol,swyddog
1,gwrthrychol,golwg
3,gwych,cyfle
1,gwych,darn
1,gwych,ddiwrnod
1,gwych,gyfle
1,gwych,le
2,gwyllt,bywyd
1,gwyllt,diwrnod
1,gwyrdd,mannau
1,gyfan,lŷn
1,gyfan,ysgol
1,gyfeillgar,adran
1,gyfeillgar,gymuned
1,gyffredinol,prosiect
1,gyffrous,rôl
1,gyflawn,cyfrwng
1,gyflawn,reilffyrdd
1,gyflawn,restr
1,gyflym,ffordd
1,gyfoes,faen
1,gyfoes,rhyddiaith
1,gyfun,ysgol
1,gymdeithasol,cyfarfod
1,gymdeithasol,menter
1,gymdeithasol,wefan
5,gymraeg,addysg
4,gymraeg,adran
1,gymraeg,arweinyddion
1,gymraeg,bannau
1,gymraeg,bod
1,gymraeg,cerddoriaeth
1,gymraeg,daith
1,gymraeg,dal
1,gymraeg,ddarpariaeth
1,gymraeg,ddrama
1,gymraeg,faen
1,gymraeg,ffuglen
2,gymraeg,gantores
1,gymraeg,grant
1,gymraeg,grŵp
1,gymraeg,gymdeithas
6,gymraeg,iaith
2,gymraeg,llenyddiaeth
1,gymraeg,rhyddiaith
1,gymraeg,roc
1,gymraeg,ryddiaith
1,gymraeg,sianel
2,gymraeg,ysgol
1,gymreig,academi
1,gymreig,arswyd
1,gymreig,cymdeithas
1,gymreig,gwasg
1,gymreig,tywysogaeth
1,gynaliadwy,rheolaeth
2,gynradd,ysgol
1,gynrychioliadol,bioamrywiaeth
1,gynrychioliadol,ystod
1,gyntaf,bachgen
1,gyntaf,mlwyddyn
1,hael,noddwr
1,hamddenol,lwybrau
1,hanesyddol,arian
1,hanesyddol,cofnod
1,hanesyddol,ddigwyddiadau
1,hanesyddol,digwyddiadau
1,hanesyddol,frwydrau
1,hanesyddol,safleoedd
1,hanesyddol,tref
1,hanfodol,ddyletswyddau
1,hanfodol,elfennau
1,hanfodol,wasanaethau
1,harddach,merch
2,helaeth,ran
1,helaeth,rannau
1,hen,ceisio
1,hen,chwedl
1,hen,eiriau
1,hen,eisteddfod
1,hen,ganolfan
1,hen,grinc
1,hen,lawysgrifau
1,hen,lyfrau
1,hen,reilffordd
5,hen,sir
1,hen,system
1,hen,wal
1,hen,wlad
1,hiliol,iaith
1,hir,amser
1,hir,ddyddie
1,hir,dymor
1,hir,hanes
1,hir,paith
1,hir,stryd
1,hir,traethau
1,hir,tymor
1,hir,ward
1,hiraf,beth
1,hiraf,stryd
1,holl-bwysig,fater
1,holl,aelodau
2,holl,arian
1,holl,brwdfrydedd
1,holl,bwyntiau
1,holl,ddosbarth
1,holl,egni
1,holl,elfennau
1,holl,ffordd
1,holl,ffrindiau
1,holl,fyfyrwyr
1,holl,gamau
1,holl,glybiau
1,holl,gwsmeriaid
1,holl,gynghorau
1,holl,lyfrau
3,holl,waith
1,holl,wlad
1,holl,ystod
1,hudolus,rhywbeth
1,hunan-bwysig,termau
1,hwnt,thu
1,hwyaf,cyfnod
1,hwylus,trawsnewidiad
1,hyll,nhŷ
1,hynaf,ieithoedd
1,hynafol,cerdd
1,hynafol,tref
1,hynaws,hwngariaid
1,hynod,brofiad
2,hynod,lyfrgell
1,hŷn,aelodau
1,hŷn,hoffi
1,iach,byrbrydau
1,iachaf,peth
1,iachus,wynt
1,iau,phlant
1,iawn,byw
1,iawn,gwahaniaeth
1,iawn,ychydig
1,iddewig,gymuned
1,iddewig,nghymuned
1,iddewig,olygu
1,ieithyddol,materion
1,ieithyddol,nodweddion
1,ieithyddol,plant
1,ieuengaf,ddysgwyr
1,ieuengaf,lefel
1,ifanc,aelodau
1,ifanc,artistiaid
2,ifanc,bobl
1,ifanc,cerddorion
1,ifanc,ddeuddyn
1,ifanc,enghreifftiau
2,ifanc,ffermwyr
1,ifanc,llysgenhadon
1,ifanc,merch
5,ifanc,phobl
1,ifanc,plant
3,ifanc,pobl
1,ifanc,sengl
1,ifanc,talent
1,iron,lady
1,isel,incwm
2,isod,map
1,larwm,clociau
1,larwm,defnyddio
1,lawer,flynyddoedd
1,ledled,gymunedau
1,lenyddol,beirniadaeth
1,leol,amgueddfa
1,leol,ardal
1,leol,bobl
1,leol,ganolfan
2,leol,gymuned
1,leol,hardal
1,leol,nghymuned
1,leol,olygu
1,leol,siop
1,leol,wasg
1,leol,wlad
2,leol,ysgol
1,llafar,amrywiadau
1,llafar,chyflwyniad
1,llafar,traddodiad
1,llai,teyrnasoedd
1,llawn,cyfarfod
1,llawn,wybodaeth
1,lleisiol,solo
1,llenyddol,beirniad
1,llenyddol,cyfrifiad
1,llenyddol,golygydd
1,llenyddol,testunau
1,lleol,addysg
2,lleol,awdurdod
2,lleol,awdurdodau
1,lleol,barhau
1,lleol,broydd
1,lleol,busnesau
1,lleol,canghennau
1,lleol,celloedd
1,lleol,chynghorwyr
3,lleol,cymunedau
1,lleol,draeth
1,lleol,dref
1,lleol,esgyn
1,lleol,fanciau
1,lleol,frwydrau
1,lleol,gwahaniaeth
1,lleol,gyngor
2,lleol,hanes
1,lleol,iechyd
1,lleol,offerynwyr
1,lleol,rabïaid
1,lleol,ymgyrchoedd
1,llewyrchus,llongau
2,llithrig,pen
1,llithrig,rwystrau
1,llundeinig,radio
1,llundeinig,tabloids
1,llwyddiannus,fodel
1,llwyddiannus,ymgeisydd
1,llwyr,gwrthwyneb
1,llym,dedfrydau
1,llywodraethol,ymrwymiad
1,lwyddiannus,ffilm
1,lân,llechen
1,materol,cynllunio
1,mawr,18g
1,mawr,bwys
1,mawr,chilfachau
1,mawr,criw
1,mawr,cyhoeddwr
1,mawr,ddatguddiad
1,mawr,eglurder
1,mawr,eira
1,mawr,eisteddfodau
1,mawr,gam
1,mawr,haf
1,mawr,newid
1,mawr,nhŷ
1,mawr,siopau
1,mawr,storiau
1,mawr,thannau
1,mawr,tir
1,mawr,ysbyty
1,mewnol,ardaloedd
1,mhob,cornel
1,mhob,etholiad
1,mhob,maes
1,mhob,man
1,mhob,ystafell
1,milwrol,buddugoliaethau
1,mwy,dim
1,mwy,gogledd
1,mwy,gweill
3,mwy,llawer
1,mwy,tŷ
1,mwya,grwpiau
1,mwyaf,bygythiad
1,mwyaf,llyn
1,mwyaf,parc
1,mwyaf,terfyn
1,mwyaf,wyliau
1,naill,carcharorion
1,naill,ddiwrnod
1,naturiol,adnoddau
1,naturiol,adroddiad
1,naturiol,atyniadau
1,naturiol,cynnal
1,naturiol,gyfoeth
1,naturiol,harddwch
1,naturiol,hollol
1,naturiol,llyn
1,naturiol,mannau
1,naturiol,oed
1,naturiol,rhan
1,naturiol,ysbyty
1,nawfed,symffoni
1,negyddol,effaith
1,nesaf,cyfarfod
1,nesaf,cynulliad
1,nesaf,degawd
1,nesaf,drws
6,nesaf,flwyddyn
1,nesaf,genhedlaeth
1,nesaf,wythnos
1,newydd,adnoddau
1,newydd,baleontoleg
1,newydd,bapur
1,newydd,blant
1,newydd,capel
1,newydd,car
1,newydd,chlwb
1,newydd,chyfarpar
1,newydd,comisiynydd
1,newydd,cwricwlwm
1,newydd,cyfarfod
1,newydd,cyfeillion
2,newydd,cymhwyster
1,newydd,cynulliad
1,newydd,cysylltiad
1,newydd,cân
1,newydd,côd
1,newydd,datblygiad
1,newydd,ddarpariaeth
1,newydd,disgyblion
1,newydd,elfen
1,newydd,elfennau
1,newydd,fersiwn
1,newydd,ffeithiau
1,newydd,ffrindiau
1,newydd,ffrog
1,newydd,gastell
1,newydd,gofalwyr
1,newydd,gwefan
1,newydd,gwers
1,newydd,gyfle
1,newydd,halbwm
1,newydd,hyfedredd
1,newydd,llyfrgell
1,newydd,neuadd
1,newydd,neuaddau
1,newydd,papur
1,newydd,rhywbeth
1,newydd,siartr
1,newydd,strwythur
1,newydd,trefniadaeth
1,newydd,tymor
1,newydd,wedd
1,newydd,wefan
1,niferus,fynegiadau
1,niwclear,chwmni
1,nodweddiadol,bywyd
1,oesol,strydoedd
1,oesol,trefnwyr
1,ola,athro
1,ola,ysgrifennu
1,olaf,aelodau
1,olaf,bod
1,olaf,cymro
1,olaf,ddiwrnod
1,olaf,llyn
1,olaf,wythnos
1,olympaidd,pwyllgor
1,olynol,chyfieithiad
1,orllewinol,rhan
2,pa,arlywydd
1,pa,control
2,pa,gantores
1,pa,syniad
1,pa,weithgareddau
1,paganaidd,tylwythau
1,panoramig,golygfeydd
1,parchus,cymry
1,parhaol,gwaith
1,parhaol,gwersyll
1,parhaol,llyn
1,parhaus,ymosodiadau
1,pebyll,maes
1,pell,gorwel
1,pellach,leihad
1,penodol,blychau
1,penodol,cwestiwn
1,personol,diwtor
1,personol,lles
1,perthnasol,ddeddfwriaeth
1,phob,dull
1,phob,math
1,phob,taith
1,pob,arwydd
1,pob,cyfleuster
1,pob,cyfrwng
1,pob,cynllun
1,pob,cân
1,pob,daeareg
1,pob,delwedd
1,pob,dim
1,pob,diwrnod
1,pob,gopïau
1,pob,gweill
5,pob,math
1,pob,mwynhad
1,pob,nos
1,pob,parch
1,pob,plant
1,pob,rhaglen
1,pob,rhan
1,pob,talaith
1,pob,tebyg
1,pob,tro
1,pob,ymgyrch
1,pob,ystyriaeth
1,poblogaidd,llefydd
1,poeth,ddod
1,poeth,haf
1,posib,eglurhad
1,positif,cam
1,presennol,addysg
1,presennol,annhegwch
1,presennol,busnesau
1,presennol,cymhwyster
1,presennol,weinidog
1,prif,amser
1,prif,brosiect
1,prif,ddyheadau
1,prif,diriogaeth
1,prif,dref
1,prif,flaenoriaethau
1,prif,gorff
1,prif,gymwynaswyr
1,prif,gynulliad
2,prif,iaith
1,prif,leoliadau
1,prif,reswm
3,prif,weinidog
2,prif,weithredwr
1,prif,wendidau
1,prif,wobrau
1,proffesiynol,crynodeb
1,proffesiynol,diwtoriaid
1,proffesiynol,llwyfan
1,proffesiynol,sgwennwr
1,profiadol,maeth
1,profiadol,swyddogion
1,prydferth,bentrefi
1,prydferth,ferch
1,prydferth,ystod
1,prysur,haf
1,prysur,nyddiadur
1,prysuraf,borthladdoedd
1,pumed,ganrif
1,pwrpasol,gwasanaeth
1,pwrpasol,nofio
1,pwysicaf,amseroedd
1,pwysicaf,llechi
1,pwysig,pethau
1,pwysig,sinema
1,pyg,llwybr
1,rhad,mynediad
1,rhai,nodweddion
1,rhai,plant
1,rhonc,gweriniaethwr
1,rhufeinig,cyfnod
1,rhwystredig,pethau
1,rhydd,gynghrair
1,rhydd,masnachu
1,rhyngweithiol,asesiadau
1,rhyngwladol,chelfyddydau
1,rhyngwladol,ddiolch
1,rhyngwladol,dull
1,rhyngwladol,enghreifftiau
1,rhyngwladol,gelfyddydau
1,rhyngwladol,gynulliad
1,rhyngwladol,math
1,rhyngwladol,pwyllgor
1,rhyngwladol,sefydliadau
1,rhyw,ynys
1,rufeinig,gadair
1,ryfeddaf,broses
1,ryfeddaf,ffrog
1,ryngwladol,eisteddfod
1,ryngwladol,elfen
1,ryngwladol,gwarchodaeth
1,ryngwladol,gyngres
1,ryngwladol,treftadaeth
1,ryngwladol,yrfa
1,ryw,had
1,ryw,jôcar
1,ryw,lefel
1,saesneg,enw
1,saesneg,term
1,saesneg,uniaith
1,saesneg,ysgolion
1,safonol,blynyddoedd
1,safonol,cynnyrch
1,safonol,gweithredu
1,safonol,iaith
1,sbaenaidd,plaid
1,sefydlog,cymeriadau
1,sefydlog,sefydlu
1,seiliedig,sioe
1,seiriol,ynys
1,seismig,arolwg
1,seisnig,fforiwr
1,seithfed,ganrif
3,seneddol,aelod
1,seneddol,aelodau
1,seneddol,trefnwyr
1,seremonïol,bwrpasau
1,sgleiniog,baleontoleg
1,siomedig,dechreuadau
1,solid,gyflwr
1,solid,thrafod
1,sosialaidd,blaid
1,statudol,targedau
1,statudol,ymchwiliad
1,strategol,arweiniad
1,strategol,busnes
1,swyddogol,iaith
1,swyddogol,rhesymau
1,sylfaenol,chwyldro
1,sylfaenol,cymorth
1,sylfaenol,wybodaeth
1,sylweddol,baron
1,sylweddol,cynnydd
1,sylweddol,golled
1,sylweddol,gwenithfaen
1,sylweddol,gyfnod
1,sylweddol,law
1,symbolaidd,iaith
1,symbolaidd,seremoni
1,syml,cyflwyniad
1,symudol,ffonau
1,symudol,gallu
1,symudol,ŵyl
1,tanddaearol,gloddfeydd
1,tebyg,digwyddiad
1,tebygol,ganlyniad
1,technolegol,gwmni
1,teg,arfau
1,teg,chwarae
1,teg,grynodeb
1,teg,tai
1,teithiol,wyliau
1,teuluol,cartref
1,theatraidd,ddamcaniaethau
1,tiwtonaidd,tylwythau
1,traddodiadol,enw
1,tramor,taith
1,trawsbleidiol,gwleidyddion
1,trwm,danio
2,trwm,glaw
1,trydded,canrif
1,trydydd,diwrnod
1,trydydd,do
1,trydydd,parc
1,trydydd,pennill
2,trydydd,pont
1,twp,cysyniad
1,twp,ddatblygu
1,tywyll,le
1,tywynnog,traethau
1,tywynnog,ward
1,uchaf,ben
2,uchaf,canran
1,uchaf,fin
3,uchaf,mynydd
1,uchaf,nifer
1,uchaf,safon
1,uchaf,sgiliau
1,uchel,thonnau
1,uchelgeisiol,nod
1,uchod,cwestiynau
1,ugeinfed,adran
1,ugeinfed,ganrif
1,un,pryd
2,unedig,cenhedloedd
1,unedig,cynnal
3,unedig,deyrnas
1,unedig,dilyn
1,unfed,ganrif
1,unig,bapur
2,unig,beth
1,unig,gyngor
1,unig,obaith
1,unig,sianel
1,unig,stryd
1,unigol,diwrnod
1,unigryw,baneri
1,unigryw,berthynas
1,unigryw,partneriaeth
1,unigryw,siâp
1,unigryw,ychydig
1,union,leoliad
1,union,leoliadau
1,unol,daleithiau
2,unrhyw,aelod
1,unrhyw,broses
1,unrhyw,ddel
1,unrhyw,ddiwrnod
1,unrhyw,ddysgwr
1,unrhyw,etholwyr
1,unrhyw,fardd
1,unrhyw,fargen
1,unrhyw,fath
1,unrhyw,hinsawdd
1,unrhyw,isadeiledd
1,unrhyw,lifogydd
1,unrhyw,rai
1,unrhyw,serennu
1,unrhyw,siawns
1,unrhyw,wybodaeth
1,unrhyw,wythnos
2,uwch,addysg
1,uwch,adran
1,uwch,aelod
1,uwch,antur
1,uwchradd,ysgol
1,uwchraddedig,cyrsiau
1,wag,gadair
1,wahanol,agweddau
1,wahanol,blant
1,wahanol,bobl
1,wahanol,eisteddfod
1,wahanol,fathau
1,wahanol,ffordd
1,wahanol,gefndiroedd
1,wahanol,wledydd
1,wella,traethau
1,wella,ward
1,werdd,dref
1,werdd,rannau
1,werin,cerddoriaeth
1,werin,gerddoriaeth
1,werthfawr,brofiad
1,wleidyddol,broses
1,wleidyddol,ffrog
1,wleidyddol,system
2,wleidyddol,ymgyrch
1,wreiddiol,weledigaeth
1,wybodus,poblogaeth
1,wych,eisteddfod
1,wych,yrfa
1,wyddelig,chwedl
1,wyddonol,astudiaeth
1,wythfed,is-ganghellor
1,ychwanegol,buddsoddiad
1,ychwanegol,plant
1,ychydig,ddyddiau
1,ychydig,fisoedd
1,ymarferol,beirniadaeth
1,ymarferol,sgiliau
1,ysgafn,cert
1,ysgrifenedig,cymry
1,ysgrifenedig,datganiad
1,ysgrifenedig,dogfennau
1,ysgrifenedig,natganiad
1,ysgrifenedig,ryddiaith
1,ysgubol,llwyddiant
