count,awf,nwf
1,afọ́jú,ojú
1,benin,olá
1,bìrìtìkó,ilé
1,búburú,ènìyàn
1,dúdú,ènìyàn
1,ewé,ojú
1,ga,ohun
2,gbígbẹ,ilẹ̀
1,gidi,apá
4,gidi,nọ́mbà
1,gẹ̀rẹ́gẹ̀rẹ́,òkè
1,ibi,ẹni
1,ibú,omi
1,irú,irun
1,iyebíye,òróró
1,kejì,ọjọ́
1,kárùn-ún,ọjọ́
1,kìn-ín-ní,ọjọ́
1,kínkínní,àmì
1,kẹrin,ijọ́
1,kẹrin,ọjọ́
1,kẹsàn,ọjọ́
1,kẹta,ọjọ́
1,logologo,one
1,láéláé,ìyè
1,lẹ́wà,ìdámọ̀
1,mìíràn,àgùntàn
1,mìíràn,ìdámọ̀
1,míràn,oníṣe
1,mọ̀,táyé
1,mọ́kànlá,àwòrán
1,náà,ilẹ̀
3,náà,ìmọ́lẹ̀
1,oba,olá
1,odidi,ọdún
1,omo,ìfọsọ
2,púpọ̀,ènìyàn
2,rere,iṣẹ́
2,rere,olùṣọ́
1,sípọ,iye
1,sórí,aṣọ
1,tirẹ̀,àgùntàn
1,tíkòsi´,apá
4,tósòro,nọ́mbà
1,tóṣòro,nọ́mbà
3,àìmọ́,ẹ̀mí
2,àìmọ́,ọkùnrin
1,ìdánimọ̀,àmì
1,ìgbàani,ará
1,ìkẹyìn,àjíǹde
1,ínlá,èrè
1,ńlá,ìmọ́lẹ̀
1,ńlá,ẹlẹ́dẹ̀
1,ńlá,ẹ̀dá
1,ńlá,ọ̀ràn
1,ṣojú,ìṣẹ̀lẹ̀
1,ẹfọ̀,ìwo
1,Ọ̀pọ̀lọpọ̀,iṣẹ́
2,ọ̀pọ̀,ènìyàn
